customer_key,customer_id,customer_name,segment,gender,age_band,nationality,city,customer_since_date
1,CUST00001,Paula Moreno,Individual,Female,26-35,Non-Saudi,Taif,2018-01-02
2,CUST00002,Burns-Rodriguez,SME,,,Non-Saudi,Dammam,2021-02-19
3,CUST00003,Dr. Cynthia Allen,Individual,Male,65+,Saudi,Madinah,2022-11-27
4,CUST00004,Nicholas Cabrera,Individual,Female,56-65,Saudi,Makkah,2026-06-15
5,CUST00005,"Cannon, Anderson and Alvarez",Corporate,,,Saudi,Abha,2022-10-02
6,CUST00006,Shane Henderson,Individual,Male,18-25,Saudi,Dammam,2019-10-31
7,CUST00007,"Campos, Vaughn and Marquez",SME,,,Saudi,Jeddah,2021-06-13
8,CUST00008,Jacqueline Lam,Individual,Female,56-65,Saudi,Tabuk,2021-11-26
9,CUST00009,Walker LLC,SME,,,Saudi,Jeddah,2018-03-08
10,CUST00010,Leah Smith,Individual,Female,65+,Saudi,Madinah,2024-02-13
11,CUST00011,Austin Johnson,Individual,Female,18-25,Non-Saudi,Madinah,2020-11-09
12,CUST00012,"Young, Caldwell and Lewis",Corporate,,,Non-Saudi,Tabuk,2019-02-22
13,CUST00013,"Johnston, Sanchez and Kennedy",SME,,,Non-Saudi,Madinah,2021-07-09
14,CUST00014,Davis Group,SME,,,Saudi,Makkah,2021-01-23
15,CUST00015,Scott Brown,Individual,Male,56-65,Non-Saudi,Tabuk,2023-08-25
16,CUST00016,"Garcia, Powell and Morgan",SME,,,Saudi,Abha,2025-06-13
17,CUST00017,Connor West,Individual,Female,36-45,Saudi,Makkah,2021-08-24
18,CUST00018,Ford-Baxter,SME,,,Non-Saudi,Jeddah,2018-08-26
19,CUST00019,Savannah Garcia,Individual,Male,56-65,Non-Saudi,Dammam,2023-08-21
20,CUST00020,Alexis Davis,Individual,Male,36-45,Saudi,Buraidah,2024-07-07
21,CUST00021,Jason Olson,Individual,Male,56-65,Non-Saudi,Makkah,2025-06-22
22,CUST00022,Carmen Smith,Individual,Female,65+,Non-Saudi,Abha,2021-05-17
23,CUST00023,Mitchell-Horton,SME,,,Saudi,Makkah,2024-04-25
24,CUST00024,Mary Tucker,Individual,Female,18-25,Saudi,Makkah,2019-08-23
25,CUST00025,Anthony Fitzgerald,Individual,Male,18-25,Non-Saudi,Riyadh,2018-07-12
26,CUST00026,Anthony Woods,Individual,Male,36-45,Saudi,Makkah,2025-12-12
27,CUST00027,Amy Romero,Individual,Female,26-35,Saudi,Buraidah,2025-05-11
28,CUST00028,Barry Hensley,Individual,Male,46-55,Non-Saudi,Makkah,2021-06-28
29,CUST00029,Laura Riley,Individual,Female,36-45,Saudi,Abha,2018-05-06
30,CUST00030,Barnes PLC,SME,,,Saudi,Jeddah,2022-11-20
31,CUST00031,Dean Santiago,Individual,Female,18-25,Saudi,Makkah,2020-09-18
32,CUST00032,Carlos Brewer,Individual,Male,46-55,Saudi,Abha,2021-12-14
33,CUST00033,Taylor Smith,Individual,Male,46-55,Non-Saudi,Tabuk,2023-05-15
34,CUST00034,Ariel Medina,Individual,Male,18-25,Non-Saudi,Makkah,2022-05-17
35,CUST00035,Gregory Jones,Individual,Female,46-55,Saudi,Taif,2020-02-11
36,CUST00036,Moore-Bass,SME,,,Saudi,Riyadh,2024-01-31
37,CUST00037,"Riggs, Roman and Rice",Corporate,,,Saudi,Abha,2023-10-10
38,CUST00038,Tara Garcia,Individual,Female,26-35,Saudi,Makkah,2025-08-04
39,CUST00039,Wilson-Rodriguez,Corporate,,,Saudi,Tabuk,2022-10-13
40,CUST00040,Larry Robbins,Individual,Female,18-25,Saudi,Abha,2019-10-05
41,CUST00041,Deborah Freeman,Individual,Male,18-25,Non-Saudi,Jeddah,2025-10-29
42,CUST00042,Davis Group,SME,,,Saudi,Jeddah,2025-03-03
43,CUST00043,Gavin Anderson,Individual,Male,46-55,Saudi,Buraidah,2026-06-21
44,CUST00044,Jeremy Thornton,Individual,Male,56-65,Saudi,Buraidah,2022-11-06
45,CUST00045,Tony Vazquez,Individual,Female,36-45,Saudi,Khobar,2019-04-16
46,CUST00046,Jacob Tran,Individual,Female,26-35,Non-Saudi,Madinah,2021-09-18
47,CUST00047,Jacob Fitzpatrick,Individual,Male,18-25,Saudi,Buraidah,2026-05-28
48,CUST00048,Nolan and Sons,Corporate,,,Saudi,Makkah,2023-11-24
49,CUST00049,Heather Castro,Individual,Male,36-45,Non-Saudi,Makkah,2025-07-24
50,CUST00050,Nicole Frost,Individual,Male,46-55,Non-Saudi,Madinah,2020-01-18
51,CUST00051,Robert Thompson,Individual,Male,65+,Non-Saudi,Madinah,2021-07-25
52,CUST00052,Doyle LLC,Corporate,,,Saudi,Dammam,2024-10-05
53,CUST00053,Michael Moss,Individual,Male,65+,Saudi,Madinah,2020-02-23
54,CUST00054,Michael Reyes,Individual,Male,65+,Saudi,Madinah,2018-05-03
55,CUST00055,Curtis Sellers,Individual,Female,18-25,Saudi,Taif,2021-01-08
56,CUST00056,Walker Ltd,SME,,,Saudi,Khobar,2019-09-02
57,CUST00057,Ramirez-Jones,SME,,,Non-Saudi,Madinah,2024-09-07
58,CUST00058,Jordan Frazier,Individual,Female,56-65,Non-Saudi,Tabuk,2025-04-17
59,CUST00059,Alexander Wiley,Individual,Male,65+,Non-Saudi,Tabuk,2020-04-04
60,CUST00060,Victoria Johnson,Individual,Female,56-65,Saudi,Taif,2023-02-27
61,CUST00061,Richard Graham,Individual,Female,36-45,Non-Saudi,Riyadh,2026-07-05
62,CUST00062,Cruz PLC,SME,,,Saudi,Makkah,2019-08-24
63,CUST00063,Jeffrey Meyer,Individual,Female,56-65,Non-Saudi,Taif,2024-12-21
64,CUST00064,"Ball, Harmon and Lambert",Corporate,,,Non-Saudi,Makkah,2021-02-23
65,CUST00065,Rush LLC,SME,,,Non-Saudi,Dammam,2023-05-22
66,CUST00066,"Charles, Cortez and Evans",SME,,,Saudi,Khobar,2020-09-03
67,CUST00067,Nguyen-Terry,SME,,,Saudi,Makkah,2022-10-17
68,CUST00068,Maurice Gray,Individual,Male,46-55,Non-Saudi,Abha,2024-06-19
69,CUST00069,Keith Sullivan,Individual,Female,36-45,Saudi,Makkah,2025-03-17
70,CUST00070,Daniel Floyd,Individual,Male,46-55,Saudi,Jeddah,2023-03-31
71,CUST00071,Marshall-Ramos,Corporate,,,Saudi,Tabuk,2019-11-06
72,CUST00072,Steven Flynn,Individual,Female,18-25,Saudi,Madinah,2019-06-20
73,CUST00073,Jose Schultz,Individual,Female,18-25,Saudi,Taif,2020-11-24
74,CUST00074,Nicole Chambers,Individual,Female,46-55,Saudi,Tabuk,2019-12-11
75,CUST00075,Alexander Sanchez,Individual,Male,36-45,Saudi,Taif,2022-02-09
76,CUST00076,Angel Perry,Individual,Male,36-45,Saudi,Khobar,2023-06-12
77,CUST00077,Michael Snyder,Individual,Male,65+,Non-Saudi,Tabuk,2020-02-10
78,CUST00078,Abigail Potter,Individual,Female,36-45,Saudi,Madinah,2024-08-28
79,CUST00079,Jeffery Thompson,Individual,Male,46-55,Non-Saudi,Taif,2026-04-13
80,CUST00080,Amber Wright,Individual,Male,56-65,Saudi,Taif,2025-05-02
81,CUST00081,Robert Contreras,Individual,Male,36-45,Saudi,Taif,2026-07-16
82,CUST00082,"Stewart, Fischer and Ramos",SME,,,Saudi,Khobar,2025-01-16
83,CUST00083,Jessica Meadows,Individual,Female,65+,Saudi,Abha,2021-11-08
84,CUST00084,Manning Group,SME,,,Non-Saudi,Dammam,2021-11-21
85,CUST00085,Sara Ramirez,Individual,Female,56-65,Non-Saudi,Buraidah,2024-09-21
86,CUST00086,Mr. Jeremiah Reeves,Individual,Male,65+,Saudi,Makkah,2020-01-11
87,CUST00087,Steven Miller,Individual,Male,26-35,Non-Saudi,Buraidah,2019-04-22
88,CUST00088,Benson-Mccarthy,SME,,,Saudi,Taif,2018-07-22
89,CUST00089,Rivera-Owens,SME,,,Saudi,Taif,2018-07-16
90,CUST00090,Jean Carrillo,Individual,Male,26-35,Non-Saudi,Riyadh,2026-03-06
91,CUST00091,Gates PLC,SME,,,Non-Saudi,Jeddah,2021-04-15
92,CUST00092,Bender LLC,SME,,,Saudi,Tabuk,2024-07-06
93,CUST00093,Tiffany Barnes,Individual,Male,18-25,Saudi,Abha,2024-06-17
94,CUST00094,Lindsey Walker,Individual,Female,46-55,Saudi,Tabuk,2019-11-24
95,CUST00095,Allen Rogers,Individual,Female,26-35,Non-Saudi,Abha,2023-11-15
96,CUST00096,Christopher Mcdonald,Individual,Male,65+,Saudi,Tabuk,2019-02-07
97,CUST00097,Alyssa Long,Individual,Male,36-45,Saudi,Madinah,2022-11-17
98,CUST00098,Marvin Taylor,Individual,Female,36-45,Non-Saudi,Jeddah,2021-12-28
99,CUST00099,James Lewis,Individual,Male,46-55,Non-Saudi,Makkah,2020-10-28
100,CUST00100,Jamie Walton,Individual,Female,36-45,Saudi,Taif,2025-03-11
101,CUST00101,Bradley Smith,Individual,Female,46-55,Non-Saudi,Buraidah,2022-08-30
102,CUST00102,Walker-Jones,Corporate,,,Saudi,Buraidah,2026-04-11
103,CUST00103,Andre Wright,Individual,Male,36-45,Saudi,Taif,2025-04-03
104,CUST00104,"Hernandez, Martinez and Caldwell",SME,,,Non-Saudi,Taif,2022-11-16
105,CUST00105,Michael Wang,Individual,Male,46-55,Saudi,Taif,2019-06-14
106,CUST00106,Nicole Wilson,Individual,Female,36-45,Non-Saudi,Taif,2025-01-30
107,CUST00107,Ashley Johnson,Individual,Female,26-35,Non-Saudi,Tabuk,2020-09-11
108,CUST00108,Tina Sanders,Individual,Female,56-65,Saudi,Riyadh,2024-03-07
109,CUST00109,Michael Burton,Individual,Female,26-35,Non-Saudi,Dammam,2018-11-18
110,CUST00110,Sarah Burke,Individual,Female,36-45,Saudi,Khobar,2019-01-18
111,CUST00111,Dr. Hannah Patterson,Individual,Female,36-45,Non-Saudi,Taif,2021-03-15
112,CUST00112,Gloria Atkinson,Individual,Male,46-55,Saudi,Tabuk,2025-02-09
113,CUST00113,Tyler Reid,Individual,Female,26-35,Non-Saudi,Riyadh,2025-03-01
114,CUST00114,"Hernandez, Thompson and Boyd",SME,,,Non-Saudi,Makkah,2023-08-16
115,CUST00115,"Morton, Medina and Webb",SME,,,Saudi,Makkah,2021-10-07
116,CUST00116,Debra Christian,Individual,Male,56-65,Non-Saudi,Abha,2025-03-07
117,CUST00117,Stephen Sanchez,Individual,Female,26-35,Saudi,Jeddah,2022-01-07
118,CUST00118,"Barnett, Rogers and Snyder",SME,,,Saudi,Madinah,2020-10-23
119,CUST00119,Mr. David Ramirez,Individual,Male,36-45,Saudi,Taif,2023-02-26
120,CUST00120,Kristi Black,Individual,Male,18-25,Saudi,Makkah,2019-08-27
121,CUST00121,Jason Peters,Individual,Female,65+,Saudi,Jeddah,2020-01-29
122,CUST00122,Brewer-Henry,SME,,,Saudi,Riyadh,2024-11-08
123,CUST00123,Daniel Holt,Individual,Female,65+,Saudi,Tabuk,2020-08-24
124,CUST00124,Kara Schmidt,Individual,Male,46-55,Non-Saudi,Jeddah,2021-09-05
125,CUST00125,Erin Warner,Individual,Female,65+,Non-Saudi,Abha,2020-05-05
126,CUST00126,Bryan Lee,Individual,Female,26-35,Non-Saudi,Madinah,2019-01-13
127,CUST00127,Pamela Lopez,Individual,Female,46-55,Saudi,Buraidah,2019-11-15
128,CUST00128,Dr. William Warren,Individual,Male,18-25,Saudi,Abha,2020-06-12
129,CUST00129,Cory Perez,Individual,Female,56-65,Saudi,Taif,2019-07-21
130,CUST00130,Joseph Hill,Individual,Female,36-45,Saudi,Makkah,2026-06-03
131,CUST00131,Melissa Martinez,Individual,Female,36-45,Saudi,Buraidah,2025-07-04
132,CUST00132,Shane Andrews MD,Individual,Female,56-65,Saudi,Makkah,2021-10-22
133,CUST00133,Anthony Everett,Individual,Female,46-55,Saudi,Makkah,2022-02-17
134,CUST00134,Jennifer Jones,Individual,Female,46-55,Non-Saudi,Jeddah,2023-06-11
135,CUST00135,Chase Hart,Individual,Female,65+,Saudi,Buraidah,2020-08-17
136,CUST00136,Bailey Duran DDS,Individual,Female,46-55,Non-Saudi,Tabuk,2024-11-01
137,CUST00137,Joseph Hayes,Individual,Female,36-45,Saudi,Makkah,2021-10-29
138,CUST00138,Wanda Torres,Individual,Male,36-45,Saudi,Tabuk,2023-05-15
139,CUST00139,"Choi, Garcia and Farmer",Corporate,,,Non-Saudi,Makkah,2023-05-29
140,CUST00140,Brad Allen,Individual,Female,36-45,Non-Saudi,Tabuk,2022-10-09
141,CUST00141,Jason Norris,Individual,Male,26-35,Saudi,Khobar,2022-01-23
142,CUST00142,Dwayne Campbell,Individual,Male,65+,Saudi,Madinah,2025-06-06
143,CUST00143,David Baker,Individual,Male,56-65,Saudi,Dammam,2024-11-02
144,CUST00144,Regina Gonzalez,Individual,Female,18-25,Non-Saudi,Buraidah,2018-12-29
145,CUST00145,Chase Baker,Individual,Female,46-55,Saudi,Riyadh,2019-03-26
146,CUST00146,Ricky Larson,Individual,Female,18-25,Non-Saudi,Taif,2025-02-15
147,CUST00147,Jessica Harrison,Individual,Male,26-35,Saudi,Buraidah,2020-08-18
148,CUST00148,Bender-Mason,Corporate,,,Saudi,Makkah,2022-04-08
149,CUST00149,Andrew Reynolds,Individual,Female,56-65,Saudi,Buraidah,2020-10-14
150,CUST00150,Brandon Hayden,Individual,Female,46-55,Non-Saudi,Madinah,2025-03-24
151,CUST00151,"Matthews, Smith and Hubbard",SME,,,Non-Saudi,Madinah,2025-02-06
152,CUST00152,Pamela Thompson,Individual,Male,56-65,Non-Saudi,Jeddah,2022-06-27
153,CUST00153,Moon-White,Corporate,,,Saudi,Makkah,2023-01-22
154,CUST00154,Katherine Davis,Individual,Male,26-35,Saudi,Tabuk,2021-01-03
155,CUST00155,Michael Hodge,Individual,Male,46-55,Saudi,Buraidah,2020-11-07
156,CUST00156,Donna Landry,Individual,Male,26-35,Saudi,Madinah,2025-01-12
157,CUST00157,Jordan Edwards,Individual,Female,18-25,Non-Saudi,Madinah,2020-10-17
158,CUST00158,Hancock-Bryan,SME,,,Saudi,Makkah,2018-01-04
159,CUST00159,Julia Brown,Individual,Male,65+,Saudi,Madinah,2022-06-25
160,CUST00160,"Avila, Garrett and Wolf",SME,,,Saudi,Dammam,2019-10-05
161,CUST00161,"Anderson, Roberts and Gilmore",SME,,,Saudi,Buraidah,2022-03-11
162,CUST00162,Dudley PLC,SME,,,Saudi,Abha,2024-11-28
163,CUST00163,Emily Smith,Individual,Female,36-45,Saudi,Abha,2021-07-12
164,CUST00164,Ryan Wilson,Individual,Male,46-55,Non-Saudi,Buraidah,2026-03-09
165,CUST00165,Brittany Cantu,Individual,Male,26-35,Non-Saudi,Buraidah,2020-07-10
166,CUST00166,Jennifer Olson,Individual,Male,65+,Non-Saudi,Buraidah,2022-01-30
167,CUST00167,Charles Lee,Individual,Male,46-55,Saudi,Abha,2023-03-08
168,CUST00168,"Suarez, Shields and Hill",SME,,,Saudi,Buraidah,2024-10-30
169,CUST00169,Timothy Romero,Individual,Female,18-25,Saudi,Taif,2025-02-03
170,CUST00170,Edwin Matthews,Individual,Male,26-35,Saudi,Abha,2026-08-20
171,CUST00171,Charles Ryan MD,Individual,Female,56-65,Saudi,Jeddah,2022-10-09
172,CUST00172,Jordan Morris,Individual,Female,18-25,Non-Saudi,Taif,2019-08-19
173,CUST00173,"Allen, Reyes and Chase",SME,,,Non-Saudi,Riyadh,2021-07-20
174,CUST00174,John Mcintyre,Individual,Female,46-55,Saudi,Tabuk,2021-04-18
175,CUST00175,Rebecca Pearson MD,Individual,Female,65+,Saudi,Riyadh,2026-05-04
176,CUST00176,Vincent Rivera,Individual,Male,36-45,Saudi,Abha,2018-11-13
177,CUST00177,Ariana Lozano,Individual,Male,65+,Saudi,Tabuk,2018-02-18
178,CUST00178,Seth Booker,Individual,Female,18-25,Saudi,Jeddah,2018-08-25
179,CUST00179,Deborah Hanson,Individual,Male,65+,Non-Saudi,Abha,2021-06-08
180,CUST00180,Christian Ltd,Corporate,,,Saudi,Madinah,2025-06-05
181,CUST00181,Eugene Higgins,Individual,Female,46-55,Saudi,Tabuk,2024-07-25
182,CUST00182,Amanda Jones,Individual,Male,56-65,Saudi,Dammam,2023-06-16
183,CUST00183,Bright-Francis,SME,,,Saudi,Taif,2021-10-02
184,CUST00184,Mark Brennan,Individual,Female,18-25,Saudi,Madinah,2021-11-01
185,CUST00185,"Evans, Johnson and Nguyen",SME,,,Saudi,Abha,2018-06-27
186,CUST00186,Brooks-Thomas,SME,,,Saudi,Abha,2022-08-04
187,CUST00187,Rebecca Jackson,Individual,Female,46-55,Non-Saudi,Makkah,2018-09-07
188,CUST00188,Harvey-Allen,Corporate,,,Saudi,Taif,2025-11-21
189,CUST00189,Joel King,Individual,Female,18-25,Saudi,Abha,2020-03-17
190,CUST00190,Robert Santana,Individual,Female,46-55,Non-Saudi,Dammam,2023-11-10
191,CUST00191,Jeremy Reed,Individual,Male,26-35,Saudi,Buraidah,2023-01-29
192,CUST00192,Jessica Wright,Individual,Male,46-55,Saudi,Abha,2025-04-22
193,CUST00193,James Webb,Individual,Male,46-55,Non-Saudi,Dammam,2020-01-19
194,CUST00194,Laura Haney,Individual,Female,36-45,Saudi,Taif,2020-07-21
195,CUST00195,Mary Hill,Individual,Female,65+,Non-Saudi,Taif,2022-11-22
196,CUST00196,"Osborne, Beltran and Lozano",Corporate,,,Saudi,Abha,2024-06-10
197,CUST00197,Parsons-Hall,SME,,,Saudi,Jeddah,2024-12-06
198,CUST00198,Connor King,Individual,Female,26-35,Non-Saudi,Taif,2024-07-13
199,CUST00199,"Becker, Taylor and Davis",Corporate,,,Non-Saudi,Jeddah,2023-06-04
200,CUST00200,Richard Johnson,Individual,Female,18-25,Saudi,Riyadh,2021-02-25
201,CUST00201,Theodore Murphy,Individual,Female,46-55,Saudi,Tabuk,2021-08-04
202,CUST00202,Richard Walter,Individual,Male,26-35,Saudi,Buraidah,2021-03-01
203,CUST00203,"Mcintyre, Rivas and Scott",SME,,,Saudi,Makkah,2025-02-16
204,CUST00204,Dr. Paul Morgan,Individual,Male,26-35,Saudi,Madinah,2018-12-30
205,CUST00205,Brenda Levy,Individual,Male,46-55,Non-Saudi,Tabuk,2025-06-08
206,CUST00206,Veronica Coffey,Individual,Female,36-45,Non-Saudi,Madinah,2024-12-15
207,CUST00207,Richard Smith,Individual,Female,65+,Saudi,Madinah,2022-08-21
208,CUST00208,Michael Chambers,Individual,Female,46-55,Saudi,Taif,2023-01-20
209,CUST00209,Teresa Rodriguez,Individual,Female,65+,Saudi,Taif,2020-01-09
210,CUST00210,Stephen Hoffman,Individual,Male,56-65,Non-Saudi,Madinah,2025-11-29
211,CUST00211,Holland Ltd,SME,,,Saudi,Khobar,2025-02-13
212,CUST00212,Elizabeth Ortiz,Individual,Male,56-65,Saudi,Dammam,2019-03-18
213,CUST00213,Elizabeth Vasquez,Individual,Male,36-45,Non-Saudi,Riyadh,2018-11-03
214,CUST00214,Brandy Chavez,Individual,Male,18-25,Non-Saudi,Khobar,2023-10-18
215,CUST00215,Theresa Barnes,Individual,Male,26-35,Saudi,Tabuk,2024-06-01
216,CUST00216,Mcclure Ltd,SME,,,Saudi,Tabuk,2018-11-09
217,CUST00217,Gilbert-Crosby,SME,,,Non-Saudi,Madinah,2020-06-02
218,CUST00218,"Wood, Ramos and Sampson",SME,,,Non-Saudi,Madinah,2025-05-24
219,CUST00219,Michael Stephens,Individual,Female,18-25,Saudi,Jeddah,2026-06-15
220,CUST00220,James Lopez,Individual,Male,65+,Non-Saudi,Taif,2019-01-21
221,CUST00221,Davis-Lewis,Corporate,,,Non-Saudi,Khobar,2023-07-12
222,CUST00222,Amber Cook,Individual,Female,18-25,Saudi,Jeddah,2026-07-19
223,CUST00223,Christine Gallegos,Individual,Female,56-65,Saudi,Khobar,2022-10-16
224,CUST00224,Robin Hall,Individual,Male,46-55,Saudi,Tabuk,2024-09-10
225,CUST00225,Linda Ramirez,Individual,Male,65+,Saudi,Abha,2026-07-04
226,CUST00226,Fernandez and Sons,SME,,,Saudi,Taif,2018-12-14
227,CUST00227,Bonnie Howard,Individual,Male,18-25,Saudi,Abha,2024-10-25
228,CUST00228,Alexis Baker,Individual,Male,56-65,Saudi,Abha,2019-02-05
229,CUST00229,Brian Brown,Individual,Female,56-65,Non-Saudi,Dammam,2021-11-16
230,CUST00230,Palmer-Rodriguez,SME,,,Non-Saudi,Abha,2022-05-10
231,CUST00231,Amanda Logan,Individual,Female,18-25,Non-Saudi,Makkah,2025-06-30
232,CUST00232,Judith Maynard,Individual,Male,36-45,Saudi,Khobar,2018-07-12
233,CUST00233,James Parks,Individual,Female,18-25,Saudi,Makkah,2022-03-28
234,CUST00234,Jones-Miller,Corporate,,,Non-Saudi,Abha,2023-04-05
235,CUST00235,Donald Schultz,Individual,Male,65+,Non-Saudi,Riyadh,2022-09-28
236,CUST00236,Zachary Schmidt,Individual,Female,26-35,Non-Saudi,Buraidah,2021-12-03
237,CUST00237,Annette Miles,Individual,Male,56-65,Saudi,Makkah,2025-05-16
238,CUST00238,Patricia Le,Individual,Male,56-65,Saudi,Dammam,2019-11-10
239,CUST00239,Beasley-Gutierrez,Corporate,,,Saudi,Dammam,2025-02-25
240,CUST00240,Nicholas Edwards,Individual,Male,26-35,Saudi,Makkah,2020-09-13
241,CUST00241,Troy Mcdaniel,Individual,Male,26-35,Saudi,Dammam,2022-02-06
242,CUST00242,Bradley Reynolds,Individual,Male,65+,Saudi,Abha,2024-06-08
243,CUST00243,Cain-Hawkins,SME,,,Saudi,Jeddah,2023-01-26
244,CUST00244,Erin Martinez,Individual,Male,56-65,Saudi,Tabuk,2021-01-21
245,CUST00245,Nicole Parrish,Individual,Male,18-25,Non-Saudi,Taif,2024-03-26
246,CUST00246,Lindsay Bell,Individual,Male,46-55,Non-Saudi,Abha,2022-12-30
247,CUST00247,Matthew Walker,Individual,Male,36-45,Saudi,Jeddah,2018-12-08
248,CUST00248,Holly Farmer,Individual,Female,46-55,Non-Saudi,Tabuk,2022-12-18
249,CUST00249,Sarah Villegas,Individual,Female,18-25,Non-Saudi,Jeddah,2025-01-27
250,CUST00250,"Leonard, Hawkins and Lynch",SME,,,Non-Saudi,Tabuk,2023-09-08
251,CUST00251,Alyssa Nelson,Individual,Male,46-55,Saudi,Makkah,2024-08-03
252,CUST00252,Heather White,Individual,Female,46-55,Saudi,Jeddah,2019-03-29
253,CUST00253,Andrea Figueroa,Individual,Female,65+,Saudi,Dammam,2026-05-27
254,CUST00254,Joseph Bennett,Individual,Female,18-25,Saudi,Jeddah,2021-12-03
255,CUST00255,Eric Nguyen,Individual,Male,65+,Non-Saudi,Dammam,2026-02-20
256,CUST00256,Sophia Moore,Individual,Female,65+,Saudi,Khobar,2024-07-09
257,CUST00257,Craig LLC,SME,,,Non-Saudi,Taif,2021-10-30
258,CUST00258,Tucker-Ramos,SME,,,Non-Saudi,Madinah,2020-05-12
259,CUST00259,Ashley Jordan,Individual,Female,18-25,Saudi,Makkah,2020-06-13
260,CUST00260,Katelyn Estrada,Individual,Female,26-35,Non-Saudi,Khobar,2018-05-24
261,CUST00261,Joyce-Brown,SME,,,Saudi,Madinah,2019-10-08
262,CUST00262,Pamela Duran,Individual,Female,56-65,Non-Saudi,Buraidah,2020-07-02
263,CUST00263,Jonathan Jordan,Individual,Male,56-65,Non-Saudi,Madinah,2019-02-12
264,CUST00264,Crystal Hansen,Individual,Female,65+,Non-Saudi,Khobar,2023-10-11
265,CUST00265,James Harmon,Individual,Male,26-35,Saudi,Taif,2021-10-09
266,CUST00266,Blake Edwards,Individual,Male,18-25,Non-Saudi,Makkah,2021-09-17
267,CUST00267,Mark Roberts,Individual,Female,36-45,Saudi,Madinah,2021-07-02
268,CUST00268,Carolyn Meza,Individual,Male,18-25,Saudi,Buraidah,2021-12-23
269,CUST00269,Heidi Kim,Individual,Male,36-45,Saudi,Taif,2018-12-01
270,CUST00270,James Miller,Individual,Female,46-55,Saudi,Tabuk,2025-07-11
271,CUST00271,Connie Maxwell,Individual,Female,18-25,Saudi,Buraidah,2018-08-30
272,CUST00272,Kerry Lee,Individual,Female,18-25,Saudi,Buraidah,2024-09-16
273,CUST00273,Tyler Brewer,Individual,Male,36-45,Non-Saudi,Dammam,2019-04-12
274,CUST00274,Thomas and Sons,SME,,,Saudi,Jeddah,2019-07-02
275,CUST00275,Peter Jones,Individual,Female,26-35,Saudi,Tabuk,2026-03-23
276,CUST00276,Julie Elliott,Individual,Female,18-25,Saudi,Riyadh,2023-01-04
277,CUST00277,Sonia Day,Individual,Female,18-25,Non-Saudi,Buraidah,2026-07-12
278,CUST00278,Wesley Stewart,Individual,Female,65+,Non-Saudi,Madinah,2021-10-20
279,CUST00279,Mark Hogan,Individual,Male,36-45,Saudi,Buraidah,2023-02-11
280,CUST00280,Benjamin Murray,Individual,Female,18-25,Saudi,Jeddah,2018-04-29
281,CUST00281,Dustin Newman,Individual,Female,56-65,Saudi,Madinah,2026-06-13
282,CUST00282,Kirk Cruz,Individual,Male,36-45,Non-Saudi,Jeddah,2023-01-07
283,CUST00283,Nancy Williams,Individual,Male,56-65,Saudi,Khobar,2025-11-09
284,CUST00284,Chelsea Jacobs,Individual,Male,26-35,Saudi,Madinah,2022-05-02
285,CUST00285,Joanna Shepherd,Individual,Male,65+,Saudi,Abha,2025-03-28
286,CUST00286,Mrs. Maria Williams,Individual,Female,65+,Non-Saudi,Buraidah,2024-02-12
287,CUST00287,Kelly Bishop MD,Individual,Female,65+,Saudi,Abha,2025-12-07
288,CUST00288,Raymond Shelton,Individual,Female,65+,Saudi,Madinah,2018-06-15
289,CUST00289,Felicia Rivera,Individual,Female,56-65,Saudi,Abha,2022-10-28
290,CUST00290,David York,Individual,Male,36-45,Non-Saudi,Jeddah,2026-05-03
291,CUST00291,Brittany Miller,Individual,Male,56-65,Saudi,Taif,2023-09-27
292,CUST00292,Emily Douglas,Individual,Male,46-55,Non-Saudi,Buraidah,2023-09-22
293,CUST00293,Michael Miller,Individual,Female,56-65,Saudi,Dammam,2022-10-31
294,CUST00294,"Conner, Li and Santiago",Corporate,,,Saudi,Khobar,2025-03-02
295,CUST00295,"Osborn, Gaines and Davis",Corporate,,,Saudi,Dammam,2023-10-18
296,CUST00296,Alicia Parker,Individual,Female,46-55,Saudi,Buraidah,2026-03-22
297,CUST00297,Ralph Lee,Individual,Female,36-45,Saudi,Khobar,2026-08-23
298,CUST00298,Edward French,Individual,Male,65+,Non-Saudi,Jeddah,2022-05-22
299,CUST00299,Nancy Rose,Individual,Female,36-45,Saudi,Buraidah,2023-09-21
300,CUST00300,"Anderson, Bennett and Martin",SME,,,Saudi,Buraidah,2025-03-09
301,CUST00301,Rhonda Martin,Individual,Female,36-45,Non-Saudi,Taif,2021-10-13
302,CUST00302,Michael Young,Individual,Male,36-45,Saudi,Khobar,2021-11-03
303,CUST00303,Goodwin-Bowers,SME,,,Non-Saudi,Tabuk,2020-01-09
304,CUST00304,Vincent Mueller,Individual,Female,56-65,Saudi,Khobar,2025-10-24
305,CUST00305,Michael Hudson,Individual,Male,36-45,Non-Saudi,Abha,2021-10-22
306,CUST00306,Paula Shaw,Individual,Male,26-35,Saudi,Jeddah,2021-08-14
307,CUST00307,Curtis Jacobs,Individual,Male,65+,Saudi,Buraidah,2025-07-19
308,CUST00308,John Watson,Individual,Female,26-35,Saudi,Buraidah,2026-01-28
309,CUST00309,"Singleton, Rosales and Mitchell",SME,,,Saudi,Abha,2024-08-06
310,CUST00310,Taylor Hernandez,Individual,Female,65+,Non-Saudi,Abha,2021-10-13
311,CUST00311,Courtney Hayes,Individual,Female,26-35,Saudi,Madinah,2021-01-08
312,CUST00312,Perry Group,Corporate,,,Non-Saudi,Makkah,2022-05-04
313,CUST00313,Zachary Brooks,Individual,Female,46-55,Non-Saudi,Taif,2018-03-30
314,CUST00314,Sara Santos,Individual,Female,26-35,Non-Saudi,Buraidah,2024-11-03
315,CUST00315,Dustin Gallegos,Individual,Female,18-25,Non-Saudi,Khobar,2024-01-07
316,CUST00316,Michael West,Individual,Male,65+,Non-Saudi,Jeddah,2018-01-17
317,CUST00317,David Conley,Individual,Male,36-45,Saudi,Tabuk,2022-09-29
318,CUST00318,Kelsey Rodriguez,Individual,Female,18-25,Non-Saudi,Makkah,2020-06-28
319,CUST00319,Martinez-Allen,SME,,,Non-Saudi,Riyadh,2023-07-11
320,CUST00320,Amy Copeland,Individual,Female,56-65,Saudi,Taif,2022-04-27
321,CUST00321,"Smith, Robertson and Allen",Corporate,,,Saudi,Riyadh,2019-03-30
322,CUST00322,Lucas Allen,Individual,Male,65+,Non-Saudi,Dammam,2021-08-08
323,CUST00323,Angela Villegas,Individual,Female,46-55,Non-Saudi,Dammam,2018-08-02
324,CUST00324,"Stephens, Hartman and Romero",SME,,,Saudi,Buraidah,2018-03-06
325,CUST00325,Amanda Hughes,Individual,Male,18-25,Saudi,Dammam,2021-03-24
326,CUST00326,Heather Jones,Individual,Female,18-25,Non-Saudi,Makkah,2020-02-01
327,CUST00327,Ashley Perkins,Individual,Male,26-35,Saudi,Buraidah,2024-07-16
328,CUST00328,Harold Morgan,Individual,Male,46-55,Saudi,Riyadh,2023-07-23
329,CUST00329,Melinda Pollard,Individual,Male,65+,Saudi,Taif,2022-02-19
330,CUST00330,Chad Baldwin,Individual,Female,26-35,Saudi,Dammam,2026-02-26
331,CUST00331,Dakota Moody,Individual,Male,56-65,Non-Saudi,Jeddah,2025-08-28
332,CUST00332,Mahoney-Robertson,Corporate,,,Saudi,Tabuk,2026-07-20
333,CUST00333,Dawn Mullins,Individual,Female,46-55,Saudi,Taif,2019-08-27
334,CUST00334,Atkins-Williams,Corporate,,,Saudi,Riyadh,2023-09-02
335,CUST00335,Robert Kim,Individual,Male,36-45,Saudi,Jeddah,2021-06-16
336,CUST00336,Kline-Hughes,SME,,,Non-Saudi,Khobar,2026-06-02
337,CUST00337,Jonathan Glass MD,Individual,Female,56-65,Saudi,Dammam,2024-12-04
338,CUST00338,"Coleman, Jordan and Carney",SME,,,Non-Saudi,Abha,2019-07-24
339,CUST00339,Brian Murphy,Individual,Male,18-25,Non-Saudi,Abha,2020-07-22
340,CUST00340,Mitchell Jackson,Individual,Male,18-25,Non-Saudi,Riyadh,2021-11-02
341,CUST00341,Nicholas Buck,Individual,Female,56-65,Saudi,Tabuk,2023-04-26
342,CUST00342,Mark Moody,Individual,Male,65+,Saudi,Khobar,2018-07-01
343,CUST00343,"Walsh, Cox and Owen",SME,,,Saudi,Khobar,2023-11-15
344,CUST00344,Brenda Lawson,Individual,Female,46-55,Non-Saudi,Abha,2024-10-02
345,CUST00345,Martinez and Sons,SME,,,Saudi,Dammam,2024-09-23
346,CUST00346,James Bradley,Individual,Female,36-45,Non-Saudi,Tabuk,2023-03-26
347,CUST00347,Tiffany Watson,Individual,Male,65+,Saudi,Taif,2024-08-06
348,CUST00348,Kendra Sanders,Individual,Male,56-65,Saudi,Jeddah,2023-08-13
349,CUST00349,Brian Fitzgerald,Individual,Female,36-45,Saudi,Taif,2022-04-25
350,CUST00350,Justin Green,Individual,Female,36-45,Saudi,Khobar,2020-04-01
351,CUST00351,Zachary Mitchell,Individual,Female,36-45,Non-Saudi,Riyadh,2025-12-03
352,CUST00352,Bryan Farrell MD,Individual,Female,36-45,Saudi,Dammam,2025-10-08
353,CUST00353,Osborn-Cochran,Corporate,,,Saudi,Buraidah,2026-05-13
354,CUST00354,Miss Michelle Pierce,Individual,Female,18-25,Saudi,Makkah,2020-07-05
355,CUST00355,York-Joseph,SME,,,Saudi,Taif,2026-01-06
356,CUST00356,"Thompson, Ward and Walker",Corporate,,,Saudi,Dammam,2026-07-08
357,CUST00357,Cynthia Snyder,Individual,Female,36-45,Saudi,Jeddah,2021-02-13
358,CUST00358,Julie Bird,Individual,Female,46-55,Saudi,Madinah,2019-02-14
359,CUST00359,Ana Sanders,Individual,Male,18-25,Non-Saudi,Abha,2024-03-13
360,CUST00360,Jason Ortiz,Individual,Male,36-45,Non-Saudi,Abha,2022-12-20
361,CUST00361,Evan Jones,Individual,Female,65+,Non-Saudi,Abha,2022-01-10
362,CUST00362,Bethany Calderon,Individual,Male,18-25,Saudi,Abha,2022-10-07
363,CUST00363,"White, Burch and Reynolds",Corporate,,,Non-Saudi,Khobar,2025-11-15
364,CUST00364,Caleb Hernandez,Individual,Male,56-65,Saudi,Madinah,2019-06-04
365,CUST00365,Donovan-Perez,SME,,,Non-Saudi,Dammam,2026-03-11
366,CUST00366,"Jacobson, Singleton and King",SME,,,Saudi,Jeddah,2023-06-28
367,CUST00367,"Hill, Weber and Mendez",Corporate,,,Non-Saudi,Makkah,2018-10-22
368,CUST00368,"Jackson, David and Moore",SME,,,Saudi,Tabuk,2023-09-11
369,CUST00369,Lisa Kirby,Individual,Female,56-65,Saudi,Jeddah,2022-11-15
370,CUST00370,Alyssa Williams,Individual,Female,65+,Non-Saudi,Tabuk,2023-07-19
371,CUST00371,Marilyn Wang,Individual,Female,56-65,Saudi,Khobar,2021-08-08
372,CUST00372,Kathleen Burton,Individual,Female,46-55,Non-Saudi,Khobar,2020-07-03
373,CUST00373,Karen Ballard,Individual,Male,26-35,Saudi,Riyadh,2023-12-03
374,CUST00374,Chavez-Barker,SME,,,Saudi,Madinah,2019-05-15
375,CUST00375,John Peterson,Individual,Female,65+,Saudi,Tabuk,2019-03-30
376,CUST00376,"Flores, Travis and Reed",SME,,,Non-Saudi,Madinah,2021-06-12
377,CUST00377,Kayla Rodriguez,Individual,Female,26-35,Saudi,Buraidah,2020-02-03
378,CUST00378,Jerry Thomas,Individual,Male,56-65,Non-Saudi,Dammam,2018-06-09
379,CUST00379,Sharon Barnes,Individual,Female,56-65,Saudi,Riyadh,2026-04-28
380,CUST00380,Robin Peck,Individual,Female,65+,Saudi,Buraidah,2024-03-26
381,CUST00381,Christopher Ferrell,Individual,Male,46-55,Non-Saudi,Tabuk,2022-01-13
382,CUST00382,Kathleen Davis,Individual,Female,46-55,Saudi,Taif,2021-05-26
383,CUST00383,David Aguilar,Individual,Male,65+,Saudi,Abha,2018-06-03
384,CUST00384,Kyle Cameron,Individual,Female,26-35,Saudi,Dammam,2023-10-25
385,CUST00385,Adam Rodriguez,Individual,Female,65+,Non-Saudi,Khobar,2019-02-27
386,CUST00386,Luna-Gallagher,Corporate,,,Saudi,Khobar,2021-03-01
387,CUST00387,Kelly Lee,Individual,Male,36-45,Saudi,Jeddah,2022-10-13
388,CUST00388,Jonathan Duran,Individual,Male,26-35,Saudi,Madinah,2020-06-02
389,CUST00389,"Becker, Wilson and Hester",Corporate,,,Non-Saudi,Taif,2021-05-28
390,CUST00390,Gina Mcmillan,Individual,Male,36-45,Non-Saudi,Khobar,2024-07-11
391,CUST00391,Jordan Porter,Individual,Male,46-55,Non-Saudi,Abha,2018-05-24
392,CUST00392,Gary Wells,Individual,Female,46-55,Saudi,Taif,2021-12-13
393,CUST00393,Kaylee Murphy,Individual,Male,26-35,Saudi,Riyadh,2023-04-20
394,CUST00394,William Stevenson,Individual,Female,56-65,Non-Saudi,Abha,2020-08-02
395,CUST00395,Ronald Patel,Individual,Male,18-25,Saudi,Madinah,2024-02-16
396,CUST00396,Robert Richardson,Individual,Female,36-45,Saudi,Riyadh,2023-10-29
397,CUST00397,Lauren Robles,Individual,Male,36-45,Saudi,Jeddah,2024-04-08
398,CUST00398,Alyssa Wells,Individual,Female,56-65,Saudi,Buraidah,2026-05-12
399,CUST00399,Paula Lane,Individual,Male,26-35,Non-Saudi,Taif,2024-03-27
400,CUST00400,Carolyn Fuller,Individual,Female,56-65,Non-Saudi,Dammam,2023-05-11
401,CUST00401,Brittany Becker,Individual,Female,56-65,Saudi,Riyadh,2018-04-10
402,CUST00402,Ashley Smith,Individual,Female,46-55,Saudi,Dammam,2020-09-17
403,CUST00403,Michael Jenkins,Individual,Male,36-45,Non-Saudi,Khobar,2024-09-12
404,CUST00404,Shelley Fitzgerald,Individual,Female,56-65,Saudi,Tabuk,2018-07-16
405,CUST00405,Daniel Nguyen,Individual,Female,46-55,Non-Saudi,Khobar,2023-09-22
406,CUST00406,Emily Thompson,Individual,Male,46-55,Saudi,Riyadh,2025-11-19
407,CUST00407,Hector Ingram,Individual,Female,65+,Non-Saudi,Buraidah,2024-03-25
408,CUST00408,Melissa Bishop,Individual,Male,56-65,Saudi,Tabuk,2019-08-30
409,CUST00409,Justin Walker,Individual,Female,26-35,Non-Saudi,Makkah,2026-05-30
410,CUST00410,Dylan Clark,Individual,Male,26-35,Saudi,Khobar,2024-02-04
411,CUST00411,Gregory Peck,Individual,Female,65+,Saudi,Tabuk,2024-11-16
412,CUST00412,Roberts-Berry,SME,,,Non-Saudi,Riyadh,2022-09-11
413,CUST00413,Jennifer Reed,Individual,Male,56-65,Saudi,Abha,2024-09-06
414,CUST00414,Andrew Moses,Individual,Female,26-35,Saudi,Tabuk,2018-09-07
415,CUST00415,Mary Burgess,Individual,Female,65+,Non-Saudi,Madinah,2019-11-07
416,CUST00416,Denise Hoffman,Individual,Male,26-35,Saudi,Madinah,2020-05-07
417,CUST00417,Patrick Allen,Individual,Female,36-45,Non-Saudi,Abha,2018-06-10
418,CUST00418,Courtney Hall,Individual,Female,56-65,Non-Saudi,Madinah,2018-11-13
419,CUST00419,John Maldonado,Individual,Female,46-55,Non-Saudi,Dammam,2019-03-10
420,CUST00420,Vanessa Moore,Individual,Female,65+,Saudi,Abha,2023-08-24
421,CUST00421,Karen Santos,Individual,Female,26-35,Saudi,Tabuk,2024-07-14
422,CUST00422,Dustin Brown,Individual,Female,26-35,Saudi,Buraidah,2024-08-23
423,CUST00423,Crystal Rodgers,Individual,Male,65+,Non-Saudi,Makkah,2025-05-08
424,CUST00424,Thomas Butler,Individual,Male,18-25,Saudi,Abha,2025-03-29
425,CUST00425,Amanda Huff,Individual,Male,18-25,Non-Saudi,Dammam,2024-10-23
426,CUST00426,Paul Brennan,Individual,Female,46-55,Non-Saudi,Madinah,2020-07-02
427,CUST00427,Edwin Morrison,Individual,Male,18-25,Non-Saudi,Makkah,2026-01-10
428,CUST00428,Jesse Davidson,Individual,Male,26-35,Saudi,Dammam,2022-07-14
429,CUST00429,Rosales Group,Corporate,,,Saudi,Taif,2020-05-11
430,CUST00430,Rivera Ltd,SME,,,Saudi,Madinah,2021-12-19
431,CUST00431,Higgins-Smith,SME,,,Saudi,Buraidah,2020-11-30
432,CUST00432,Michael Lee,Individual,Female,36-45,Saudi,Tabuk,2023-04-13
433,CUST00433,Jennifer Patterson,Individual,Male,56-65,Saudi,Makkah,2020-11-01
434,CUST00434,Caldwell-Lopez,SME,,,Saudi,Abha,2019-03-20
435,CUST00435,David Green,Individual,Male,18-25,Non-Saudi,Madinah,2020-01-14
436,CUST00436,Tiffany Turner,Individual,Male,26-35,Saudi,Taif,2024-04-01
437,CUST00437,Green LLC,SME,,,Saudi,Jeddah,2023-12-28
438,CUST00438,Bryan Parker,Individual,Male,26-35,Non-Saudi,Abha,2021-07-03
439,CUST00439,Stephanie Padilla,Individual,Male,18-25,Saudi,Makkah,2020-09-08
440,CUST00440,Thomas Phillips,Individual,Female,36-45,Saudi,Buraidah,2023-04-25
441,CUST00441,Casey Hernandez,Individual,Female,65+,Saudi,Jeddah,2024-06-18
442,CUST00442,Jennifer Dunn,Individual,Male,46-55,Non-Saudi,Madinah,2022-01-26
443,CUST00443,Mary Robinson,Individual,Female,36-45,Saudi,Makkah,2020-02-21
444,CUST00444,"Marks, Miller and Griffin",Corporate,,,Saudi,Abha,2024-01-31
445,CUST00445,Justin Brown,Individual,Female,46-55,Non-Saudi,Abha,2022-09-25
446,CUST00446,"Harris, Herrera and Martin",SME,,,Non-Saudi,Makkah,2025-05-21
447,CUST00447,Wilson-Harris,SME,,,Non-Saudi,Buraidah,2023-01-15
448,CUST00448,Nolan Group,SME,,,Saudi,Abha,2024-12-28
449,CUST00449,Jose Bryant,Individual,Female,18-25,Non-Saudi,Jeddah,2018-07-02
450,CUST00450,Robert Cummings,Individual,Male,56-65,Saudi,Dammam,2021-06-04
451,CUST00451,Nichole Lane,Individual,Female,18-25,Non-Saudi,Buraidah,2018-05-23
452,CUST00452,Arthur Mcknight,Individual,Female,18-25,Saudi,Tabuk,2026-01-29
453,CUST00453,Timothy Johnson,Individual,Male,56-65,Saudi,Madinah,2021-07-14
454,CUST00454,Pamela Good,Individual,Female,36-45,Non-Saudi,Makkah,2023-08-02
455,CUST00455,Willie Reyes,Individual,Male,46-55,Saudi,Jeddah,2025-07-08
456,CUST00456,Jaime Vega,Individual,Male,18-25,Non-Saudi,Abha,2023-09-21
457,CUST00457,Martha Bailey,Individual,Female,26-35,Non-Saudi,Taif,2019-07-18
458,CUST00458,Kendra Luna,Individual,Female,46-55,Non-Saudi,Taif,2019-12-05
459,CUST00459,Alexander Evans,Individual,Male,65+,Non-Saudi,Jeddah,2023-10-28
460,CUST00460,Kim Morrow,Individual,Female,56-65,Saudi,Makkah,2020-02-21
461,CUST00461,Moore-Lopez,SME,,,Non-Saudi,Madinah,2025-07-26
462,CUST00462,Amanda Keller,Individual,Female,56-65,Saudi,Makkah,2023-04-26
463,CUST00463,Stacy Allen,Individual,Female,26-35,Saudi,Jeddah,2018-08-01
464,CUST00464,Jill Powers,Individual,Female,56-65,Non-Saudi,Riyadh,2025-07-16
465,CUST00465,Andrew Gonzales,Individual,Male,18-25,Saudi,Abha,2022-09-01
466,CUST00466,Patty Taylor,Individual,Male,26-35,Non-Saudi,Taif,2026-08-03
467,CUST00467,Thomas Johnston,Individual,Male,18-25,Saudi,Madinah,2022-12-29
468,CUST00468,Sabrina Young,Individual,Female,56-65,Saudi,Khobar,2025-07-29
469,CUST00469,Ms. Jennifer Hill,Individual,Male,65+,Saudi,Taif,2022-10-24
470,CUST00470,Nancy Thompson,Individual,Male,56-65,Non-Saudi,Dammam,2023-11-13
471,CUST00471,Amber Cooper,Individual,Female,56-65,Saudi,Khobar,2023-07-24
472,CUST00472,Floyd-Flores,Corporate,,,Non-Saudi,Tabuk,2021-08-07
473,CUST00473,James Webster,Individual,Female,46-55,Saudi,Taif,2022-02-03
474,CUST00474,Elizabeth Zimmerman,Individual,Female,26-35,Non-Saudi,Madinah,2024-12-18
475,CUST00475,Hart Group,SME,,,Saudi,Abha,2022-10-26
476,CUST00476,Price LLC,SME,,,Saudi,Taif,2019-10-04
477,CUST00477,Tammy Boone,Individual,Male,46-55,Saudi,Makkah,2018-10-19
478,CUST00478,Cheryl Adams,Individual,Male,46-55,Non-Saudi,Jeddah,2023-10-28
479,CUST00479,Shelly Lopez,Individual,Male,18-25,Saudi,Buraidah,2024-08-01
480,CUST00480,Kristin Mendoza,Individual,Male,26-35,Non-Saudi,Buraidah,2025-07-07
481,CUST00481,Tyler Smith,Individual,Male,46-55,Saudi,Khobar,2026-02-06
482,CUST00482,Autumn Key,Individual,Male,26-35,Non-Saudi,Jeddah,2022-02-20
483,CUST00483,Larry Harris,Individual,Female,26-35,Non-Saudi,Makkah,2025-11-29
484,CUST00484,Patricia James,Individual,Male,56-65,Saudi,Madinah,2022-08-12
485,CUST00485,Dennis Hunt,Individual,Female,36-45,Saudi,Tabuk,2022-04-19
486,CUST00486,Lang Ltd,SME,,,Saudi,Abha,2022-01-22
487,CUST00487,Rocha-Wood,SME,,,Saudi,Makkah,2021-07-30
488,CUST00488,Connie Thomas,Individual,Female,18-25,Saudi,Makkah,2020-04-03
489,CUST00489,Lauren Butler,Individual,Male,36-45,Saudi,Buraidah,2019-04-27
490,CUST00490,James Whitaker,Individual,Female,36-45,Saudi,Khobar,2022-04-26
491,CUST00491,Melinda Scott,Individual,Male,46-55,Saudi,Khobar,2025-02-06
492,CUST00492,Maria Henry,Individual,Female,65+,Non-Saudi,Abha,2019-06-16
493,CUST00493,Caroline Cortez,Individual,Female,26-35,Saudi,Tabuk,2022-03-22
494,CUST00494,Kimberly May,Individual,Male,56-65,Saudi,Jeddah,2018-07-05
495,CUST00495,Combs Inc,Corporate,,,Non-Saudi,Riyadh,2026-03-03
496,CUST00496,Pamela Gutierrez,Individual,Male,18-25,Non-Saudi,Riyadh,2025-04-13
497,CUST00497,Michael Smith,Individual,Female,36-45,Saudi,Buraidah,2022-05-16
498,CUST00498,Brown-Little,SME,,,Non-Saudi,Riyadh,2026-01-27
499,CUST00499,Mary Smith,Individual,Female,18-25,Saudi,Madinah,2022-08-08
500,CUST00500,Alan Bowen,Individual,Female,18-25,Saudi,Taif,2022-08-19
501,CUST00501,Smith-Li,SME,,,Non-Saudi,Jeddah,2023-10-29
502,CUST00502,Rodriguez Inc,SME,,,Saudi,Makkah,2022-07-14
503,CUST00503,Manuel King,Individual,Female,36-45,Saudi,Taif,2021-01-23
504,CUST00504,Angela Chung,Individual,Female,46-55,Saudi,Makkah,2021-12-20
505,CUST00505,Michael Evans,Individual,Male,65+,Non-Saudi,Riyadh,2025-02-27
506,CUST00506,William Santos,Individual,Female,46-55,Saudi,Riyadh,2018-04-11
507,CUST00507,James Alvarez,Individual,Male,18-25,Saudi,Taif,2023-07-04
508,CUST00508,Angela Bruce,Individual,Female,56-65,Non-Saudi,Jeddah,2023-07-29
509,CUST00509,Knight-Hodge,SME,,,Non-Saudi,Makkah,2018-10-29
510,CUST00510,Amanda Lewis,Individual,Female,36-45,Saudi,Jeddah,2025-07-03
511,CUST00511,Karen Williams,Individual,Female,56-65,Saudi,Riyadh,2018-08-23
512,CUST00512,Stephanie Elliott,Individual,Female,18-25,Non-Saudi,Buraidah,2018-04-14
513,CUST00513,Emily Ali,Individual,Female,18-25,Saudi,Buraidah,2023-01-28
514,CUST00514,Michelle Sanders,Individual,Female,65+,Non-Saudi,Khobar,2018-08-31
515,CUST00515,David Davenport,Individual,Male,65+,Non-Saudi,Tabuk,2021-05-13
516,CUST00516,Evelyn Campos,Individual,Female,18-25,Saudi,Makkah,2019-03-18
517,CUST00517,"Ramsey, Mason and Mccann",SME,,,Saudi,Buraidah,2018-06-19
518,CUST00518,Hall-Jones,Corporate,,,Saudi,Khobar,2023-03-26
519,CUST00519,Linda Novak,Individual,Female,46-55,Saudi,Khobar,2020-10-27
520,CUST00520,Rachel Hayes,Individual,Female,46-55,Saudi,Buraidah,2019-12-22
521,CUST00521,Jaime Lopez,Individual,Male,56-65,Saudi,Makkah,2023-01-24
522,CUST00522,Raymond Phillips,Individual,Male,36-45,Saudi,Dammam,2020-02-18
523,CUST00523,Derrick James,Individual,Female,36-45,Saudi,Riyadh,2024-10-10
524,CUST00524,Singh LLC,Corporate,,,Saudi,Madinah,2021-02-12
525,CUST00525,Tommy Wallace,Individual,Male,26-35,Saudi,Tabuk,2024-07-31
526,CUST00526,Brandon Jordan,Individual,Female,18-25,Saudi,Khobar,2022-10-25
527,CUST00527,Ashley Davis,Individual,Female,46-55,Saudi,Taif,2022-10-16
528,CUST00528,Rachel Shields,Individual,Male,65+,Non-Saudi,Makkah,2018-02-08
529,CUST00529,Richard Hardy,Individual,Male,65+,Saudi,Dammam,2022-11-02
530,CUST00530,Dana Meyer DDS,Individual,Female,46-55,Saudi,Dammam,2019-06-20
531,CUST00531,Derrick Thomas,Individual,Female,36-45,Saudi,Jeddah,2019-06-12
532,CUST00532,Elijah Patton,Individual,Male,65+,Saudi,Buraidah,2021-02-14
533,CUST00533,Michelle Simpson,Individual,Female,18-25,Saudi,Riyadh,2023-05-01
534,CUST00534,Rodriguez-Torres,Corporate,,,Saudi,Buraidah,2026-03-15
535,CUST00535,Manuel Brock,Individual,Female,46-55,Saudi,Buraidah,2020-11-06
536,CUST00536,Robert Villarreal,Individual,Female,56-65,Non-Saudi,Makkah,2026-06-03
537,CUST00537,Frank Valentine,Individual,Male,46-55,Non-Saudi,Madinah,2019-09-27
538,CUST00538,Vincent Novak,Individual,Female,56-65,Non-Saudi,Khobar,2020-07-09
539,CUST00539,Katherine Johnston,Individual,Female,36-45,Saudi,Buraidah,2020-02-05
540,CUST00540,Robert Long,Individual,Male,65+,Non-Saudi,Riyadh,2018-12-26
541,CUST00541,"Gonzalez, Osborn and White",Corporate,,,Saudi,Makkah,2024-08-20
542,CUST00542,Nicholas Hahn,Individual,Female,65+,Saudi,Taif,2019-10-24
543,CUST00543,Sandra Jones,Individual,Male,65+,Saudi,Madinah,2025-04-30
544,CUST00544,Megan Taylor,Individual,Female,46-55,Saudi,Buraidah,2020-08-14
545,CUST00545,Christian Henderson,Individual,Female,56-65,Saudi,Taif,2021-04-05
546,CUST00546,Kyle Aguilar,Individual,Female,65+,Non-Saudi,Tabuk,2022-08-14
547,CUST00547,Sheila Barnes,Individual,Male,18-25,Non-Saudi,Khobar,2018-04-27
548,CUST00548,Meredith Burnett,Individual,Male,56-65,Non-Saudi,Taif,2023-02-18
549,CUST00549,Rodriguez and Sons,Corporate,,,Saudi,Taif,2023-09-08
550,CUST00550,Matthew Williams,Individual,Male,36-45,Saudi,Tabuk,2026-07-03
551,CUST00551,Jennifer Goodwin,Individual,Male,46-55,Saudi,Abha,2026-05-07
552,CUST00552,Rodriguez-Garcia,SME,,,Saudi,Tabuk,2019-12-02
553,CUST00553,Kristin Watts,Individual,Male,46-55,Saudi,Taif,2019-11-29
554,CUST00554,Myers-Barton,SME,,,Saudi,Dammam,2023-02-02
555,CUST00555,Haley Johnson,Individual,Female,46-55,Non-Saudi,Tabuk,2018-11-27
556,CUST00556,Vernon Wilson,Individual,Female,18-25,Saudi,Abha,2026-02-17
557,CUST00557,Eric Gibson,Individual,Female,18-25,Non-Saudi,Jeddah,2019-10-16
558,CUST00558,Mr. Jeffrey Horton,Individual,Female,65+,Saudi,Dammam,2020-10-03
559,CUST00559,Williams-Page,SME,,,Non-Saudi,Tabuk,2018-03-13
560,CUST00560,Brian Marsh,Individual,Male,36-45,Saudi,Abha,2026-01-14
561,CUST00561,Kelli Arnold,Individual,Female,65+,Saudi,Taif,2020-11-10
562,CUST00562,Joel Salinas,Individual,Male,46-55,Saudi,Taif,2023-06-12
563,CUST00563,Matthew Foster,Individual,Male,26-35,Saudi,Jeddah,2024-05-16
564,CUST00564,Joanna Jordan,Individual,Male,36-45,Saudi,Abha,2018-01-15
565,CUST00565,Donald Padilla,Individual,Female,56-65,Non-Saudi,Khobar,2024-11-17
566,CUST00566,Rebecca Herrera,Individual,Female,56-65,Saudi,Khobar,2021-02-28
567,CUST00567,Ellis LLC,SME,,,Saudi,Madinah,2023-10-19
568,CUST00568,Rose-Fowler,SME,,,Saudi,Dammam,2023-02-28
569,CUST00569,Laurie Bailey,Individual,Male,36-45,Saudi,Khobar,2025-04-23
570,CUST00570,Robin Mccarthy,Individual,Female,46-55,Saudi,Buraidah,2020-07-28
571,CUST00571,Angela Anderson,Individual,Male,46-55,Non-Saudi,Dammam,2019-01-08
572,CUST00572,Clayton Steele,Individual,Female,36-45,Saudi,Khobar,2022-06-01
573,CUST00573,Carlson-Andrews,SME,,,Saudi,Khobar,2021-08-28
574,CUST00574,Reid-Steele,Corporate,,,Saudi,Makkah,2023-07-31
575,CUST00575,Peters Group,SME,,,Non-Saudi,Tabuk,2020-06-30
576,CUST00576,Ryan Harvey,Individual,Female,65+,Saudi,Abha,2025-06-25
577,CUST00577,Kari Lee,Individual,Male,56-65,Saudi,Makkah,2021-04-27
578,CUST00578,Marissa Ortiz,Individual,Female,26-35,Saudi,Dammam,2022-04-02
579,CUST00579,"Larsen, Burns and Miller",SME,,,Saudi,Abha,2018-04-08
580,CUST00580,Dorothy Hill,Individual,Male,56-65,Saudi,Tabuk,2022-08-25
581,CUST00581,Norman PLC,SME,,,Saudi,Riyadh,2024-06-02
582,CUST00582,Dunn-Wilson,SME,,,Saudi,Makkah,2018-12-27
583,CUST00583,"Morrow, Richardson and Carson",Corporate,,,Saudi,Makkah,2018-05-12
584,CUST00584,Kimberly Fritz,Individual,Male,46-55,Saudi,Jeddah,2018-11-20
585,CUST00585,Nicole Evans,Individual,Male,26-35,Saudi,Buraidah,2026-08-21
586,CUST00586,Gregory Montoya,Individual,Female,26-35,Saudi,Makkah,2021-10-18
587,CUST00587,Rowe and Sons,SME,,,Non-Saudi,Buraidah,2019-10-25
588,CUST00588,Melissa Callahan,Individual,Female,56-65,Saudi,Khobar,2023-04-11
589,CUST00589,Martin-Taylor,Corporate,,,Saudi,Buraidah,2019-10-15
590,CUST00590,Anthony Bell,Individual,Male,26-35,Non-Saudi,Taif,2020-06-06
591,CUST00591,"Jackson, Werner and Carter",SME,,,Non-Saudi,Dammam,2022-12-14
592,CUST00592,Kayla Mccullough,Individual,Male,26-35,Saudi,Khobar,2025-01-17
593,CUST00593,Estes Group,SME,,,Non-Saudi,Taif,2025-12-10
594,CUST00594,Sharon Martinez DVM,Individual,Female,65+,Saudi,Abha,2020-02-28
595,CUST00595,Sandra Juarez,Individual,Male,46-55,Saudi,Madinah,2023-11-05
596,CUST00596,Kenneth Adams MD,Individual,Female,46-55,Non-Saudi,Khobar,2021-11-27
597,CUST00597,Sheryl Davis,Individual,Male,65+,Non-Saudi,Khobar,2022-06-16
598,CUST00598,Neal-Wiley,SME,,,Non-Saudi,Taif,2021-12-06
599,CUST00599,Kevin Melton PhD,Individual,Female,26-35,Saudi,Khobar,2018-10-22
600,CUST00600,Reid-Terry,SME,,,Saudi,Buraidah,2025-05-07
601,CUST00601,Jennifer Donaldson,Individual,Female,36-45,Non-Saudi,Riyadh,2025-02-17
602,CUST00602,Frank Campbell MD,Individual,Female,18-25,Saudi,Dammam,2019-02-17
603,CUST00603,Rachel Shannon,Individual,Male,46-55,Saudi,Dammam,2024-08-03
604,CUST00604,Garcia Group,SME,,,Saudi,Madinah,2018-02-21
605,CUST00605,Brooke Bryant,Individual,Female,36-45,Saudi,Dammam,2026-07-29
606,CUST00606,Zachary Blankenship,Individual,Female,65+,Non-Saudi,Makkah,2025-08-16
607,CUST00607,Shannon Mcdowell,Individual,Male,65+,Saudi,Makkah,2018-10-22
608,CUST00608,Bradley Beck,Individual,Male,56-65,Saudi,Abha,2023-08-11
609,CUST00609,Mario Barber,Individual,Female,18-25,Non-Saudi,Taif,2024-07-12
610,CUST00610,Brandon Davis,Individual,Female,18-25,Saudi,Jeddah,2019-11-05
611,CUST00611,Kevin Stone,Individual,Male,18-25,Saudi,Madinah,2021-11-06
612,CUST00612,Greg Martinez,Individual,Male,65+,Non-Saudi,Dammam,2025-06-09
613,CUST00613,Karen Perez,Individual,Male,56-65,Non-Saudi,Abha,2018-10-10
614,CUST00614,Ashley Richardson,Individual,Male,65+,Non-Saudi,Taif,2020-08-02
615,CUST00615,Robert Baxter,Individual,Female,26-35,Saudi,Jeddah,2023-07-19
616,CUST00616,Andrea Elliott,Individual,Male,56-65,Non-Saudi,Khobar,2023-04-11
617,CUST00617,Alexander Ltd,Corporate,,,Saudi,Dammam,2019-11-04
618,CUST00618,Tamara Jensen,Individual,Male,26-35,Saudi,Buraidah,2021-10-28
619,CUST00619,Steven Taylor,Individual,Female,65+,Saudi,Madinah,2019-01-24
620,CUST00620,Heather Jordan,Individual,Male,65+,Saudi,Riyadh,2024-11-02
621,CUST00621,Hill Inc,SME,,,Non-Saudi,Makkah,2020-02-23
622,CUST00622,Michelle Mitchell,Individual,Male,26-35,Saudi,Buraidah,2026-02-19
623,CUST00623,Ryan Liu,Individual,Male,36-45,Non-Saudi,Dammam,2019-10-11
624,CUST00624,Chelsea Myers,Individual,Female,36-45,Saudi,Dammam,2023-08-02
625,CUST00625,Simpson Inc,SME,,,Non-Saudi,Jeddah,2020-02-01
626,CUST00626,Andrea Oneal,Individual,Male,18-25,Saudi,Riyadh,2018-02-08
627,CUST00627,Peck-Anderson,SME,,,Non-Saudi,Taif,2025-06-10
628,CUST00628,Holly Vega,Individual,Female,46-55,Non-Saudi,Jeddah,2024-08-04
629,CUST00629,Patricia Smith,Individual,Male,36-45,Saudi,Jeddah,2018-08-02
630,CUST00630,Andrew Brown,Individual,Male,26-35,Saudi,Taif,2024-10-27
631,CUST00631,Lori Mason,Individual,Male,36-45,Non-Saudi,Makkah,2021-08-04
632,CUST00632,Angela Herrera,Individual,Male,46-55,Saudi,Buraidah,2023-04-29
633,CUST00633,Eric Dixon,Individual,Female,65+,Non-Saudi,Dammam,2019-10-04
634,CUST00634,Kimberly Myers,Individual,Male,65+,Saudi,Abha,2023-06-26
635,CUST00635,"Becker, Jones and Hale",Corporate,,,Saudi,Madinah,2024-04-23
636,CUST00636,Amy Miller,Individual,Male,65+,Non-Saudi,Madinah,2021-10-03
637,CUST00637,Lee Parker,Individual,Male,18-25,Saudi,Taif,2024-05-30
638,CUST00638,Barbara Zimmerman,Individual,Male,36-45,Non-Saudi,Buraidah,2024-01-24
639,CUST00639,Troy Mills,Individual,Female,46-55,Saudi,Riyadh,2024-10-07
640,CUST00640,Carol Martinez,Individual,Male,36-45,Saudi,Jeddah,2024-10-02
641,CUST00641,Quinn-Wilson,SME,,,Non-Saudi,Jeddah,2025-10-11
642,CUST00642,Jeffrey Warren,Individual,Male,18-25,Non-Saudi,Riyadh,2020-04-10
643,CUST00643,Lori Crawford,Individual,Female,36-45,Saudi,Dammam,2022-06-01
644,CUST00644,Scott Jackson,Individual,Male,56-65,Non-Saudi,Taif,2019-05-12
645,CUST00645,Stephanie Craig,Individual,Male,46-55,Non-Saudi,Khobar,2018-12-31
646,CUST00646,April Trevino,Individual,Male,56-65,Saudi,Tabuk,2018-02-08
647,CUST00647,Jack Mora,Individual,Male,26-35,Saudi,Tabuk,2019-07-19
648,CUST00648,Tran Ltd,Corporate,,,Non-Saudi,Jeddah,2024-05-27
649,CUST00649,Walker-Wright,SME,,,Non-Saudi,Madinah,2025-12-01
650,CUST00650,Roger Duncan,Individual,Female,18-25,Saudi,Madinah,2019-01-12
651,CUST00651,Amy Walker,Individual,Female,65+,Saudi,Abha,2022-06-17
652,CUST00652,James Wiley,Individual,Female,26-35,Non-Saudi,Tabuk,2025-06-27
653,CUST00653,Murphy-Tran,SME,,,Saudi,Riyadh,2018-01-26
654,CUST00654,Carter LLC,Corporate,,,Saudi,Tabuk,2024-05-23
655,CUST00655,Jacob Bonilla,Individual,Male,36-45,Saudi,Taif,2026-08-17
656,CUST00656,Oconnor PLC,SME,,,Non-Saudi,Jeddah,2024-07-28
657,CUST00657,Aaron Ortiz,Individual,Male,46-55,Saudi,Riyadh,2020-01-06
658,CUST00658,Fields-Steele,Corporate,,,Saudi,Madinah,2018-01-31
659,CUST00659,Peter Bennett,Individual,Male,56-65,Saudi,Khobar,2024-05-19
660,CUST00660,Daniel Bird,Individual,Male,56-65,Saudi,Dammam,2021-08-18
661,CUST00661,Valerie Thomas,Individual,Female,18-25,Saudi,Riyadh,2020-06-02
662,CUST00662,David Bruce,Individual,Male,26-35,Saudi,Khobar,2021-07-28
663,CUST00663,Ellis-Adkins,SME,,,Saudi,Khobar,2023-01-08
664,CUST00664,Mandy Foster,Individual,Female,26-35,Saudi,Makkah,2023-02-12
665,CUST00665,Matthew Anderson,Individual,Male,26-35,Saudi,Abha,2020-07-09
666,CUST00666,Tammy Long,Individual,Female,18-25,Saudi,Makkah,2025-03-11
667,CUST00667,Jesse Hall,Individual,Female,36-45,Non-Saudi,Jeddah,2026-02-26
668,CUST00668,Randy Rodriguez,Individual,Female,65+,Non-Saudi,Riyadh,2018-11-30
669,CUST00669,Erik Martinez,Individual,Female,26-35,Saudi,Makkah,2021-02-05
670,CUST00670,Hayes Group,Corporate,,,Saudi,Riyadh,2020-04-16
671,CUST00671,Christopher Parks,Individual,Female,26-35,Saudi,Taif,2025-02-21
672,CUST00672,"Morrison, Lewis and Gates",SME,,,Saudi,Tabuk,2019-04-14
673,CUST00673,Tracy Foster,Individual,Female,18-25,Non-Saudi,Dammam,2018-06-04
674,CUST00674,Robert Thompson,Individual,Male,26-35,Saudi,Taif,2026-03-25
675,CUST00675,Kristi Pierce,Individual,Male,56-65,Saudi,Jeddah,2018-10-27
676,CUST00676,Riley Martinez,Individual,Male,26-35,Non-Saudi,Abha,2018-07-14
677,CUST00677,Anderson Group,SME,,,Saudi,Khobar,2021-03-21
678,CUST00678,Maria Aguilar,Individual,Female,18-25,Saudi,Buraidah,2020-03-28
679,CUST00679,Alison Brown,Individual,Female,46-55,Saudi,Taif,2025-10-20
680,CUST00680,Carl Stein,Individual,Male,26-35,Saudi,Abha,2025-03-03
681,CUST00681,Martinez-Dunlap,SME,,,Saudi,Buraidah,2018-06-09
682,CUST00682,Jessica Ramsey,Individual,Female,46-55,Saudi,Tabuk,2022-04-16
683,CUST00683,Jeffery Gomez,Individual,Male,36-45,Saudi,Taif,2025-11-07
684,CUST00684,Jeremy Hernandez,Individual,Male,65+,Non-Saudi,Tabuk,2023-04-23
685,CUST00685,"Sanchez, Phillips and Jenkins",SME,,,Non-Saudi,Khobar,2022-10-05
686,CUST00686,Douglas Taylor,Individual,Female,36-45,Non-Saudi,Tabuk,2019-09-22
687,CUST00687,Kelly Mccoy,Individual,Female,26-35,Saudi,Buraidah,2024-12-07
688,CUST00688,Virginia Casey,Individual,Female,18-25,Non-Saudi,Abha,2021-02-07
689,CUST00689,Kari Durham,Individual,Male,26-35,Saudi,Makkah,2022-05-06
690,CUST00690,Christopher Flores,Individual,Male,26-35,Saudi,Taif,2019-11-23
691,CUST00691,Paula Brown,Individual,Male,26-35,Saudi,Khobar,2026-07-28
692,CUST00692,"Howard, Silva and Hall",SME,,,Non-Saudi,Buraidah,2019-05-19
693,CUST00693,David Ferguson,Individual,Female,56-65,Saudi,Buraidah,2024-11-02
694,CUST00694,"Brown, Davies and Robinson",Corporate,,,Non-Saudi,Abha,2025-04-26
695,CUST00695,Heather Combs,Individual,Male,46-55,Saudi,Riyadh,2025-04-22
696,CUST00696,Kevin Drake,Individual,Male,18-25,Saudi,Riyadh,2024-01-12
697,CUST00697,Alyssa Haynes,Individual,Male,26-35,Saudi,Dammam,2026-03-11
698,CUST00698,"Thomas, Vaughan and Copeland",SME,,,Non-Saudi,Khobar,2025-01-02
699,CUST00699,Kimberly Thompson,Individual,Male,56-65,Non-Saudi,Dammam,2018-04-30
700,CUST00700,Hall and Sons,SME,,,Non-Saudi,Khobar,2018-03-04
701,CUST00701,Smith-Hardin,Corporate,,,Saudi,Taif,2019-09-29
702,CUST00702,Mitchell Sellers,Individual,Female,36-45,Saudi,Dammam,2025-04-19
703,CUST00703,Alex Willis,Individual,Female,65+,Non-Saudi,Khobar,2025-12-05
704,CUST00704,Sarah Valencia,Individual,Female,26-35,Non-Saudi,Dammam,2026-04-21
705,CUST00705,Tom Foster,Individual,Female,26-35,Saudi,Riyadh,2018-11-15
706,CUST00706,Morris-Daugherty,Corporate,,,Non-Saudi,Taif,2024-05-01
707,CUST00707,Conner-Yu,SME,,,Non-Saudi,Buraidah,2023-08-12
708,CUST00708,Wayne Steele,Individual,Female,56-65,Saudi,Buraidah,2026-01-11
709,CUST00709,Courtney Chapman,Individual,Female,26-35,Saudi,Jeddah,2019-07-08
710,CUST00710,Michael Anderson,Individual,Female,26-35,Non-Saudi,Jeddah,2024-04-19
711,CUST00711,"Fry, Myers and Gamble",SME,,,Non-Saudi,Khobar,2026-05-06
712,CUST00712,Lance Mccall,Individual,Female,26-35,Saudi,Jeddah,2026-05-13
713,CUST00713,Keith Zuniga,Individual,Male,65+,Saudi,Taif,2019-03-21
714,CUST00714,Cynthia Haas,Individual,Female,26-35,Non-Saudi,Abha,2019-06-15
715,CUST00715,Underwood Ltd,SME,,,Saudi,Taif,2023-07-11
716,CUST00716,Jillian Baker,Individual,Female,56-65,Non-Saudi,Makkah,2020-02-27
717,CUST00717,David Rodriguez,Individual,Male,18-25,Saudi,Khobar,2018-01-05
718,CUST00718,Nicholas Costa,Individual,Male,18-25,Saudi,Taif,2025-08-24
719,CUST00719,James Payne Jr.,Individual,Male,56-65,Non-Saudi,Jeddah,2022-02-22
720,CUST00720,Marilyn Mcdaniel,Individual,Female,65+,Saudi,Dammam,2019-05-29
721,CUST00721,Ryan Phillips,Individual,Female,26-35,Saudi,Khobar,2020-10-03
722,CUST00722,Angela Jackson,Individual,Male,46-55,Non-Saudi,Tabuk,2021-03-31
723,CUST00723,Kimberly Villanueva,Individual,Female,36-45,Saudi,Riyadh,2018-10-21
724,CUST00724,Lisa Webb,Individual,Female,26-35,Saudi,Riyadh,2018-04-08
725,CUST00725,Carmen Preston,Individual,Female,65+,Saudi,Abha,2019-05-11
726,CUST00726,Daniel Lee,Individual,Male,26-35,Saudi,Madinah,2024-01-11
727,CUST00727,"Frost, Fernandez and Guerrero",Corporate,,,Saudi,Jeddah,2020-07-27
728,CUST00728,James Dunn,Individual,Female,46-55,Saudi,Madinah,2022-03-30
729,CUST00729,Aaron Miller,Individual,Female,26-35,Saudi,Taif,2025-02-14
730,CUST00730,Karen Davis,Individual,Female,18-25,Saudi,Abha,2019-10-16
731,CUST00731,Vanessa Wells,Individual,Female,56-65,Saudi,Jeddah,2018-12-31
732,CUST00732,Kaitlin Jacobson,Individual,Female,56-65,Saudi,Buraidah,2020-04-16
733,CUST00733,Jasmine Watson,Individual,Male,46-55,Non-Saudi,Taif,2021-04-19
734,CUST00734,Griffin LLC,Corporate,,,Non-Saudi,Abha,2021-10-20
735,CUST00735,Russell Elliott,Individual,Male,46-55,Saudi,Taif,2019-04-23
736,CUST00736,"Contreras, Miller and Cooper",SME,,,Non-Saudi,Tabuk,2022-09-06
737,CUST00737,Leah Spencer,Individual,Male,18-25,Non-Saudi,Abha,2025-04-08
738,CUST00738,Jennifer Nichols,Individual,Male,26-35,Non-Saudi,Dammam,2025-06-29
739,CUST00739,Stephen Alvarez,Individual,Male,65+,Saudi,Dammam,2018-09-07
740,CUST00740,"Johnson, Duncan and Black",SME,,,Saudi,Jeddah,2022-12-10
741,CUST00741,Mrs. Tiffany Cole,Individual,Female,56-65,Saudi,Madinah,2026-03-16
742,CUST00742,Daniel Lee,Individual,Male,65+,Saudi,Tabuk,2018-05-15
743,CUST00743,Mcneil Group,SME,,,Saudi,Dammam,2019-09-30
744,CUST00744,Brittany Larson,Individual,Male,18-25,Saudi,Jeddah,2020-10-06
745,CUST00745,"Sloan, Jones and Hughes",SME,,,Non-Saudi,Khobar,2021-06-08
746,CUST00746,Gates-Stone,SME,,,Saudi,Abha,2025-12-05
747,CUST00747,Michael Matthews,Individual,Female,18-25,Saudi,Taif,2024-10-03
748,CUST00748,Chase Knight,Individual,Female,18-25,Saudi,Khobar,2023-01-14
749,CUST00749,Ariel Garcia,Individual,Male,65+,Saudi,Madinah,2024-09-27
750,CUST00750,Dillon-Beard,SME,,,Saudi,Madinah,2025-08-03
751,CUST00751,Matthew Armstrong,Individual,Female,65+,Non-Saudi,Makkah,2022-02-02
752,CUST00752,Jamie Montgomery,Individual,Female,36-45,Saudi,Taif,2023-11-20
753,CUST00753,James Koch,Individual,Male,26-35,Saudi,Taif,2023-12-20
754,CUST00754,John Adams,Individual,Female,18-25,Saudi,Dammam,2021-03-21
755,CUST00755,Riley Collins,Individual,Female,26-35,Non-Saudi,Tabuk,2025-04-14
756,CUST00756,"Cohen, Compton and Perez",SME,,,Saudi,Makkah,2020-08-06
757,CUST00757,"Ramos, Petersen and Adams",SME,,,Saudi,Riyadh,2021-08-08
758,CUST00758,Chelsea Lewis,Individual,Female,18-25,Non-Saudi,Makkah,2025-02-14
759,CUST00759,Olivia Camacho,Individual,Female,56-65,Saudi,Jeddah,2025-02-04
760,CUST00760,Caitlin Collins,Individual,Male,36-45,Saudi,Abha,2022-05-19
761,CUST00761,Samuel Suarez,Individual,Female,56-65,Saudi,Khobar,2018-04-02
762,CUST00762,Ross Hood,Individual,Female,65+,Non-Saudi,Jeddah,2020-02-27
763,CUST00763,Thomas Bush,Individual,Female,18-25,Saudi,Buraidah,2020-05-14
764,CUST00764,Wagner-Reid,SME,,,Saudi,Makkah,2019-01-27
765,CUST00765,Jaime Wheeler,Individual,Male,36-45,Non-Saudi,Tabuk,2019-07-15
766,CUST00766,Laurie Bailey,Individual,Male,46-55,Non-Saudi,Dammam,2019-06-01
767,CUST00767,Nicole Barker,Individual,Male,26-35,Saudi,Madinah,2020-06-18
768,CUST00768,Christopher Armstrong,Individual,Female,46-55,Non-Saudi,Khobar,2026-05-05
769,CUST00769,Maria Byrd,Individual,Male,46-55,Saudi,Tabuk,2020-04-29
770,CUST00770,Palmer-Hancock,SME,,,Saudi,Jeddah,2026-05-12
771,CUST00771,Kara Anderson,Individual,Female,56-65,Non-Saudi,Buraidah,2019-07-01
772,CUST00772,Courtney Franklin,Individual,Male,46-55,Saudi,Madinah,2026-02-25
773,CUST00773,Michelle Hill,Individual,Female,36-45,Non-Saudi,Madinah,2025-09-28
774,CUST00774,Judy Robinson,Individual,Male,18-25,Non-Saudi,Buraidah,2020-08-11
775,CUST00775,Loretta Silva,Individual,Female,65+,Saudi,Riyadh,2018-01-24
776,CUST00776,Dr. Sara Hoffman DDS,Individual,Female,36-45,Non-Saudi,Taif,2020-06-11
777,CUST00777,Karen Rogers,Individual,Male,56-65,Non-Saudi,Buraidah,2020-05-22
778,CUST00778,Hensley-Green,SME,,,Saudi,Makkah,2024-02-23
779,CUST00779,Elizabeth Hernandez,Individual,Female,65+,Saudi,Madinah,2024-08-13
780,CUST00780,Trujillo PLC,SME,,,Non-Saudi,Tabuk,2021-06-29
781,CUST00781,Charles Johnson,Individual,Male,46-55,Saudi,Madinah,2022-04-20
782,CUST00782,Terry Sullivan,Individual,Male,65+,Non-Saudi,Jeddah,2024-05-14
783,CUST00783,Wendy Cabrera,Individual,Male,65+,Non-Saudi,Taif,2020-12-19
784,CUST00784,"Walker, Nichols and Glover",SME,,,Saudi,Madinah,2025-11-01
785,CUST00785,Katie Bruce,Individual,Female,18-25,Saudi,Buraidah,2025-04-07
786,CUST00786,Catherine Davis,Individual,Male,46-55,Non-Saudi,Tabuk,2019-02-08
787,CUST00787,Robert Hines,Individual,Female,56-65,Saudi,Riyadh,2019-08-01
788,CUST00788,"Lam, Pena and Walker",SME,,,Saudi,Makkah,2019-12-07
789,CUST00789,Jennifer Eaton,Individual,Female,26-35,Saudi,Dammam,2021-03-19
790,CUST00790,"Carter, York and Ruiz",SME,,,Saudi,Dammam,2025-06-28
791,CUST00791,Terry Jones,Individual,Male,18-25,Saudi,Makkah,2025-09-08
792,CUST00792,"Wilson, Becker and Moreno",SME,,,Saudi,Dammam,2021-07-28
793,CUST00793,Brittany Gay,Individual,Male,26-35,Saudi,Taif,2020-12-17
794,CUST00794,Dr. Victoria Thomas,Individual,Female,46-55,Saudi,Tabuk,2025-06-15
795,CUST00795,Bobby Cook,Individual,Female,18-25,Non-Saudi,Tabuk,2026-07-12
796,CUST00796,Anthony Hayes,Individual,Male,65+,Non-Saudi,Makkah,2019-10-24
797,CUST00797,Laura Moore,Individual,Female,36-45,Saudi,Taif,2024-10-14
798,CUST00798,Beverly Hamilton,Individual,Female,26-35,Saudi,Riyadh,2021-09-17
799,CUST00799,John Smith,Individual,Female,46-55,Non-Saudi,Buraidah,2022-08-13
800,CUST00800,Tiffany Mcclain,Individual,Female,65+,Non-Saudi,Khobar,2024-07-17
801,CUST00801,"Lee, Rhodes and Sims",Corporate,,,Saudi,Makkah,2020-02-25
802,CUST00802,Haley Anderson,Individual,Female,18-25,Saudi,Dammam,2021-04-25
803,CUST00803,Carol Colon,Individual,Male,56-65,Saudi,Jeddah,2020-07-30
804,CUST00804,Nicholas Carlson,Individual,Male,46-55,Non-Saudi,Madinah,2020-12-02
805,CUST00805,"Cowan, Cooper and Valenzuela",SME,,,Saudi,Buraidah,2021-02-08
806,CUST00806,Martin Group,Corporate,,,Non-Saudi,Riyadh,2018-03-02
807,CUST00807,William Clark,Individual,Male,46-55,Saudi,Jeddah,2018-03-11
808,CUST00808,Barbara Dawson,Individual,Female,65+,Saudi,Riyadh,2024-11-05
809,CUST00809,Martin Wise,Individual,Male,65+,Saudi,Buraidah,2023-05-22
810,CUST00810,Amber Rodriguez,Individual,Male,46-55,Non-Saudi,Jeddah,2025-03-24
811,CUST00811,Brian Wallace,Individual,Male,36-45,Saudi,Jeddah,2019-01-26
812,CUST00812,Michael Harris,Individual,Male,36-45,Non-Saudi,Makkah,2023-12-05
813,CUST00813,Jason Garcia,Individual,Female,36-45,Saudi,Tabuk,2022-07-01
814,CUST00814,Mercedes Barnes,Individual,Male,65+,Non-Saudi,Khobar,2025-10-07
815,CUST00815,Lisa Campbell,Individual,Male,65+,Saudi,Jeddah,2024-10-13
816,CUST00816,Gonzalez-Gonzalez,SME,,,Non-Saudi,Dammam,2020-04-10
817,CUST00817,"Dudley, Howard and Ortiz",Corporate,,,Non-Saudi,Jeddah,2019-05-22
818,CUST00818,Susan Watts,Individual,Male,36-45,Non-Saudi,Abha,2022-02-26
819,CUST00819,Smith Ltd,Corporate,,,Saudi,Abha,2018-10-08
820,CUST00820,Kenneth Snyder,Individual,Male,18-25,Non-Saudi,Khobar,2026-03-17
821,CUST00821,"Jones, Cummings and Conway",SME,,,Saudi,Jeddah,2023-07-28
822,CUST00822,William Baker,Individual,Male,18-25,Non-Saudi,Dammam,2018-06-08
823,CUST00823,Shelly Phelps,Individual,Female,56-65,Saudi,Jeddah,2021-02-11
824,CUST00824,Jessica Wilson,Individual,Female,26-35,Saudi,Taif,2025-05-11
825,CUST00825,Smith and Sons,Corporate,,,Saudi,Taif,2023-09-26
826,CUST00826,Hunter Kim,Individual,Female,46-55,Non-Saudi,Dammam,2023-05-18
827,CUST00827,Anna Briggs,Individual,Male,26-35,Saudi,Buraidah,2019-08-01
828,CUST00828,Victor Nelson,Individual,Female,26-35,Saudi,Khobar,2021-05-02
829,CUST00829,Rebecca Banks,Individual,Male,46-55,Non-Saudi,Jeddah,2024-11-20
830,CUST00830,Anderson Ltd,SME,,,Saudi,Jeddah,2018-07-05
831,CUST00831,Caitlin Perry,Individual,Female,18-25,Non-Saudi,Tabuk,2023-02-08
832,CUST00832,"Gregory, White and James",SME,,,Saudi,Buraidah,2021-02-06
833,CUST00833,Michael Roberson,Individual,Female,56-65,Saudi,Buraidah,2026-06-01
834,CUST00834,Thomas Rodriguez,Individual,Male,46-55,Saudi,Taif,2021-07-22
835,CUST00835,Dennis Edwards,Individual,Male,18-25,Non-Saudi,Dammam,2024-02-03
836,CUST00836,Patricia Ray,Individual,Female,46-55,Non-Saudi,Jeddah,2022-11-19
837,CUST00837,"Marks, Stone and Watts",SME,,,Saudi,Khobar,2023-05-06
838,CUST00838,Stanley-Wright,Corporate,,,Saudi,Makkah,2020-12-27
839,CUST00839,Janice Combs,Individual,Female,46-55,Non-Saudi,Jeddah,2022-10-29
840,CUST00840,Amy Schneider MD,Individual,Female,18-25,Non-Saudi,Abha,2025-05-03
841,CUST00841,Sheila Jones,Individual,Female,65+,Non-Saudi,Jeddah,2022-04-02
842,CUST00842,Wayne Williams,Individual,Male,56-65,Saudi,Jeddah,2019-12-05
843,CUST00843,"Gray, Montoya and Miller",SME,,,Non-Saudi,Madinah,2021-11-03
844,CUST00844,"West, Gates and West",SME,,,Saudi,Abha,2019-01-10
845,CUST00845,Mcgee-Smith,Corporate,,,Saudi,Riyadh,2021-06-27
846,CUST00846,Hawkins Inc,SME,,,Non-Saudi,Khobar,2025-02-20
847,CUST00847,Tracey Walsh,Individual,Female,65+,Non-Saudi,Abha,2025-09-11
848,CUST00848,Mary Bryant,Individual,Male,18-25,Saudi,Madinah,2020-12-12
849,CUST00849,Ruth Richard,Individual,Female,65+,Saudi,Dammam,2020-11-14
850,CUST00850,Lindsay Moran,Individual,Female,18-25,Saudi,Makkah,2021-02-20
851,CUST00851,Brent Hopkins,Individual,Female,26-35,Saudi,Makkah,2018-01-07
852,CUST00852,Mark Marsh,Individual,Male,46-55,Saudi,Buraidah,2022-09-26
853,CUST00853,Brian Prince,Individual,Female,46-55,Non-Saudi,Tabuk,2022-04-04
854,CUST00854,Natalie Ortiz,Individual,Female,18-25,Saudi,Riyadh,2020-03-13
855,CUST00855,Bryan Phelps,Individual,Female,56-65,Saudi,Tabuk,2019-11-12
856,CUST00856,Love Inc,SME,,,Non-Saudi,Buraidah,2024-07-18
857,CUST00857,Mark Powers,Individual,Male,18-25,Saudi,Buraidah,2019-01-25
858,CUST00858,Judith Lawrence,Individual,Female,56-65,Non-Saudi,Taif,2022-05-11
859,CUST00859,Smith-Fitzgerald,Corporate,,,Non-Saudi,Makkah,2022-10-13
860,CUST00860,Kevin Glass,Individual,Female,36-45,Saudi,Dammam,2024-10-01
861,CUST00861,Melissa Thompson,Individual,Female,65+,Saudi,Khobar,2025-01-17
862,CUST00862,Matthew Obrien,Individual,Male,26-35,Saudi,Madinah,2020-10-13
863,CUST00863,Jennifer Lynch,Individual,Male,65+,Non-Saudi,Dammam,2023-12-27
864,CUST00864,James Cooper,Individual,Female,65+,Saudi,Khobar,2020-07-17
865,CUST00865,Brenda Morrison,Individual,Female,65+,Non-Saudi,Tabuk,2025-08-30
866,CUST00866,Sarah Kelley,Individual,Female,18-25,Saudi,Riyadh,2020-09-18
867,CUST00867,Kristen Robinson,Individual,Male,65+,Saudi,Madinah,2019-10-25
868,CUST00868,"Roberts, Reed and Chambers",SME,,,Saudi,Madinah,2026-06-26
869,CUST00869,Tina Gordon,Individual,Male,18-25,Non-Saudi,Madinah,2024-01-01
870,CUST00870,Brian Bell,Individual,Male,36-45,Non-Saudi,Jeddah,2022-02-25
871,CUST00871,Mary Butler,Individual,Male,65+,Non-Saudi,Taif,2024-06-19
872,CUST00872,Donna Boone,Individual,Female,65+,Non-Saudi,Taif,2024-12-26
873,CUST00873,Allison Thomas,Individual,Female,56-65,Saudi,Madinah,2023-10-17
874,CUST00874,Paul Martin,Individual,Female,26-35,Non-Saudi,Khobar,2020-06-23
875,CUST00875,Thomas-Brown,SME,,,Saudi,Buraidah,2024-10-12
876,CUST00876,Joshua Howard,Individual,Male,36-45,Saudi,Jeddah,2021-11-29
877,CUST00877,Megan Hoffman,Individual,Male,65+,Saudi,Taif,2019-12-10
878,CUST00878,Jasmine Dixon,Individual,Female,56-65,Saudi,Dammam,2024-11-20
879,CUST00879,Melissa Williams,Individual,Female,18-25,Saudi,Dammam,2021-04-19
880,CUST00880,Richard Jennings,Individual,Female,56-65,Saudi,Buraidah,2026-05-08
881,CUST00881,Smith LLC,SME,,,Saudi,Buraidah,2019-10-04
882,CUST00882,Shannon Ramos,Individual,Male,65+,Saudi,Makkah,2019-12-14
883,CUST00883,"Bush, Holland and Fischer",Corporate,,,Saudi,Tabuk,2022-09-22
884,CUST00884,Patty Brandt,Individual,Female,18-25,Saudi,Makkah,2020-07-17
885,CUST00885,Michael Lopez,Individual,Female,36-45,Saudi,Buraidah,2019-07-03
886,CUST00886,Jamie Patterson,Individual,Male,18-25,Non-Saudi,Abha,2022-10-24
887,CUST00887,Kevin Scott,Individual,Male,18-25,Non-Saudi,Khobar,2020-11-09
888,CUST00888,Brittney Hernandez,Individual,Male,46-55,Saudi,Madinah,2020-10-15
889,CUST00889,Timothy Gilbert,Individual,Female,56-65,Non-Saudi,Abha,2023-09-21
890,CUST00890,Kenneth Howard DDS,Individual,Female,65+,Saudi,Tabuk,2020-09-30
891,CUST00891,Clinton Jones,Individual,Male,26-35,Non-Saudi,Tabuk,2022-05-14
892,CUST00892,Joshua Davis,Individual,Male,26-35,Non-Saudi,Makkah,2019-11-30
893,CUST00893,Alvarado LLC,SME,,,Saudi,Jeddah,2021-02-13
894,CUST00894,Paul Moreno,Individual,Female,65+,Non-Saudi,Jeddah,2026-08-13
895,CUST00895,Veronica Smith,Individual,Male,18-25,Saudi,Khobar,2023-10-13
896,CUST00896,Tanner Austin,Individual,Male,18-25,Saudi,Madinah,2023-05-15
897,CUST00897,Melanie Flores,Individual,Male,36-45,Saudi,Abha,2025-12-01
898,CUST00898,Janice Fernandez,Individual,Female,36-45,Saudi,Jeddah,2020-06-11
899,CUST00899,Samantha Brooks,Individual,Male,65+,Saudi,Jeddah,2024-12-09
900,CUST00900,Andrew Villanueva,Individual,Male,36-45,Non-Saudi,Madinah,2019-08-31
901,CUST00901,Tiffany Jackson,Individual,Female,46-55,Saudi,Riyadh,2026-04-07
902,CUST00902,Adrienne Jones,Individual,Male,26-35,Non-Saudi,Tabuk,2023-10-18
903,CUST00903,Sharon Coleman,Individual,Male,36-45,Non-Saudi,Khobar,2018-11-25
904,CUST00904,"Poole, Johns and Figueroa",Corporate,,,Saudi,Tabuk,2021-10-06
905,CUST00905,Andrea Parks,Individual,Male,18-25,Saudi,Taif,2018-03-16
906,CUST00906,Amanda Jones,Individual,Male,36-45,Saudi,Khobar,2019-07-16
907,CUST00907,Benjamin Underwood,Individual,Male,26-35,Saudi,Buraidah,2025-11-15
908,CUST00908,Hughes-Mccoy,SME,,,Saudi,Dammam,2021-09-29
909,CUST00909,Michael Nichols,Individual,Male,56-65,Saudi,Tabuk,2023-07-18
910,CUST00910,Nicole Richards,Individual,Male,36-45,Saudi,Buraidah,2024-01-22
911,CUST00911,Timothy Rodriguez,Individual,Female,36-45,Saudi,Makkah,2024-10-20
912,CUST00912,Brandon Hubbard,Individual,Male,26-35,Saudi,Abha,2021-10-13
913,CUST00913,Matthew Wells,Individual,Female,65+,Saudi,Buraidah,2022-08-12
914,CUST00914,James Salinas,Individual,Female,46-55,Saudi,Khobar,2022-09-19
915,CUST00915,Brianna Byrd,Individual,Male,65+,Non-Saudi,Taif,2025-11-26
916,CUST00916,Monica Brooks,Individual,Female,26-35,Non-Saudi,Khobar,2026-03-17
917,CUST00917,"Baxter, Thomas and Williams",SME,,,Saudi,Khobar,2022-12-14
918,CUST00918,Medina-Arroyo,SME,,,Saudi,Jeddah,2020-08-19
919,CUST00919,Stephanie Cooper,Individual,Male,36-45,Non-Saudi,Dammam,2021-07-26
920,CUST00920,"York, Thomas and White",SME,,,Saudi,Jeddah,2023-05-02
921,CUST00921,Brian Lambert,Individual,Male,56-65,Non-Saudi,Buraidah,2022-11-26
922,CUST00922,Paul Branch,Individual,Male,18-25,Saudi,Tabuk,2022-09-29
923,CUST00923,"Dunn, Roberts and Jones",SME,,,Saudi,Dammam,2018-11-07
924,CUST00924,Katelyn Rivera,Individual,Male,56-65,Non-Saudi,Madinah,2019-02-09
925,CUST00925,Ariel Harvey,Individual,Male,46-55,Saudi,Riyadh,2025-10-12
926,CUST00926,Jerry Jensen,Individual,Male,56-65,Saudi,Dammam,2020-08-23
927,CUST00927,Krystal Diaz,Individual,Male,65+,Non-Saudi,Khobar,2020-09-25
928,CUST00928,Aaron Sanchez,Individual,Female,26-35,Saudi,Khobar,2019-12-01
929,CUST00929,Jessica Larsen,Individual,Male,56-65,Non-Saudi,Khobar,2019-03-01
930,CUST00930,Sherry Ford,Individual,Female,18-25,Saudi,Khobar,2021-02-06
931,CUST00931,Juan Thompson,Individual,Female,65+,Saudi,Tabuk,2023-03-31
932,CUST00932,Shannon Taylor,Individual,Female,65+,Saudi,Buraidah,2022-08-28
933,CUST00933,Stephen Jones,Individual,Male,56-65,Saudi,Makkah,2018-08-27
934,CUST00934,Jonathon Johnson,Individual,Female,36-45,Saudi,Abha,2023-01-12
935,CUST00935,Hammond-Lewis,SME,,,Saudi,Dammam,2018-04-26
936,CUST00936,Steven Fernandez,Individual,Male,18-25,Saudi,Madinah,2023-08-27
937,CUST00937,James Vance,Individual,Male,26-35,Saudi,Jeddah,2023-02-05
938,CUST00938,Brandi Mason,Individual,Female,36-45,Non-Saudi,Abha,2018-10-13
939,CUST00939,Adam Allen,Individual,Female,26-35,Saudi,Taif,2026-05-02
940,CUST00940,Miss Nicole Taylor,Individual,Male,26-35,Saudi,Dammam,2019-05-18
941,CUST00941,Krystal Brennan,Individual,Male,56-65,Saudi,Dammam,2019-04-07
942,CUST00942,Teresa Williams,Individual,Male,56-65,Non-Saudi,Buraidah,2024-07-31
943,CUST00943,Brown LLC,Corporate,,,Non-Saudi,Madinah,2020-01-09
944,CUST00944,"Clark, Velez and Ward",Corporate,,,Saudi,Buraidah,2022-01-22
945,CUST00945,Keith-Williams,Corporate,,,Non-Saudi,Dammam,2023-08-10
946,CUST00946,Warren Schultz,Individual,Female,56-65,Saudi,Buraidah,2020-05-13
947,CUST00947,"Baker, Stephens and Thompson",SME,,,Saudi,Tabuk,2023-08-26
948,CUST00948,Matthew Houston,Individual,Female,46-55,Saudi,Jeddah,2022-06-20
949,CUST00949,Terry Black,Individual,Female,26-35,Saudi,Makkah,2021-01-19
950,CUST00950,Katelyn Olson,Individual,Female,26-35,Saudi,Dammam,2023-03-23
951,CUST00951,Brenda Martin,Individual,Male,56-65,Saudi,Jeddah,2018-09-01
952,CUST00952,Christine Lopez,Individual,Male,56-65,Saudi,Riyadh,2021-02-17
953,CUST00953,"Montoya, Guerrero and Perry",SME,,,Non-Saudi,Taif,2020-11-08
954,CUST00954,Michael Mendoza,Individual,Female,18-25,Non-Saudi,Taif,2023-02-09
955,CUST00955,Jennifer Sanchez,Individual,Female,46-55,Saudi,Buraidah,2019-02-08
956,CUST00956,Brandy Hunt,Individual,Male,36-45,Saudi,Makkah,2025-09-13
957,CUST00957,Brown LLC,SME,,,Saudi,Buraidah,2025-12-22
958,CUST00958,"Mullen, Greene and Elliott",SME,,,Saudi,Makkah,2018-02-28
959,CUST00959,Mary Campbell,Individual,Male,56-65,Saudi,Tabuk,2018-09-28
960,CUST00960,Willie Dillon,Individual,Male,65+,Non-Saudi,Taif,2019-06-23
961,CUST00961,Lindsay Norton,Individual,Male,46-55,Non-Saudi,Madinah,2025-02-03
962,CUST00962,Matthew Baker,Individual,Female,56-65,Saudi,Madinah,2024-04-05
963,CUST00963,Nielsen-Carlson,Corporate,,,Saudi,Makkah,2018-08-06
964,CUST00964,Carlos Smith,Individual,Female,26-35,Saudi,Tabuk,2022-07-09
965,CUST00965,Melinda Serrano,Individual,Female,56-65,Saudi,Taif,2023-03-27
966,CUST00966,Steven Greene,Individual,Male,65+,Saudi,Dammam,2025-08-03
967,CUST00967,Nicole Davis,Individual,Female,36-45,Non-Saudi,Buraidah,2023-09-13
968,CUST00968,Kimberly Smith,Individual,Male,26-35,Saudi,Riyadh,2026-02-08
969,CUST00969,"Banks, Boyd and Wood",SME,,,Non-Saudi,Abha,2018-05-18
970,CUST00970,"Patterson, Mays and Olson",SME,,,Saudi,Jeddah,2024-08-23
971,CUST00971,Robert Velez,Individual,Female,18-25,Saudi,Taif,2025-03-28
972,CUST00972,"Davis, Anderson and Woods",Corporate,,,Saudi,Tabuk,2020-01-05
973,CUST00973,Diane Mcdowell,Individual,Male,26-35,Non-Saudi,Abha,2021-07-14
974,CUST00974,Michael Clarke,Individual,Female,26-35,Saudi,Buraidah,2022-12-30
975,CUST00975,Adam Pena,Individual,Male,56-65,Saudi,Riyadh,2023-12-12
976,CUST00976,Jack Moore,Individual,Male,26-35,Saudi,Madinah,2023-08-20
977,CUST00977,Green-Herrera,SME,,,Saudi,Taif,2022-11-18
978,CUST00978,Wendy Sanders,Individual,Male,56-65,Saudi,Jeddah,2019-10-06
979,CUST00979,"Bowers, Olson and Wood",SME,,,Saudi,Tabuk,2022-10-18
980,CUST00980,Hinton-Lane,SME,,,Saudi,Madinah,2024-09-10
981,CUST00981,Charles Shields,Individual,Male,46-55,Non-Saudi,Buraidah,2019-01-11
982,CUST00982,Richard Avery,Individual,Male,46-55,Saudi,Tabuk,2018-11-13
983,CUST00983,Rachel Owen,Individual,Female,36-45,Non-Saudi,Tabuk,2023-04-23
984,CUST00984,"Mann, Martin and Oconnell",Corporate,,,Non-Saudi,Buraidah,2018-01-17
985,CUST00985,Charles Frost,Individual,Female,46-55,Saudi,Makkah,2021-10-06
986,CUST00986,Baker LLC,SME,,,Non-Saudi,Abha,2018-09-10
987,CUST00987,James Joyce,Individual,Male,46-55,Saudi,Jeddah,2023-04-23
988,CUST00988,Michelle Harper,Individual,Male,65+,Non-Saudi,Khobar,2026-03-05
989,CUST00989,Margaret Gonzales,Individual,Female,56-65,Saudi,Madinah,2019-09-29
990,CUST00990,Regina Mitchell,Individual,Male,46-55,Non-Saudi,Khobar,2018-04-17
991,CUST00991,Kelli Hall,Individual,Male,46-55,Saudi,Makkah,2019-06-20
992,CUST00992,Ward Ltd,SME,,,Saudi,Makkah,2018-01-01
993,CUST00993,Zachary Chan,Individual,Male,26-35,Non-Saudi,Madinah,2021-01-19
994,CUST00994,Kevin Holmes,Individual,Male,26-35,Non-Saudi,Khobar,2024-05-15
995,CUST00995,Brandon Mitchell,Individual,Male,18-25,Non-Saudi,Abha,2025-03-04
996,CUST00996,Hannah Richmond,Individual,Male,46-55,Saudi,Khobar,2020-05-22
997,CUST00997,Cheyenne Spears,Individual,Female,46-55,Saudi,Tabuk,2022-12-20
998,CUST00998,Jason Rodriguez,Individual,Male,56-65,Saudi,Tabuk,2018-08-17
999,CUST00999,Morgan-Wilson,SME,,,Saudi,Tabuk,2022-06-09
1000,CUST01000,Joshua Leon,Individual,Female,46-55,Non-Saudi,Dammam,2020-02-29
1001,CUST01001,James Webb,Individual,Male,65+,Saudi,Khobar,2020-02-08
1002,CUST01002,Reginald Maldonado,Individual,Male,65+,Saudi,Buraidah,2025-10-01
1003,CUST01003,Karen Scott,Individual,Female,56-65,Non-Saudi,Dammam,2021-04-23
1004,CUST01004,Connie Haynes,Individual,Male,36-45,Saudi,Buraidah,2024-12-01
1005,CUST01005,Harry Nichols,Individual,Male,46-55,Saudi,Taif,2024-01-22
1006,CUST01006,Dustin Ross,Individual,Female,36-45,Non-Saudi,Madinah,2024-06-21
1007,CUST01007,Justin White,Individual,Male,56-65,Non-Saudi,Jeddah,2020-09-17
1008,CUST01008,Kenneth White,Individual,Male,56-65,Saudi,Taif,2024-06-13
1009,CUST01009,Cheryl Mclaughlin,Individual,Male,46-55,Non-Saudi,Dammam,2020-01-12
1010,CUST01010,Derek Perez,Individual,Male,65+,Saudi,Khobar,2025-03-20
1011,CUST01011,"Kelly, Maxwell and Wilson",SME,,,Saudi,Tabuk,2018-09-05
1012,CUST01012,"Vasquez, Smith and Vincent",SME,,,Saudi,Jeddah,2026-04-13
1013,CUST01013,Jacqueline Stewart,Individual,Male,26-35,Non-Saudi,Abha,2025-10-06
1014,CUST01014,"Melton, Henry and Joyce",SME,,,Saudi,Khobar,2025-12-01
1015,CUST01015,Daniel Ray,Individual,Female,56-65,Saudi,Madinah,2018-06-20
1016,CUST01016,Karen Fernandez,Individual,Female,18-25,Saudi,Buraidah,2022-05-06
1017,CUST01017,Michael Thompson,Individual,Male,36-45,Saudi,Tabuk,2026-06-10
1018,CUST01018,Julia Norris,Individual,Female,18-25,Saudi,Madinah,2018-02-07
1019,CUST01019,Kevin Nguyen,Individual,Male,26-35,Non-Saudi,Khobar,2023-04-19
1020,CUST01020,Joshua Young,Individual,Female,18-25,Saudi,Khobar,2022-01-28
1021,CUST01021,Holly Jimenez,Individual,Female,65+,Saudi,Madinah,2019-10-27
1022,CUST01022,Jacqueline Dickerson,Individual,Female,36-45,Non-Saudi,Khobar,2020-06-01
1023,CUST01023,Carlos Johnston,Individual,Female,46-55,Saudi,Riyadh,2019-12-23
1024,CUST01024,Devin Young,Individual,Male,65+,Saudi,Jeddah,2021-09-26
1025,CUST01025,Charles Haley,Individual,Female,18-25,Saudi,Abha,2019-04-18
1026,CUST01026,Cassandra Porter,Individual,Male,46-55,Saudi,Jeddah,2026-08-09
1027,CUST01027,Kelly Le,Individual,Male,18-25,Non-Saudi,Taif,2024-10-15
1028,CUST01028,Justin Bradley,Individual,Male,65+,Saudi,Dammam,2021-06-11
1029,CUST01029,Amy Cervantes,Individual,Male,18-25,Saudi,Khobar,2022-02-13
1030,CUST01030,"Davis, Garner and Green",SME,,,Saudi,Abha,2021-02-11
1031,CUST01031,Rhonda Cooper,Individual,Female,56-65,Saudi,Tabuk,2021-07-23
1032,CUST01032,Michael Jacobs,Individual,Female,65+,Non-Saudi,Buraidah,2022-12-27
1033,CUST01033,Kimberly Krause,Individual,Female,36-45,Saudi,Makkah,2020-06-17
1034,CUST01034,Nunez-Freeman,SME,,,Saudi,Khobar,2024-05-14
1035,CUST01035,Jane Mitchell,Individual,Male,36-45,Saudi,Tabuk,2023-06-18
1036,CUST01036,Oneill Ltd,SME,,,Non-Saudi,Khobar,2024-12-24
1037,CUST01037,Mark Duncan,Individual,Male,65+,Non-Saudi,Abha,2025-05-03
1038,CUST01038,Christopher Perez,Individual,Female,36-45,Saudi,Riyadh,2020-09-27
1039,CUST01039,Derek Newman,Individual,Male,46-55,Non-Saudi,Taif,2020-05-06
1040,CUST01040,Scott Cox,Individual,Male,65+,Non-Saudi,Taif,2023-01-27
1041,CUST01041,Gutierrez-White,SME,,,Saudi,Jeddah,2018-03-14
1042,CUST01042,Mary Shepard,Individual,Male,56-65,Non-Saudi,Buraidah,2024-01-22
1043,CUST01043,Clark Group,SME,,,Non-Saudi,Madinah,2018-11-22
1044,CUST01044,Shawn Kelley,Individual,Female,46-55,Saudi,Jeddah,2018-03-25
1045,CUST01045,Phillip Miller,Individual,Female,18-25,Non-Saudi,Buraidah,2020-04-08
1046,CUST01046,Matthew Mcclure,Individual,Female,26-35,Saudi,Dammam,2020-09-03
1047,CUST01047,Duane Sims,Individual,Male,26-35,Non-Saudi,Madinah,2019-02-19
1048,CUST01048,Alyssa Alvarado,Individual,Female,65+,Saudi,Jeddah,2025-06-09
1049,CUST01049,John Proctor,Individual,Female,26-35,Saudi,Madinah,2022-09-03
1050,CUST01050,Dunn-Taylor,SME,,,Saudi,Khobar,2026-03-14
1051,CUST01051,Leslie Bryant,Individual,Male,36-45,Saudi,Dammam,2024-06-22
1052,CUST01052,Jessica Bowman,Individual,Female,18-25,Saudi,Dammam,2022-08-13
1053,CUST01053,Karen Perez,Individual,Female,46-55,Non-Saudi,Jeddah,2018-10-10
1054,CUST01054,Diaz-Green,Corporate,,,Non-Saudi,Taif,2020-08-16
1055,CUST01055,Mills and Sons,SME,,,Saudi,Riyadh,2020-12-21
1056,CUST01056,Adam Weeks,Individual,Male,56-65,Non-Saudi,Makkah,2026-03-09
1057,CUST01057,Adam Jordan,Individual,Female,36-45,Saudi,Riyadh,2020-07-13
1058,CUST01058,Adam Brooks,Individual,Male,36-45,Saudi,Madinah,2021-07-23
1059,CUST01059,Jennifer Martin,Individual,Male,65+,Saudi,Jeddah,2024-05-16
1060,CUST01060,James Baker,Individual,Female,36-45,Saudi,Madinah,2021-08-26
1061,CUST01061,Phillip Kent,Individual,Female,26-35,Saudi,Riyadh,2024-12-24
1062,CUST01062,Dominique Paul,Individual,Female,65+,Saudi,Khobar,2024-12-28
1063,CUST01063,Lopez-Jones,SME,,,Saudi,Abha,2019-03-08
1064,CUST01064,Jesse Chavez,Individual,Female,65+,Saudi,Khobar,2024-01-21
1065,CUST01065,Frank Hernandez DVM,Individual,Male,26-35,Saudi,Khobar,2018-03-11
1066,CUST01066,Campbell and Sons,Corporate,,,Non-Saudi,Khobar,2024-03-07
1067,CUST01067,"Smith, Davis and Smith",SME,,,Saudi,Makkah,2019-11-17
1068,CUST01068,Richard Jimenez,Individual,Female,36-45,Non-Saudi,Madinah,2021-03-18
1069,CUST01069,"Moody, Rivera and Bridges",SME,,,Saudi,Abha,2026-03-24
1070,CUST01070,Reginald Jones,Individual,Female,26-35,Saudi,Tabuk,2022-01-24
1071,CUST01071,Ryan Roth,Individual,Female,36-45,Non-Saudi,Buraidah,2025-02-27
1072,CUST01072,Villegas Ltd,SME,,,Saudi,Jeddah,2020-02-25
1073,CUST01073,Jessica Rojas,Individual,Female,36-45,Non-Saudi,Tabuk,2018-04-16
1074,CUST01074,Ray Boyd,Individual,Male,65+,Saudi,Dammam,2026-06-28
1075,CUST01075,Price-Ali,SME,,,Saudi,Khobar,2026-02-03
1076,CUST01076,Soto Inc,SME,,,Saudi,Jeddah,2024-06-09
1077,CUST01077,Barbara Olson,Individual,Female,26-35,Saudi,Abha,2020-08-01
1078,CUST01078,Clay-Boyer,SME,,,Saudi,Madinah,2019-11-19
1079,CUST01079,Mark Nguyen,Individual,Female,18-25,Saudi,Jeddah,2019-06-13
1080,CUST01080,Bryan Mccormick,Individual,Male,26-35,Non-Saudi,Makkah,2018-01-29
1081,CUST01081,Richard Alvarez,Individual,Male,18-25,Saudi,Taif,2023-02-26
1082,CUST01082,Brandon Moore,Individual,Female,18-25,Saudi,Buraidah,2018-10-16
1083,CUST01083,Tara Shea,Individual,Male,26-35,Non-Saudi,Jeddah,2023-05-28
1084,CUST01084,Matthew Miles,Individual,Male,36-45,Saudi,Taif,2024-11-03
1085,CUST01085,Freeman LLC,SME,,,Non-Saudi,Riyadh,2026-06-27
1086,CUST01086,"Sherman, Trujillo and Gonzales",SME,,,Saudi,Riyadh,2019-09-02
1087,CUST01087,Heather Taylor,Individual,Female,18-25,Non-Saudi,Tabuk,2025-10-08
1088,CUST01088,Mr. Edward Terry,Individual,Male,56-65,Saudi,Makkah,2019-08-23
1089,CUST01089,Gregory Oconnor,Individual,Male,56-65,Saudi,Dammam,2020-05-19
1090,CUST01090,Suzanne Spencer,Individual,Female,65+,Saudi,Buraidah,2018-08-06
1091,CUST01091,Edward Baker,Individual,Female,65+,Non-Saudi,Jeddah,2021-03-04
1092,CUST01092,Mark Gray,Individual,Male,56-65,Saudi,Khobar,2019-08-09
1093,CUST01093,Scott Parsons,Individual,Female,36-45,Non-Saudi,Tabuk,2020-01-24
1094,CUST01094,"Brown, Coffey and Fuentes",Corporate,,,Saudi,Khobar,2019-08-23
1095,CUST01095,Pamela Moore,Individual,Female,65+,Saudi,Makkah,2020-06-12
1096,CUST01096,Frank Davis,Individual,Male,46-55,Non-Saudi,Madinah,2023-09-12
1097,CUST01097,Todd White,Individual,Female,46-55,Non-Saudi,Riyadh,2018-04-09
1098,CUST01098,Corey Johnson,Individual,Female,56-65,Saudi,Dammam,2023-07-20
1099,CUST01099,Barrett-Fox,Corporate,,,Saudi,Madinah,2024-01-24
1100,CUST01100,Williams-Walker,Corporate,,,Saudi,Khobar,2024-03-16
1101,CUST01101,Thomas Rios,Individual,Female,56-65,Saudi,Buraidah,2026-01-09
1102,CUST01102,Mcdonald Ltd,SME,,,Saudi,Riyadh,2018-07-11
1103,CUST01103,Teresa Perry,Individual,Male,26-35,Saudi,Buraidah,2021-03-11
1104,CUST01104,Samantha Baker,Individual,Female,36-45,Saudi,Taif,2018-05-09
1105,CUST01105,Eric Blackburn,Individual,Male,65+,Saudi,Khobar,2026-04-21
1106,CUST01106,Garcia and Sons,SME,,,Saudi,Buraidah,2022-08-06
1107,CUST01107,Lee Ltd,SME,,,Saudi,Madinah,2020-02-25
1108,CUST01108,Cassidy Curry,Individual,Female,18-25,Non-Saudi,Khobar,2021-08-03
1109,CUST01109,Mark Howard,Individual,Female,46-55,Non-Saudi,Jeddah,2021-12-19
1110,CUST01110,"Simmons, Garcia and Sparks",SME,,,Saudi,Buraidah,2022-10-03
1111,CUST01111,"Morgan, Moore and Murillo",SME,,,Non-Saudi,Taif,2021-10-30
1112,CUST01112,Ethan Frey,Individual,Male,36-45,Saudi,Dammam,2020-10-21
1113,CUST01113,Phillip Jordan,Individual,Male,26-35,Saudi,Taif,2024-04-10
1114,CUST01114,"Allen, Gardner and Brooks",Corporate,,,Non-Saudi,Buraidah,2022-10-04
1115,CUST01115,Heather Chavez,Individual,Male,46-55,Saudi,Taif,2026-04-19
1116,CUST01116,Andrew Mitchell,Individual,Female,18-25,Saudi,Riyadh,2018-02-21
1117,CUST01117,Steve Smith,Individual,Female,18-25,Saudi,Taif,2026-07-05
1118,CUST01118,Foley Inc,SME,,,Saudi,Dammam,2024-09-01
1119,CUST01119,Samantha Ellison,Individual,Male,46-55,Saudi,Buraidah,2022-06-03
1120,CUST01120,Laura Davis,Individual,Male,26-35,Saudi,Taif,2021-12-24
1121,CUST01121,Derek Preston,Individual,Male,18-25,Non-Saudi,Taif,2020-02-28
1122,CUST01122,Eric Duncan,Individual,Male,36-45,Saudi,Riyadh,2022-12-02
1123,CUST01123,Navarro Ltd,SME,,,Saudi,Khobar,2020-10-22
1124,CUST01124,Mr. Steven Warner,Individual,Female,56-65,Saudi,Riyadh,2025-01-31
1125,CUST01125,Larson LLC,SME,,,Saudi,Khobar,2018-04-28
1126,CUST01126,Jane Deleon,Individual,Male,18-25,Non-Saudi,Makkah,2025-12-20
1127,CUST01127,Bailey-Montoya,Corporate,,,Non-Saudi,Madinah,2021-08-07
1128,CUST01128,Sheila Perez,Individual,Male,36-45,Saudi,Riyadh,2023-08-23
1129,CUST01129,Alexandra Waters,Individual,Male,26-35,Saudi,Madinah,2021-04-22
1130,CUST01130,Andrew Fernandez,Individual,Male,65+,Non-Saudi,Riyadh,2019-04-18
1131,CUST01131,Connie Williams,Individual,Male,36-45,Saudi,Madinah,2024-04-28
1132,CUST01132,Jeremy Larson,Individual,Female,18-25,Saudi,Riyadh,2022-05-13
1133,CUST01133,Dylan Foster,Individual,Female,65+,Non-Saudi,Khobar,2019-02-22
1134,CUST01134,Alvarez Ltd,SME,,,Saudi,Taif,2018-06-05
1135,CUST01135,Bradley Shaw,Individual,Female,56-65,Non-Saudi,Jeddah,2024-09-08
1136,CUST01136,Gill Group,SME,,,Saudi,Buraidah,2022-11-01
1137,CUST01137,Matthew Gonzalez DDS,Individual,Male,26-35,Saudi,Abha,2024-05-11
1138,CUST01138,Benjamin Frank,Individual,Male,18-25,Saudi,Tabuk,2020-10-18
1139,CUST01139,Ann Powers,Individual,Female,46-55,Non-Saudi,Riyadh,2021-08-30
1140,CUST01140,Frank Wheeler,Individual,Female,36-45,Saudi,Makkah,2018-03-18
1141,CUST01141,Jackson-Bailey,Corporate,,,Non-Saudi,Madinah,2025-02-06
1142,CUST01142,Hanson-Alexander,SME,,,Saudi,Taif,2025-12-27
1143,CUST01143,Gonzalez LLC,SME,,,Non-Saudi,Riyadh,2019-05-08
1144,CUST01144,"Farrell, Rodriguez and Brown",Corporate,,,Non-Saudi,Makkah,2026-03-15
1145,CUST01145,Sheila Wilkins,Individual,Female,65+,Saudi,Taif,2018-02-13
1146,CUST01146,Ashley Cole,Individual,Male,46-55,Saudi,Dammam,2018-03-13
1147,CUST01147,Joshua Harris,Individual,Female,56-65,Saudi,Tabuk,2022-07-10
1148,CUST01148,John Blair,Individual,Male,56-65,Saudi,Makkah,2019-03-23
1149,CUST01149,"Barnett, Bennett and Escobar",SME,,,Saudi,Tabuk,2022-07-22
1150,CUST01150,Jackson-Campbell,SME,,,Saudi,Dammam,2024-10-27
1151,CUST01151,Amy Pena,Individual,Male,36-45,Saudi,Tabuk,2018-01-27
1152,CUST01152,Guerrero-Alvarado,Corporate,,,Saudi,Khobar,2025-11-21
1153,CUST01153,Lin-Smith,SME,,,Saudi,Riyadh,2025-07-01
1154,CUST01154,"Hughes, Whitney and Romero",SME,,,Non-Saudi,Taif,2024-02-19
1155,CUST01155,Washington-Harper,Corporate,,,Saudi,Madinah,2018-10-05
1156,CUST01156,Walter Castro,Individual,Male,18-25,Saudi,Riyadh,2024-02-28
1157,CUST01157,Wright PLC,SME,,,Saudi,Madinah,2020-08-20
1158,CUST01158,Patrick Smith DDS,Individual,Male,56-65,Saudi,Riyadh,2021-01-26
1159,CUST01159,Zachary Irwin,Individual,Female,26-35,Saudi,Buraidah,2020-05-20
1160,CUST01160,David Hughes,Individual,Female,26-35,Non-Saudi,Abha,2026-08-23
1161,CUST01161,Terry Avery MD,Individual,Male,26-35,Saudi,Taif,2020-12-15
1162,CUST01162,Sandoval-Miller,SME,,,Saudi,Madinah,2021-04-21
1163,CUST01163,"Salazar, Garrett and Perez",Corporate,,,Saudi,Makkah,2020-01-29
1164,CUST01164,Simmons LLC,SME,,,Saudi,Abha,2025-11-12
1165,CUST01165,Cole-Anderson,SME,,,Saudi,Khobar,2023-08-22
1166,CUST01166,"Weaver, Mcbride and Huffman",SME,,,Non-Saudi,Taif,2020-09-02
1167,CUST01167,Kelly Taylor,Individual,Male,56-65,Non-Saudi,Taif,2026-08-10
1168,CUST01168,Brianna Fitzpatrick,Individual,Female,56-65,Non-Saudi,Buraidah,2025-12-05
1169,CUST01169,Justin Fry,Individual,Male,56-65,Saudi,Abha,2019-01-09
1170,CUST01170,Franco-Thomas,SME,,,Saudi,Makkah,2018-04-04
1171,CUST01171,William Ali,Individual,Female,65+,Saudi,Taif,2020-08-15
1172,CUST01172,Samantha Walsh,Individual,Male,26-35,Saudi,Taif,2024-05-19
1173,CUST01173,Maxwell Inc,SME,,,Non-Saudi,Madinah,2019-02-20
1174,CUST01174,William Jensen,Individual,Female,36-45,Saudi,Riyadh,2023-03-27
1175,CUST01175,Linda Hall,Individual,Male,46-55,Non-Saudi,Abha,2018-03-24
1176,CUST01176,Richard Anderson,Individual,Male,26-35,Non-Saudi,Tabuk,2025-04-25
1177,CUST01177,Matthew White,Individual,Female,36-45,Saudi,Dammam,2021-05-08
1178,CUST01178,Christopher Perez,Individual,Male,46-55,Saudi,Khobar,2021-07-13
1179,CUST01179,Tammy Clements,Individual,Male,65+,Non-Saudi,Jeddah,2019-12-04
1180,CUST01180,Christina Harris,Individual,Female,65+,Saudi,Tabuk,2019-07-14
1181,CUST01181,Jessica Williamson,Individual,Male,46-55,Saudi,Riyadh,2023-12-12
1182,CUST01182,Clay-Patterson,SME,,,Non-Saudi,Buraidah,2024-09-16
1183,CUST01183,"Moss, James and Edwards",SME,,,Non-Saudi,Dammam,2023-04-15
1184,CUST01184,"Armstrong, Herrera and Davidson",SME,,,Saudi,Riyadh,2024-02-01
1185,CUST01185,Brian Bryant,Individual,Female,65+,Non-Saudi,Abha,2025-08-03
1186,CUST01186,Danielle Medina,Individual,Male,18-25,Non-Saudi,Makkah,2026-07-03
1187,CUST01187,James Hubbard,Individual,Female,18-25,Saudi,Abha,2026-04-27
1188,CUST01188,Jeffrey Wilkerson,Individual,Male,56-65,Non-Saudi,Makkah,2024-09-08
1189,CUST01189,Christopher Phillips,Individual,Female,46-55,Saudi,Jeddah,2025-12-11
1190,CUST01190,Stephanie Ford,Individual,Male,26-35,Non-Saudi,Madinah,2023-08-02
1191,CUST01191,Jonathan White,Individual,Male,18-25,Saudi,Riyadh,2023-01-23
1192,CUST01192,Kimberly Long,Individual,Male,26-35,Non-Saudi,Buraidah,2020-10-18
1193,CUST01193,White PLC,SME,,,Saudi,Jeddah,2025-10-01
1194,CUST01194,Sonya Davis,Individual,Female,26-35,Saudi,Madinah,2020-10-20
1195,CUST01195,Michelle Martin,Individual,Male,46-55,Non-Saudi,Khobar,2024-05-03
1196,CUST01196,Wilson Group,Corporate,,,Saudi,Madinah,2023-06-25
1197,CUST01197,Michael Acosta,Individual,Female,18-25,Non-Saudi,Tabuk,2026-06-06
1198,CUST01198,Caitlin Pierce,Individual,Female,26-35,Saudi,Madinah,2018-05-19
1199,CUST01199,George Savage,Individual,Female,56-65,Saudi,Makkah,2025-06-16
1200,CUST01200,Charles Hammond,Individual,Male,56-65,Non-Saudi,Tabuk,2018-06-11
1201,CUST01201,Collins-Mack,Corporate,,,Saudi,Buraidah,2021-11-09
1202,CUST01202,"White, Roach and Horne",Corporate,,,Non-Saudi,Madinah,2018-01-12
1203,CUST01203,Alexandria Jimenez,Individual,Female,36-45,Saudi,Buraidah,2022-04-24
1204,CUST01204,Lisa Snyder,Individual,Male,56-65,Saudi,Tabuk,2019-11-16
1205,CUST01205,Jordan Ramos,Individual,Female,46-55,Non-Saudi,Buraidah,2023-03-14
1206,CUST01206,Stephen Ramirez,Individual,Female,26-35,Saudi,Riyadh,2023-06-08
1207,CUST01207,Christine Lopez,Individual,Male,65+,Non-Saudi,Buraidah,2018-06-23
1208,CUST01208,Johnson-Nash,Corporate,,,Saudi,Khobar,2023-10-07
1209,CUST01209,Elizabeth Knapp,Individual,Male,18-25,Non-Saudi,Madinah,2018-06-04
1210,CUST01210,Christopher Powers,Individual,Male,36-45,Saudi,Tabuk,2023-04-14
1211,CUST01211,Linda Cobb,Individual,Male,18-25,Non-Saudi,Khobar,2019-07-15
1212,CUST01212,Kent Huynh,Individual,Male,26-35,Saudi,Khobar,2018-10-21
1213,CUST01213,Morris-Merritt,SME,,,Saudi,Abha,2025-02-02
1214,CUST01214,Bridges-Brown,SME,,,Non-Saudi,Abha,2022-01-26
1215,CUST01215,Scott Murphy,Individual,Female,56-65,Non-Saudi,Abha,2021-07-30
1216,CUST01216,Dominguez PLC,SME,,,Saudi,Riyadh,2018-07-03
1217,CUST01217,"Blair, Fuller and Benitez",SME,,,Saudi,Khobar,2022-03-07
1218,CUST01218,Taylor Andersen,Individual,Male,26-35,Saudi,Khobar,2020-06-25
1219,CUST01219,"Abbott, Green and Andrews",SME,,,Non-Saudi,Khobar,2023-05-22
1220,CUST01220,Lisa Crawford,Individual,Male,36-45,Non-Saudi,Khobar,2024-04-21
1221,CUST01221,Vasquez-White,Corporate,,,Saudi,Dammam,2023-04-08
1222,CUST01222,Veronica Smith,Individual,Female,26-35,Saudi,Madinah,2018-03-17
1223,CUST01223,Bailey Charles,Individual,Female,65+,Saudi,Taif,2024-11-29
1224,CUST01224,Mrs. Felicia Castro DDS,Individual,Male,36-45,Saudi,Madinah,2018-02-05
1225,CUST01225,Douglas Tyler,Individual,Female,26-35,Saudi,Riyadh,2020-08-29
1226,CUST01226,"Pierce, Wang and Wilson",SME,,,Non-Saudi,Abha,2020-11-18
1227,CUST01227,Keith Choi,Individual,Female,56-65,Saudi,Khobar,2025-03-11
1228,CUST01228,Rivera LLC,SME,,,Non-Saudi,Tabuk,2025-12-21
1229,CUST01229,John Johnson,Individual,Female,26-35,Non-Saudi,Jeddah,2019-03-05
1230,CUST01230,Burton PLC,SME,,,Non-Saudi,Dammam,2025-09-29
1231,CUST01231,Robert Reilly,Individual,Male,46-55,Saudi,Tabuk,2018-06-26
1232,CUST01232,Krystal Gregory,Individual,Female,18-25,Non-Saudi,Buraidah,2022-10-19
1233,CUST01233,Clark Ltd,SME,,,Saudi,Riyadh,2020-11-13
1234,CUST01234,Rebecca Jones,Individual,Female,18-25,Saudi,Madinah,2019-04-17
1235,CUST01235,Gina Brooks,Individual,Male,36-45,Saudi,Madinah,2022-08-14
1236,CUST01236,Larry Lopez,Individual,Female,46-55,Non-Saudi,Madinah,2019-01-04
1237,CUST01237,Elizabeth Hodge,Individual,Female,18-25,Saudi,Buraidah,2024-02-19
1238,CUST01238,Brandon Wiley,Individual,Male,26-35,Saudi,Tabuk,2021-03-19
1239,CUST01239,Elizabeth Warren,Individual,Male,65+,Non-Saudi,Buraidah,2019-07-07
1240,CUST01240,Andrew Harris,Individual,Male,36-45,Saudi,Khobar,2018-10-20
1241,CUST01241,Rebecca Stein,Individual,Male,26-35,Saudi,Riyadh,2019-05-02
1242,CUST01242,John Russo,Individual,Male,18-25,Saudi,Dammam,2020-09-06
1243,CUST01243,Randy Garcia,Individual,Female,56-65,Saudi,Khobar,2026-06-29
1244,CUST01244,"Rhodes, Anderson and Hardy",SME,,,Non-Saudi,Tabuk,2021-12-21
1245,CUST01245,Kelly Smith,Individual,Female,56-65,Saudi,Abha,2026-01-22
1246,CUST01246,Linda Miller,Individual,Female,65+,Non-Saudi,Abha,2022-01-13
1247,CUST01247,Joseph Hopkins,Individual,Male,26-35,Non-Saudi,Buraidah,2020-09-13
1248,CUST01248,Emily Mcclain,Individual,Female,46-55,Saudi,Khobar,2020-10-10
1249,CUST01249,Mitchell PLC,SME,,,Non-Saudi,Abha,2020-10-04
1250,CUST01250,Bruce Hernandez,Individual,Male,46-55,Saudi,Abha,2020-05-13
1251,CUST01251,Marcus Palmer,Individual,Male,36-45,Non-Saudi,Buraidah,2019-10-15
1252,CUST01252,Fernando Thomas,Individual,Male,46-55,Non-Saudi,Jeddah,2024-02-02
1253,CUST01253,David Jones,Individual,Male,36-45,Saudi,Taif,2023-04-21
1254,CUST01254,Jeremy Anderson,Individual,Male,56-65,Saudi,Dammam,2022-01-26
1255,CUST01255,"Williams, Reyes and Miller",Corporate,,,Saudi,Khobar,2021-05-22
1256,CUST01256,Stephanie Soto,Individual,Female,46-55,Saudi,Khobar,2023-12-19
1257,CUST01257,Henry Cook,Individual,Male,26-35,Non-Saudi,Jeddah,2019-09-18
1258,CUST01258,Rhonda Miller,Individual,Female,18-25,Saudi,Abha,2025-12-23
1259,CUST01259,Laura Davis,Individual,Male,46-55,Saudi,Taif,2024-12-08
1260,CUST01260,Anne Collins,Individual,Male,65+,Non-Saudi,Taif,2023-07-28
1261,CUST01261,Julie Meza,Individual,Male,18-25,Saudi,Dammam,2019-03-30
1262,CUST01262,"Scott, Cox and White",SME,,,Non-Saudi,Riyadh,2025-12-05
1263,CUST01263,Mccormick-Khan,SME,,,Non-Saudi,Abha,2021-12-02
1264,CUST01264,John Bell,Individual,Female,56-65,Saudi,Makkah,2021-12-27
1265,CUST01265,Randy Munoz,Individual,Female,36-45,Saudi,Madinah,2019-02-07
1266,CUST01266,Sullivan Ltd,SME,,,Non-Saudi,Khobar,2024-11-20
1267,CUST01267,Hawkins-Jones,Corporate,,,Saudi,Buraidah,2020-08-11
1268,CUST01268,Morales-Gutierrez,Corporate,,,Saudi,Dammam,2023-05-15
1269,CUST01269,"Moore, Olson and Jones",SME,,,Saudi,Tabuk,2019-10-20
1270,CUST01270,"Garza, Mueller and Graham",Corporate,,,Saudi,Tabuk,2024-10-21
1271,CUST01271,"Benson, Thompson and Caldwell",SME,,,Saudi,Madinah,2024-05-23
1272,CUST01272,"Andrews, Tucker and Vargas",SME,,,Saudi,Buraidah,2022-01-01
1273,CUST01273,Samantha Thompson,Individual,Female,65+,Saudi,Taif,2026-04-06
1274,CUST01274,Brian Cervantes,Individual,Male,65+,Saudi,Dammam,2024-09-01
1275,CUST01275,Johnny Keller,Individual,Female,36-45,Non-Saudi,Dammam,2018-10-13
1276,CUST01276,Stacy Berger,Individual,Male,26-35,Saudi,Riyadh,2023-07-02
1277,CUST01277,Charles Hernandez,Individual,Female,65+,Saudi,Dammam,2022-08-05
1278,CUST01278,Kenneth Gonzalez,Individual,Female,46-55,Non-Saudi,Buraidah,2023-11-22
1279,CUST01279,Evans-Bauer,Corporate,,,Saudi,Abha,2023-11-16
1280,CUST01280,Taylor Robbins,Individual,Female,46-55,Saudi,Dammam,2025-11-29
1281,CUST01281,Lauren Carr DDS,Individual,Male,56-65,Saudi,Makkah,2025-04-29
1282,CUST01282,Amy Santana,Individual,Female,46-55,Non-Saudi,Buraidah,2026-05-14
1283,CUST01283,Justin Irwin,Individual,Male,56-65,Saudi,Khobar,2018-12-13
1284,CUST01284,Andre Reynolds,Individual,Female,65+,Saudi,Tabuk,2023-02-07
1285,CUST01285,"Flores, Reyes and James",Corporate,,,Non-Saudi,Madinah,2022-09-17
1286,CUST01286,Karen Lopez,Individual,Male,56-65,Non-Saudi,Jeddah,2021-04-29
1287,CUST01287,Sara Moore,Individual,Male,65+,Non-Saudi,Buraidah,2026-08-15
1288,CUST01288,Brandy Jones,Individual,Male,36-45,Saudi,Riyadh,2018-02-19
1289,CUST01289,Katelyn Kim,Individual,Female,56-65,Non-Saudi,Taif,2026-07-24
1290,CUST01290,Martin Perry,Individual,Female,36-45,Saudi,Buraidah,2021-12-10
1291,CUST01291,Lindsey Simmons,Individual,Female,18-25,Saudi,Buraidah,2019-07-22
1292,CUST01292,Kristen Cole,Individual,Male,65+,Non-Saudi,Buraidah,2021-01-26
1293,CUST01293,Larry Lane,Individual,Female,18-25,Saudi,Jeddah,2025-04-27
1294,CUST01294,Joseph LLC,SME,,,Saudi,Dammam,2021-07-21
1295,CUST01295,Holly Good,Individual,Female,36-45,Saudi,Jeddah,2022-11-29
1296,CUST01296,Ashley Olson,Individual,Male,65+,Saudi,Dammam,2023-12-20
1297,CUST01297,Nicholas Terrell,Individual,Male,46-55,Saudi,Tabuk,2026-07-03
1298,CUST01298,Marshall-Miller,SME,,,Saudi,Jeddah,2025-09-10
1299,CUST01299,Sanchez Ltd,Corporate,,,Saudi,Dammam,2024-05-30
1300,CUST01300,"Miller, Schultz and Yates",SME,,,Non-Saudi,Taif,2020-09-13
1301,CUST01301,Berger PLC,SME,,,Saudi,Abha,2024-09-23
1302,CUST01302,Jose Harrison,Individual,Male,26-35,Saudi,Khobar,2024-05-05
1303,CUST01303,Tyler Yates,Individual,Female,18-25,Saudi,Abha,2020-07-02
1304,CUST01304,Thomas Curry,Individual,Female,46-55,Non-Saudi,Tabuk,2024-04-14
1305,CUST01305,Amy Kennedy,Individual,Female,46-55,Saudi,Tabuk,2019-06-18
1306,CUST01306,Douglas LLC,SME,,,Saudi,Abha,2024-12-28
1307,CUST01307,Donna Miller,Individual,Female,56-65,Non-Saudi,Riyadh,2022-05-16
1308,CUST01308,Diana Anderson,Individual,Female,46-55,Saudi,Madinah,2020-06-06
1309,CUST01309,Alexis Rodriguez,Individual,Female,18-25,Saudi,Buraidah,2019-07-06
1310,CUST01310,Brittany Griffin,Individual,Male,65+,Non-Saudi,Makkah,2024-12-25
1311,CUST01311,Michael Washington,Individual,Male,36-45,Saudi,Riyadh,2024-11-28
1312,CUST01312,Cooper Inc,SME,,,Saudi,Jeddah,2026-05-12
1313,CUST01313,Samantha Monroe,Individual,Female,36-45,Saudi,Madinah,2024-07-04
1314,CUST01314,James Guerrero,Individual,Male,18-25,Saudi,Riyadh,2024-04-10
1315,CUST01315,Clark Ltd,Corporate,,,Non-Saudi,Makkah,2025-04-11
1316,CUST01316,May Inc,Corporate,,,Non-Saudi,Jeddah,2018-06-15
1317,CUST01317,John Alvarez,Individual,Male,46-55,Non-Saudi,Buraidah,2026-03-13
1318,CUST01318,"Hall, Vega and Price",SME,,,Saudi,Jeddah,2020-04-09
1319,CUST01319,Jessica Roberts,Individual,Female,36-45,Saudi,Jeddah,2024-11-22
1320,CUST01320,Ethan Moreno,Individual,Female,46-55,Non-Saudi,Khobar,2026-04-06
1321,CUST01321,Joseph Gomez,Individual,Male,36-45,Non-Saudi,Taif,2025-04-19
1322,CUST01322,Marissa Nelson,Individual,Male,36-45,Non-Saudi,Madinah,2020-05-03
1323,CUST01323,Dawn Silva,Individual,Male,46-55,Non-Saudi,Makkah,2021-12-26
1324,CUST01324,Dana Powers,Individual,Male,65+,Saudi,Dammam,2024-08-29
1325,CUST01325,Megan Kaiser,Individual,Female,26-35,Saudi,Jeddah,2020-09-15
1326,CUST01326,Chambers Inc,SME,,,Non-Saudi,Jeddah,2018-02-07
1327,CUST01327,Brian Griffin,Individual,Male,56-65,Non-Saudi,Abha,2019-11-24
1328,CUST01328,Corey Johnson,Individual,Female,26-35,Non-Saudi,Riyadh,2018-10-18
1329,CUST01329,"Douglas, Houston and Sampson",Corporate,,,Non-Saudi,Madinah,2023-07-08
1330,CUST01330,Barbara Gates,Individual,Female,46-55,Saudi,Tabuk,2019-02-15
1331,CUST01331,Stephanie Knight,Individual,Female,46-55,Saudi,Jeddah,2026-05-12
1332,CUST01332,Melissa King,Individual,Male,46-55,Non-Saudi,Abha,2022-01-14
1333,CUST01333,Margaret Livingston,Individual,Female,36-45,Non-Saudi,Taif,2020-05-22
1334,CUST01334,Steven Carrillo,Individual,Male,36-45,Saudi,Khobar,2020-10-17
1335,CUST01335,Benjamin Waters,Individual,Female,36-45,Non-Saudi,Dammam,2021-04-23
1336,CUST01336,Anthony Sosa,Individual,Female,65+,Saudi,Taif,2020-04-15
1337,CUST01337,Jones-Krause,SME,,,Non-Saudi,Khobar,2019-09-26
1338,CUST01338,Matthew Rodriguez,Individual,Female,65+,Saudi,Riyadh,2022-09-03
1339,CUST01339,Louis Rodriguez,Individual,Male,46-55,Saudi,Tabuk,2021-10-26
1340,CUST01340,Andrew Jones,Individual,Female,56-65,Non-Saudi,Abha,2024-04-15
1341,CUST01341,Smith-Jimenez,Corporate,,,Saudi,Khobar,2023-08-24
1342,CUST01342,Andrew Myers,Individual,Male,46-55,Saudi,Tabuk,2019-04-24
1343,CUST01343,James Smith,Individual,Male,65+,Saudi,Jeddah,2024-02-12
1344,CUST01344,Karen Powell,Individual,Male,46-55,Non-Saudi,Abha,2024-04-16
1345,CUST01345,Fernandez Inc,SME,,,Saudi,Makkah,2021-04-28
1346,CUST01346,Penny Martinez,Individual,Male,18-25,Saudi,Riyadh,2022-08-17
1347,CUST01347,Cook-Turner,SME,,,Non-Saudi,Jeddah,2018-06-24
1348,CUST01348,Maria Diaz DVM,Individual,Male,56-65,Saudi,Jeddah,2020-12-09
1349,CUST01349,Paige Roberts,Individual,Male,18-25,Non-Saudi,Taif,2019-10-04
1350,CUST01350,Tracy Guerrero,Individual,Female,36-45,Saudi,Buraidah,2020-08-01
1351,CUST01351,Brian Barker,Individual,Female,26-35,Non-Saudi,Buraidah,2022-03-16
1352,CUST01352,Jessica Lopez,Individual,Male,18-25,Saudi,Taif,2018-04-23
1353,CUST01353,Zachary Allen,Individual,Female,56-65,Saudi,Makkah,2021-05-12
1354,CUST01354,"Schneider, Porter and Hanna",SME,,,Saudi,Jeddah,2025-01-06
1355,CUST01355,Johnson Inc,SME,,,Non-Saudi,Taif,2020-12-02
1356,CUST01356,"Williams, Wilson and Roman",SME,,,Saudi,Abha,2023-10-08
1357,CUST01357,Michael Sawyer,Individual,Male,26-35,Non-Saudi,Buraidah,2019-04-16
1358,CUST01358,"Hall, Jones and Moss",SME,,,Saudi,Abha,2022-03-24
1359,CUST01359,Terry Montgomery,Individual,Male,26-35,Non-Saudi,Tabuk,2020-02-06
1360,CUST01360,Alexis Chen,Individual,Male,26-35,Saudi,Riyadh,2025-10-27
1361,CUST01361,Anne Carr,Individual,Female,56-65,Non-Saudi,Madinah,2025-03-22
1362,CUST01362,Robert Wilson,Individual,Male,56-65,Saudi,Jeddah,2023-02-22
1363,CUST01363,"Walker, Brock and Simmons",Corporate,,,Non-Saudi,Buraidah,2025-01-05
1364,CUST01364,Miss Erika Daugherty,Individual,Male,46-55,Non-Saudi,Makkah,2022-12-24
1365,CUST01365,Russell Mcguire,Individual,Male,18-25,Non-Saudi,Abha,2024-08-09
1366,CUST01366,Gabriela Martinez,Individual,Male,65+,Non-Saudi,Riyadh,2019-03-22
1367,CUST01367,Michael Tran,Individual,Female,26-35,Saudi,Khobar,2021-10-16
1368,CUST01368,Amanda Garcia,Individual,Female,18-25,Saudi,Riyadh,2025-04-29
1369,CUST01369,"Bennett, Moore and Hobbs",SME,,,Saudi,Riyadh,2018-09-12
1370,CUST01370,Timothy Mann,Individual,Male,18-25,Non-Saudi,Abha,2023-02-18
1371,CUST01371,Michael Sparks,Individual,Female,46-55,Saudi,Khobar,2022-02-11
1372,CUST01372,Charles Nelson,Individual,Male,36-45,Saudi,Makkah,2021-11-22
1373,CUST01373,Christopher Holt,Individual,Male,46-55,Non-Saudi,Jeddah,2023-02-26
1374,CUST01374,Lisa Miller,Individual,Female,18-25,Non-Saudi,Dammam,2025-02-22
1375,CUST01375,Jason Grant,Individual,Female,26-35,Saudi,Dammam,2019-08-29
1376,CUST01376,Dr. Lisa Huffman,Individual,Male,65+,Saudi,Madinah,2026-07-13
1377,CUST01377,Julie Sims,Individual,Male,18-25,Non-Saudi,Riyadh,2019-10-19
1378,CUST01378,Brian Hernandez,Individual,Male,46-55,Saudi,Dammam,2025-04-17
1379,CUST01379,Jimenez-Moore,SME,,,Saudi,Madinah,2025-12-22
1380,CUST01380,Jackson Clark,Individual,Male,56-65,Non-Saudi,Makkah,2020-03-04
1381,CUST01381,Stefanie Chavez,Individual,Female,26-35,Saudi,Abha,2018-11-26
1382,CUST01382,Joshua Moore,Individual,Female,65+,Non-Saudi,Makkah,2018-04-02
1383,CUST01383,Andrea Young,Individual,Male,56-65,Non-Saudi,Buraidah,2021-11-05
1384,CUST01384,"Nguyen, Gonzalez and Rhodes",SME,,,Saudi,Riyadh,2020-10-25
1385,CUST01385,Erika Garcia,Individual,Female,65+,Non-Saudi,Riyadh,2024-05-18
1386,CUST01386,Jaime Walker,Individual,Female,46-55,Non-Saudi,Jeddah,2022-01-26
1387,CUST01387,Dr. Charles Reilly,Individual,Male,18-25,Saudi,Riyadh,2021-12-07
1388,CUST01388,Chad Cortez,Individual,Female,26-35,Saudi,Madinah,2023-06-19
1389,CUST01389,Christina Martinez,Individual,Male,18-25,Saudi,Madinah,2023-12-26
1390,CUST01390,Chad York,Individual,Female,56-65,Non-Saudi,Riyadh,2021-12-18
1391,CUST01391,Wolf and Sons,Corporate,,,Saudi,Dammam,2025-08-30
1392,CUST01392,"Moore, Norton and Cisneros",SME,,,Saudi,Khobar,2025-10-29
1393,CUST01393,Kristen Hall,Individual,Male,65+,Saudi,Khobar,2021-07-23
1394,CUST01394,Shannon Robinson,Individual,Female,46-55,Non-Saudi,Buraidah,2022-02-03
1395,CUST01395,Adrian Patterson,Individual,Male,65+,Saudi,Khobar,2025-07-17
1396,CUST01396,Jeffrey Walker,Individual,Male,56-65,Non-Saudi,Khobar,2026-01-07
1397,CUST01397,Mcintyre Inc,SME,,,Saudi,Khobar,2021-08-11
1398,CUST01398,William Quinn,Individual,Male,36-45,Saudi,Tabuk,2022-05-11
1399,CUST01399,James Pacheco,Individual,Male,26-35,Non-Saudi,Makkah,2024-01-09
1400,CUST01400,Jon Miller,Individual,Female,65+,Non-Saudi,Buraidah,2024-07-05
1401,CUST01401,"Dennis, Dodson and Anderson",SME,,,Non-Saudi,Makkah,2020-07-22
1402,CUST01402,Ann Castillo,Individual,Female,56-65,Non-Saudi,Madinah,2020-08-20
1403,CUST01403,Shannon Burgess,Individual,Female,36-45,Saudi,Tabuk,2018-03-19
1404,CUST01404,Raymond Sawyer,Individual,Male,46-55,Non-Saudi,Tabuk,2021-07-03
1405,CUST01405,Sims-Padilla,SME,,,Saudi,Khobar,2018-01-05
1406,CUST01406,"Jones, Barry and Cook",SME,,,Non-Saudi,Jeddah,2018-04-14
1407,CUST01407,Derrick Shah,Individual,Female,18-25,Saudi,Dammam,2022-09-09
1408,CUST01408,Rachel Miller,Individual,Male,18-25,Saudi,Jeddah,2025-08-12
1409,CUST01409,Amy Dougherty,Individual,Female,26-35,Non-Saudi,Tabuk,2023-10-31
1410,CUST01410,Rodriguez LLC,Corporate,,,Saudi,Taif,2022-01-09
1411,CUST01411,Diaz and Sons,Corporate,,,Saudi,Dammam,2023-08-09
1412,CUST01412,Kristina Ayala,Individual,Female,46-55,Non-Saudi,Riyadh,2019-03-13
1413,CUST01413,Joshua Banks,Individual,Male,18-25,Non-Saudi,Makkah,2024-05-16
1414,CUST01414,"Pitts, Warner and Mullins",SME,,,Saudi,Khobar,2024-07-30
1415,CUST01415,Steven Gordon,Individual,Female,65+,Non-Saudi,Khobar,2021-08-28
1416,CUST01416,Jake Chavez,Individual,Female,46-55,Saudi,Dammam,2022-05-03
1417,CUST01417,Harrison PLC,SME,,,Saudi,Madinah,2023-11-12
1418,CUST01418,Ebony Oliver,Individual,Female,36-45,Non-Saudi,Riyadh,2024-11-30
1419,CUST01419,Rhonda Everett,Individual,Female,46-55,Non-Saudi,Buraidah,2018-07-27
1420,CUST01420,Miller-Myers,SME,,,Non-Saudi,Madinah,2019-07-19
1421,CUST01421,Angela Martin,Individual,Male,65+,Non-Saudi,Dammam,2018-12-20
1422,CUST01422,Chris Harris,Individual,Male,18-25,Non-Saudi,Buraidah,2026-03-25
1423,CUST01423,Jason Fleming,Individual,Female,36-45,Saudi,Tabuk,2026-01-20
1424,CUST01424,Jason Rojas,Individual,Female,36-45,Saudi,Abha,2018-03-09
1425,CUST01425,Alex Pham,Individual,Male,56-65,Saudi,Riyadh,2025-03-20
1426,CUST01426,Gabriella Lane,Individual,Female,26-35,Non-Saudi,Khobar,2023-09-02
1427,CUST01427,Katelyn Wade,Individual,Female,65+,Non-Saudi,Abha,2022-08-01
1428,CUST01428,"Wallace, Torres and Anderson",SME,,,Non-Saudi,Buraidah,2024-10-27
1429,CUST01429,David Washington,Individual,Female,36-45,Non-Saudi,Abha,2026-05-23
1430,CUST01430,Hernandez LLC,SME,,,Saudi,Tabuk,2021-12-10
1431,CUST01431,Thomas Joseph,Individual,Male,46-55,Saudi,Makkah,2020-06-19
1432,CUST01432,Sara Schwartz,Individual,Male,36-45,Saudi,Makkah,2023-10-05
1433,CUST01433,David Williams,Individual,Male,36-45,Saudi,Jeddah,2020-09-26
1434,CUST01434,David Lopez,Individual,Female,65+,Non-Saudi,Jeddah,2022-11-11
1435,CUST01435,Wade LLC,Corporate,,,Saudi,Abha,2019-04-13
1436,CUST01436,William Ferguson,Individual,Male,65+,Saudi,Dammam,2019-01-19
1437,CUST01437,Timothy Mack,Individual,Female,36-45,Saudi,Riyadh,2026-03-12
1438,CUST01438,Brittney Cordova,Individual,Female,36-45,Non-Saudi,Tabuk,2022-09-21
1439,CUST01439,Maria Phillips,Individual,Female,65+,Non-Saudi,Abha,2025-09-29
1440,CUST01440,Nicole Mcknight,Individual,Female,65+,Non-Saudi,Dammam,2023-10-07
1441,CUST01441,"Chandler, Nielsen and Morgan",SME,,,Saudi,Dammam,2018-12-21
1442,CUST01442,Andrew Gregory,Individual,Female,56-65,Non-Saudi,Jeddah,2019-01-04
1443,CUST01443,Morales and Sons,Corporate,,,Saudi,Taif,2021-11-08
1444,CUST01444,Anthony Davidson,Individual,Female,65+,Non-Saudi,Taif,2023-01-16
1445,CUST01445,Timothy Ramirez,Individual,Female,65+,Saudi,Dammam,2018-03-13
1446,CUST01446,Jill Powers,Individual,Female,36-45,Saudi,Riyadh,2018-10-03
1447,CUST01447,"Foster, Henry and Morrison",SME,,,Saudi,Buraidah,2022-06-03
1448,CUST01448,Melvin Sanders,Individual,Female,26-35,Saudi,Riyadh,2024-03-10
1449,CUST01449,James Smith,Individual,Female,65+,Non-Saudi,Abha,2020-12-24
1450,CUST01450,Jeremy Hoffman,Individual,Female,46-55,Saudi,Makkah,2019-11-12
1451,CUST01451,Natalie Perry,Individual,Female,46-55,Non-Saudi,Jeddah,2021-10-28
1452,CUST01452,Nicholas Hurst,Individual,Female,56-65,Saudi,Taif,2024-04-19
1453,CUST01453,Taylor-Matthews,SME,,,Saudi,Abha,2018-09-29
1454,CUST01454,Turner PLC,Corporate,,,Non-Saudi,Khobar,2026-07-12
1455,CUST01455,Tyler Avila,Individual,Male,36-45,Saudi,Riyadh,2018-10-07
1456,CUST01456,Thomas Perry,Individual,Female,65+,Saudi,Dammam,2022-10-21
1457,CUST01457,Nicole Taylor,Individual,Female,46-55,Non-Saudi,Khobar,2019-08-11
1458,CUST01458,Julian Williams,Individual,Female,56-65,Non-Saudi,Jeddah,2025-02-21
1459,CUST01459,Elizabeth Hansen,Individual,Male,18-25,Saudi,Dammam,2022-01-03
1460,CUST01460,Aaron Baker,Individual,Female,65+,Non-Saudi,Madinah,2026-04-07
1461,CUST01461,Kaitlyn Valdez,Individual,Female,18-25,Saudi,Khobar,2025-09-19
1462,CUST01462,White-Knox,SME,,,Saudi,Tabuk,2023-07-29
1463,CUST01463,Phillip Snyder,Individual,Female,46-55,Saudi,Dammam,2026-05-23
1464,CUST01464,Heidi Castillo,Individual,Male,56-65,Saudi,Makkah,2021-10-08
1465,CUST01465,Burton-Alvarez,SME,,,Saudi,Tabuk,2024-01-01
1466,CUST01466,Brooks Ltd,SME,,,Non-Saudi,Jeddah,2022-12-22
1467,CUST01467,Carla Brown,Individual,Male,18-25,Non-Saudi,Riyadh,2020-10-06
1468,CUST01468,Brandy Martin,Individual,Female,65+,Saudi,Abha,2020-05-10
1469,CUST01469,Fields-Friedman,SME,,,Saudi,Khobar,2018-06-03
1470,CUST01470,Mark Jones,Individual,Female,18-25,Non-Saudi,Jeddah,2019-09-04
1471,CUST01471,Pamela George,Individual,Male,65+,Saudi,Dammam,2019-06-12
1472,CUST01472,Eugene Kirk,Individual,Male,46-55,Non-Saudi,Jeddah,2024-11-30
1473,CUST01473,Michael Cox,Individual,Female,46-55,Saudi,Jeddah,2022-08-15
1474,CUST01474,Charles Taylor,Individual,Male,46-55,Saudi,Madinah,2020-06-07
1475,CUST01475,Jennifer Mccall,Individual,Female,65+,Saudi,Jeddah,2019-05-30
1476,CUST01476,Moore and Sons,SME,,,Non-Saudi,Makkah,2025-03-10
1477,CUST01477,Kristin Norris,Individual,Male,26-35,Non-Saudi,Riyadh,2026-03-27
1478,CUST01478,Michelle Park,Individual,Female,56-65,Saudi,Dammam,2024-12-08
1479,CUST01479,Stevens-Jones,SME,,,Non-Saudi,Buraidah,2025-01-29
1480,CUST01480,Karen Collins,Individual,Male,18-25,Non-Saudi,Riyadh,2021-02-18
1481,CUST01481,Stacy Harper,Individual,Male,36-45,Saudi,Tabuk,2024-08-07
1482,CUST01482,Michael Johnson,Individual,Male,26-35,Non-Saudi,Abha,2025-01-15
1483,CUST01483,Scott Thomas,Individual,Male,46-55,Non-Saudi,Jeddah,2019-12-17
1484,CUST01484,Carlos Miller,Individual,Female,46-55,Saudi,Tabuk,2023-12-21
1485,CUST01485,Angela Hampton,Individual,Male,36-45,Saudi,Jeddah,2024-07-18
1486,CUST01486,Brian Mcguire,Individual,Female,36-45,Non-Saudi,Tabuk,2022-06-10
1487,CUST01487,Bryan King,Individual,Male,36-45,Saudi,Taif,2018-07-29
1488,CUST01488,Nicole Patton,Individual,Female,65+,Non-Saudi,Abha,2025-12-14
1489,CUST01489,Steven Lopez,Individual,Female,36-45,Non-Saudi,Taif,2021-01-14
1490,CUST01490,Ryan Mcmahon,Individual,Male,46-55,Non-Saudi,Khobar,2026-03-15
1491,CUST01491,Christopher Mason,Individual,Female,65+,Saudi,Abha,2024-04-19
1492,CUST01492,Kelly Garcia,Individual,Male,18-25,Saudi,Taif,2022-12-31
1493,CUST01493,Daniel Lee,Individual,Male,65+,Non-Saudi,Dammam,2020-06-08
1494,CUST01494,Kimberly Beltran,Individual,Male,36-45,Saudi,Taif,2018-11-08
1495,CUST01495,Jonathan Zimmerman,Individual,Female,65+,Saudi,Buraidah,2021-03-02
1496,CUST01496,Jessica Rosario,Individual,Female,36-45,Saudi,Buraidah,2019-07-25
1497,CUST01497,Zavala-Coleman,Corporate,,,Non-Saudi,Tabuk,2022-06-12
1498,CUST01498,Philip Edwards,Individual,Female,18-25,Saudi,Abha,2022-01-10
1499,CUST01499,Kathleen Ward,Individual,Male,18-25,Saudi,Riyadh,2020-06-29
1500,CUST01500,"Williams, Murphy and Wilson",SME,,,Saudi,Riyadh,2020-06-14
1501,CUST01501,"Fitzgerald, Mcdaniel and Randall",Corporate,,,Saudi,Khobar,2019-12-15
1502,CUST01502,William Patterson,Individual,Male,18-25,Non-Saudi,Tabuk,2025-05-28
1503,CUST01503,Crosby-Richardson,SME,,,Non-Saudi,Makkah,2018-02-10
1504,CUST01504,Megan Sanders,Individual,Female,46-55,Saudi,Tabuk,2022-07-09
1505,CUST01505,Barbara Foster,Individual,Male,18-25,Non-Saudi,Jeddah,2024-01-04
1506,CUST01506,Natalie Stafford,Individual,Female,46-55,Saudi,Riyadh,2019-06-17
1507,CUST01507,Curtis Gonzalez,Individual,Female,65+,Saudi,Taif,2025-04-18
1508,CUST01508,David Coleman,Individual,Female,46-55,Non-Saudi,Buraidah,2022-04-25
1509,CUST01509,Pamela Wheeler,Individual,Female,46-55,Saudi,Dammam,2024-07-15
1510,CUST01510,Terri Kelly,Individual,Female,36-45,Saudi,Taif,2023-10-06
1511,CUST01511,Victoria Dixon,Individual,Female,36-45,Saudi,Riyadh,2019-04-11
1512,CUST01512,Bryan Burns,Individual,Male,36-45,Saudi,Buraidah,2019-12-30
1513,CUST01513,Alyssa Rojas,Individual,Female,46-55,Saudi,Khobar,2025-03-06
1514,CUST01514,Gregory-Stanton,Corporate,,,Saudi,Riyadh,2021-04-22
1515,CUST01515,Brittany Howell,Individual,Male,26-35,Non-Saudi,Buraidah,2018-11-01
1516,CUST01516,Paul Saunders,Individual,Male,36-45,Saudi,Dammam,2024-11-07
1517,CUST01517,Matthew Henry,Individual,Female,18-25,Saudi,Taif,2020-04-06
1518,CUST01518,Scott Payne,Individual,Female,36-45,Saudi,Abha,2026-03-27
1519,CUST01519,Jeffrey Melendez,Individual,Female,46-55,Saudi,Khobar,2021-04-26
1520,CUST01520,James Stevens,Individual,Female,18-25,Non-Saudi,Makkah,2018-04-14
1521,CUST01521,Shannon Turner,Individual,Female,26-35,Saudi,Khobar,2024-02-08
1522,CUST01522,Jordan-Edwards,Corporate,,,Saudi,Jeddah,2021-05-13
1523,CUST01523,Carroll Group,SME,,,Saudi,Madinah,2023-09-15
1524,CUST01524,Laura Alvarez,Individual,Female,56-65,Saudi,Makkah,2025-05-21
1525,CUST01525,Jenna Simpson,Individual,Male,65+,Non-Saudi,Jeddah,2026-05-24
1526,CUST01526,Heather Levine,Individual,Female,18-25,Saudi,Tabuk,2020-10-08
1527,CUST01527,Andrew Hood,Individual,Male,36-45,Non-Saudi,Madinah,2021-01-06
1528,CUST01528,Alyssa Vance,Individual,Female,46-55,Non-Saudi,Khobar,2020-12-13
1529,CUST01529,Gregory Howard,Individual,Female,36-45,Saudi,Abha,2021-01-13
1530,CUST01530,Danielle Wong,Individual,Male,18-25,Saudi,Tabuk,2023-02-14
1531,CUST01531,"Jones, Torres and Morgan",SME,,,Saudi,Makkah,2018-03-04
1532,CUST01532,Joel Boyer,Individual,Female,36-45,Non-Saudi,Tabuk,2022-11-29
1533,CUST01533,Adams-Dominguez,SME,,,Non-Saudi,Taif,2023-01-31
1534,CUST01534,Gray-Myers,Corporate,,,Non-Saudi,Riyadh,2022-12-13
1535,CUST01535,Ariel Leonard,Individual,Female,46-55,Saudi,Dammam,2020-11-26
1536,CUST01536,Pamela Morgan,Individual,Female,46-55,Saudi,Jeddah,2023-04-26
1537,CUST01537,Jeffrey Crawford,Individual,Female,36-45,Non-Saudi,Dammam,2025-04-29
1538,CUST01538,Sara Herrera,Individual,Male,46-55,Saudi,Dammam,2020-06-26
1539,CUST01539,Zachary Morales,Individual,Male,36-45,Saudi,Tabuk,2019-12-15
1540,CUST01540,"Rubio, Robbins and Lane",Corporate,,,Saudi,Riyadh,2023-02-12
1541,CUST01541,Keith Schmidt,Individual,Female,26-35,Saudi,Madinah,2021-09-10
1542,CUST01542,Billy Colon,Individual,Male,65+,Non-Saudi,Abha,2022-05-13
1543,CUST01543,Reynolds-Fernandez,SME,,,Saudi,Jeddah,2019-09-24
1544,CUST01544,Mario Chavez,Individual,Female,18-25,Non-Saudi,Taif,2024-08-07
1545,CUST01545,Ibarra Ltd,SME,,,Non-Saudi,Jeddah,2024-01-30
1546,CUST01546,Laura Lewis,Individual,Male,26-35,Saudi,Tabuk,2026-04-26
1547,CUST01547,"Hurley, Adams and Little",Corporate,,,Saudi,Buraidah,2024-12-28
1548,CUST01548,Michael-Barber,Corporate,,,Non-Saudi,Madinah,2018-07-09
1549,CUST01549,Joel Allen,Individual,Male,26-35,Saudi,Khobar,2024-06-14
1550,CUST01550,Sarah Jenkins,Individual,Female,65+,Non-Saudi,Taif,2025-06-08
1551,CUST01551,Madison Singleton,Individual,Male,26-35,Saudi,Madinah,2020-04-22
1552,CUST01552,Christopher Mcdaniel,Individual,Female,56-65,Saudi,Tabuk,2020-01-16
1553,CUST01553,Chris Johnson,Individual,Male,36-45,Saudi,Abha,2024-11-21
1554,CUST01554,John Esparza,Individual,Female,26-35,Saudi,Khobar,2021-08-25
1555,CUST01555,Harris LLC,SME,,,Saudi,Buraidah,2019-03-07
1556,CUST01556,Robert Hopkins,Individual,Male,65+,Non-Saudi,Makkah,2019-07-10
1557,CUST01557,Tracey Tucker,Individual,Female,36-45,Non-Saudi,Khobar,2018-03-04
1558,CUST01558,Edwards LLC,SME,,,Non-Saudi,Tabuk,2025-06-30
1559,CUST01559,Mosley-Powers,SME,,,Non-Saudi,Taif,2025-08-28
1560,CUST01560,Ryan Cameron,Individual,Female,36-45,Saudi,Makkah,2020-01-16
1561,CUST01561,Kathryn Martinez,Individual,Male,46-55,Non-Saudi,Taif,2023-09-28
1562,CUST01562,"Herring, Huynh and King",SME,,,Saudi,Jeddah,2025-08-24
1563,CUST01563,Greene LLC,SME,,,Non-Saudi,Abha,2020-11-05
1564,CUST01564,Jean Goodman,Individual,Female,65+,Saudi,Jeddah,2020-01-15
1565,CUST01565,Robinson-Rodriguez,SME,,,Non-Saudi,Tabuk,2019-11-07
1566,CUST01566,Jason Roy,Individual,Female,56-65,Non-Saudi,Tabuk,2018-06-26
1567,CUST01567,Melissa Rodriguez,Individual,Female,65+,Saudi,Riyadh,2022-09-19
1568,CUST01568,David Ramirez,Individual,Male,65+,Saudi,Dammam,2024-10-11
1569,CUST01569,John Richardson,Individual,Male,65+,Saudi,Buraidah,2020-08-30
1570,CUST01570,Susan Johnson,Individual,Male,26-35,Saudi,Dammam,2024-05-23
1571,CUST01571,Vazquez Ltd,SME,,,Non-Saudi,Khobar,2020-01-27
1572,CUST01572,Ellen Mullen,Individual,Male,36-45,Saudi,Buraidah,2021-02-19
1573,CUST01573,"Martinez, Camacho and Mathews",SME,,,Non-Saudi,Makkah,2021-05-11
1574,CUST01574,Jenna Spence,Individual,Female,26-35,Saudi,Taif,2020-03-17
1575,CUST01575,Mayer and Sons,Corporate,,,Non-Saudi,Makkah,2020-07-27
1576,CUST01576,Caitlin Gonzales,Individual,Male,56-65,Non-Saudi,Makkah,2020-09-28
1577,CUST01577,"Sullivan, Johnson and Delacruz",SME,,,Non-Saudi,Makkah,2025-02-11
1578,CUST01578,Kaitlin Gutierrez,Individual,Male,18-25,Saudi,Taif,2025-04-09
1579,CUST01579,Sherri Wilkins,Individual,Male,18-25,Non-Saudi,Dammam,2025-02-15
1580,CUST01580,"Green, Jones and Fisher",Corporate,,,Saudi,Tabuk,2024-04-21
1581,CUST01581,Erin Neal,Individual,Female,65+,Saudi,Makkah,2024-08-02
1582,CUST01582,Catherine Ramos,Individual,Male,36-45,Saudi,Abha,2023-07-17
1583,CUST01583,Curtis Torres,Individual,Female,26-35,Saudi,Madinah,2022-12-23
1584,CUST01584,David Reeves,Individual,Male,46-55,Saudi,Dammam,2024-08-20
1585,CUST01585,Beverly Wheeler,Individual,Female,26-35,Saudi,Makkah,2021-07-19
1586,CUST01586,Jocelyn Russo,Individual,Female,18-25,Saudi,Dammam,2019-02-26
1587,CUST01587,Mcdaniel LLC,SME,,,Non-Saudi,Taif,2024-11-29
1588,CUST01588,Jason White,Individual,Female,65+,Saudi,Buraidah,2025-07-29
1589,CUST01589,Stacey Walker,Individual,Male,56-65,Saudi,Khobar,2026-03-13
1590,CUST01590,"Holland, Sims and Meadows",Corporate,,,Saudi,Khobar,2026-06-03
1591,CUST01591,Green and Sons,Corporate,,,Non-Saudi,Buraidah,2018-06-07
1592,CUST01592,Lindsay Hernandez,Individual,Male,18-25,Saudi,Buraidah,2026-04-13
1593,CUST01593,Keith Smith,Individual,Female,65+,Saudi,Tabuk,2022-07-19
1594,CUST01594,Tanya Wilcox,Individual,Male,36-45,Saudi,Abha,2022-04-10
1595,CUST01595,Reeves and Sons,Corporate,,,Non-Saudi,Dammam,2026-03-06
1596,CUST01596,Deborah Francis,Individual,Female,26-35,Saudi,Khobar,2021-04-21
1597,CUST01597,Daniel Lewis,Individual,Male,46-55,Non-Saudi,Madinah,2025-02-14
1598,CUST01598,Chelsey White,Individual,Female,36-45,Non-Saudi,Madinah,2024-11-06
1599,CUST01599,William Young,Individual,Female,56-65,Saudi,Dammam,2021-11-24
1600,CUST01600,Kevin Holland,Individual,Female,26-35,Saudi,Abha,2018-09-28
1601,CUST01601,Seth Mccann,Individual,Male,18-25,Saudi,Riyadh,2021-06-09
1602,CUST01602,James Henderson,Individual,Male,65+,Saudi,Jeddah,2023-03-01
1603,CUST01603,Davis Inc,Corporate,,,Non-Saudi,Riyadh,2018-06-14
1604,CUST01604,Kaitlin Gomez,Individual,Female,46-55,Saudi,Dammam,2023-03-30
1605,CUST01605,Rebekah Mckinney,Individual,Male,26-35,Non-Saudi,Dammam,2024-12-31
1606,CUST01606,King PLC,SME,,,Non-Saudi,Madinah,2021-04-17
1607,CUST01607,Megan Anderson,Individual,Male,56-65,Non-Saudi,Riyadh,2025-09-17
1608,CUST01608,Christopher Jackson,Individual,Male,46-55,Non-Saudi,Makkah,2022-04-05
1609,CUST01609,Humphrey-Anderson,SME,,,Non-Saudi,Khobar,2020-09-28
1610,CUST01610,Brenda Wilson,Individual,Male,46-55,Saudi,Jeddah,2018-05-20
1611,CUST01611,Porter LLC,SME,,,Saudi,Jeddah,2024-06-18
1612,CUST01612,Diane Mcdowell,Individual,Female,46-55,Saudi,Madinah,2023-04-20
1613,CUST01613,Deborah Edwards,Individual,Male,36-45,Non-Saudi,Buraidah,2025-09-19
1614,CUST01614,Doyle-Henry,Corporate,,,Saudi,Buraidah,2026-03-19
1615,CUST01615,Tammy Fields,Individual,Male,65+,Saudi,Riyadh,2021-10-21
1616,CUST01616,Anthony White,Individual,Female,18-25,Saudi,Dammam,2022-01-24
1617,CUST01617,John Wilson,Individual,Female,18-25,Saudi,Makkah,2025-09-27
1618,CUST01618,Jeremy Zhang MD,Individual,Female,36-45,Non-Saudi,Dammam,2021-12-16
1619,CUST01619,Nathan Hernandez,Individual,Female,46-55,Non-Saudi,Madinah,2021-01-08
1620,CUST01620,Oneill and Sons,SME,,,Saudi,Khobar,2025-03-20
1621,CUST01621,Samantha Elliott,Individual,Female,56-65,Saudi,Abha,2023-09-25
1622,CUST01622,Silva Inc,SME,,,Saudi,Buraidah,2022-07-19
1623,CUST01623,Jennifer Jones,Individual,Male,46-55,Non-Saudi,Buraidah,2024-08-22
1624,CUST01624,Stacy Johnson,Individual,Female,18-25,Saudi,Khobar,2023-11-21
1625,CUST01625,"Martinez, Brooks and Hickman",Corporate,,,Non-Saudi,Dammam,2018-12-01
1626,CUST01626,Hernandez-Miller,Corporate,,,Saudi,Tabuk,2025-03-07
1627,CUST01627,Jordan Moses,Individual,Female,46-55,Saudi,Abha,2023-02-19
1628,CUST01628,Wayne Douglas,Individual,Male,65+,Non-Saudi,Makkah,2026-03-21
1629,CUST01629,Nicholas Navarro,Individual,Female,56-65,Saudi,Jeddah,2026-04-11
1630,CUST01630,"Anderson, Boyer and Solis",SME,,,Saudi,Tabuk,2020-06-12
1631,CUST01631,Natasha Payne,Individual,Male,46-55,Non-Saudi,Buraidah,2023-03-17
1632,CUST01632,Ross and Sons,SME,,,Saudi,Buraidah,2020-01-28
1633,CUST01633,Jennifer Smith,Individual,Male,18-25,Non-Saudi,Abha,2019-10-20
1634,CUST01634,James Holland,Individual,Male,46-55,Saudi,Taif,2026-04-02
1635,CUST01635,Martinez Group,SME,,,Saudi,Buraidah,2024-12-04
1636,CUST01636,Tammy Mckee,Individual,Female,56-65,Non-Saudi,Khobar,2023-03-21
1637,CUST01637,Wade-Collier,Corporate,,,Non-Saudi,Dammam,2022-06-07
1638,CUST01638,Stephen Alvarez MD,Individual,Male,65+,Non-Saudi,Madinah,2021-08-28
1639,CUST01639,Shepherd-Austin,SME,,,Saudi,Tabuk,2021-10-02
1640,CUST01640,Andrew Peterson,Individual,Female,18-25,Saudi,Abha,2022-01-03
1641,CUST01641,Michael Moore,Individual,Female,65+,Non-Saudi,Buraidah,2022-04-13
1642,CUST01642,Kelly Roberts,Individual,Female,56-65,Non-Saudi,Buraidah,2021-10-12
1643,CUST01643,Karen Hernandez,Individual,Female,36-45,Saudi,Dammam,2019-02-08
1644,CUST01644,Sarah Mills,Individual,Male,18-25,Non-Saudi,Makkah,2020-07-21
1645,CUST01645,Arnold Inc,SME,,,Saudi,Dammam,2022-06-09
1646,CUST01646,Jennifer Marshall,Individual,Female,65+,Non-Saudi,Tabuk,2024-03-24
1647,CUST01647,Heather Richards,Individual,Female,46-55,Saudi,Taif,2024-08-23
1648,CUST01648,Patrick Ford,Individual,Male,26-35,Non-Saudi,Abha,2024-10-17
1649,CUST01649,Williams-Butler,Corporate,,,Saudi,Abha,2024-02-02
1650,CUST01650,Nathaniel Todd,Individual,Male,36-45,Saudi,Taif,2021-11-21
1651,CUST01651,Gloria Hull,Individual,Male,18-25,Non-Saudi,Taif,2025-01-01
1652,CUST01652,Lopez Ltd,Corporate,,,Non-Saudi,Buraidah,2026-06-28
1653,CUST01653,Michael Hamilton,Individual,Female,18-25,Saudi,Abha,2018-02-26
1654,CUST01654,Adam Rios,Individual,Female,26-35,Non-Saudi,Tabuk,2021-12-23
1655,CUST01655,Matthew Garner,Individual,Female,56-65,Saudi,Taif,2024-04-10
1656,CUST01656,Montgomery-Dickson,SME,,,Saudi,Buraidah,2021-02-12
1657,CUST01657,"Mccarty, Leonard and Ballard",Corporate,,,Saudi,Taif,2018-10-04
1658,CUST01658,Connor Cabrera,Individual,Female,65+,Saudi,Khobar,2024-01-07
1659,CUST01659,Alexander Castillo,Individual,Male,56-65,Non-Saudi,Khobar,2019-04-04
1660,CUST01660,Graham Ltd,SME,,,Non-Saudi,Abha,2025-06-02
1661,CUST01661,Angelica Carrillo,Individual,Female,65+,Non-Saudi,Taif,2019-04-13
1662,CUST01662,Johnson-Martin,SME,,,Non-Saudi,Khobar,2019-04-27
1663,CUST01663,"Wallace, Washington and Smith",SME,,,Non-Saudi,Dammam,2021-11-20
1664,CUST01664,Edward Gallegos,Individual,Female,65+,Non-Saudi,Abha,2021-05-21
1665,CUST01665,Brian Abbott,Individual,Male,26-35,Saudi,Jeddah,2021-09-25
1666,CUST01666,Allison-Mclaughlin,SME,,,Non-Saudi,Abha,2023-02-25
1667,CUST01667,Donna Freeman,Individual,Male,56-65,Saudi,Riyadh,2022-03-15
1668,CUST01668,Lisa Gregory,Individual,Female,36-45,Non-Saudi,Dammam,2025-01-22
1669,CUST01669,Hall-Brown,SME,,,Non-Saudi,Riyadh,2018-03-02
1670,CUST01670,"Stewart, Brown and Orozco",SME,,,Saudi,Jeddah,2021-08-09
1671,CUST01671,Johnny Mcmillan,Individual,Male,56-65,Saudi,Madinah,2020-12-30
1672,CUST01672,"Graham, Martin and Barber",Corporate,,,Non-Saudi,Riyadh,2022-01-21
1673,CUST01673,Hall-Robinson,SME,,,Saudi,Dammam,2025-11-09
1674,CUST01674,Dorsey-Castaneda,SME,,,Non-Saudi,Buraidah,2024-03-07
1675,CUST01675,Stephen Sharp,Individual,Male,46-55,Non-Saudi,Jeddah,2021-05-17
1676,CUST01676,Whitaker-Nunez,Corporate,,,Non-Saudi,Buraidah,2024-05-08
1677,CUST01677,Marsh-Richard,SME,,,Non-Saudi,Tabuk,2023-05-18
1678,CUST01678,Paul Estrada,Individual,Male,26-35,Saudi,Makkah,2019-02-12
1679,CUST01679,Moore Group,SME,,,Saudi,Madinah,2018-11-15
1680,CUST01680,Xavier Torres,Individual,Female,65+,Non-Saudi,Dammam,2019-10-24
1681,CUST01681,Albert Ibarra,Individual,Female,26-35,Saudi,Makkah,2021-02-01
1682,CUST01682,Ronald Kline,Individual,Female,18-25,Saudi,Abha,2018-04-11
1683,CUST01683,Jeffrey Williamson,Individual,Male,18-25,Saudi,Taif,2019-01-17
1684,CUST01684,David Peterson,Individual,Male,26-35,Non-Saudi,Tabuk,2021-01-26
1685,CUST01685,Shawn Adams,Individual,Male,26-35,Non-Saudi,Taif,2019-04-23
1686,CUST01686,"Russo, Munoz and Garcia",SME,,,Non-Saudi,Tabuk,2018-06-09
1687,CUST01687,Lloyd-Estes,SME,,,Saudi,Riyadh,2024-07-13
1688,CUST01688,Rachael Lynch,Individual,Male,65+,Non-Saudi,Jeddah,2025-06-02
1689,CUST01689,Justin Romero,Individual,Female,46-55,Non-Saudi,Dammam,2019-06-12
1690,CUST01690,Daniel Ward,Individual,Female,18-25,Non-Saudi,Dammam,2024-04-18
1691,CUST01691,"Alexander, Hunter and Oconnor",SME,,,Saudi,Tabuk,2018-11-10
1692,CUST01692,"Cox, Fuentes and Martinez",Corporate,,,Saudi,Tabuk,2019-09-30
1693,CUST01693,Hammond-Smith,SME,,,Non-Saudi,Khobar,2025-03-20
1694,CUST01694,Peterson-Wagner,SME,,,Saudi,Madinah,2018-09-27
1695,CUST01695,Espinoza-Perry,SME,,,Saudi,Dammam,2023-06-11
1696,CUST01696,Paul Moreno,Individual,Female,65+,Saudi,Tabuk,2024-10-21
1697,CUST01697,Jeffrey Hardin,Individual,Female,65+,Saudi,Taif,2025-10-06
1698,CUST01698,"Norton, Cox and Johnson",SME,,,Non-Saudi,Jeddah,2019-04-05
1699,CUST01699,Robert Acevedo,Individual,Female,46-55,Non-Saudi,Dammam,2018-09-25
1700,CUST01700,William Martin,Individual,Female,26-35,Saudi,Tabuk,2018-07-14
1701,CUST01701,Mary May,Individual,Female,65+,Saudi,Riyadh,2025-10-20
1702,CUST01702,Levine Ltd,SME,,,Saudi,Madinah,2024-11-27
1703,CUST01703,Valerie Barnes,Individual,Female,65+,Saudi,Tabuk,2025-08-28
1704,CUST01704,Shelley Griffith,Individual,Male,36-45,Saudi,Tabuk,2020-09-17
1705,CUST01705,Ronald Mccullough,Individual,Male,65+,Non-Saudi,Abha,2023-04-12
1706,CUST01706,Jared Schneider,Individual,Male,46-55,Saudi,Makkah,2025-09-03
1707,CUST01707,"Kramer, Pearson and Terry",SME,,,Non-Saudi,Buraidah,2025-09-03
1708,CUST01708,Jennifer Gonzalez,Individual,Male,36-45,Saudi,Buraidah,2020-08-09
1709,CUST01709,George Hardy,Individual,Female,56-65,Non-Saudi,Jeddah,2024-05-25
1710,CUST01710,William Campbell,Individual,Male,36-45,Saudi,Dammam,2018-10-21
1711,CUST01711,Kelly Sherman,Individual,Female,18-25,Saudi,Taif,2019-05-21
1712,CUST01712,Zamora PLC,SME,,,Saudi,Abha,2023-02-14
1713,CUST01713,Raymond Barber,Individual,Female,56-65,Saudi,Taif,2026-07-13
1714,CUST01714,Dennis LLC,SME,,,Saudi,Taif,2020-03-31
1715,CUST01715,"Gomez, Williams and Curtis",Corporate,,,Non-Saudi,Abha,2019-01-29
1716,CUST01716,Norman Chavez,Individual,Female,26-35,Saudi,Dammam,2026-07-01
1717,CUST01717,Virginia Cunningham,Individual,Female,26-35,Non-Saudi,Tabuk,2025-09-24
1718,CUST01718,"Wade, Richard and Hall",SME,,,Saudi,Makkah,2020-08-02
1719,CUST01719,Robin Armstrong,Individual,Male,65+,Saudi,Tabuk,2019-03-18
1720,CUST01720,Omar Garcia,Individual,Male,56-65,Non-Saudi,Jeddah,2022-06-19
1721,CUST01721,Richard Gibson,Individual,Female,18-25,Saudi,Jeddah,2019-04-08
1722,CUST01722,Jason Davis,Individual,Female,36-45,Saudi,Riyadh,2021-09-03
1723,CUST01723,Alvarez Group,SME,,,Saudi,Buraidah,2018-09-04
1724,CUST01724,Jennifer Hansen,Individual,Female,36-45,Saudi,Abha,2024-09-24
1725,CUST01725,Lauren Fields,Individual,Female,18-25,Non-Saudi,Taif,2026-08-12
1726,CUST01726,Theresa Dennis,Individual,Female,56-65,Saudi,Khobar,2021-08-09
1727,CUST01727,Thomas and Sons,SME,,,Saudi,Buraidah,2022-03-11
1728,CUST01728,Walter Palmer,Individual,Male,56-65,Non-Saudi,Abha,2022-07-29
1729,CUST01729,Joy Johnson,Individual,Male,65+,Saudi,Buraidah,2019-05-11
1730,CUST01730,Tammy Wilson,Individual,Female,46-55,Saudi,Taif,2025-05-14
1731,CUST01731,Jacob Roberts,Individual,Male,65+,Non-Saudi,Madinah,2022-07-09
1732,CUST01732,Eric Brooks,Individual,Male,65+,Saudi,Madinah,2020-07-17
1733,CUST01733,Charles Bowers,Individual,Male,65+,Saudi,Makkah,2021-08-24
1734,CUST01734,Small-Lewis,Corporate,,,Saudi,Riyadh,2025-01-29
1735,CUST01735,Smith-Kelley,Corporate,,,Saudi,Abha,2018-08-02
1736,CUST01736,John Collins,Individual,Male,18-25,Non-Saudi,Tabuk,2021-11-29
1737,CUST01737,James Davenport,Individual,Male,36-45,Non-Saudi,Makkah,2025-03-16
1738,CUST01738,Gill PLC,SME,,,Non-Saudi,Buraidah,2023-07-03
1739,CUST01739,Mary Hernandez,Individual,Female,46-55,Saudi,Abha,2024-04-16
1740,CUST01740,Marsh Ltd,SME,,,Saudi,Taif,2023-05-23
1741,CUST01741,Steven Morgan,Individual,Male,56-65,Saudi,Madinah,2018-05-25
1742,CUST01742,Jessica Ramirez,Individual,Male,56-65,Saudi,Dammam,2018-10-07
1743,CUST01743,Alexander Mccoy,Individual,Male,26-35,Saudi,Taif,2024-09-01
1744,CUST01744,Matthew Schneider,Individual,Male,56-65,Non-Saudi,Dammam,2018-09-26
1745,CUST01745,Kimberly Todd,Individual,Male,36-45,Saudi,Khobar,2026-04-11
1746,CUST01746,Nicole Shaw,Individual,Female,36-45,Saudi,Jeddah,2018-02-28
1747,CUST01747,Kim Rivers,Individual,Male,56-65,Saudi,Abha,2020-05-18
1748,CUST01748,Ronald Combs,Individual,Female,18-25,Saudi,Khobar,2023-01-04
1749,CUST01749,Joseph Flores,Individual,Female,18-25,Saudi,Taif,2023-02-03
1750,CUST01750,Timothy Morgan Jr.,Individual,Male,36-45,Saudi,Buraidah,2018-03-17
1751,CUST01751,Janet Davis,Individual,Male,56-65,Non-Saudi,Dammam,2026-06-21
1752,CUST01752,Dominique White,Individual,Female,46-55,Saudi,Tabuk,2024-08-22
1753,CUST01753,Tristan Gregory,Individual,Male,36-45,Saudi,Dammam,2018-07-05
1754,CUST01754,White-Reeves,SME,,,Saudi,Taif,2020-07-29
1755,CUST01755,Flores Group,Corporate,,,Saudi,Riyadh,2025-09-20
1756,CUST01756,Todd Lam,Individual,Female,56-65,Saudi,Dammam,2018-06-13
1757,CUST01757,Kyle Young,Individual,Female,36-45,Saudi,Taif,2022-05-25
1758,CUST01758,"Cruz, Wilson and Brown",Corporate,,,Non-Saudi,Makkah,2022-01-07
1759,CUST01759,John Russell,Individual,Female,18-25,Saudi,Tabuk,2020-01-08
1760,CUST01760,Debra Richmond,Individual,Female,18-25,Saudi,Jeddah,2023-11-02
1761,CUST01761,Hines Ltd,SME,,,Non-Saudi,Madinah,2024-10-14
1762,CUST01762,Carroll-Griffin,SME,,,Saudi,Tabuk,2025-04-25
1763,CUST01763,"Harris, Faulkner and Brooks",Corporate,,,Saudi,Khobar,2026-07-08
1764,CUST01764,Kimberly Henderson,Individual,Female,36-45,Saudi,Khobar,2025-11-17
1765,CUST01765,Aaron Marshall,Individual,Female,56-65,Saudi,Dammam,2025-03-03
1766,CUST01766,William Smith,Individual,Male,56-65,Saudi,Riyadh,2026-01-26
1767,CUST01767,Mr. Ryan James,Individual,Female,56-65,Non-Saudi,Abha,2021-01-14
1768,CUST01768,"Lewis, Pittman and Campbell",SME,,,Saudi,Jeddah,2019-05-25
1769,CUST01769,Andrea Davis,Individual,Female,65+,Saudi,Taif,2024-01-14
1770,CUST01770,Hardy LLC,SME,,,Saudi,Dammam,2025-08-04
1771,CUST01771,Bishop LLC,SME,,,Non-Saudi,Riyadh,2025-08-22
1772,CUST01772,Madison Petty,Individual,Female,26-35,Saudi,Makkah,2024-02-13
1773,CUST01773,Matthew Morris,Individual,Female,65+,Non-Saudi,Khobar,2019-10-27
1774,CUST01774,Erin Sloan,Individual,Female,65+,Saudi,Abha,2019-02-27
1775,CUST01775,Lynch Inc,Corporate,,,Saudi,Abha,2025-10-16
1776,CUST01776,"Thompson, Peters and Horton",SME,,,Non-Saudi,Makkah,2022-03-24
1777,CUST01777,Brad Mcdowell,Individual,Female,18-25,Non-Saudi,Buraidah,2023-08-19
1778,CUST01778,Stephanie Cabrera,Individual,Male,56-65,Saudi,Buraidah,2021-11-06
1779,CUST01779,William Bennett,Individual,Male,18-25,Saudi,Jeddah,2023-03-14
1780,CUST01780,Ryan Cain,Individual,Male,56-65,Non-Saudi,Madinah,2026-07-03
1781,CUST01781,Jacob Lee,Individual,Male,65+,Non-Saudi,Buraidah,2018-01-30
1782,CUST01782,Olivia Becker,Individual,Female,18-25,Non-Saudi,Riyadh,2024-02-17
1783,CUST01783,Davis PLC,SME,,,Saudi,Taif,2023-05-28
1784,CUST01784,Connie Baird,Individual,Female,46-55,Saudi,Riyadh,2026-05-12
1785,CUST01785,Campbell Ltd,SME,,,Saudi,Madinah,2024-02-10
1786,CUST01786,Smith Ltd,SME,,,Saudi,Khobar,2021-06-04
1787,CUST01787,Laura Snyder,Individual,Male,36-45,Saudi,Buraidah,2022-10-08
1788,CUST01788,"Rodgers, Chambers and Morrison",SME,,,Non-Saudi,Makkah,2019-07-09
1789,CUST01789,"Anderson, Brown and Green",Corporate,,,Saudi,Jeddah,2022-12-05
1790,CUST01790,Ibarra Ltd,SME,,,Saudi,Khobar,2024-10-05
1791,CUST01791,Michael Braun,Individual,Male,18-25,Saudi,Riyadh,2023-12-28
1792,CUST01792,Dawn Castro,Individual,Female,36-45,Saudi,Abha,2021-12-04
1793,CUST01793,Margaret Hahn,Individual,Female,18-25,Non-Saudi,Tabuk,2018-06-13
1794,CUST01794,Reynolds-Carney,SME,,,Non-Saudi,Buraidah,2020-05-15
1795,CUST01795,Julie Ward,Individual,Male,65+,Saudi,Jeddah,2024-07-24
1796,CUST01796,Courtney Ramirez,Individual,Male,18-25,Saudi,Jeddah,2021-08-19
1797,CUST01797,Stewart-Myers,SME,,,Saudi,Abha,2020-11-22
1798,CUST01798,Rhonda Mooney,Individual,Female,18-25,Saudi,Riyadh,2019-12-14
1799,CUST01799,Tina Stark,Individual,Female,46-55,Saudi,Buraidah,2019-09-14
1800,CUST01800,Collins-Garrett,SME,,,Saudi,Buraidah,2018-11-02
1801,CUST01801,Reynolds-Johnson,SME,,,Saudi,Abha,2024-11-21
1802,CUST01802,Sara Wright,Individual,Female,56-65,Saudi,Khobar,2022-02-04
1803,CUST01803,Sandra Underwood,Individual,Male,46-55,Saudi,Buraidah,2022-06-29
1804,CUST01804,Benjamin Greene,Individual,Male,18-25,Saudi,Jeddah,2021-10-16
1805,CUST01805,Jeremy Martinez,Individual,Male,56-65,Saudi,Tabuk,2026-06-04
1806,CUST01806,Jamie Wu,Individual,Female,46-55,Non-Saudi,Abha,2023-12-29
1807,CUST01807,Amy Lang,Individual,Male,18-25,Saudi,Madinah,2018-06-22
1808,CUST01808,Jessica Garcia,Individual,Female,36-45,Saudi,Tabuk,2018-06-26
1809,CUST01809,Phillips Group,SME,,,Saudi,Madinah,2021-06-22
1810,CUST01810,Jennifer Hancock,Individual,Female,36-45,Non-Saudi,Tabuk,2024-10-22
1811,CUST01811,Jody Marshall,Individual,Male,18-25,Saudi,Tabuk,2021-09-13
1812,CUST01812,"Harvey, Morgan and Pace",SME,,,Saudi,Makkah,2024-10-07
1813,CUST01813,Holmes-Matthews,Corporate,,,Non-Saudi,Makkah,2018-12-07
1814,CUST01814,Larson Inc,SME,,,Saudi,Abha,2023-02-15
1815,CUST01815,Sue Martinez,Individual,Female,56-65,Non-Saudi,Buraidah,2022-05-26
1816,CUST01816,John Oliver,Individual,Female,56-65,Saudi,Khobar,2019-08-10
1817,CUST01817,Andrew Anderson,Individual,Female,18-25,Saudi,Riyadh,2023-01-20
1818,CUST01818,Marissa Howard,Individual,Male,46-55,Saudi,Makkah,2023-01-17
1819,CUST01819,Brianna Harrison,Individual,Female,65+,Saudi,Taif,2023-03-20
1820,CUST01820,Wesley Holmes,Individual,Male,36-45,Saudi,Khobar,2023-09-08
1821,CUST01821,David Fuentes,Individual,Male,26-35,Saudi,Makkah,2022-11-02
1822,CUST01822,Gregg Bray,Individual,Female,18-25,Non-Saudi,Makkah,2023-07-16
1823,CUST01823,Barry Lopez,Individual,Male,26-35,Non-Saudi,Dammam,2022-02-10
1824,CUST01824,Julie Schwartz,Individual,Male,26-35,Saudi,Dammam,2025-05-13
1825,CUST01825,"Mccarty, Jensen and Barnes",SME,,,Non-Saudi,Riyadh,2019-05-28
1826,CUST01826,Walter-Lozano,SME,,,Saudi,Jeddah,2022-04-15
1827,CUST01827,Margaret Steele,Individual,Male,36-45,Saudi,Khobar,2022-01-12
1828,CUST01828,Allen Ltd,SME,,,Non-Saudi,Tabuk,2024-08-22
1829,CUST01829,Aguirre-Bennett,Corporate,,,Non-Saudi,Taif,2021-06-17
1830,CUST01830,Cox Inc,SME,,,Saudi,Dammam,2021-02-03
1831,CUST01831,"Wilson, Roberts and Lee",SME,,,Saudi,Makkah,2023-01-24
1832,CUST01832,Amanda Johnson,Individual,Female,65+,Saudi,Buraidah,2019-09-17
1833,CUST01833,Stephen Higgins,Individual,Male,18-25,Non-Saudi,Buraidah,2020-12-08
1834,CUST01834,Cassandra Smith,Individual,Female,26-35,Saudi,Riyadh,2025-04-14
1835,CUST01835,Alisha Byrd,Individual,Female,26-35,Non-Saudi,Buraidah,2021-04-11
1836,CUST01836,Morgan and Sons,SME,,,Saudi,Jeddah,2020-08-21
1837,CUST01837,Wood LLC,SME,,,Non-Saudi,Buraidah,2023-09-18
1838,CUST01838,Vanessa Cuevas,Individual,Female,65+,Non-Saudi,Khobar,2025-08-15
1839,CUST01839,Ana Thomas,Individual,Female,26-35,Saudi,Khobar,2025-12-27
1840,CUST01840,Cheryl Gray,Individual,Female,65+,Non-Saudi,Abha,2021-03-27
1841,CUST01841,Vanessa Sanchez,Individual,Female,65+,Non-Saudi,Buraidah,2018-05-26
1842,CUST01842,Chelsea Nichols,Individual,Male,26-35,Non-Saudi,Abha,2024-10-28
1843,CUST01843,Wright-Soto,SME,,,Saudi,Madinah,2020-06-03
1844,CUST01844,Jordan Silva,Individual,Female,56-65,Saudi,Khobar,2022-03-24
1845,CUST01845,Rachel Gibbs,Individual,Male,26-35,Non-Saudi,Madinah,2023-04-26
1846,CUST01846,James Khan,Individual,Female,26-35,Saudi,Abha,2024-06-29
1847,CUST01847,Joseph White,Individual,Female,46-55,Saudi,Taif,2024-02-28
1848,CUST01848,Karen Sosa,Individual,Female,36-45,Saudi,Riyadh,2022-02-04
1849,CUST01849,Margaret Gibbs,Individual,Male,36-45,Non-Saudi,Khobar,2023-08-14
1850,CUST01850,Robinson and Sons,SME,,,Saudi,Tabuk,2021-11-28
1851,CUST01851,Daniel Coleman,Individual,Male,36-45,Non-Saudi,Jeddah,2021-04-05
1852,CUST01852,Ryan Scott,Individual,Female,18-25,Saudi,Khobar,2018-09-25
1853,CUST01853,Elizabeth Stone,Individual,Female,36-45,Saudi,Madinah,2019-12-28
1854,CUST01854,Jose Rogers,Individual,Male,65+,Non-Saudi,Madinah,2021-11-25
1855,CUST01855,Jacob Jimenez,Individual,Female,36-45,Non-Saudi,Taif,2020-05-11
1856,CUST01856,White and Sons,Corporate,,,Non-Saudi,Riyadh,2020-04-18
1857,CUST01857,Steven Phillips,Individual,Male,46-55,Saudi,Makkah,2022-05-04
1858,CUST01858,Angela Hill,Individual,Female,65+,Non-Saudi,Khobar,2019-12-20
1859,CUST01859,Jones Inc,SME,,,Saudi,Makkah,2022-09-20
1860,CUST01860,Michael Wright,Individual,Female,26-35,Saudi,Tabuk,2024-06-10
1861,CUST01861,Sarah Lee,Individual,Male,56-65,Non-Saudi,Madinah,2023-03-22
1862,CUST01862,Murillo Ltd,Corporate,,,Saudi,Khobar,2024-05-24
1863,CUST01863,Alexa Evans,Individual,Female,46-55,Non-Saudi,Taif,2025-02-09
1864,CUST01864,Bautista-Underwood,SME,,,Non-Saudi,Madinah,2024-07-20
1865,CUST01865,Matthew Hays,Individual,Male,56-65,Non-Saudi,Dammam,2026-03-23
1866,CUST01866,Crystal Cummings,Individual,Female,56-65,Saudi,Buraidah,2019-10-25
1867,CUST01867,Black PLC,SME,,,Saudi,Taif,2024-07-19
1868,CUST01868,"Olsen, Peterson and Miller",Corporate,,,Saudi,Taif,2025-04-24
1869,CUST01869,Tom Butler,Individual,Female,26-35,Saudi,Khobar,2021-10-16
1870,CUST01870,Amanda Taylor,Individual,Female,65+,Non-Saudi,Jeddah,2025-07-21
1871,CUST01871,Oscar Porter,Individual,Male,18-25,Non-Saudi,Buraidah,2023-09-11
1872,CUST01872,Darin Simmons,Individual,Male,26-35,Saudi,Taif,2024-07-04
1873,CUST01873,Melissa Evans,Individual,Male,36-45,Non-Saudi,Jeddah,2023-01-28
1874,CUST01874,Amanda Taylor,Individual,Female,56-65,Saudi,Khobar,2026-06-13
1875,CUST01875,Carroll-Lloyd,SME,,,Saudi,Dammam,2025-11-24
1876,CUST01876,"Camacho, Baird and Harris",Corporate,,,Saudi,Taif,2021-05-18
1877,CUST01877,Chelsea Rodriguez,Individual,Male,46-55,Non-Saudi,Makkah,2022-12-03
1878,CUST01878,Steven Davis,Individual,Male,36-45,Saudi,Abha,2018-11-26
1879,CUST01879,Amanda Barker,Individual,Female,56-65,Saudi,Abha,2022-03-23
1880,CUST01880,Benjamin Mccarty,Individual,Male,26-35,Saudi,Taif,2020-06-15
1881,CUST01881,Matthew Jones,Individual,Male,56-65,Saudi,Buraidah,2018-07-01
1882,CUST01882,"Smith, Murphy and Browning",SME,,,Saudi,Buraidah,2021-05-19
1883,CUST01883,Betty Barnes PhD,Individual,Male,36-45,Non-Saudi,Abha,2021-05-13
1884,CUST01884,Christine Harrell,Individual,Female,46-55,Saudi,Dammam,2020-09-04
1885,CUST01885,Mary Moore,Individual,Male,56-65,Non-Saudi,Abha,2022-12-21
1886,CUST01886,Dale Moran,Individual,Male,65+,Saudi,Taif,2021-12-19
1887,CUST01887,William Griffin,Individual,Male,26-35,Non-Saudi,Dammam,2025-02-16
1888,CUST01888,Danielle Murphy,Individual,Female,65+,Non-Saudi,Makkah,2022-12-03
1889,CUST01889,Stevens-Johnston,SME,,,Saudi,Tabuk,2024-05-16
1890,CUST01890,Stanley Bryant,Individual,Female,18-25,Non-Saudi,Tabuk,2024-01-20
1891,CUST01891,"Sparks, Myers and Colon",SME,,,Saudi,Abha,2025-05-06
1892,CUST01892,Christopher Williamson,Individual,Male,56-65,Saudi,Riyadh,2021-09-26
1893,CUST01893,Matthew Hale,Individual,Female,46-55,Saudi,Taif,2018-10-29
1894,CUST01894,"Bautista, Allen and Harrell",SME,,,Saudi,Riyadh,2020-05-14
1895,CUST01895,Dorothy Hendricks,Individual,Male,36-45,Non-Saudi,Abha,2024-01-13
1896,CUST01896,Claudia Snyder,Individual,Male,18-25,Saudi,Makkah,2026-07-30
1897,CUST01897,Whitney Jones,Individual,Female,26-35,Saudi,Madinah,2018-11-29
1898,CUST01898,Ortiz-Martin,SME,,,Saudi,Riyadh,2019-10-17
1899,CUST01899,Alexander Fowler,Individual,Male,36-45,Saudi,Taif,2023-11-03
1900,CUST01900,Greg Ross,Individual,Male,65+,Saudi,Abha,2019-09-06
1901,CUST01901,David Fletcher,Individual,Male,65+,Saudi,Tabuk,2019-03-07
1902,CUST01902,Julie Murray,Individual,Male,65+,Non-Saudi,Jeddah,2018-09-18
1903,CUST01903,Michelle Kim,Individual,Female,46-55,Saudi,Riyadh,2022-01-26
1904,CUST01904,Christopher Roberson,Individual,Female,26-35,Non-Saudi,Khobar,2023-04-01
1905,CUST01905,Phillips PLC,SME,,,Saudi,Riyadh,2024-05-29
1906,CUST01906,Michael Smith,Individual,Male,36-45,Non-Saudi,Jeddah,2020-05-12
1907,CUST01907,Christopher Klein,Individual,Male,65+,Saudi,Dammam,2025-09-19
1908,CUST01908,Jessica Williams,Individual,Male,36-45,Saudi,Makkah,2023-06-28
1909,CUST01909,Mary Keller,Individual,Female,46-55,Saudi,Makkah,2018-11-21
1910,CUST01910,Jill George,Individual,Female,26-35,Saudi,Khobar,2018-06-03
1911,CUST01911,Dakota Wright,Individual,Male,46-55,Saudi,Madinah,2025-11-08
1912,CUST01912,Alan Johnson,Individual,Female,18-25,Saudi,Makkah,2018-02-15
1913,CUST01913,Melanie Brown,Individual,Female,18-25,Non-Saudi,Buraidah,2026-04-15
1914,CUST01914,Russell Beck,Individual,Male,56-65,Saudi,Taif,2024-04-04
1915,CUST01915,Jose Ochoa,Individual,Male,36-45,Saudi,Khobar,2020-10-15
1916,CUST01916,"Lopez, Clark and Weaver",Corporate,,,Non-Saudi,Jeddah,2026-02-12
1917,CUST01917,Daniel Kelly,Individual,Female,46-55,Saudi,Makkah,2019-07-03
1918,CUST01918,Eugene Price,Individual,Male,26-35,Saudi,Jeddah,2021-12-19
1919,CUST01919,Robert Santos,Individual,Female,26-35,Saudi,Riyadh,2021-03-10
1920,CUST01920,Daniel Turner,Individual,Female,36-45,Saudi,Taif,2023-03-06
1921,CUST01921,Mrs. Kimberly Mooney,Individual,Male,26-35,Non-Saudi,Buraidah,2025-05-08
1922,CUST01922,King Inc,Corporate,,,Saudi,Khobar,2023-03-09
1923,CUST01923,Miss Megan Compton,Individual,Female,65+,Non-Saudi,Riyadh,2023-12-31
1924,CUST01924,Mark Henson,Individual,Female,65+,Non-Saudi,Riyadh,2020-09-30
1925,CUST01925,Karen Rogers,Individual,Female,36-45,Saudi,Tabuk,2023-04-06
1926,CUST01926,Janet Davidson,Individual,Male,65+,Non-Saudi,Makkah,2020-01-04
1927,CUST01927,Virginia Hall,Individual,Female,56-65,Saudi,Abha,2023-04-30
1928,CUST01928,Ellen Rojas,Individual,Male,46-55,Saudi,Makkah,2024-07-18
1929,CUST01929,Amy Brooks,Individual,Male,26-35,Saudi,Dammam,2020-07-25
1930,CUST01930,Dan Johnson,Individual,Male,26-35,Saudi,Taif,2025-12-25
1931,CUST01931,Theresa Stevenson,Individual,Female,26-35,Non-Saudi,Makkah,2020-11-03
1932,CUST01932,Mason Hodges,Individual,Male,36-45,Saudi,Abha,2022-07-03
1933,CUST01933,Wong-Roberts,Corporate,,,Saudi,Abha,2018-03-16
1934,CUST01934,Erin Allen,Individual,Female,46-55,Saudi,Abha,2022-08-30
1935,CUST01935,Mary Wright,Individual,Female,26-35,Non-Saudi,Abha,2023-12-10
1936,CUST01936,Lisa James,Individual,Female,46-55,Non-Saudi,Madinah,2020-10-12
1937,CUST01937,Aaron Kane,Individual,Male,56-65,Non-Saudi,Madinah,2018-08-09
1938,CUST01938,Mark Thomas,Individual,Female,46-55,Saudi,Tabuk,2019-10-07
1939,CUST01939,Kevin Guerra,Individual,Male,36-45,Saudi,Abha,2026-01-20
1940,CUST01940,Blake Hardy,Individual,Male,18-25,Saudi,Tabuk,2020-09-10
1941,CUST01941,Danielle Thompson,Individual,Female,46-55,Saudi,Taif,2020-02-25
1942,CUST01942,Ray-Faulkner,Corporate,,,Non-Saudi,Khobar,2019-09-28
1943,CUST01943,Karen Tapia,Individual,Female,65+,Non-Saudi,Jeddah,2021-02-09
1944,CUST01944,John Henderson,Individual,Male,18-25,Saudi,Buraidah,2023-04-08
1945,CUST01945,Christopher Mckay,Individual,Female,36-45,Non-Saudi,Khobar,2022-03-02
1946,CUST01946,Jessica Miller,Individual,Female,65+,Non-Saudi,Riyadh,2025-11-01
1947,CUST01947,Joshua Tran,Individual,Female,65+,Saudi,Abha,2019-07-09
1948,CUST01948,Eric Campbell,Individual,Female,65+,Non-Saudi,Riyadh,2022-11-10
1949,CUST01949,Mr. Miguel Gonzalez,Individual,Male,36-45,Saudi,Dammam,2025-12-02
1950,CUST01950,Scott Cross,Individual,Male,18-25,Saudi,Jeddah,2021-03-27
1951,CUST01951,Jason Foster,Individual,Female,46-55,Non-Saudi,Jeddah,2024-06-01
1952,CUST01952,Eric Archer,Individual,Male,46-55,Saudi,Taif,2018-08-13
1953,CUST01953,Wendy Martinez,Individual,Female,56-65,Non-Saudi,Taif,2026-01-21
1954,CUST01954,Phillip Krueger,Individual,Female,65+,Non-Saudi,Jeddah,2024-08-31
1955,CUST01955,Hannah Fletcher,Individual,Female,26-35,Saudi,Makkah,2023-06-28
1956,CUST01956,Horton-Curtis,Corporate,,,Saudi,Madinah,2026-01-04
1957,CUST01957,Dana Johnson,Individual,Male,46-55,Saudi,Jeddah,2025-01-11
1958,CUST01958,"Mann, Johnson and Wade",SME,,,Saudi,Taif,2019-04-12
1959,CUST01959,Terry Hernandez,Individual,Female,26-35,Saudi,Dammam,2020-02-21
1960,CUST01960,Mary Martin,Individual,Male,46-55,Saudi,Jeddah,2019-01-04
1961,CUST01961,Michael Cruz,Individual,Male,26-35,Saudi,Dammam,2024-02-08
1962,CUST01962,Stone and Sons,SME,,,Saudi,Taif,2025-07-28
1963,CUST01963,Jeffery Holt,Individual,Male,65+,Saudi,Madinah,2022-04-30
1964,CUST01964,Stacie Willis,Individual,Male,36-45,Saudi,Riyadh,2024-05-06
1965,CUST01965,Tammy Booth,Individual,Female,46-55,Non-Saudi,Jeddah,2018-12-11
1966,CUST01966,Rebecca Olsen,Individual,Female,18-25,Non-Saudi,Riyadh,2020-04-29
1967,CUST01967,Paul Hale,Individual,Male,46-55,Saudi,Madinah,2018-01-21
1968,CUST01968,Velasquez Inc,Corporate,,,Saudi,Khobar,2018-11-02
1969,CUST01969,Jennifer Butler,Individual,Female,36-45,Non-Saudi,Khobar,2020-06-29
1970,CUST01970,Jackson-Brooks,Corporate,,,Non-Saudi,Khobar,2024-02-01
1971,CUST01971,Christopher Fry,Individual,Female,56-65,Saudi,Khobar,2021-11-23
1972,CUST01972,Lopez Inc,SME,,,Non-Saudi,Riyadh,2024-06-25
1973,CUST01973,Cheryl Bird,Individual,Female,65+,Non-Saudi,Dammam,2025-07-14
1974,CUST01974,Thomas Rodriguez,Individual,Male,56-65,Saudi,Makkah,2023-07-03
1975,CUST01975,Brady Martinez,Individual,Female,56-65,Saudi,Makkah,2018-07-22
1976,CUST01976,David Washington,Individual,Female,18-25,Non-Saudi,Riyadh,2024-07-29
1977,CUST01977,Brown Inc,Corporate,,,Non-Saudi,Abha,2023-10-02
1978,CUST01978,Amanda Clark,Individual,Female,46-55,Non-Saudi,Jeddah,2024-11-04
1979,CUST01979,Joseph Hayden,Individual,Female,65+,Non-Saudi,Jeddah,2020-04-19
1980,CUST01980,Dr. Larry Rogers,Individual,Female,56-65,Saudi,Dammam,2023-11-23
1981,CUST01981,Key-Montoya,SME,,,Non-Saudi,Tabuk,2026-02-18
1982,CUST01982,Jamie Brown,Individual,Female,18-25,Saudi,Tabuk,2021-01-28
1983,CUST01983,Drake-Smith,Corporate,,,Saudi,Abha,2025-07-11
1984,CUST01984,Hardy-Barron,Corporate,,,Saudi,Tabuk,2019-03-15
1985,CUST01985,Sheila Ramirez,Individual,Male,26-35,Non-Saudi,Jeddah,2024-01-17
1986,CUST01986,Isabella Montgomery,Individual,Male,26-35,Non-Saudi,Khobar,2023-09-12
1987,CUST01987,Robertson-Keller,SME,,,Non-Saudi,Makkah,2018-01-10
1988,CUST01988,Teresa Morris,Individual,Female,65+,Saudi,Dammam,2023-06-24
1989,CUST01989,Montes Ltd,SME,,,Non-Saudi,Abha,2020-10-24
1990,CUST01990,Lawrence Ross,Individual,Female,26-35,Non-Saudi,Buraidah,2023-04-18
1991,CUST01991,Jeffrey Huynh,Individual,Female,46-55,Non-Saudi,Taif,2026-01-17
1992,CUST01992,Dr. Susan Navarro,Individual,Female,26-35,Saudi,Jeddah,2020-07-16
1993,CUST01993,Charles Meyer,Individual,Male,18-25,Saudi,Buraidah,2022-12-11
1994,CUST01994,"Wagner, Anderson and Robles",Corporate,,,Non-Saudi,Jeddah,2020-08-09
1995,CUST01995,Kimberly Baxter,Individual,Male,36-45,Non-Saudi,Buraidah,2019-06-15
1996,CUST01996,Brian Bates,Individual,Female,18-25,Saudi,Makkah,2020-01-31
1997,CUST01997,Jackson Ltd,SME,,,Non-Saudi,Khobar,2024-01-19
1998,CUST01998,Graham Ltd,SME,,,Non-Saudi,Dammam,2018-04-03
1999,CUST01999,Erin Reyes,Individual,Male,18-25,Saudi,Tabuk,2020-06-04
2000,CUST02000,"Scott, Alvarez and Merritt",SME,,,Saudi,Madinah,2019-01-24
2001,CUST02001,Livingston Ltd,SME,,,Saudi,Abha,2024-04-09
2002,CUST02002,Michael Wiggins,Individual,Female,26-35,Non-Saudi,Riyadh,2026-01-20
2003,CUST02003,Lindsay Schneider,Individual,Female,56-65,Non-Saudi,Jeddah,2021-04-05
2004,CUST02004,Nancy James,Individual,Female,65+,Non-Saudi,Abha,2023-07-21
2005,CUST02005,Savannah Stokes,Individual,Female,18-25,Non-Saudi,Khobar,2019-12-07
2006,CUST02006,Brandon Davis,Individual,Male,65+,Non-Saudi,Makkah,2024-05-27
2007,CUST02007,Natasha Wilson,Individual,Male,26-35,Non-Saudi,Taif,2021-03-06
2008,CUST02008,Tiffany Ray,Individual,Male,18-25,Saudi,Khobar,2018-01-06
2009,CUST02009,Joseph Boone,Individual,Female,36-45,Non-Saudi,Taif,2026-06-21
2010,CUST02010,Jacob Shelton,Individual,Female,36-45,Non-Saudi,Makkah,2024-11-19
2011,CUST02011,Lindsay Walker,Individual,Female,18-25,Saudi,Buraidah,2021-06-02
2012,CUST02012,"Phelps, Stewart and Cabrera",SME,,,Saudi,Madinah,2020-07-26
2013,CUST02013,Michael Hernandez,Individual,Male,56-65,Saudi,Abha,2020-06-13
2014,CUST02014,Sarah Carey,Individual,Male,26-35,Saudi,Makkah,2018-04-19
2015,CUST02015,Jonathan Barker,Individual,Male,36-45,Non-Saudi,Buraidah,2020-05-13
2016,CUST02016,Laura Welch,Individual,Male,46-55,Non-Saudi,Taif,2019-11-12
2017,CUST02017,Vincent Brown,Individual,Male,18-25,Saudi,Abha,2025-01-01
2018,CUST02018,Mitchell Charles,Individual,Male,18-25,Non-Saudi,Khobar,2026-01-29
2019,CUST02019,Noah Leblanc,Individual,Male,65+,Non-Saudi,Makkah,2024-09-15
2020,CUST02020,Monica Evans,Individual,Male,46-55,Saudi,Buraidah,2025-01-16
2021,CUST02021,Ritter PLC,Corporate,,,Non-Saudi,Taif,2021-05-23
2022,CUST02022,Gregory-Mooney,SME,,,Non-Saudi,Jeddah,2024-07-20
2023,CUST02023,Jones-Acosta,SME,,,Non-Saudi,Taif,2020-06-10
2024,CUST02024,Meredith Kelley,Individual,Female,36-45,Saudi,Jeddah,2018-11-04
2025,CUST02025,Rick Glenn,Individual,Female,65+,Non-Saudi,Tabuk,2018-06-20
2026,CUST02026,Elizabeth Pena,Individual,Female,36-45,Non-Saudi,Jeddah,2022-12-28
2027,CUST02027,Dominguez-Carter,SME,,,Saudi,Abha,2019-04-03
2028,CUST02028,Brock and Sons,Corporate,,,Non-Saudi,Madinah,2024-05-10
2029,CUST02029,Nicholas Johnston,Individual,Male,36-45,Saudi,Tabuk,2023-11-12
2030,CUST02030,Brittany Clements MD,Individual,Male,46-55,Saudi,Tabuk,2025-04-11
2031,CUST02031,Davis Group,SME,,,Saudi,Jeddah,2019-07-22
2032,CUST02032,William Santos,Individual,Male,26-35,Non-Saudi,Jeddah,2023-02-17
2033,CUST02033,Lori Powell,Individual,Male,18-25,Saudi,Khobar,2018-04-18
2034,CUST02034,John Watts,Individual,Male,56-65,Saudi,Dammam,2026-04-02
2035,CUST02035,Jaime Holt,Individual,Female,18-25,Saudi,Jeddah,2024-11-15
2036,CUST02036,Paula Hancock,Individual,Female,56-65,Saudi,Riyadh,2023-08-16
2037,CUST02037,Matthew Richardson,Individual,Male,56-65,Non-Saudi,Madinah,2019-01-14
2038,CUST02038,John Barnett,Individual,Female,26-35,Saudi,Khobar,2022-05-29
2039,CUST02039,Kenneth Armstrong,Individual,Female,56-65,Saudi,Makkah,2020-05-14
2040,CUST02040,Rebecca White,Individual,Male,26-35,Saudi,Dammam,2022-03-09
2041,CUST02041,Jessica Duncan,Individual,Male,26-35,Saudi,Makkah,2018-11-10
2042,CUST02042,Terry Pope,Individual,Female,26-35,Non-Saudi,Taif,2019-08-07
2043,CUST02043,Alicia Hawkins,Individual,Female,36-45,Saudi,Dammam,2022-08-21
2044,CUST02044,Katherine Stone,Individual,Male,36-45,Non-Saudi,Dammam,2023-01-20
2045,CUST02045,Rachel Martinez,Individual,Male,65+,Non-Saudi,Makkah,2024-07-05
2046,CUST02046,Stephanie White,Individual,Male,46-55,Non-Saudi,Khobar,2023-03-07
2047,CUST02047,Smith Group,Corporate,,,Saudi,Riyadh,2024-12-02
2048,CUST02048,Williams PLC,Corporate,,,Saudi,Madinah,2019-10-14
2049,CUST02049,Justin York,Individual,Male,65+,Saudi,Jeddah,2018-04-21
2050,CUST02050,Katie Cox,Individual,Male,36-45,Non-Saudi,Madinah,2022-09-15
2051,CUST02051,Tony Smith,Individual,Male,36-45,Saudi,Taif,2020-08-06
2052,CUST02052,"Conway, Carter and Ferguson",Corporate,,,Saudi,Jeddah,2019-03-18
2053,CUST02053,Neal-Mills,SME,,,Saudi,Tabuk,2026-07-10
2054,CUST02054,Joshua Clark,Individual,Female,56-65,Non-Saudi,Abha,2018-11-09
2055,CUST02055,Cynthia Lopez,Individual,Female,65+,Saudi,Madinah,2020-08-04
2056,CUST02056,Tina Guzman,Individual,Male,18-25,Saudi,Taif,2019-11-14
2057,CUST02057,Carl Dean,Individual,Female,46-55,Saudi,Madinah,2018-08-23
2058,CUST02058,James Mckee,Individual,Male,65+,Saudi,Taif,2021-06-16
2059,CUST02059,David Coleman,Individual,Female,18-25,Non-Saudi,Khobar,2024-01-02
2060,CUST02060,Andrea Oconnor,Individual,Male,65+,Saudi,Abha,2026-08-09
2061,CUST02061,Cheryl Watson,Individual,Female,46-55,Saudi,Madinah,2023-09-07
2062,CUST02062,"Jacobs, Barnes and Hernandez",Corporate,,,Saudi,Makkah,2026-07-31
2063,CUST02063,Alexander Munoz,Individual,Male,36-45,Saudi,Khobar,2018-09-02
2064,CUST02064,Schmidt Ltd,SME,,,Non-Saudi,Jeddah,2022-09-28
2065,CUST02065,Mark Cox,Individual,Male,26-35,Saudi,Jeddah,2020-11-18
2066,CUST02066,Sean Perez,Individual,Female,18-25,Non-Saudi,Taif,2018-02-01
2067,CUST02067,Wayne Gray,Individual,Male,46-55,Saudi,Tabuk,2018-11-28
2068,CUST02068,Casey Chandler,Individual,Female,18-25,Saudi,Riyadh,2020-08-25
2069,CUST02069,Katherine Rice,Individual,Female,26-35,Non-Saudi,Tabuk,2024-01-21
2070,CUST02070,Kristen Lawson,Individual,Male,56-65,Saudi,Dammam,2025-10-01
2071,CUST02071,Travis Price,Individual,Male,26-35,Saudi,Dammam,2020-12-25
2072,CUST02072,Tracy Schmidt,Individual,Male,46-55,Saudi,Dammam,2023-02-21
2073,CUST02073,Karen Anderson,Individual,Male,36-45,Non-Saudi,Makkah,2018-01-30
2074,CUST02074,"Reeves, Sandoval and Thomas",SME,,,Non-Saudi,Jeddah,2022-11-27
2075,CUST02075,Thomas Fowler,Individual,Female,36-45,Saudi,Riyadh,2021-03-14
2076,CUST02076,Megan Barnes,Individual,Female,26-35,Non-Saudi,Tabuk,2021-12-16
2077,CUST02077,Andersen-Lindsey,SME,,,Saudi,Abha,2022-05-05
2078,CUST02078,Cisneros-Meyer,SME,,,Non-Saudi,Riyadh,2024-03-18
2079,CUST02079,Crystal Reid,Individual,Female,36-45,Saudi,Jeddah,2018-10-02
2080,CUST02080,Randy Bruce,Individual,Male,46-55,Saudi,Jeddah,2023-06-27
2081,CUST02081,David Davis,Individual,Male,18-25,Saudi,Dammam,2022-12-22
2082,CUST02082,Dustin Noble,Individual,Female,18-25,Saudi,Madinah,2024-12-26
2083,CUST02083,Travis Rhodes,Individual,Female,36-45,Saudi,Taif,2026-01-22
2084,CUST02084,Castillo PLC,SME,,,Saudi,Madinah,2023-12-03
2085,CUST02085,Kim Martinez,Individual,Female,65+,Non-Saudi,Dammam,2018-02-13
2086,CUST02086,Ronald Smith,Individual,Female,18-25,Saudi,Makkah,2021-09-03
2087,CUST02087,Haley Gamble,Individual,Female,18-25,Saudi,Taif,2023-09-19
2088,CUST02088,Yvonne Duffy,Individual,Male,26-35,Non-Saudi,Abha,2023-11-30
2089,CUST02089,Lawson and Sons,Corporate,,,Non-Saudi,Jeddah,2023-10-31
2090,CUST02090,Kelly Walker,Individual,Female,65+,Non-Saudi,Khobar,2018-08-26
2091,CUST02091,Palmer Inc,SME,,,Non-Saudi,Taif,2021-08-27
2092,CUST02092,James Wilson,Individual,Female,26-35,Saudi,Jeddah,2025-11-25
2093,CUST02093,Decker Inc,SME,,,Saudi,Khobar,2020-07-04
2094,CUST02094,Mr. Aaron Welch,Individual,Male,18-25,Non-Saudi,Khobar,2021-05-27
2095,CUST02095,Tanya Haley,Individual,Male,46-55,Saudi,Madinah,2022-06-16
2096,CUST02096,Taylor Stafford,Individual,Female,26-35,Saudi,Tabuk,2025-05-02
2097,CUST02097,Aaron Stevens,Individual,Female,18-25,Non-Saudi,Makkah,2020-07-30
2098,CUST02098,Gregory Bowen,Individual,Female,26-35,Saudi,Jeddah,2021-06-23
2099,CUST02099,Jeffrey Gonzalez,Individual,Male,26-35,Non-Saudi,Buraidah,2022-07-29
2100,CUST02100,Jennifer Gentry,Individual,Male,26-35,Saudi,Taif,2018-01-22
2101,CUST02101,Danielle Ruiz,Individual,Male,26-35,Saudi,Buraidah,2021-03-27
2102,CUST02102,Steven Herrera,Individual,Male,46-55,Saudi,Madinah,2020-04-30
2103,CUST02103,Mary Gonzales MD,Individual,Male,26-35,Saudi,Abha,2024-06-16
2104,CUST02104,Stephen Fletcher,Individual,Female,65+,Saudi,Jeddah,2018-12-16
2105,CUST02105,Casey Fisher,Individual,Female,36-45,Non-Saudi,Makkah,2020-11-11
2106,CUST02106,Melvin Vaughan,Individual,Male,26-35,Saudi,Riyadh,2026-04-18
2107,CUST02107,Mrs. Katherine Simpson,Individual,Female,26-35,Saudi,Madinah,2023-11-23
2108,CUST02108,Nguyen Group,SME,,,Saudi,Dammam,2022-05-04
2109,CUST02109,Sarah Price,Individual,Female,36-45,Saudi,Jeddah,2018-12-13
2110,CUST02110,Alex Moore,Individual,Male,65+,Saudi,Dammam,2022-04-28
2111,CUST02111,Cynthia Gregory,Individual,Female,65+,Non-Saudi,Tabuk,2020-12-16
2112,CUST02112,Nancy Hamilton,Individual,Male,65+,Saudi,Buraidah,2020-07-02
2113,CUST02113,Dr. David Hernandez,Individual,Male,26-35,Saudi,Buraidah,2022-06-02
2114,CUST02114,Randall Lin,Individual,Male,26-35,Non-Saudi,Jeddah,2026-08-05
2115,CUST02115,Robert Gonzalez,Individual,Female,36-45,Non-Saudi,Makkah,2024-02-09
2116,CUST02116,Meredith Shaw,Individual,Male,18-25,Saudi,Taif,2019-07-27
2117,CUST02117,Leslie Walters MD,Individual,Female,56-65,Non-Saudi,Khobar,2019-02-22
2118,CUST02118,William Hickman,Individual,Male,46-55,Saudi,Taif,2021-09-07
2119,CUST02119,Ann Williams,Individual,Male,26-35,Saudi,Dammam,2021-07-09
2120,CUST02120,Mark Hall,Individual,Male,65+,Saudi,Taif,2020-11-27
2121,CUST02121,Jordan Schneider,Individual,Male,26-35,Saudi,Tabuk,2020-08-18
2122,CUST02122,Douglas Bell,Individual,Female,46-55,Saudi,Makkah,2021-08-12
2123,CUST02123,Anthony Williams,Individual,Male,56-65,Saudi,Riyadh,2018-06-14
2124,CUST02124,"Morris, Mitchell and Ramirez",SME,,,Non-Saudi,Abha,2023-03-30
2125,CUST02125,David Henry,Individual,Female,36-45,Non-Saudi,Madinah,2020-11-21
2126,CUST02126,Michael Vega,Individual,Male,26-35,Saudi,Tabuk,2024-08-29
2127,CUST02127,Isaac Patrick,Individual,Male,65+,Saudi,Madinah,2024-06-03
2128,CUST02128,"Rice, Watson and Santos",SME,,,Saudi,Riyadh,2019-10-26
2129,CUST02129,Stephen Anderson,Individual,Male,26-35,Saudi,Riyadh,2024-06-02
2130,CUST02130,Kevin Barr,Individual,Female,36-45,Saudi,Tabuk,2023-08-28
2131,CUST02131,Michael Schaefer,Individual,Male,46-55,Non-Saudi,Madinah,2018-08-25
2132,CUST02132,Grace Swanson,Individual,Male,65+,Non-Saudi,Khobar,2026-07-22
2133,CUST02133,Nathan Williams,Individual,Female,26-35,Saudi,Riyadh,2019-08-29
2134,CUST02134,Dawn Wiley,Individual,Male,65+,Non-Saudi,Taif,2025-05-18
2135,CUST02135,"Hester, Jacobson and West",Corporate,,,Saudi,Buraidah,2024-03-14
2136,CUST02136,Andrea Barnes,Individual,Female,26-35,Saudi,Makkah,2026-01-19
2137,CUST02137,Alison Greene,Individual,Female,26-35,Saudi,Taif,2024-01-09
2138,CUST02138,Angel Knight,Individual,Female,18-25,Saudi,Abha,2024-11-12
2139,CUST02139,Natalie Sanders,Individual,Male,26-35,Saudi,Dammam,2023-12-02
2140,CUST02140,Valerie Martin,Individual,Male,36-45,Saudi,Dammam,2024-06-28
2141,CUST02141,Hart-Myers,SME,,,Non-Saudi,Makkah,2023-04-01
2142,CUST02142,Aaron Armstrong,Individual,Male,46-55,Saudi,Taif,2023-02-13
2143,CUST02143,Timothy Hunt,Individual,Male,65+,Non-Saudi,Riyadh,2022-05-10
2144,CUST02144,Deanna Phelps,Individual,Female,46-55,Saudi,Riyadh,2020-07-24
2145,CUST02145,Arnold-Jackson,SME,,,Non-Saudi,Riyadh,2018-05-24
2146,CUST02146,Andrew Hernandez,Individual,Male,36-45,Saudi,Buraidah,2025-08-21
2147,CUST02147,Debra Gibbs,Individual,Male,18-25,Saudi,Khobar,2023-07-22
2148,CUST02148,Mayo and Sons,SME,,,Saudi,Dammam,2022-08-15
2149,CUST02149,Gregory Jacobs,Individual,Female,26-35,Saudi,Abha,2021-03-11
2150,CUST02150,Michael Dunn,Individual,Male,56-65,Non-Saudi,Tabuk,2024-03-29
2151,CUST02151,Logan Nguyen,Individual,Male,18-25,Saudi,Jeddah,2018-06-30
2152,CUST02152,Samantha Robinson,Individual,Female,26-35,Saudi,Makkah,2026-05-06
2153,CUST02153,Wesley Medina,Individual,Female,46-55,Saudi,Madinah,2026-06-17
2154,CUST02154,Phyllis Rodriguez,Individual,Female,65+,Non-Saudi,Jeddah,2024-06-12
2155,CUST02155,Matthew Berg,Individual,Male,26-35,Saudi,Madinah,2023-06-26
2156,CUST02156,Ruth Walker,Individual,Female,18-25,Saudi,Jeddah,2020-04-28
2157,CUST02157,"Soto, Garrison and Foster",SME,,,Saudi,Dammam,2021-11-09
2158,CUST02158,Jessica Hernandez,Individual,Female,56-65,Saudi,Taif,2022-02-21
2159,CUST02159,Joe Ochoa Jr.,Individual,Female,56-65,Non-Saudi,Khobar,2022-12-04
2160,CUST02160,"White, Campbell and Collins",SME,,,Saudi,Abha,2025-08-26
2161,CUST02161,Melissa Lopez,Individual,Female,65+,Non-Saudi,Riyadh,2019-03-30
2162,CUST02162,Sanchez-Stout,SME,,,Non-Saudi,Dammam,2026-05-22
2163,CUST02163,Joseph Acosta,Individual,Female,46-55,Non-Saudi,Abha,2024-12-25
2164,CUST02164,"Garcia, Cruz and Rodriguez",SME,,,Saudi,Taif,2018-02-12
2165,CUST02165,"Michael, Anderson and Carrillo",Corporate,,,Saudi,Jeddah,2020-04-24
2166,CUST02166,Linda Sparks,Individual,Male,26-35,Non-Saudi,Khobar,2018-01-30
2167,CUST02167,Kimberly Meyers,Individual,Female,46-55,Non-Saudi,Taif,2025-05-16
2168,CUST02168,Charles Malone,Individual,Female,26-35,Non-Saudi,Makkah,2025-09-18
2169,CUST02169,Elizabeth Mendoza,Individual,Female,56-65,Saudi,Tabuk,2020-02-09
2170,CUST02170,Debra Stephens,Individual,Male,46-55,Saudi,Taif,2018-03-08
2171,CUST02171,Joshua Garcia,Individual,Male,65+,Saudi,Khobar,2025-08-30
2172,CUST02172,Aaron Walker,Individual,Male,36-45,Saudi,Dammam,2019-12-17
2173,CUST02173,Hernandez-Rios,SME,,,Saudi,Khobar,2019-12-15
2174,CUST02174,Janice Henson,Individual,Male,36-45,Saudi,Tabuk,2025-02-10
2175,CUST02175,Vasquez Inc,Corporate,,,Non-Saudi,Makkah,2019-12-10
2176,CUST02176,Diane Jones,Individual,Male,18-25,Non-Saudi,Jeddah,2020-11-19
2177,CUST02177,Mclean-Gillespie,Corporate,,,Non-Saudi,Taif,2025-09-28
2178,CUST02178,Cassandra Moreno,Individual,Female,36-45,Saudi,Jeddah,2023-03-08
2179,CUST02179,Brittany Contreras,Individual,Male,46-55,Non-Saudi,Dammam,2020-08-10
2180,CUST02180,Hannah Garcia,Individual,Female,26-35,Saudi,Jeddah,2025-12-02
2181,CUST02181,Tasha Cochran,Individual,Female,26-35,Non-Saudi,Abha,2024-02-24
2182,CUST02182,Aaron Fitzpatrick,Individual,Female,46-55,Saudi,Khobar,2019-04-15
2183,CUST02183,Erica Myers,Individual,Male,36-45,Saudi,Riyadh,2024-03-27
2184,CUST02184,Briggs-Wilson,SME,,,Saudi,Dammam,2021-09-11
2185,CUST02185,Brianna Morris,Individual,Male,46-55,Non-Saudi,Abha,2019-02-07
2186,CUST02186,Heather Snyder,Individual,Female,56-65,Saudi,Makkah,2022-02-28
2187,CUST02187,Lindsay Fields,Individual,Male,36-45,Non-Saudi,Tabuk,2019-03-13
2188,CUST02188,Tammy Reyes,Individual,Male,65+,Saudi,Buraidah,2022-10-01
2189,CUST02189,Katherine Herrera,Individual,Female,26-35,Non-Saudi,Tabuk,2019-12-28
2190,CUST02190,Miguel Rose,Individual,Male,65+,Saudi,Khobar,2024-09-17
2191,CUST02191,Colleen Miller,Individual,Female,46-55,Saudi,Khobar,2021-02-15
2192,CUST02192,Samuel Cox,Individual,Male,36-45,Saudi,Jeddah,2022-02-05
2193,CUST02193,Brian Pruitt,Individual,Female,18-25,Saudi,Dammam,2021-02-13
2194,CUST02194,Peggy Taylor,Individual,Male,26-35,Saudi,Madinah,2021-12-24
2195,CUST02195,Kristen Velazquez,Individual,Male,65+,Non-Saudi,Makkah,2021-08-22
2196,CUST02196,Danny Burgess,Individual,Male,56-65,Non-Saudi,Abha,2019-01-06
2197,CUST02197,Briana Quinn,Individual,Female,18-25,Non-Saudi,Riyadh,2024-01-07
2198,CUST02198,Watson-Miles,Corporate,,,Non-Saudi,Taif,2023-09-24
2199,CUST02199,Ryan Harrell,Individual,Female,46-55,Non-Saudi,Dammam,2018-04-06
2200,CUST02200,Bob Jones,Individual,Male,36-45,Saudi,Tabuk,2022-12-02
2201,CUST02201,Brittany White,Individual,Male,18-25,Saudi,Taif,2024-06-05
2202,CUST02202,Melissa Evans,Individual,Male,36-45,Saudi,Abha,2021-07-23
2203,CUST02203,Richard Dominguez,Individual,Male,65+,Saudi,Makkah,2020-06-24
2204,CUST02204,Brown Ltd,SME,,,Non-Saudi,Dammam,2018-04-12
2205,CUST02205,Gordon Inc,Corporate,,,Saudi,Buraidah,2021-06-05
2206,CUST02206,Travis Gibson,Individual,Female,46-55,Non-Saudi,Khobar,2024-02-24
2207,CUST02207,Kenneth Torres,Individual,Female,18-25,Non-Saudi,Taif,2019-12-19
2208,CUST02208,Denise Davis,Individual,Male,26-35,Saudi,Abha,2021-04-06
2209,CUST02209,Natalie Morales,Individual,Male,26-35,Non-Saudi,Madinah,2018-06-26
2210,CUST02210,Rodney Daugherty,Individual,Male,46-55,Saudi,Khobar,2023-03-26
2211,CUST02211,Michael Woods,Individual,Female,26-35,Saudi,Buraidah,2023-08-23
2212,CUST02212,James Brown,Individual,Male,18-25,Saudi,Abha,2021-03-18
2213,CUST02213,Derrick Garcia,Individual,Female,36-45,Non-Saudi,Abha,2021-02-19
2214,CUST02214,Gabriela Allen,Individual,Male,18-25,Non-Saudi,Abha,2019-05-29
2215,CUST02215,Daniel Smith,Individual,Female,46-55,Saudi,Buraidah,2025-11-11
2216,CUST02216,Arnold Ltd,SME,,,Saudi,Khobar,2026-01-12
2217,CUST02217,Bradley Hudson,Individual,Female,36-45,Saudi,Taif,2018-05-22
2218,CUST02218,Mrs. Amber Davis,Individual,Female,65+,Saudi,Riyadh,2020-09-01
2219,CUST02219,Dr. Tina Porter,Individual,Male,65+,Non-Saudi,Riyadh,2020-09-19
2220,CUST02220,Henry Anderson,Individual,Male,36-45,Saudi,Buraidah,2023-10-31
2221,CUST02221,Steven Gordon,Individual,Male,26-35,Saudi,Abha,2022-05-05
2222,CUST02222,Allison Flynn,Individual,Female,46-55,Saudi,Tabuk,2022-02-14
2223,CUST02223,Roberts and Sons,SME,,,Saudi,Jeddah,2023-11-25
2224,CUST02224,Mark Cisneros,Individual,Male,46-55,Non-Saudi,Makkah,2020-01-02
2225,CUST02225,Michael Thomas,Individual,Male,36-45,Saudi,Buraidah,2024-03-18
2226,CUST02226,Kathryn Gay DDS,Individual,Female,18-25,Saudi,Riyadh,2022-07-11
2227,CUST02227,Jillian Anderson,Individual,Female,26-35,Non-Saudi,Khobar,2020-07-07
2228,CUST02228,Teresa Williams,Individual,Female,18-25,Non-Saudi,Khobar,2024-02-29
2229,CUST02229,"Hughes, Clark and Bishop",SME,,,Non-Saudi,Makkah,2018-08-25
2230,CUST02230,Mark Jimenez,Individual,Male,65+,Saudi,Madinah,2024-12-15
2231,CUST02231,Seth Payne,Individual,Male,26-35,Saudi,Taif,2026-05-17
2232,CUST02232,Anita Davis,Individual,Female,46-55,Saudi,Madinah,2020-09-17
2233,CUST02233,Candice Ramirez,Individual,Male,18-25,Non-Saudi,Taif,2021-02-21
2234,CUST02234,Christopher Ingram,Individual,Female,26-35,Saudi,Taif,2020-03-25
2235,CUST02235,David Mcdowell,Individual,Male,65+,Saudi,Buraidah,2023-08-15
2236,CUST02236,Caleb Carroll,Individual,Male,56-65,Non-Saudi,Buraidah,2018-05-05
2237,CUST02237,Jennifer Vincent,Individual,Male,36-45,Non-Saudi,Khobar,2025-12-05
2238,CUST02238,Jacob Kirk,Individual,Female,26-35,Saudi,Khobar,2026-03-25
2239,CUST02239,Michael Hunter,Individual,Female,36-45,Saudi,Riyadh,2020-04-09
2240,CUST02240,"Williams, Madden and Brown",Corporate,,,Non-Saudi,Dammam,2024-10-31
2241,CUST02241,Kristina Moore,Individual,Male,18-25,Saudi,Makkah,2018-11-29
2242,CUST02242,Kelly Nash,Individual,Male,56-65,Saudi,Khobar,2019-12-06
2243,CUST02243,Maureen Bailey,Individual,Male,65+,Saudi,Riyadh,2022-01-19
2244,CUST02244,Sabrina Rodriguez,Individual,Female,18-25,Saudi,Madinah,2019-07-24
2245,CUST02245,Tyler Sanders,Individual,Male,65+,Saudi,Abha,2021-09-29
2246,CUST02246,Austin Peterson,Individual,Female,36-45,Non-Saudi,Taif,2023-03-23
2247,CUST02247,Patrick Wilson,Individual,Female,18-25,Non-Saudi,Abha,2021-12-06
2248,CUST02248,Tiffany Thomas,Individual,Male,56-65,Saudi,Tabuk,2019-11-05
2249,CUST02249,Victoria Schroeder,Individual,Female,65+,Non-Saudi,Taif,2018-07-16
2250,CUST02250,Rachel Irwin,Individual,Male,18-25,Non-Saudi,Jeddah,2019-11-05
2251,CUST02251,Alexander Blake,Individual,Male,56-65,Non-Saudi,Jeddah,2021-08-28
2252,CUST02252,Christopher Thomas,Individual,Male,65+,Saudi,Buraidah,2020-05-14
2253,CUST02253,Evans Ltd,SME,,,Non-Saudi,Taif,2021-11-26
2254,CUST02254,Daniel Orozco,Individual,Female,56-65,Saudi,Makkah,2019-08-05
2255,CUST02255,Davis Group,SME,,,Non-Saudi,Khobar,2020-12-15
2256,CUST02256,Martin-Bailey,Corporate,,,Non-Saudi,Taif,2021-08-16
2257,CUST02257,Nichols-Bowers,SME,,,Non-Saudi,Taif,2026-05-07
2258,CUST02258,Thomas Hudson,Individual,Female,26-35,Saudi,Madinah,2025-02-11
2259,CUST02259,"Logan, Harper and Miller",SME,,,Saudi,Taif,2023-10-10
2260,CUST02260,Erica Downs,Individual,Male,46-55,Saudi,Riyadh,2026-02-12
2261,CUST02261,Nancy Stewart,Individual,Female,56-65,Non-Saudi,Buraidah,2019-04-21
2262,CUST02262,Charles Lin,Individual,Male,56-65,Non-Saudi,Makkah,2018-12-25
2263,CUST02263,Jennifer Meyer,Individual,Female,26-35,Saudi,Taif,2018-01-12
2264,CUST02264,Harding-Mathews,SME,,,Non-Saudi,Buraidah,2023-06-26
2265,CUST02265,Laura Johnson,Individual,Female,65+,Saudi,Khobar,2024-06-12
2266,CUST02266,Michael Schroeder,Individual,Female,26-35,Saudi,Dammam,2023-03-13
2267,CUST02267,Daniel Lee,Individual,Female,65+,Non-Saudi,Tabuk,2023-11-16
2268,CUST02268,Jacqueline Cox,Individual,Female,26-35,Saudi,Riyadh,2020-08-11
2269,CUST02269,Robert Martinez,Individual,Male,18-25,Saudi,Tabuk,2022-04-25
2270,CUST02270,Gutierrez-Bell,SME,,,Saudi,Taif,2025-02-27
2271,CUST02271,William Rogers,Individual,Male,46-55,Non-Saudi,Khobar,2026-01-03
2272,CUST02272,Jake Tran,Individual,Male,36-45,Saudi,Makkah,2019-05-29
2273,CUST02273,Dustin Keller,Individual,Female,36-45,Non-Saudi,Madinah,2023-11-18
2274,CUST02274,Michaela Pace,Individual,Male,65+,Saudi,Buraidah,2025-10-30
2275,CUST02275,Cowan Inc,SME,,,Saudi,Buraidah,2018-10-10
2276,CUST02276,Timothy Garcia,Individual,Male,36-45,Saudi,Dammam,2024-06-25
2277,CUST02277,Kimberly Schultz,Individual,Female,36-45,Non-Saudi,Makkah,2022-05-09
2278,CUST02278,Mary Christian,Individual,Female,18-25,Saudi,Abha,2019-10-31
2279,CUST02279,Arnold-Wilson,Corporate,,,Saudi,Taif,2025-05-27
2280,CUST02280,Heather Leon,Individual,Female,65+,Non-Saudi,Dammam,2022-01-04
2281,CUST02281,Maria Mueller,Individual,Male,26-35,Non-Saudi,Buraidah,2021-06-03
2282,CUST02282,Casey-Romero,SME,,,Saudi,Khobar,2020-04-24
2283,CUST02283,"Baker, Roberson and Pope",Corporate,,,Saudi,Buraidah,2021-08-02
2284,CUST02284,Steven Perry,Individual,Male,26-35,Saudi,Madinah,2018-02-19
2285,CUST02285,Gibbs PLC,SME,,,Saudi,Riyadh,2025-02-01
2286,CUST02286,Frances Haley,Individual,Male,26-35,Non-Saudi,Jeddah,2026-08-01
2287,CUST02287,Peters Group,SME,,,Saudi,Dammam,2019-09-01
2288,CUST02288,Sandra Solis,Individual,Male,36-45,Saudi,Makkah,2022-12-30
2289,CUST02289,Ayers Group,Corporate,,,Saudi,Tabuk,2026-06-13
2290,CUST02290,Tanner Holmes,Individual,Female,65+,Non-Saudi,Taif,2021-10-12
2291,CUST02291,Robert Gordon,Individual,Female,26-35,Saudi,Makkah,2023-06-17
2292,CUST02292,Sarah Burton,Individual,Female,46-55,Saudi,Buraidah,2020-04-01
2293,CUST02293,Tiffany Harris,Individual,Male,65+,Saudi,Abha,2018-10-22
2294,CUST02294,Mark Watkins,Individual,Female,36-45,Saudi,Buraidah,2018-03-29
2295,CUST02295,Tammie Miller,Individual,Male,56-65,Saudi,Jeddah,2021-04-22
2296,CUST02296,Bianca Chavez,Individual,Male,56-65,Saudi,Taif,2023-06-17
2297,CUST02297,David Hurst,Individual,Female,46-55,Saudi,Dammam,2020-07-26
2298,CUST02298,"Pittman, Barber and Roman",SME,,,Saudi,Dammam,2021-04-08
2299,CUST02299,Anthony Miller,Individual,Male,26-35,Non-Saudi,Khobar,2019-03-30
2300,CUST02300,William Camacho,Individual,Female,18-25,Saudi,Riyadh,2018-12-17
2301,CUST02301,Barbara Thomas,Individual,Male,46-55,Saudi,Khobar,2020-04-07
2302,CUST02302,Davis Group,SME,,,Saudi,Taif,2025-04-20
2303,CUST02303,Christine Garcia,Individual,Male,56-65,Saudi,Tabuk,2024-11-16
2304,CUST02304,John Garrett,Individual,Male,56-65,Non-Saudi,Taif,2019-10-26
2305,CUST02305,Steve Schultz,Individual,Female,36-45,Non-Saudi,Makkah,2021-11-24
2306,CUST02306,Edwin Berger,Individual,Female,46-55,Saudi,Madinah,2023-09-14
2307,CUST02307,Sarah Wilson,Individual,Male,46-55,Saudi,Khobar,2020-12-18
2308,CUST02308,Zachary Greene,Individual,Male,56-65,Saudi,Riyadh,2018-01-16
2309,CUST02309,Dawn Martinez,Individual,Male,46-55,Saudi,Taif,2023-03-29
2310,CUST02310,Kelly Hodges,Individual,Male,36-45,Non-Saudi,Jeddah,2019-11-14
2311,CUST02311,Steven Johnson,Individual,Female,65+,Saudi,Khobar,2019-03-14
2312,CUST02312,Luna and Sons,SME,,,Saudi,Tabuk,2020-04-24
2313,CUST02313,Gonzalez-Davis,SME,,,Saudi,Riyadh,2024-02-14
2314,CUST02314,Julie Lamb,Individual,Female,46-55,Non-Saudi,Jeddah,2021-10-08
2315,CUST02315,Nielsen-Wright,SME,,,Non-Saudi,Jeddah,2019-09-17
2316,CUST02316,Michelle Hayden,Individual,Male,18-25,Saudi,Khobar,2018-11-21
2317,CUST02317,"Collins, Bauer and Mckay",SME,,,Non-Saudi,Makkah,2022-03-21
2318,CUST02318,Jessica Burgess,Individual,Male,65+,Non-Saudi,Khobar,2025-01-19
2319,CUST02319,"Rodriguez, Reyes and Gonzalez",SME,,,Saudi,Riyadh,2021-01-19
2320,CUST02320,"Weiss, Cole and Preston",Corporate,,,Non-Saudi,Madinah,2026-04-13
2321,CUST02321,Matthews-Carter,SME,,,Saudi,Riyadh,2025-02-22
2322,CUST02322,"Clements, Moreno and Sanders",Corporate,,,Saudi,Khobar,2018-12-28
2323,CUST02323,Jessica Lopez,Individual,Female,36-45,Non-Saudi,Dammam,2020-02-14
2324,CUST02324,Jacob Thomas,Individual,Male,26-35,Saudi,Dammam,2020-09-19
2325,CUST02325,Flores Inc,SME,,,Non-Saudi,Taif,2024-03-12
2326,CUST02326,Keith Morris,Individual,Male,56-65,Saudi,Buraidah,2020-01-05
2327,CUST02327,Drew Lewis,Individual,Female,36-45,Saudi,Abha,2019-11-18
2328,CUST02328,Michelle Shah,Individual,Female,36-45,Non-Saudi,Khobar,2024-12-24
2329,CUST02329,Laura Lucas,Individual,Male,65+,Non-Saudi,Makkah,2023-11-24
2330,CUST02330,Robert Gonzalez,Individual,Male,46-55,Saudi,Riyadh,2018-06-06
2331,CUST02331,Anthony Hill Jr.,Individual,Female,46-55,Saudi,Jeddah,2021-11-30
2332,CUST02332,Leslie Young,Individual,Female,36-45,Non-Saudi,Dammam,2018-03-09
2333,CUST02333,Schneider PLC,SME,,,Saudi,Dammam,2026-07-16
2334,CUST02334,Diane Skinner,Individual,Female,46-55,Non-Saudi,Buraidah,2021-06-25
2335,CUST02335,Tamara Williams,Individual,Female,26-35,Saudi,Taif,2023-07-29
2336,CUST02336,Brandon Lang,Individual,Female,56-65,Non-Saudi,Dammam,2024-04-02
2337,CUST02337,Paul Ross,Individual,Male,65+,Saudi,Riyadh,2022-10-23
2338,CUST02338,Snyder-Williams,SME,,,Saudi,Riyadh,2020-07-31
2339,CUST02339,Mrs. Margaret Lozano,Individual,Female,36-45,Saudi,Tabuk,2025-04-15
2340,CUST02340,Ashley Walker,Individual,Female,26-35,Saudi,Tabuk,2025-02-18
2341,CUST02341,Wyatt Callahan,Individual,Female,18-25,Saudi,Khobar,2024-04-05
2342,CUST02342,Brandon Ramsey,Individual,Female,65+,Non-Saudi,Makkah,2025-01-08
2343,CUST02343,Kimberly Smith,Individual,Female,26-35,Saudi,Tabuk,2023-12-13
2344,CUST02344,Stephen Williams,Individual,Female,18-25,Non-Saudi,Makkah,2018-06-01
2345,CUST02345,Jones-Murphy,Corporate,,,Saudi,Riyadh,2023-04-19
2346,CUST02346,Nelson-Jackson,SME,,,Saudi,Makkah,2019-03-11
2347,CUST02347,Cameron Atkins,Individual,Male,36-45,Saudi,Buraidah,2024-07-05
2348,CUST02348,Tracy Gutierrez,Individual,Female,46-55,Saudi,Makkah,2021-11-11
2349,CUST02349,Joseph Lane,Individual,Female,46-55,Saudi,Makkah,2023-09-19
2350,CUST02350,Erica Simon,Individual,Female,65+,Saudi,Riyadh,2019-12-14
2351,CUST02351,Edward Miller,Individual,Female,65+,Saudi,Makkah,2022-10-30
2352,CUST02352,Mary Moss,Individual,Male,26-35,Saudi,Abha,2019-10-12
2353,CUST02353,Wesley Brown,Individual,Male,65+,Saudi,Khobar,2018-02-11
2354,CUST02354,Robert Lopez,Individual,Female,18-25,Saudi,Riyadh,2018-11-27
2355,CUST02355,Kevin Rose,Individual,Female,56-65,Saudi,Makkah,2025-06-03
2356,CUST02356,Emily Gibson,Individual,Male,18-25,Saudi,Madinah,2019-05-02
2357,CUST02357,"Garcia, Anderson and Rangel",SME,,,Saudi,Dammam,2021-05-02
2358,CUST02358,Parrish-Palmer,SME,,,Non-Saudi,Jeddah,2024-09-28
2359,CUST02359,Donald Martin,Individual,Female,46-55,Saudi,Khobar,2020-08-27
2360,CUST02360,"Wong, Thomas and Walter",Corporate,,,Saudi,Abha,2024-06-10
2361,CUST02361,Steven Lopez,Individual,Female,18-25,Non-Saudi,Madinah,2018-04-01
2362,CUST02362,Jodi Baker,Individual,Female,18-25,Saudi,Tabuk,2026-01-05
2363,CUST02363,Jeffrey Hernandez,Individual,Male,26-35,Non-Saudi,Makkah,2022-05-05
2364,CUST02364,Amy Nelson,Individual,Male,36-45,Saudi,Makkah,2018-11-05
2365,CUST02365,Monique Henderson,Individual,Female,36-45,Saudi,Jeddah,2020-07-17
2366,CUST02366,Kirk Moreno,Individual,Female,65+,Saudi,Madinah,2022-04-08
2367,CUST02367,Rodriguez-Williams,SME,,,Non-Saudi,Abha,2020-02-25
2368,CUST02368,Robinson Inc,Corporate,,,Non-Saudi,Dammam,2025-09-26
2369,CUST02369,Cynthia Patel,Individual,Female,36-45,Saudi,Taif,2020-05-19
2370,CUST02370,"Lyons, Sullivan and Long",Corporate,,,Saudi,Makkah,2019-11-26
2371,CUST02371,Melissa Simpson,Individual,Female,56-65,Saudi,Abha,2019-06-24
2372,CUST02372,Mark Mccarthy,Individual,Female,36-45,Saudi,Riyadh,2020-06-28
2373,CUST02373,Cody Velez,Individual,Male,46-55,Non-Saudi,Tabuk,2023-05-19
2374,CUST02374,"Torres, Knox and Allen",Corporate,,,Saudi,Dammam,2020-09-21
2375,CUST02375,Cody Yoder,Individual,Female,18-25,Non-Saudi,Riyadh,2019-03-24
2376,CUST02376,John Cook,Individual,Male,36-45,Non-Saudi,Jeddah,2019-07-15
2377,CUST02377,Billy Shelton,Individual,Female,18-25,Saudi,Riyadh,2025-05-17
2378,CUST02378,Tracy Aguilar,Individual,Male,36-45,Non-Saudi,Tabuk,2022-03-22
2379,CUST02379,Brian Fuentes,Individual,Male,18-25,Non-Saudi,Dammam,2022-11-26
2380,CUST02380,Conley-Fox,Corporate,,,Saudi,Buraidah,2019-06-13
2381,CUST02381,Rowe Inc,SME,,,Saudi,Riyadh,2020-08-19
2382,CUST02382,Jodi Navarro,Individual,Female,26-35,Non-Saudi,Taif,2026-07-22
2383,CUST02383,John Diaz,Individual,Male,36-45,Non-Saudi,Buraidah,2018-02-12
2384,CUST02384,Michael Vance,Individual,Female,65+,Non-Saudi,Buraidah,2024-09-11
2385,CUST02385,Stephanie Larson,Individual,Male,36-45,Saudi,Tabuk,2018-12-22
2386,CUST02386,Monica Smith,Individual,Female,18-25,Saudi,Abha,2026-06-17
2387,CUST02387,Mary Thomas,Individual,Female,46-55,Saudi,Tabuk,2022-04-21
2388,CUST02388,Patrick Mcpherson,Individual,Female,56-65,Non-Saudi,Khobar,2021-02-08
2389,CUST02389,Cheryl Blevins,Individual,Female,46-55,Saudi,Taif,2023-07-10
2390,CUST02390,Sherry Shelton,Individual,Male,46-55,Saudi,Dammam,2025-10-09
2391,CUST02391,Tyler Rose,Individual,Female,26-35,Saudi,Khobar,2020-04-17
2392,CUST02392,Stacy Myers,Individual,Female,18-25,Non-Saudi,Taif,2021-08-10
2393,CUST02393,Ellen Williams DDS,Individual,Male,46-55,Non-Saudi,Tabuk,2020-12-19
2394,CUST02394,Jessica Gibson,Individual,Male,18-25,Saudi,Jeddah,2026-05-15
2395,CUST02395,Donna Montes,Individual,Male,36-45,Saudi,Khobar,2022-04-25
2396,CUST02396,"Thomas, Becker and Mills",SME,,,Saudi,Buraidah,2020-07-03
2397,CUST02397,Carla Tucker,Individual,Male,65+,Saudi,Dammam,2018-07-23
2398,CUST02398,Jesse Robinson,Individual,Female,26-35,Saudi,Dammam,2025-02-19
2399,CUST02399,John Smith,Individual,Female,65+,Non-Saudi,Riyadh,2021-01-17
2400,CUST02400,Williams and Sons,SME,,,Saudi,Makkah,2021-01-10
2401,CUST02401,Scott Ortega,Individual,Male,26-35,Saudi,Jeddah,2024-08-24
2402,CUST02402,Brandon Nelson,Individual,Male,26-35,Saudi,Riyadh,2026-08-11
2403,CUST02403,Reynolds Inc,SME,,,Saudi,Riyadh,2020-07-07
2404,CUST02404,Kennedy LLC,SME,,,Saudi,Abha,2020-02-25
2405,CUST02405,"Walsh, Henderson and Rasmussen",Corporate,,,Non-Saudi,Tabuk,2018-11-06
2406,CUST02406,Eric Collins,Individual,Female,65+,Saudi,Taif,2022-11-16
2407,CUST02407,Erica Lane,Individual,Male,26-35,Saudi,Makkah,2023-11-28
2408,CUST02408,Chad Spencer,Individual,Male,46-55,Saudi,Madinah,2020-08-08
2409,CUST02409,Keith Fuller,Individual,Female,36-45,Non-Saudi,Taif,2022-09-20
2410,CUST02410,Shawn Kim,Individual,Male,46-55,Saudi,Taif,2019-03-14
2411,CUST02411,Erik Donovan,Individual,Female,46-55,Saudi,Taif,2024-02-28
2412,CUST02412,Jeffrey Fisher,Individual,Female,18-25,Non-Saudi,Buraidah,2021-07-19
2413,CUST02413,Justin Bernard,Individual,Female,26-35,Saudi,Abha,2021-08-21
2414,CUST02414,Lisa Turner,Individual,Male,36-45,Saudi,Tabuk,2020-02-06
2415,CUST02415,Bethany Daniels,Individual,Female,56-65,Saudi,Dammam,2022-11-21
2416,CUST02416,Pedro Long,Individual,Female,46-55,Non-Saudi,Dammam,2021-06-26
2417,CUST02417,Robert Golden,Individual,Female,46-55,Saudi,Abha,2021-12-23
2418,CUST02418,Anthony Gallegos,Individual,Female,56-65,Non-Saudi,Buraidah,2023-08-14
2419,CUST02419,Brent Roberts,Individual,Female,26-35,Non-Saudi,Buraidah,2022-02-28
2420,CUST02420,Lin-Martinez,Corporate,,,Saudi,Buraidah,2023-01-20
2421,CUST02421,"Stevenson, Brown and Harris",SME,,,Saudi,Riyadh,2019-04-01
2422,CUST02422,"Coffey, Taylor and Jacobson",SME,,,Saudi,Jeddah,2023-07-13
2423,CUST02423,Mark Ball,Individual,Female,65+,Saudi,Makkah,2026-02-04
2424,CUST02424,Hanson-Gonzalez,Corporate,,,Non-Saudi,Makkah,2018-07-31
2425,CUST02425,Spencer Meyer,Individual,Male,65+,Non-Saudi,Taif,2020-02-20
2426,CUST02426,Wells PLC,SME,,,Saudi,Madinah,2021-11-02
2427,CUST02427,Bryan Sullivan,Individual,Male,46-55,Non-Saudi,Buraidah,2026-06-30
2428,CUST02428,Sarah Payne,Individual,Male,26-35,Saudi,Abha,2025-02-07
2429,CUST02429,Shannon Williamson,Individual,Male,26-35,Saudi,Abha,2021-09-26
2430,CUST02430,Cathy Cardenas,Individual,Male,26-35,Non-Saudi,Taif,2023-09-07
2431,CUST02431,Hunt Ltd,SME,,,Non-Saudi,Makkah,2022-09-22
2432,CUST02432,Dylan Contreras,Individual,Male,65+,Non-Saudi,Jeddah,2026-04-16
2433,CUST02433,Michael Myers DDS,Individual,Male,18-25,Saudi,Taif,2018-12-05
2434,CUST02434,Jeffery Johnson,Individual,Male,36-45,Saudi,Tabuk,2021-12-14
2435,CUST02435,Alexandra Turner,Individual,Male,56-65,Non-Saudi,Tabuk,2023-07-30
2436,CUST02436,Lisa Williams,Individual,Male,18-25,Saudi,Taif,2025-11-03
2437,CUST02437,Mcdonald Ltd,SME,,,Saudi,Dammam,2021-12-18
2438,CUST02438,Holden LLC,SME,,,Saudi,Jeddah,2022-04-30
2439,CUST02439,Christine Orr,Individual,Male,56-65,Saudi,Riyadh,2022-07-16
2440,CUST02440,Carrie Hernandez,Individual,Female,36-45,Saudi,Khobar,2023-09-02
2441,CUST02441,Julia Trevino,Individual,Male,36-45,Saudi,Buraidah,2019-03-19
2442,CUST02442,Mary Mclean,Individual,Female,46-55,Saudi,Tabuk,2018-08-04
2443,CUST02443,Karen Estes,Individual,Male,56-65,Saudi,Madinah,2023-03-28
2444,CUST02444,Michael Hunter,Individual,Male,36-45,Saudi,Makkah,2023-09-12
2445,CUST02445,Michael Chapman,Individual,Male,26-35,Saudi,Khobar,2023-01-08
2446,CUST02446,"Williamson, Powell and Williams",SME,,,Non-Saudi,Riyadh,2025-05-13
2447,CUST02447,Brent Rodriguez,Individual,Male,56-65,Non-Saudi,Riyadh,2026-01-28
2448,CUST02448,Peter Zavala,Individual,Male,46-55,Saudi,Buraidah,2024-12-27
2449,CUST02449,"Flynn, Garcia and Gilmore",SME,,,Non-Saudi,Abha,2024-04-17
2450,CUST02450,Campos-Fisher,Corporate,,,Saudi,Riyadh,2018-07-23
2451,CUST02451,Ashley Bradford,Individual,Female,56-65,Saudi,Khobar,2018-08-19
2452,CUST02452,Lisa Pittman,Individual,Female,26-35,Saudi,Riyadh,2025-12-25
2453,CUST02453,Michael Gray,Individual,Male,56-65,Saudi,Taif,2026-07-19
2454,CUST02454,Christina King,Individual,Male,56-65,Saudi,Taif,2021-10-13
2455,CUST02455,Perez-Harmon,SME,,,Non-Saudi,Taif,2021-10-02
2456,CUST02456,Rachel Miller,Individual,Male,18-25,Saudi,Buraidah,2018-03-18
2457,CUST02457,"Davis, Johnson and Taylor",Corporate,,,Saudi,Makkah,2018-01-17
2458,CUST02458,Laura Lin,Individual,Male,26-35,Saudi,Buraidah,2020-12-11
2459,CUST02459,Tina Chandler,Individual,Female,65+,Non-Saudi,Tabuk,2022-07-26
2460,CUST02460,Daniel Carey,Individual,Male,65+,Saudi,Riyadh,2022-05-01
2461,CUST02461,Steven Castaneda,Individual,Male,46-55,Saudi,Riyadh,2024-12-05
2462,CUST02462,Mario Sawyer,Individual,Male,36-45,Saudi,Taif,2022-12-02
2463,CUST02463,Joseph Garcia,Individual,Male,65+,Saudi,Madinah,2022-04-24
2464,CUST02464,Guzman LLC,Corporate,,,Saudi,Khobar,2018-03-13
2465,CUST02465,Nielsen-King,SME,,,Non-Saudi,Abha,2024-01-30
2466,CUST02466,Seth Donaldson,Individual,Female,56-65,Saudi,Makkah,2018-08-25
2467,CUST02467,Sarah Frederick,Individual,Female,36-45,Non-Saudi,Tabuk,2022-04-28
2468,CUST02468,Anthony Terry,Individual,Female,46-55,Non-Saudi,Buraidah,2018-12-17
2469,CUST02469,Thomas Baker,Individual,Male,26-35,Non-Saudi,Tabuk,2018-04-05
2470,CUST02470,Dean Cook,Individual,Male,18-25,Saudi,Dammam,2024-08-11
2471,CUST02471,Joshua Gross,Individual,Male,65+,Saudi,Abha,2025-12-27
2472,CUST02472,"Gaines, Brown and Snyder",Corporate,,,Saudi,Riyadh,2024-12-18
2473,CUST02473,Lisa Conley,Individual,Female,36-45,Non-Saudi,Jeddah,2024-12-24
2474,CUST02474,Benjamin Butler,Individual,Female,46-55,Saudi,Taif,2024-05-22
2475,CUST02475,Stacy Mendoza,Individual,Male,26-35,Saudi,Dammam,2019-02-13
2476,CUST02476,Ashley Crawford,Individual,Male,65+,Saudi,Tabuk,2019-12-13
2477,CUST02477,Reynolds-Turner,SME,,,Non-Saudi,Buraidah,2025-05-06
2478,CUST02478,Smith Inc,SME,,,Saudi,Madinah,2018-03-25
2479,CUST02479,Ferguson Group,SME,,,Saudi,Riyadh,2023-11-23
2480,CUST02480,Kristen Williams,Individual,Female,46-55,Non-Saudi,Riyadh,2024-08-14
2481,CUST02481,"Martinez, Miles and Dunn",SME,,,Saudi,Madinah,2018-12-31
2482,CUST02482,Prince LLC,SME,,,Non-Saudi,Abha,2021-01-15
2483,CUST02483,Thomas Allen,Individual,Female,26-35,Non-Saudi,Abha,2018-10-18
2484,CUST02484,Jason Goodwin,Individual,Male,26-35,Non-Saudi,Madinah,2024-12-25
2485,CUST02485,"Bradley, Ritter and Smith",SME,,,Non-Saudi,Jeddah,2024-03-22
2486,CUST02486,Jones and Sons,Corporate,,,Non-Saudi,Madinah,2021-10-16
2487,CUST02487,Ernest Morrison,Individual,Female,18-25,Saudi,Khobar,2025-09-12
2488,CUST02488,Mrs. Jennifer Sandoval DDS,Individual,Female,65+,Non-Saudi,Buraidah,2018-08-30
2489,CUST02489,Christine Thornton,Individual,Female,56-65,Non-Saudi,Madinah,2025-01-11
2490,CUST02490,Wallace LLC,SME,,,Saudi,Riyadh,2026-02-20
2491,CUST02491,Eileen Valdez,Individual,Female,18-25,Non-Saudi,Abha,2022-07-22
2492,CUST02492,Michael Gordon,Individual,Male,46-55,Saudi,Jeddah,2018-06-20
2493,CUST02493,Michele Howell,Individual,Female,18-25,Saudi,Madinah,2020-06-02
2494,CUST02494,Barr PLC,SME,,,Saudi,Abha,2019-12-29
2495,CUST02495,Christine Watson,Individual,Male,26-35,Non-Saudi,Riyadh,2025-01-21
2496,CUST02496,William Hale,Individual,Male,26-35,Non-Saudi,Abha,2023-08-14
2497,CUST02497,Brian Porter,Individual,Male,56-65,Non-Saudi,Riyadh,2018-04-17
2498,CUST02498,Chapman-Evans,Corporate,,,Non-Saudi,Madinah,2026-05-05
2499,CUST02499,Scott Cruz,Individual,Female,56-65,Non-Saudi,Buraidah,2018-03-01
2500,CUST02500,Jeremy Walker,Individual,Male,18-25,Saudi,Jeddah,2021-04-12
2501,CUST02501,Kim Guerrero,Individual,Male,26-35,Saudi,Khobar,2018-04-09
2502,CUST02502,Pineda-Kent,SME,,,Non-Saudi,Jeddah,2024-07-09
2503,CUST02503,Ronald Baker,Individual,Female,26-35,Saudi,Buraidah,2024-07-06
2504,CUST02504,Todd LLC,SME,,,Saudi,Taif,2024-04-10
2505,CUST02505,"Hamilton, Patterson and Daniel",SME,,,Saudi,Madinah,2024-05-10
2506,CUST02506,Brian Hughes,Individual,Male,36-45,Saudi,Dammam,2024-03-27
2507,CUST02507,"Mitchell, Ritter and Nichols",SME,,,Saudi,Buraidah,2021-08-31
2508,CUST02508,Patricia Green,Individual,Female,56-65,Non-Saudi,Tabuk,2026-04-20
2509,CUST02509,Reese-Middleton,SME,,,Non-Saudi,Makkah,2019-02-21
2510,CUST02510,Robert Tapia,Individual,Male,65+,Non-Saudi,Taif,2018-09-28
2511,CUST02511,Wise LLC,SME,,,Non-Saudi,Jeddah,2020-12-01
2512,CUST02512,Johnson-Hill,Corporate,,,Non-Saudi,Buraidah,2020-04-28
2513,CUST02513,Matthew Ingram,Individual,Female,56-65,Non-Saudi,Tabuk,2018-02-08
2514,CUST02514,Carroll-Morris,SME,,,Saudi,Tabuk,2020-04-15
2515,CUST02515,Joel Gonzales,Individual,Female,36-45,Saudi,Buraidah,2022-01-12
2516,CUST02516,Karen Richard,Individual,Male,36-45,Saudi,Khobar,2019-11-19
2517,CUST02517,Todd Hill,Individual,Female,65+,Non-Saudi,Makkah,2023-04-11
2518,CUST02518,Austin White,Individual,Female,36-45,Saudi,Tabuk,2024-08-15
2519,CUST02519,Sean Martinez,Individual,Female,65+,Saudi,Makkah,2023-06-13
2520,CUST02520,Luke Williams,Individual,Female,26-35,Saudi,Dammam,2018-12-28
2521,CUST02521,Lopez PLC,SME,,,Saudi,Taif,2025-06-09
2522,CUST02522,Amanda Love,Individual,Male,56-65,Saudi,Madinah,2018-07-11
2523,CUST02523,Deanna Scott,Individual,Male,18-25,Saudi,Tabuk,2023-11-12
2524,CUST02524,Fernandez-Williams,Corporate,,,Saudi,Makkah,2020-01-11
2525,CUST02525,Jones Group,SME,,,Non-Saudi,Riyadh,2018-12-24
2526,CUST02526,Damon Hudson,Individual,Female,36-45,Non-Saudi,Abha,2025-03-02
2527,CUST02527,Andrea Simmons,Individual,Male,18-25,Non-Saudi,Riyadh,2020-06-12
2528,CUST02528,Lawrence Ward,Individual,Male,26-35,Saudi,Tabuk,2026-06-06
2529,CUST02529,"Brooks, Dunlap and Carter",SME,,,Non-Saudi,Khobar,2018-04-09
2530,CUST02530,Earl Hernandez,Individual,Male,65+,Saudi,Khobar,2023-02-10
2531,CUST02531,Lynch LLC,SME,,,Non-Saudi,Buraidah,2022-06-01
2532,CUST02532,Katie Perkins,Individual,Male,65+,Saudi,Khobar,2020-12-22
2533,CUST02533,Gray PLC,Corporate,,,Non-Saudi,Abha,2018-04-13
2534,CUST02534,Jane Cuevas,Individual,Female,36-45,Non-Saudi,Dammam,2018-09-05
2535,CUST02535,Timothy Walker,Individual,Male,26-35,Non-Saudi,Buraidah,2022-05-09
2536,CUST02536,Kimberly Barnes,Individual,Female,46-55,Saudi,Dammam,2024-05-03
2537,CUST02537,Kelsey Williams,Individual,Female,18-25,Saudi,Abha,2022-01-31
2538,CUST02538,Jessica Adams,Individual,Female,36-45,Saudi,Khobar,2025-03-24
2539,CUST02539,Bartlett-Murphy,SME,,,Non-Saudi,Riyadh,2024-11-27
2540,CUST02540,Hall-Edwards,SME,,,Non-Saudi,Makkah,2026-05-28
2541,CUST02541,Jill Rosario,Individual,Female,56-65,Non-Saudi,Khobar,2021-07-18
2542,CUST02542,Justin Jones,Individual,Female,26-35,Saudi,Madinah,2021-02-17
2543,CUST02543,Mr. Richard Hall,Individual,Male,26-35,Saudi,Madinah,2025-02-26
2544,CUST02544,Frost and Sons,Corporate,,,Non-Saudi,Makkah,2024-09-17
2545,CUST02545,Kevin Taylor,Individual,Male,18-25,Saudi,Tabuk,2020-04-01
2546,CUST02546,Peterson-Wilson,SME,,,Saudi,Riyadh,2021-07-13
2547,CUST02547,"Lucero, Johnston and Chen",Corporate,,,Saudi,Makkah,2024-09-05
2548,CUST02548,Sherri Smith,Individual,Male,36-45,Saudi,Buraidah,2019-01-17
2549,CUST02549,Justin Conrad,Individual,Female,56-65,Saudi,Abha,2024-06-03
2550,CUST02550,Andrew Reynolds,Individual,Male,65+,Non-Saudi,Jeddah,2023-12-19
2551,CUST02551,Brandi Camacho DVM,Individual,Female,46-55,Saudi,Dammam,2025-10-25
2552,CUST02552,Anderson-Terry,Corporate,,,Non-Saudi,Jeddah,2020-02-02
2553,CUST02553,Wilson-Merritt,Corporate,,,Non-Saudi,Makkah,2025-10-07
2554,CUST02554,Lisa Mcknight,Individual,Female,26-35,Saudi,Madinah,2018-05-23
2555,CUST02555,Heather Cole,Individual,Male,65+,Non-Saudi,Riyadh,2021-07-14
2556,CUST02556,Ruben Roberts,Individual,Female,26-35,Non-Saudi,Riyadh,2022-02-15
2557,CUST02557,Quinn Ltd,Corporate,,,Saudi,Makkah,2024-08-15
2558,CUST02558,Taylor Miller,Individual,Female,26-35,Non-Saudi,Madinah,2025-09-28
2559,CUST02559,Jacqueline Banks,Individual,Female,26-35,Non-Saudi,Madinah,2021-04-12
2560,CUST02560,Jordan Chapman,Individual,Male,56-65,Non-Saudi,Makkah,2026-03-02
2561,CUST02561,Edward Peterson,Individual,Male,46-55,Saudi,Makkah,2022-11-16
2562,CUST02562,Lauren Anthony,Individual,Male,46-55,Non-Saudi,Buraidah,2021-09-09
2563,CUST02563,Fernando White,Individual,Male,65+,Saudi,Tabuk,2019-03-29
2564,CUST02564,Morgan Hays,Individual,Male,36-45,Non-Saudi,Madinah,2019-10-28
2565,CUST02565,Laura Gilbert,Individual,Female,65+,Saudi,Khobar,2018-11-11
2566,CUST02566,Bryan Hill,Individual,Female,18-25,Saudi,Madinah,2021-10-17
2567,CUST02567,Donna Hardin,Individual,Female,36-45,Saudi,Taif,2026-07-19
2568,CUST02568,Tammy Estrada,Individual,Female,36-45,Non-Saudi,Khobar,2019-03-22
2569,CUST02569,Ryan Fischer,Individual,Male,46-55,Non-Saudi,Abha,2018-03-28
2570,CUST02570,Toni Fernandez,Individual,Male,18-25,Saudi,Tabuk,2024-11-27
2571,CUST02571,Ronnie Johnson,Individual,Female,18-25,Saudi,Khobar,2019-10-04
2572,CUST02572,Laura Dennis,Individual,Female,46-55,Saudi,Abha,2022-07-03
2573,CUST02573,Elizabeth Rodriguez,Individual,Female,18-25,Saudi,Makkah,2024-02-08
2574,CUST02574,Jill Reynolds,Individual,Male,36-45,Saudi,Makkah,2020-04-10
2575,CUST02575,Wendy Dennis,Individual,Male,56-65,Saudi,Jeddah,2019-01-03
2576,CUST02576,Lara-Garner,Corporate,,,Saudi,Khobar,2019-12-04
2577,CUST02577,Christopher Rogers,Individual,Male,65+,Saudi,Taif,2021-12-02
2578,CUST02578,Megan Jones,Individual,Female,36-45,Non-Saudi,Tabuk,2023-12-12
2579,CUST02579,Amanda Garcia,Individual,Male,56-65,Saudi,Tabuk,2024-02-05
2580,CUST02580,Cheryl Grant,Individual,Male,56-65,Saudi,Makkah,2025-03-29
2581,CUST02581,Tiffany Burton,Individual,Male,36-45,Saudi,Makkah,2020-02-16
2582,CUST02582,Shelby Robinson,Individual,Male,18-25,Saudi,Riyadh,2019-09-10
2583,CUST02583,Hernandez-Cervantes,SME,,,Saudi,Tabuk,2024-05-04
2584,CUST02584,Craig Liu,Individual,Female,18-25,Saudi,Madinah,2026-03-21
2585,CUST02585,Nicole Smith,Individual,Male,18-25,Saudi,Jeddah,2018-08-01
2586,CUST02586,"Carr, Mckinney and Williams",SME,,,Saudi,Taif,2023-12-12
2587,CUST02587,Lynn Young,Individual,Female,18-25,Saudi,Tabuk,2021-01-05
2588,CUST02588,Tiffany Humphrey,Individual,Female,18-25,Saudi,Tabuk,2025-04-08
2589,CUST02589,Mary Henry,Individual,Male,18-25,Non-Saudi,Taif,2023-06-12
2590,CUST02590,Kimberly Phillips,Individual,Female,36-45,Saudi,Riyadh,2019-11-23
2591,CUST02591,Stephanie Gallagher,Individual,Female,26-35,Saudi,Buraidah,2021-08-17
2592,CUST02592,David Coleman,Individual,Female,46-55,Saudi,Taif,2019-07-11
2593,CUST02593,Mary Bailey,Individual,Female,36-45,Non-Saudi,Tabuk,2021-06-10
2594,CUST02594,Stephen Larsen,Individual,Female,18-25,Non-Saudi,Taif,2025-06-20
2595,CUST02595,"Jenkins, Young and Carter",Corporate,,,Non-Saudi,Jeddah,2022-05-22
2596,CUST02596,Rachel Brown,Individual,Male,46-55,Non-Saudi,Abha,2024-09-02
2597,CUST02597,Evan Myers,Individual,Male,65+,Saudi,Dammam,2021-10-27
2598,CUST02598,Green-Brown,SME,,,Non-Saudi,Jeddah,2022-03-13
2599,CUST02599,Mark Williams,Individual,Male,46-55,Saudi,Jeddah,2021-11-14
2600,CUST02600,Shawn Herrera,Individual,Female,56-65,Non-Saudi,Buraidah,2024-09-27
2601,CUST02601,Gould PLC,SME,,,Saudi,Abha,2023-04-13
2602,CUST02602,Joshua Clements,Individual,Female,65+,Saudi,Dammam,2018-03-08
2603,CUST02603,Richard Cook,Individual,Female,18-25,Saudi,Makkah,2021-01-18
2604,CUST02604,"Brown, Williams and Clark",SME,,,Non-Saudi,Tabuk,2022-08-18
2605,CUST02605,Dr. Jennifer Robbins,Individual,Male,36-45,Saudi,Abha,2020-07-05
2606,CUST02606,James Gutierrez,Individual,Male,18-25,Saudi,Jeddah,2022-10-12
2607,CUST02607,Adam Bruce,Individual,Male,26-35,Saudi,Jeddah,2024-07-11
2608,CUST02608,Kathryn Moody,Individual,Female,18-25,Saudi,Taif,2018-05-14
2609,CUST02609,Alexander Welch,Individual,Female,26-35,Non-Saudi,Tabuk,2023-12-13
2610,CUST02610,Paul Hess,Individual,Male,36-45,Saudi,Madinah,2021-04-07
2611,CUST02611,Robert Mcdowell,Individual,Female,56-65,Saudi,Khobar,2025-06-14
2612,CUST02612,Jonathan Warner,Individual,Male,26-35,Saudi,Makkah,2024-05-01
2613,CUST02613,Smith PLC,SME,,,Non-Saudi,Khobar,2023-03-25
2614,CUST02614,Noah Sparks,Individual,Female,46-55,Saudi,Khobar,2019-09-06
2615,CUST02615,"Villarreal, Glover and Coleman",SME,,,Non-Saudi,Dammam,2024-06-05
2616,CUST02616,Jimmy Garcia,Individual,Female,18-25,Saudi,Dammam,2026-05-18
2617,CUST02617,Jamie Jordan,Individual,Male,18-25,Saudi,Makkah,2019-12-03
2618,CUST02618,Donald Mitchell,Individual,Male,56-65,Saudi,Jeddah,2024-01-28
2619,CUST02619,Janet Kaiser,Individual,Female,56-65,Saudi,Khobar,2024-04-15
2620,CUST02620,Pamela Klein,Individual,Male,36-45,Saudi,Makkah,2021-11-28
2621,CUST02621,Allison Wise,Individual,Female,56-65,Non-Saudi,Khobar,2021-11-12
2622,CUST02622,Brian Collins,Individual,Female,36-45,Saudi,Makkah,2019-03-30
2623,CUST02623,Angela Hoffman,Individual,Male,18-25,Non-Saudi,Madinah,2019-10-18
2624,CUST02624,Linda Miller,Individual,Male,26-35,Non-Saudi,Buraidah,2021-06-26
2625,CUST02625,Kelly Franco,Individual,Female,36-45,Saudi,Buraidah,2024-07-29
2626,CUST02626,Johnny Jenkins,Individual,Female,26-35,Saudi,Makkah,2024-05-26
2627,CUST02627,Johnson Ltd,Corporate,,,Saudi,Buraidah,2022-11-20
2628,CUST02628,Aaron Vaughn,Individual,Male,46-55,Non-Saudi,Khobar,2024-07-11
2629,CUST02629,Kimberly Edwards,Individual,Male,26-35,Saudi,Abha,2023-08-21
2630,CUST02630,Michael Robertson,Individual,Female,36-45,Saudi,Jeddah,2025-06-03
2631,CUST02631,Angela Garcia DDS,Individual,Female,46-55,Non-Saudi,Abha,2021-04-01
2632,CUST02632,Carla Goodman,Individual,Female,56-65,Saudi,Buraidah,2019-06-09
2633,CUST02633,Kane-Wilson,SME,,,Non-Saudi,Madinah,2025-08-27
2634,CUST02634,Mark Warren Jr.,Individual,Female,56-65,Saudi,Madinah,2025-07-22
2635,CUST02635,Adam Wilson,Individual,Female,65+,Saudi,Riyadh,2026-08-10
2636,CUST02636,"Weeks, Rhodes and Mills",SME,,,Non-Saudi,Khobar,2023-04-26
2637,CUST02637,Matthew Thomas,Individual,Male,56-65,Saudi,Makkah,2022-07-10
2638,CUST02638,Lucas Klein,Individual,Male,65+,Non-Saudi,Makkah,2022-06-28
2639,CUST02639,Joel Mayer,Individual,Male,18-25,Saudi,Khobar,2026-01-05
2640,CUST02640,Sarah Taylor,Individual,Female,36-45,Saudi,Riyadh,2022-07-14
2641,CUST02641,Alexandra Butler,Individual,Male,65+,Saudi,Abha,2019-04-20
2642,CUST02642,William Collins,Individual,Female,36-45,Saudi,Buraidah,2019-08-16
2643,CUST02643,"Davis, Ellis and Davis",SME,,,Non-Saudi,Abha,2023-05-28
2644,CUST02644,"Moore, Bell and Hansen",Corporate,,,Non-Saudi,Abha,2019-12-15
2645,CUST02645,Tanya Hill,Individual,Male,18-25,Saudi,Buraidah,2025-02-04
2646,CUST02646,Silva-Torres,SME,,,Saudi,Dammam,2023-05-26
2647,CUST02647,Villa-Hoffman,SME,,,Saudi,Taif,2023-07-19
2648,CUST02648,Jones and Sons,SME,,,Saudi,Abha,2018-11-22
2649,CUST02649,Christopher Elliott,Individual,Male,36-45,Saudi,Tabuk,2019-02-05
2650,CUST02650,Maria Reyes,Individual,Male,65+,Saudi,Riyadh,2022-12-23
2651,CUST02651,Lisa Levy,Individual,Female,65+,Saudi,Buraidah,2024-05-16
2652,CUST02652,Susan Clark,Individual,Female,56-65,Saudi,Taif,2018-01-09
2653,CUST02653,Daniel Noble,Individual,Male,18-25,Saudi,Tabuk,2023-04-26
2654,CUST02654,John Smith,Individual,Female,18-25,Saudi,Riyadh,2018-09-03
2655,CUST02655,Breanna Aguirre,Individual,Male,65+,Saudi,Dammam,2021-09-05
2656,CUST02656,Eric Wolf,Individual,Male,36-45,Saudi,Khobar,2020-01-31
2657,CUST02657,Raymond Mccarthy,Individual,Female,56-65,Non-Saudi,Jeddah,2021-01-25
2658,CUST02658,Emily Miller,Individual,Female,18-25,Saudi,Jeddah,2023-03-27
2659,CUST02659,Christopher Schultz,Individual,Male,26-35,Saudi,Riyadh,2020-05-26
2660,CUST02660,Larsen PLC,SME,,,Non-Saudi,Makkah,2021-10-26
2661,CUST02661,Danielle Martinez,Individual,Female,18-25,Non-Saudi,Makkah,2025-10-11
2662,CUST02662,Cassandra Cline,Individual,Male,65+,Non-Saudi,Dammam,2025-05-24
2663,CUST02663,Hannah Coleman,Individual,Female,65+,Saudi,Madinah,2023-05-02
2664,CUST02664,Tammie Lee,Individual,Female,46-55,Saudi,Makkah,2021-03-27
2665,CUST02665,Whitney Gonzalez,Individual,Male,26-35,Non-Saudi,Madinah,2021-02-13
2666,CUST02666,Kevin Murphy,Individual,Female,18-25,Saudi,Buraidah,2025-11-16
2667,CUST02667,Kathryn Smith,Individual,Female,65+,Non-Saudi,Dammam,2020-05-11
2668,CUST02668,Maria Sanders,Individual,Female,26-35,Saudi,Makkah,2026-08-10
2669,CUST02669,"King, Garrett and Maddox",Corporate,,,Saudi,Madinah,2025-02-12
2670,CUST02670,Tanya Osborn,Individual,Female,18-25,Saudi,Makkah,2023-06-19
2671,CUST02671,John Golden DDS,Individual,Female,36-45,Saudi,Jeddah,2024-12-24
2672,CUST02672,Allen Shannon,Individual,Male,46-55,Saudi,Buraidah,2019-04-29
2673,CUST02673,Shelby Anderson,Individual,Female,65+,Saudi,Riyadh,2021-08-17
2674,CUST02674,Amy Walsh,Individual,Male,65+,Saudi,Riyadh,2018-07-16
2675,CUST02675,Joshua Lucero,Individual,Female,36-45,Saudi,Jeddah,2019-09-06
2676,CUST02676,Alice Hood,Individual,Female,36-45,Saudi,Tabuk,2025-05-01
2677,CUST02677,Michael Bullock,Individual,Male,46-55,Non-Saudi,Abha,2023-01-27
2678,CUST02678,Kelli Shepard,Individual,Female,65+,Saudi,Makkah,2021-06-26
2679,CUST02679,Mckenzie Brown,Individual,Female,56-65,Saudi,Taif,2025-02-17
2680,CUST02680,Monica Miller,Individual,Male,56-65,Saudi,Taif,2021-10-31
2681,CUST02681,Franklin-Barker,SME,,,Non-Saudi,Taif,2021-07-16
2682,CUST02682,Sarah Everett,Individual,Male,56-65,Saudi,Madinah,2020-09-09
2683,CUST02683,"Bell, Peterson and Carroll",SME,,,Non-Saudi,Tabuk,2024-01-08
2684,CUST02684,Julie Wilson,Individual,Male,26-35,Non-Saudi,Riyadh,2018-10-13
2685,CUST02685,"Miller, Stewart and Sims",Corporate,,,Saudi,Dammam,2018-03-05
2686,CUST02686,Kramer and Sons,SME,,,Saudi,Dammam,2023-07-07
2687,CUST02687,Shawn Harding,Individual,Male,26-35,Non-Saudi,Madinah,2020-08-29
2688,CUST02688,Terri Hancock,Individual,Male,26-35,Non-Saudi,Taif,2024-06-17
2689,CUST02689,Emily Gray,Individual,Male,26-35,Non-Saudi,Khobar,2020-06-25
2690,CUST02690,Karl Gutierrez,Individual,Male,36-45,Saudi,Tabuk,2025-03-21
2691,CUST02691,Curtis Krause,Individual,Male,46-55,Non-Saudi,Abha,2020-03-29
2692,CUST02692,Brandon Kelly,Individual,Male,46-55,Saudi,Dammam,2021-02-21
2693,CUST02693,Kelly Gallegos,Individual,Female,36-45,Non-Saudi,Taif,2023-12-09
2694,CUST02694,Travis Richards,Individual,Male,36-45,Saudi,Buraidah,2019-05-07
2695,CUST02695,Wendy Hamilton,Individual,Male,26-35,Saudi,Khobar,2023-08-02
2696,CUST02696,Donna Peterson,Individual,Male,56-65,Saudi,Taif,2026-05-16
2697,CUST02697,"Gallegos, Bauer and Davis",SME,,,Non-Saudi,Dammam,2024-09-07
2698,CUST02698,John Johnson,Individual,Male,26-35,Saudi,Jeddah,2018-12-30
2699,CUST02699,Charlotte Taylor,Individual,Male,46-55,Saudi,Madinah,2023-01-27
2700,CUST02700,James Chapman,Individual,Female,18-25,Saudi,Taif,2018-04-17
2701,CUST02701,Lori Booth,Individual,Female,65+,Saudi,Jeddah,2018-01-25
2702,CUST02702,George Wong,Individual,Male,36-45,Non-Saudi,Jeddah,2018-11-13
2703,CUST02703,Elizabeth Owens,Individual,Female,18-25,Saudi,Dammam,2019-08-11
2704,CUST02704,Robert Bryant,Individual,Female,65+,Saudi,Abha,2022-12-24
2705,CUST02705,James Flowers,Individual,Female,46-55,Non-Saudi,Madinah,2020-03-08
2706,CUST02706,George Gregory,Individual,Male,56-65,Non-Saudi,Abha,2020-08-05
2707,CUST02707,Sherry Hines,Individual,Female,65+,Saudi,Tabuk,2025-10-15
2708,CUST02708,"Rodriguez, Simmons and Adams",Corporate,,,Saudi,Dammam,2022-12-29
2709,CUST02709,"Johnson, Hunt and Nielsen",Corporate,,,Saudi,Taif,2025-08-30
2710,CUST02710,"Bender, Gonzalez and Compton",SME,,,Saudi,Riyadh,2024-07-01
2711,CUST02711,Gary Choi,Individual,Female,26-35,Saudi,Buraidah,2026-05-22
2712,CUST02712,Ralph Solis,Individual,Female,46-55,Saudi,Madinah,2021-12-19
2713,CUST02713,Aaron Hernandez,Individual,Female,46-55,Saudi,Buraidah,2025-08-19
2714,CUST02714,Bobby Young,Individual,Female,46-55,Saudi,Madinah,2019-10-04
2715,CUST02715,Ramsey and Sons,SME,,,Saudi,Madinah,2023-12-02
2716,CUST02716,Jacqueline Woods,Individual,Female,46-55,Saudi,Khobar,2020-12-24
2717,CUST02717,Michael Hale,Individual,Male,56-65,Saudi,Riyadh,2025-11-21
2718,CUST02718,Sandra Mccarthy,Individual,Female,26-35,Saudi,Tabuk,2024-08-05
2719,CUST02719,Carl Hines,Individual,Male,65+,Saudi,Madinah,2019-02-26
2720,CUST02720,Stephanie Weiss,Individual,Female,65+,Saudi,Tabuk,2024-04-24
2721,CUST02721,James Jones,Individual,Male,18-25,Saudi,Riyadh,2022-03-22
2722,CUST02722,Laurie Walker,Individual,Male,46-55,Saudi,Jeddah,2023-04-06
2723,CUST02723,Jackie Morgan,Individual,Female,46-55,Saudi,Dammam,2025-02-11
2724,CUST02724,"Greene, Sanders and Jones",Corporate,,,Saudi,Jeddah,2019-12-28
2725,CUST02725,Lopez-Clark,SME,,,Saudi,Jeddah,2021-10-06
2726,CUST02726,Cruz-White,SME,,,Saudi,Madinah,2019-04-21
2727,CUST02727,Michael Castillo,Individual,Male,65+,Non-Saudi,Khobar,2020-04-04
2728,CUST02728,Cassie Sanders,Individual,Male,46-55,Saudi,Dammam,2022-06-22
2729,CUST02729,Robert Reed,Individual,Male,56-65,Saudi,Dammam,2024-05-02
2730,CUST02730,Jennifer Roman,Individual,Female,18-25,Saudi,Riyadh,2019-05-23
2731,CUST02731,Andrews Group,SME,,,Non-Saudi,Madinah,2023-12-07
2732,CUST02732,Matthew Santiago,Individual,Female,18-25,Saudi,Riyadh,2021-08-26
2733,CUST02733,Jeffery Harmon,Individual,Male,18-25,Saudi,Buraidah,2019-01-02
2734,CUST02734,Shaw-Norman,SME,,,Saudi,Buraidah,2024-02-26
2735,CUST02735,Valerie Rodriguez,Individual,Female,46-55,Non-Saudi,Riyadh,2019-07-19
2736,CUST02736,Peter Berg,Individual,Female,36-45,Non-Saudi,Dammam,2018-09-10
2737,CUST02737,Travis Zimmerman,Individual,Female,26-35,Saudi,Dammam,2020-03-24
2738,CUST02738,Lisa Brennan,Individual,Female,46-55,Saudi,Buraidah,2021-10-04
2739,CUST02739,Campbell-Martinez,Corporate,,,Non-Saudi,Tabuk,2022-03-26
2740,CUST02740,Williams-Greene,Corporate,,,Saudi,Tabuk,2021-03-11
2741,CUST02741,Michael Wang,Individual,Female,36-45,Saudi,Abha,2018-03-16
2742,CUST02742,Edward Butler,Individual,Male,56-65,Saudi,Taif,2021-11-11
2743,CUST02743,Andrew Rodriguez,Individual,Male,36-45,Saudi,Abha,2024-04-29
2744,CUST02744,"Rodgers, Wright and Miller",Corporate,,,Saudi,Tabuk,2018-10-26
2745,CUST02745,Mackenzie Jordan,Individual,Male,18-25,Saudi,Makkah,2020-05-17
2746,CUST02746,Barker-Sanchez,Corporate,,,Saudi,Dammam,2025-02-19
2747,CUST02747,"Hoover, Carroll and Williams",SME,,,Non-Saudi,Taif,2020-10-28
2748,CUST02748,Lee Cummings,Individual,Female,26-35,Saudi,Buraidah,2025-01-08
2749,CUST02749,Jose Swanson,Individual,Female,65+,Saudi,Khobar,2020-12-02
2750,CUST02750,Elizabeth Morales,Individual,Female,26-35,Non-Saudi,Abha,2019-08-04
2751,CUST02751,"Scott, Delgado and Andrade",SME,,,Saudi,Abha,2025-03-26
2752,CUST02752,Bruce Lee,Individual,Male,46-55,Saudi,Tabuk,2020-04-03
2753,CUST02753,Gilbert-Ryan,SME,,,Non-Saudi,Dammam,2024-11-10
2754,CUST02754,Amber Berry,Individual,Male,46-55,Saudi,Taif,2019-11-11
2755,CUST02755,Hill-Barker,Corporate,,,Saudi,Riyadh,2019-08-10
2756,CUST02756,Amber Ross,Individual,Male,56-65,Saudi,Jeddah,2019-07-27
2757,CUST02757,Aaron Clark,Individual,Female,18-25,Saudi,Makkah,2024-10-04
2758,CUST02758,Denise Ford,Individual,Female,65+,Saudi,Khobar,2024-10-30
2759,CUST02759,Anne Walker,Individual,Female,56-65,Saudi,Makkah,2024-02-17
2760,CUST02760,Brown LLC,SME,,,Saudi,Khobar,2024-04-17
2761,CUST02761,Julia Fisher,Individual,Male,26-35,Saudi,Makkah,2023-02-23
2762,CUST02762,Karen Grant,Individual,Female,18-25,Non-Saudi,Makkah,2020-12-18
2763,CUST02763,Rodney Hernandez,Individual,Female,26-35,Non-Saudi,Abha,2025-05-21
2764,CUST02764,Clark-Wolfe,Corporate,,,Non-Saudi,Abha,2023-10-26
2765,CUST02765,Andrew Phelps,Individual,Male,56-65,Non-Saudi,Dammam,2026-05-14
2766,CUST02766,Kristina Reed,Individual,Male,18-25,Non-Saudi,Taif,2019-10-18
2767,CUST02767,"Wood, Carter and Stewart",SME,,,Non-Saudi,Taif,2023-10-31
2768,CUST02768,Mario Jackson,Individual,Female,36-45,Non-Saudi,Tabuk,2021-01-15
2769,CUST02769,Zachary Johnson,Individual,Male,46-55,Saudi,Riyadh,2026-05-31
2770,CUST02770,Katherine Young,Individual,Female,65+,Non-Saudi,Khobar,2025-12-18
2771,CUST02771,Lawrence Atkinson,Individual,Female,46-55,Non-Saudi,Jeddah,2018-11-03
2772,CUST02772,Willie Duncan,Individual,Female,56-65,Non-Saudi,Jeddah,2019-07-18
2773,CUST02773,Richard Navarro,Individual,Female,46-55,Non-Saudi,Dammam,2021-06-20
2774,CUST02774,Bell-Robinson,SME,,,Non-Saudi,Makkah,2025-10-13
2775,CUST02775,Randy Mccoy,Individual,Female,65+,Non-Saudi,Abha,2023-09-28
2776,CUST02776,"Horne, Gill and Stewart",SME,,,Saudi,Makkah,2022-08-18
2777,CUST02777,Perez-Powell,SME,,,Saudi,Abha,2024-07-17
2778,CUST02778,Tim Moore,Individual,Female,65+,Saudi,Madinah,2025-07-20
2779,CUST02779,Aaron Gallegos,Individual,Male,26-35,Saudi,Riyadh,2024-08-05
2780,CUST02780,Melinda Garcia,Individual,Female,56-65,Saudi,Madinah,2023-01-06
2781,CUST02781,Jason Lopez,Individual,Male,56-65,Non-Saudi,Abha,2018-04-02
2782,CUST02782,Leonard Gordon,Individual,Female,26-35,Non-Saudi,Dammam,2018-09-12
2783,CUST02783,Jennifer Johnson,Individual,Female,46-55,Saudi,Makkah,2023-04-10
2784,CUST02784,Mario Cohen,Individual,Male,56-65,Saudi,Buraidah,2026-03-24
2785,CUST02785,Kyle Clarke,Individual,Female,65+,Saudi,Tabuk,2021-05-14
2786,CUST02786,Cheryl Gentry,Individual,Male,36-45,Non-Saudi,Buraidah,2021-12-16
2787,CUST02787,"Baxter, Thompson and Giles",SME,,,Saudi,Khobar,2025-12-18
2788,CUST02788,Edward Kline,Individual,Female,65+,Saudi,Tabuk,2019-10-16
2789,CUST02789,David Morrison,Individual,Female,46-55,Saudi,Jeddah,2026-07-22
2790,CUST02790,Valerie Porter,Individual,Female,26-35,Saudi,Madinah,2018-12-17
2791,CUST02791,Erin Mora,Individual,Male,65+,Saudi,Abha,2019-05-18
2792,CUST02792,Victor Smith,Individual,Male,65+,Non-Saudi,Tabuk,2018-04-13
2793,CUST02793,"Russell, Meyer and Harrison",SME,,,Non-Saudi,Khobar,2021-05-01
2794,CUST02794,Tina Ware,Individual,Female,65+,Saudi,Khobar,2022-08-24
2795,CUST02795,Lisa Hays,Individual,Female,56-65,Non-Saudi,Tabuk,2024-03-06
2796,CUST02796,Castillo-Barber,SME,,,Non-Saudi,Riyadh,2020-07-13
2797,CUST02797,Rodney Mack,Individual,Male,26-35,Saudi,Dammam,2021-02-21
2798,CUST02798,Kayla Banks,Individual,Male,26-35,Non-Saudi,Abha,2021-09-15
2799,CUST02799,Charles Baker,Individual,Female,56-65,Saudi,Makkah,2025-02-18
2800,CUST02800,Ashley Jackson,Individual,Male,26-35,Saudi,Riyadh,2021-07-27
2801,CUST02801,Thomas Pope,Individual,Male,56-65,Non-Saudi,Abha,2019-10-26
2802,CUST02802,Martin Jones,Individual,Male,36-45,Non-Saudi,Jeddah,2025-10-09
2803,CUST02803,David Green V,Individual,Male,46-55,Saudi,Makkah,2021-11-04
2804,CUST02804,Melissa Carroll,Individual,Male,56-65,Saudi,Buraidah,2023-02-20
2805,CUST02805,Brittany Roberts,Individual,Female,18-25,Non-Saudi,Abha,2019-11-29
2806,CUST02806,Elliott-Reeves,SME,,,Saudi,Buraidah,2020-08-26
2807,CUST02807,"Moore, Walters and Alvarez",SME,,,Non-Saudi,Madinah,2021-10-20
2808,CUST02808,Moore-Trujillo,SME,,,Saudi,Abha,2019-02-10
2809,CUST02809,Shannon Scott,Individual,Female,56-65,Saudi,Madinah,2019-12-21
2810,CUST02810,Aguilar and Sons,Corporate,,,Saudi,Tabuk,2023-01-19
2811,CUST02811,Nathan Mcgee,Individual,Female,65+,Saudi,Madinah,2026-08-11
2812,CUST02812,Luke Jackson,Individual,Male,26-35,Saudi,Khobar,2020-12-22
2813,CUST02813,Matthews PLC,SME,,,Saudi,Abha,2020-09-19
2814,CUST02814,Sean Washington,Individual,Male,46-55,Non-Saudi,Jeddah,2019-06-18
2815,CUST02815,"Olson, Webb and James",SME,,,Saudi,Tabuk,2023-10-13
2816,CUST02816,Peterson LLC,SME,,,Saudi,Jeddah,2019-10-14
2817,CUST02817,Ramirez Ltd,SME,,,Saudi,Tabuk,2024-10-27
2818,CUST02818,Heather Stevens,Individual,Female,18-25,Non-Saudi,Buraidah,2025-11-21
2819,CUST02819,Sara Singleton,Individual,Male,36-45,Saudi,Taif,2024-10-08
2820,CUST02820,"Villanueva, Figueroa and Cox",SME,,,Non-Saudi,Buraidah,2018-04-14
2821,CUST02821,Tiffany Romero,Individual,Female,56-65,Non-Saudi,Buraidah,2020-05-07
2822,CUST02822,"Bradford, Medina and Miller",SME,,,Non-Saudi,Madinah,2024-11-24
2823,CUST02823,Joseph Sanchez,Individual,Female,46-55,Non-Saudi,Madinah,2024-11-21
2824,CUST02824,Timothy Mathews,Individual,Female,36-45,Non-Saudi,Khobar,2019-12-22
2825,CUST02825,Cassandra Krause,Individual,Female,56-65,Saudi,Taif,2020-04-19
2826,CUST02826,Patrick Quinn,Individual,Female,18-25,Non-Saudi,Khobar,2025-12-06
2827,CUST02827,Brandi Turner,Individual,Male,46-55,Non-Saudi,Riyadh,2019-10-18
2828,CUST02828,Willis PLC,SME,,,Saudi,Madinah,2022-02-15
2829,CUST02829,Stephen Williams,Individual,Female,18-25,Saudi,Taif,2024-10-30
2830,CUST02830,John Ramos,Individual,Male,26-35,Saudi,Abha,2022-02-11
2831,CUST02831,Daniels and Sons,SME,,,Saudi,Makkah,2023-03-04
2832,CUST02832,Adam Jordan,Individual,Female,65+,Saudi,Riyadh,2025-10-28
2833,CUST02833,"Tanner, Waters and Lee",SME,,,Saudi,Abha,2024-12-18
2834,CUST02834,Joy Smith,Individual,Female,18-25,Saudi,Khobar,2024-07-10
2835,CUST02835,Katherine Thompson,Individual,Female,46-55,Non-Saudi,Jeddah,2022-05-21
2836,CUST02836,Tiffany Evans,Individual,Male,36-45,Non-Saudi,Taif,2025-06-30
2837,CUST02837,Peterson Ltd,SME,,,Non-Saudi,Buraidah,2022-11-07
2838,CUST02838,Jeremiah Rowland,Individual,Male,56-65,Saudi,Makkah,2026-03-05
2839,CUST02839,Mr. William Ruiz,Individual,Female,56-65,Saudi,Madinah,2019-05-31
2840,CUST02840,Jeffrey Torres,Individual,Male,18-25,Non-Saudi,Khobar,2025-12-31
2841,CUST02841,Peterson-Mcdaniel,Corporate,,,Saudi,Abha,2025-02-09
2842,CUST02842,Brian Hall,Individual,Male,26-35,Saudi,Makkah,2020-08-27
2843,CUST02843,Randall Kennedy,Individual,Female,26-35,Non-Saudi,Madinah,2023-12-02
2844,CUST02844,Christine Powers,Individual,Male,26-35,Saudi,Taif,2020-10-19
2845,CUST02845,James Jackson,Individual,Female,18-25,Non-Saudi,Riyadh,2019-05-14
2846,CUST02846,"Moore, Frye and Zavala",SME,,,Saudi,Riyadh,2023-08-26
2847,CUST02847,Penny Adams,Individual,Male,56-65,Non-Saudi,Khobar,2026-01-23
2848,CUST02848,Michael-Davenport,SME,,,Saudi,Buraidah,2021-03-16
2849,CUST02849,Nicholas Calderon,Individual,Male,65+,Saudi,Jeddah,2020-09-22
2850,CUST02850,Coleman-Long,Corporate,,,Non-Saudi,Tabuk,2021-08-09
2851,CUST02851,Jennifer Schmitt,Individual,Male,56-65,Non-Saudi,Buraidah,2021-01-21
2852,CUST02852,Vanessa Wang,Individual,Male,18-25,Non-Saudi,Taif,2018-03-03
2853,CUST02853,"Harris, Bates and Scott",SME,,,Saudi,Dammam,2025-03-13
2854,CUST02854,Jeffrey Reyes,Individual,Male,26-35,Non-Saudi,Khobar,2022-10-28
2855,CUST02855,Rebecca Williamson,Individual,Female,18-25,Saudi,Madinah,2021-10-21
2856,CUST02856,Benjamin Martin,Individual,Female,18-25,Saudi,Khobar,2024-04-01
2857,CUST02857,Leslie Crane,Individual,Female,26-35,Saudi,Khobar,2026-03-08
2858,CUST02858,Jeanette Moyer,Individual,Male,56-65,Non-Saudi,Buraidah,2024-02-09
2859,CUST02859,William Willis,Individual,Male,26-35,Saudi,Jeddah,2018-07-07
2860,CUST02860,Grant Medina,Individual,Male,26-35,Saudi,Jeddah,2021-10-15
2861,CUST02861,John Gilmore,Individual,Female,26-35,Non-Saudi,Makkah,2018-08-22
2862,CUST02862,Morgan Holloway,Individual,Female,36-45,Saudi,Makkah,2025-07-22
2863,CUST02863,"Evans, Gonzalez and Miller",SME,,,Saudi,Abha,2020-02-14
2864,CUST02864,Pamela Green,Individual,Female,18-25,Saudi,Makkah,2022-08-04
2865,CUST02865,Alex Barton,Individual,Female,46-55,Saudi,Makkah,2018-08-03
2866,CUST02866,"Dawson, Edwards and Castaneda",SME,,,Saudi,Jeddah,2025-10-28
2867,CUST02867,Stephen Lopez,Individual,Male,56-65,Non-Saudi,Tabuk,2022-01-18
2868,CUST02868,Gary Byrd,Individual,Male,18-25,Non-Saudi,Buraidah,2024-02-01
2869,CUST02869,Paul Johnson,Individual,Female,46-55,Saudi,Jeddah,2019-01-12
2870,CUST02870,Simmons-Shaffer,SME,,,Saudi,Madinah,2024-11-24
2871,CUST02871,Amy Mayo,Individual,Female,18-25,Saudi,Taif,2021-03-25
2872,CUST02872,Whitney Moyer,Individual,Male,36-45,Saudi,Madinah,2025-07-19
2873,CUST02873,Tyler-Vasquez,SME,,,Saudi,Madinah,2022-12-20
2874,CUST02874,Morgan Cunningham,Individual,Male,65+,Non-Saudi,Taif,2026-06-03
2875,CUST02875,Schmidt PLC,SME,,,Saudi,Madinah,2025-04-25
2876,CUST02876,Thomas Bishop,Individual,Female,18-25,Saudi,Makkah,2026-08-01
2877,CUST02877,Pamela Jordan,Individual,Male,26-35,Saudi,Dammam,2020-05-24
2878,CUST02878,Spencer Stevenson,Individual,Male,18-25,Saudi,Makkah,2023-08-16
2879,CUST02879,White PLC,SME,,,Non-Saudi,Khobar,2020-12-08
2880,CUST02880,Melissa Wilkins,Individual,Male,46-55,Saudi,Tabuk,2021-09-27
2881,CUST02881,Morales LLC,Corporate,,,Non-Saudi,Dammam,2018-01-21
2882,CUST02882,Alicia Perez,Individual,Male,26-35,Saudi,Makkah,2021-09-10
2883,CUST02883,Daniel Craig,Individual,Female,36-45,Saudi,Riyadh,2020-10-28
2884,CUST02884,Valdez-Gonzalez,SME,,,Saudi,Abha,2025-02-06
2885,CUST02885,Stephanie Espinoza,Individual,Male,46-55,Saudi,Taif,2022-12-27
2886,CUST02886,Mejia and Sons,SME,,,Non-Saudi,Dammam,2020-08-31
2887,CUST02887,Joseph Blackburn,Individual,Male,36-45,Non-Saudi,Jeddah,2018-05-05
2888,CUST02888,Gregory Jones,Individual,Male,18-25,Non-Saudi,Abha,2025-07-11
2889,CUST02889,Barrett and Sons,Corporate,,,Non-Saudi,Tabuk,2020-08-14
2890,CUST02890,Devin Mayer,Individual,Male,36-45,Saudi,Madinah,2019-11-17
2891,CUST02891,Chad Nolan,Individual,Female,56-65,Non-Saudi,Jeddah,2021-10-19
2892,CUST02892,Jaime Wallace,Individual,Male,26-35,Saudi,Dammam,2024-06-06
2893,CUST02893,"Clark, Williams and Gonzales",SME,,,Saudi,Jeddah,2019-09-20
2894,CUST02894,Leslie Martinez,Individual,Female,36-45,Non-Saudi,Jeddah,2026-05-18
2895,CUST02895,Laura Black,Individual,Female,26-35,Non-Saudi,Madinah,2019-05-30
2896,CUST02896,Todd Yang,Individual,Female,65+,Saudi,Tabuk,2021-02-05
2897,CUST02897,Jennifer Clark MD,Individual,Female,26-35,Saudi,Khobar,2022-05-20
2898,CUST02898,Jordan Duffy,Individual,Male,65+,Non-Saudi,Taif,2018-02-20
2899,CUST02899,Jason Nixon,Individual,Male,26-35,Saudi,Riyadh,2018-11-12
2900,CUST02900,Bautista-Copeland,SME,,,Saudi,Taif,2021-10-02
2901,CUST02901,Elizabeth Key,Individual,Female,46-55,Non-Saudi,Makkah,2018-09-24
2902,CUST02902,Jean Ruiz,Individual,Female,46-55,Non-Saudi,Abha,2026-03-23
2903,CUST02903,Matthew Morris,Individual,Female,18-25,Non-Saudi,Tabuk,2019-03-21
2904,CUST02904,Thompson Inc,SME,,,Saudi,Dammam,2019-02-08
2905,CUST02905,Michael Farmer,Individual,Female,56-65,Saudi,Jeddah,2018-07-13
2906,CUST02906,Sharon Guerrero,Individual,Female,56-65,Saudi,Khobar,2021-03-19
2907,CUST02907,Christopher Thompson,Individual,Male,56-65,Saudi,Makkah,2026-02-03
2908,CUST02908,Harmon Ltd,Corporate,,,Non-Saudi,Jeddah,2019-07-28
2909,CUST02909,Ashley Martin,Individual,Female,26-35,Non-Saudi,Madinah,2022-04-20
2910,CUST02910,Mario Stout,Individual,Male,56-65,Saudi,Tabuk,2020-04-17
2911,CUST02911,Richard Rivera,Individual,Male,18-25,Saudi,Khobar,2025-09-07
2912,CUST02912,Shane Mcintyre,Individual,Male,56-65,Non-Saudi,Tabuk,2018-05-27
2913,CUST02913,Kyle Fox,Individual,Female,56-65,Saudi,Tabuk,2019-05-15
2914,CUST02914,Steven Davis,Individual,Male,18-25,Non-Saudi,Buraidah,2026-07-17
2915,CUST02915,John Lucero,Individual,Male,56-65,Non-Saudi,Buraidah,2025-05-26
2916,CUST02916,Brandy Morrison,Individual,Male,36-45,Saudi,Taif,2023-07-04
2917,CUST02917,John Leach,Individual,Female,46-55,Saudi,Dammam,2019-02-09
2918,CUST02918,Holly Austin,Individual,Female,18-25,Saudi,Tabuk,2024-03-11
2919,CUST02919,Paul Christian,Individual,Male,65+,Saudi,Jeddah,2019-09-12
2920,CUST02920,Carlos Dunlap,Individual,Female,26-35,Saudi,Dammam,2019-12-14
2921,CUST02921,Paul Ltd,SME,,,Non-Saudi,Makkah,2021-06-28
2922,CUST02922,Ashley Perez,Individual,Male,65+,Saudi,Buraidah,2019-08-06
2923,CUST02923,Erin Dickson,Individual,Female,18-25,Saudi,Madinah,2023-10-12
2924,CUST02924,Laura Stephenson,Individual,Female,18-25,Non-Saudi,Buraidah,2024-07-26
2925,CUST02925,Murphy LLC,Corporate,,,Saudi,Abha,2023-09-19
2926,CUST02926,Taylor Johnson,Individual,Female,36-45,Saudi,Jeddah,2025-10-31
2927,CUST02927,Anthony Gonzalez,Individual,Male,65+,Saudi,Makkah,2019-07-30
2928,CUST02928,Andrew Norton,Individual,Female,18-25,Saudi,Buraidah,2019-05-27
2929,CUST02929,Kenneth Webb,Individual,Male,65+,Saudi,Madinah,2020-12-21
2930,CUST02930,"Kane, Arellano and Sullivan",Corporate,,,Saudi,Madinah,2026-07-31
2931,CUST02931,Dennis Gonzales,Individual,Female,46-55,Saudi,Abha,2024-06-09
2932,CUST02932,"Mack, Bradshaw and Rogers",SME,,,Saudi,Jeddah,2025-09-18
2933,CUST02933,Robert Freeman,Individual,Female,26-35,Non-Saudi,Abha,2022-09-29
2934,CUST02934,"Davis, Chase and Hines",SME,,,Non-Saudi,Taif,2020-04-09
2935,CUST02935,Jessica Johnson,Individual,Male,36-45,Non-Saudi,Madinah,2022-09-12
2936,CUST02936,Perez Group,SME,,,Non-Saudi,Khobar,2025-03-05
2937,CUST02937,Micheal Martinez,Individual,Female,36-45,Saudi,Jeddah,2021-01-02
2938,CUST02938,Juan Ayers,Individual,Female,26-35,Saudi,Makkah,2026-05-09
2939,CUST02939,Catherine Wilkins,Individual,Female,18-25,Non-Saudi,Abha,2025-08-27
2940,CUST02940,Brenda Becker,Individual,Female,56-65,Saudi,Taif,2024-09-15
2941,CUST02941,Patrick Fox,Individual,Male,56-65,Non-Saudi,Jeddah,2024-09-28
2942,CUST02942,Kerry Williams,Individual,Male,26-35,Saudi,Buraidah,2022-08-11
2943,CUST02943,Melissa Osborn,Individual,Female,65+,Non-Saudi,Khobar,2019-06-11
2944,CUST02944,Michael Reid,Individual,Female,46-55,Saudi,Tabuk,2025-06-04
2945,CUST02945,Timothy Moran,Individual,Female,65+,Non-Saudi,Taif,2022-09-04
2946,CUST02946,Jessica Harris,Individual,Male,26-35,Saudi,Riyadh,2018-06-04
2947,CUST02947,Jennifer Price,Individual,Female,18-25,Saudi,Taif,2022-07-06
2948,CUST02948,English-Mcdonald,SME,,,Non-Saudi,Madinah,2019-03-06
2949,CUST02949,April King,Individual,Female,36-45,Non-Saudi,Makkah,2022-10-21
2950,CUST02950,Thomas Austin,Individual,Male,36-45,Saudi,Madinah,2026-04-17
2951,CUST02951,Fischer and Sons,SME,,,Saudi,Tabuk,2019-03-30
2952,CUST02952,Duran and Sons,SME,,,Saudi,Khobar,2021-05-20
2953,CUST02953,Jason Vargas,Individual,Female,26-35,Non-Saudi,Jeddah,2020-02-24
2954,CUST02954,Darrell Rush,Individual,Male,36-45,Non-Saudi,Jeddah,2019-03-20
2955,CUST02955,Martinez-Singh,SME,,,Saudi,Taif,2026-03-01
2956,CUST02956,Jeremy Chambers,Individual,Female,65+,Saudi,Taif,2024-07-29
2957,CUST02957,Bruce Collins,Individual,Female,36-45,Saudi,Abha,2018-11-20
2958,CUST02958,"George, Hall and Gonzales",SME,,,Non-Saudi,Dammam,2025-02-08
2959,CUST02959,Lisa Hernandez,Individual,Male,26-35,Saudi,Tabuk,2025-08-10
2960,CUST02960,Michelle Hutchinson,Individual,Female,56-65,Saudi,Taif,2026-03-17
2961,CUST02961,Ryan Scott,Individual,Male,26-35,Saudi,Buraidah,2023-06-03
2962,CUST02962,Richards-Walter,SME,,,Non-Saudi,Madinah,2023-12-23
2963,CUST02963,Olivia Walker,Individual,Female,56-65,Saudi,Dammam,2018-11-22
2964,CUST02964,"Morrison, George and Cox",SME,,,Saudi,Madinah,2025-07-07
2965,CUST02965,Sara Richmond,Individual,Male,36-45,Non-Saudi,Abha,2021-08-24
2966,CUST02966,"Garcia, Carrillo and Kirby",SME,,,Saudi,Dammam,2024-05-01
2967,CUST02967,Margaret Murphy,Individual,Female,18-25,Saudi,Makkah,2023-10-07
2968,CUST02968,Howard Smith,Individual,Male,46-55,Non-Saudi,Makkah,2024-03-01
2969,CUST02969,Mr. Daniel Hamilton,Individual,Female,26-35,Non-Saudi,Buraidah,2020-04-18
2970,CUST02970,Samantha Freeman DDS,Individual,Female,46-55,Saudi,Buraidah,2022-11-21
2971,CUST02971,Sheila Contreras,Individual,Male,56-65,Saudi,Buraidah,2018-05-13
2972,CUST02972,Garza Ltd,SME,,,Non-Saudi,Madinah,2026-04-01
2973,CUST02973,Autumn Gallagher,Individual,Female,36-45,Saudi,Khobar,2021-02-12
2974,CUST02974,"Fletcher, Munoz and Ochoa",SME,,,Non-Saudi,Khobar,2024-03-17
2975,CUST02975,Matthew Alexander,Individual,Male,65+,Saudi,Makkah,2021-12-25
2976,CUST02976,"Johnson, Ross and Trujillo",SME,,,Saudi,Jeddah,2024-06-08
2977,CUST02977,Caldwell-Johnson,Corporate,,,Non-Saudi,Tabuk,2022-11-25
2978,CUST02978,Tracy Garcia,Individual,Female,18-25,Non-Saudi,Buraidah,2025-12-16
2979,CUST02979,Monica Atkinson,Individual,Female,65+,Non-Saudi,Tabuk,2020-03-11
2980,CUST02980,"Cooper, Beltran and Wright",SME,,,Saudi,Madinah,2021-11-09
2981,CUST02981,Jimmy Ritter,Individual,Male,46-55,Saudi,Abha,2020-04-10
2982,CUST02982,Christine Townsend,Individual,Male,26-35,Saudi,Abha,2022-09-24
2983,CUST02983,James Bailey,Individual,Male,36-45,Saudi,Dammam,2025-01-18
2984,CUST02984,Shannon Cook,Individual,Female,18-25,Non-Saudi,Madinah,2023-04-30
2985,CUST02985,Sara Perez,Individual,Male,65+,Saudi,Taif,2025-03-01
2986,CUST02986,Nathan Fowler,Individual,Male,46-55,Saudi,Abha,2020-09-14
2987,CUST02987,Cody Reyes III,Individual,Female,36-45,Saudi,Tabuk,2024-02-12
2988,CUST02988,Rogers-Kim,Corporate,,,Saudi,Tabuk,2021-02-15
2989,CUST02989,Chung LLC,Corporate,,,Saudi,Riyadh,2018-02-20
2990,CUST02990,Perkins PLC,Corporate,,,Saudi,Khobar,2024-01-20
2991,CUST02991,Nicole Medina,Individual,Male,56-65,Saudi,Taif,2021-06-10
2992,CUST02992,Christina Davis,Individual,Male,26-35,Non-Saudi,Dammam,2023-03-03
2993,CUST02993,"Sullivan, Baker and Baldwin",SME,,,Saudi,Abha,2022-08-10
2994,CUST02994,Thomas Garcia,Individual,Female,18-25,Saudi,Taif,2026-04-07
2995,CUST02995,Stacy Carter,Individual,Female,46-55,Saudi,Abha,2022-12-05
2996,CUST02996,Zachary Ramos,Individual,Female,26-35,Saudi,Khobar,2018-05-09
2997,CUST02997,Mary Hill,Individual,Female,36-45,Saudi,Dammam,2022-04-11
2998,CUST02998,Victoria Sanchez,Individual,Male,26-35,Saudi,Jeddah,2019-12-14
2999,CUST02999,Cindy Smith,Individual,Male,56-65,Saudi,Buraidah,2020-02-09
3000,CUST03000,Logan Massey,Individual,Male,65+,Saudi,Dammam,2021-08-01
