payment_key,payment_id,payment_date_key,policy_key,payment_amount,payment_method
1,PAY000001,20250612,1,634.32,Credit Card
2,PAY000002,20250713,1,516.11,Cash
3,PAY000003,20250811,1,465.82,SADAD
4,PAY000004,20250911,1,1053.89,Credit Card
5,PAY000005,20240306,2,1520.9,Bank Transfer
6,PAY000006,20240402,2,5951.81,Credit Card
7,PAY000007,20240504,2,675.17,Cash
8,PAY000008,20240604,2,626.44,SADAD
9,PAY000009,20231206,3,231.63,Cash
10,PAY000010,20240103,3,3550.19,Credit Card
11,PAY000011,20220217,4,6766.33,Bank Transfer
12,PAY000012,20251206,5,1139.11,Bank Transfer
13,PAY000013,20260106,5,2816.39,Bank Transfer
14,PAY000014,20251205,6,1036.3,Bank Transfer
15,PAY000015,20260104,6,25.92,SADAD
16,PAY000016,20260131,6,518.1,Bank Transfer
17,PAY000017,20260305,6,260.54,Bank Transfer
18,PAY000018,20240927,7,2415.29,Cash
19,PAY000019,20240612,8,18250.45,SADAD
20,PAY000020,20260724,9,8590.9,Bank Transfer
21,PAY000021,20240329,10,3959.83,SADAD
22,PAY000022,20250312,11,7715.53,SADAD
23,PAY000023,20240914,12,7516.48,Credit Card
24,PAY000024,20230831,13,6300.52,Cash
25,PAY000025,20230926,13,22853.2,SADAD
26,PAY000026,20241118,14,3158.69,SADAD
27,PAY000027,20240403,15,24330.98,Cash
28,PAY000028,20240504,15,3992.69,Credit Card
29,PAY000029,20260409,16,4007.49,SADAD
30,PAY000030,20260513,16,2714.66,Credit Card
31,PAY000031,20251104,17,479.76,Credit Card
32,PAY000032,20251201,17,680.36,Cash
33,PAY000033,20260103,17,234.27,Credit Card
34,PAY000034,20260131,17,670.46,Cash
35,PAY000035,20260712,18,1212.27,SADAD
36,PAY000036,20250504,19,13724.42,Bank Transfer
37,PAY000037,20260310,20,2769.8,Cash
38,PAY000038,20241017,21,8334.04,Cash
39,PAY000039,20241026,22,3188.32,SADAD
40,PAY000040,20240831,23,8498.84,Credit Card
41,PAY000041,20241002,23,542.97,SADAD
42,PAY000042,20241101,23,2144.71,Bank Transfer
43,PAY000043,20241203,23,1302.09,Bank Transfer
44,PAY000044,20220309,24,3325.77,Bank Transfer
45,PAY000045,20220406,24,706.34,Cash
46,PAY000046,20240513,25,565.65,Cash
47,PAY000047,20240615,25,365.16,Cash
48,PAY000048,20260608,26,488.6,Bank Transfer
49,PAY000049,20230122,27,13734.07,Bank Transfer
50,PAY000050,20241203,28,11956.05,Credit Card
51,PAY000051,20250115,29,1298.79,Cash
52,PAY000052,20240911,30,409.37,Credit Card
53,PAY000053,20241009,30,9129.92,Credit Card
54,PAY000054,20241106,30,2869.18,Cash
55,PAY000055,20241209,30,318.7,Bank Transfer
56,PAY000056,20240905,31,55817.33,Cash
57,PAY000057,20250510,32,857.95,Credit Card
58,PAY000058,20250606,32,1949.8,Bank Transfer
59,PAY000059,20221029,33,11068.86,Bank Transfer
60,PAY000060,20221202,33,587.1,Bank Transfer
61,PAY000061,20221230,33,2363.29,SADAD
62,PAY000062,20230126,33,4219.15,Cash
63,PAY000063,20240107,34,1654.88,SADAD
64,PAY000064,20230115,35,6449.62,Bank Transfer
65,PAY000065,20230215,35,797.2,Credit Card
66,PAY000066,20230317,35,5323.62,Cash
67,PAY000067,20230419,35,1055.33,Bank Transfer
68,PAY000068,20220817,36,13580.12,SADAD
69,PAY000069,20241012,37,2712.22,Cash
70,PAY000070,20240410,38,247.67,Bank Transfer
71,PAY000071,20240509,38,1450.94,SADAD
72,PAY000072,20240610,38,4131.46,SADAD
73,PAY000073,20240708,38,646.19,Bank Transfer
74,PAY000074,20250822,39,6693.71,Bank Transfer
75,PAY000075,20250918,39,147.63,SADAD
76,PAY000076,20250912,40,2120.55,SADAD
77,PAY000077,20251009,40,538.77,Credit Card
78,PAY000078,20251108,40,2425.49,SADAD
79,PAY000079,20251209,40,5407.43,SADAD
80,PAY000080,20231126,41,1227.49,Credit Card
81,PAY000081,20231227,41,309.99,Credit Card
82,PAY000082,20240129,41,767.01,Credit Card
83,PAY000083,20240224,41,1184.52,Bank Transfer
84,PAY000084,20250930,42,839.84,SADAD
85,PAY000085,20251026,42,650.32,Bank Transfer
86,PAY000086,20251125,42,5.68,SADAD
87,PAY000087,20251228,42,59.17,Credit Card
88,PAY000088,20221006,43,80981.51,Credit Card
89,PAY000089,20250214,44,8654.46,Credit Card
90,PAY000090,20240102,45,4711.38,Cash
91,PAY000091,20230921,46,394.36,SADAD
92,PAY000092,20231026,46,807.79,Cash
93,PAY000093,20260331,47,3773.78,SADAD
94,PAY000094,20260501,47,154.44,Credit Card
95,PAY000095,20260528,47,241.15,Bank Transfer
96,PAY000096,20260627,47,1606.08,Bank Transfer
97,PAY000097,20251203,48,2506.36,Bank Transfer
98,PAY000098,20260104,48,9458.23,Cash
99,PAY000099,20260201,48,4962.95,Cash
100,PAY000100,20260303,48,5250.65,SADAD
101,PAY000101,20240828,49,4196.18,SADAD
102,PAY000102,20260108,50,2771.72,Credit Card
103,PAY000103,20260208,50,11031.0,Cash
104,PAY000104,20240601,51,4034.96,Cash
105,PAY000105,20250402,52,6655.98,Bank Transfer
106,PAY000106,20230604,53,2373.48,Bank Transfer
107,PAY000107,20240507,54,8760.07,Cash
108,PAY000108,20250705,55,328.03,Cash
109,PAY000109,20250804,55,232.44,Cash
110,PAY000110,20250907,55,867.11,SADAD
111,PAY000111,20251002,55,182.0,Cash
112,PAY000112,20231030,56,16940.11,Credit Card
113,PAY000113,20260118,57,2282.7,SADAD
114,PAY000114,20260211,58,8128.74,Cash
115,PAY000115,20240729,59,3599.5,Cash
116,PAY000116,20241116,60,5319.46,SADAD
117,PAY000117,20241219,60,876.54,Cash
118,PAY000118,20241207,61,138.84,Cash
119,PAY000119,20250106,61,681.7,SADAD
120,PAY000120,20240718,62,1887.99,Bank Transfer
121,PAY000121,20240817,62,1671.26,SADAD
122,PAY000122,20240920,62,385.81,Credit Card
123,PAY000123,20241018,62,1242.05,Bank Transfer
124,PAY000124,20260203,63,9698.73,Credit Card
125,PAY000125,20231010,64,2488.99,Credit Card
126,PAY000126,20231109,64,112.8,Credit Card
127,PAY000127,20231211,64,2045.69,Cash
128,PAY000128,20240105,64,626.05,Credit Card
129,PAY000129,20250917,65,10065.39,Bank Transfer
130,PAY000130,20240901,66,7295.55,Cash
131,PAY000131,20260721,67,8708.93,Bank Transfer
132,PAY000132,20240405,68,2311.12,Credit Card
133,PAY000133,20240505,68,1317.22,SADAD
134,PAY000134,20230718,69,1947.02,Cash
135,PAY000135,20230815,69,2197.52,Cash
136,PAY000136,20230915,69,12263.7,SADAD
137,PAY000137,20231017,69,1170.63,Cash
138,PAY000138,20240826,70,3648.67,SADAD
139,PAY000139,20241130,71,1908.18,Bank Transfer
140,PAY000140,20241228,71,10532.18,Bank Transfer
141,PAY000141,20230326,72,4717.46,Credit Card
142,PAY000142,20241013,73,16641.81,Credit Card
143,PAY000143,20230709,74,455.56,SADAD
144,PAY000144,20230807,74,165.03,Credit Card
145,PAY000145,20250502,75,9919.35,SADAD
146,PAY000146,20230602,76,309.54,Credit Card
147,PAY000147,20230701,76,314.72,Credit Card
148,PAY000148,20241018,77,360.75,Bank Transfer
149,PAY000149,20241116,77,1639.6,Bank Transfer
150,PAY000150,20241218,77,329.23,Credit Card
151,PAY000151,20250119,77,246.01,SADAD
152,PAY000152,20250629,78,492.42,Bank Transfer
153,PAY000153,20260201,79,1441.85,Credit Card
154,PAY000154,20260304,79,10424.55,Bank Transfer
155,PAY000155,20240108,80,795.67,Cash
156,PAY000156,20240208,80,11064.34,Credit Card
157,PAY000157,20250520,81,18076.91,Cash
158,PAY000158,20250206,82,4520.19,Bank Transfer
159,PAY000159,20240803,83,2943.24,SADAD
160,PAY000160,20240903,83,1019.84,Cash
161,PAY000161,20241005,83,1030.02,Credit Card
162,PAY000162,20241031,83,882.17,Cash
163,PAY000163,20260109,84,4897.6,Credit Card
164,PAY000164,20231112,85,17954.07,Bank Transfer
165,PAY000165,20230213,86,4909.06,Cash
166,PAY000166,20240527,87,1133.83,Cash
167,PAY000167,20250315,88,337.72,SADAD
168,PAY000168,20250415,88,127.09,SADAD
169,PAY000169,20250518,88,32.74,Cash
170,PAY000170,20250614,88,629.46,Cash
171,PAY000171,20260813,89,2083.01,Bank Transfer
172,PAY000172,20240120,90,511.68,Cash
173,PAY000173,20240217,90,397.29,Credit Card
174,PAY000174,20220629,91,1839.14,Credit Card
175,PAY000175,20250315,92,141.56,Cash
176,PAY000176,20250413,92,744.23,Bank Transfer
177,PAY000177,20251107,93,3550.55,Bank Transfer
178,PAY000178,20250703,94,29909.19,Credit Card
179,PAY000179,20250818,95,464.49,Cash
180,PAY000180,20250919,95,141.86,SADAD
181,PAY000181,20251015,95,110.15,SADAD
182,PAY000182,20251115,95,128.91,Bank Transfer
183,PAY000183,20260524,96,3689.13,Bank Transfer
184,PAY000184,20260624,96,1836.84,Cash
185,PAY000185,20260728,96,125.34,SADAD
186,PAY000186,20260823,96,484.65,SADAD
187,PAY000187,20250106,97,11857.99,Cash
188,PAY000188,20240110,98,8074.9,SADAD
189,PAY000189,20250220,99,1319.21,SADAD
190,PAY000190,20250321,99,159.08,SADAD
191,PAY000191,20250423,99,1222.5,Credit Card
192,PAY000192,20250524,99,1438.12,Bank Transfer
193,PAY000193,20260731,100,13677.39,SADAD
194,PAY000194,20240816,101,9784.8,Bank Transfer
195,PAY000195,20250108,102,4943.52,Bank Transfer
196,PAY000196,20260813,103,3301.09,SADAD
197,PAY000197,20260112,104,5856.58,SADAD
198,PAY000198,20260213,104,2369.33,Cash
199,PAY000199,20260226,105,1806.51,Bank Transfer
200,PAY000200,20260112,106,829.21,Bank Transfer
201,PAY000201,20250207,107,6677.96,Credit Card
202,PAY000202,20230322,108,586.25,Bank Transfer
203,PAY000203,20230421,108,3048.62,SADAD
204,PAY000204,20251012,109,7111.95,SADAD
205,PAY000205,20250519,110,1771.04,Credit Card
206,PAY000206,20250623,110,3.64,Bank Transfer
207,PAY000207,20220808,111,1079.63,Bank Transfer
208,PAY000208,20240912,112,330.22,Bank Transfer
209,PAY000209,20241009,112,1300.94,SADAD
210,PAY000210,20241112,112,233.66,Cash
211,PAY000211,20241208,112,1206.9,Cash
212,PAY000212,20260709,113,119.81,SADAD
213,PAY000213,20260812,113,984.45,SADAD
214,PAY000214,20260211,114,1676.68,SADAD
215,PAY000215,20260314,114,1461.07,Bank Transfer
216,PAY000216,20260412,114,46.84,Cash
217,PAY000217,20260515,114,13.03,Cash
218,PAY000218,20221212,115,5238.32,SADAD
219,PAY000219,20230820,116,3053.31,Cash
220,PAY000220,20230920,116,11601.5,Cash
221,PAY000221,20260327,117,1684.48,SADAD
222,PAY000222,20230611,118,793.39,Credit Card
223,PAY000223,20250921,119,1141.68,SADAD
224,PAY000224,20231011,120,783.97,Cash
225,PAY000225,20231108,120,1730.04,Cash
226,PAY000226,20231209,120,5894.22,SADAD
227,PAY000227,20240108,120,5333.87,Cash
228,PAY000228,20230821,121,4185.46,SADAD
229,PAY000229,20241125,122,397.74,Bank Transfer
230,PAY000230,20241225,122,59.16,Cash
231,PAY000231,20250123,122,44.88,Bank Transfer
232,PAY000232,20250224,122,453.6,Bank Transfer
233,PAY000233,20260514,123,2430.68,Bank Transfer
234,PAY000234,20260611,123,354.07,Cash
235,PAY000235,20220925,124,361.27,Bank Transfer
236,PAY000236,20221030,124,2418.24,Cash
237,PAY000237,20221124,124,801.67,Bank Transfer
238,PAY000238,20221224,124,1527.37,Cash
239,PAY000239,20240408,125,1082.7,Bank Transfer
240,PAY000240,20240505,125,378.43,Credit Card
241,PAY000241,20240604,125,456.29,SADAD
242,PAY000242,20240708,125,57.9,Cash
243,PAY000243,20230810,126,7222.82,Bank Transfer
244,PAY000244,20230904,126,2196.99,Bank Transfer
245,PAY000245,20221024,127,10306.19,SADAD
246,PAY000246,20241226,128,811.1,SADAD
247,PAY000247,20250622,129,3012.2,Credit Card
248,PAY000248,20250116,130,5422.99,Credit Card
249,PAY000249,20251023,131,1227.99,Cash
250,PAY000250,20251118,131,11021.17,Cash
251,PAY000251,20251222,131,1493.0,Bank Transfer
252,PAY000252,20260118,131,40.55,Credit Card
253,PAY000253,20240407,132,938.55,Cash
254,PAY000254,20240512,132,694.2,Credit Card
255,PAY000255,20240512,133,4882.28,SADAD
256,PAY000256,20240608,133,1325.53,Bank Transfer
257,PAY000257,20240730,134,1084.12,Cash
258,PAY000258,20240830,134,529.46,Credit Card
259,PAY000259,20241102,135,4484.89,Cash
260,PAY000260,20250714,136,33386.52,Cash
261,PAY000261,20251030,137,9189.79,SADAD
262,PAY000262,20240928,138,2322.69,Cash
263,PAY000263,20241025,138,3247.74,Cash
264,PAY000264,20251028,139,2982.87,SADAD
265,PAY000265,20251124,139,6267.94,Cash
266,PAY000266,20260803,140,3082.0,Cash
267,PAY000267,20260112,141,7104.68,Cash
268,PAY000268,20260211,141,1386.21,Cash
269,PAY000269,20250709,142,3525.39,Cash
270,PAY000270,20250105,143,2916.28,Credit Card
271,PAY000271,20240124,144,646.02,Credit Card
272,PAY000272,20240221,144,1400.58,Cash
273,PAY000273,20231129,145,3241.5,Credit Card
274,PAY000274,20240101,145,1784.68,Bank Transfer
275,PAY000275,20260127,146,6694.73,Credit Card
276,PAY000276,20250610,147,2001.25,Cash
277,PAY000277,20230806,148,3174.18,Bank Transfer
278,PAY000278,20230909,148,459.96,Credit Card
279,PAY000279,20230420,149,128.29,Credit Card
280,PAY000280,20230521,149,1662.44,Bank Transfer
281,PAY000281,20230618,149,468.71,SADAD
282,PAY000282,20230720,149,1374.44,SADAD
283,PAY000283,20251017,150,11523.82,Credit Card
284,PAY000284,20251118,150,5383.88,SADAD
285,PAY000285,20241224,151,3038.55,Credit Card
286,PAY000286,20260708,152,1461.25,Bank Transfer
287,PAY000287,20220205,153,51354.1,Bank Transfer
288,PAY000288,20220308,153,127.36,Bank Transfer
289,PAY000289,20250604,154,3530.59,SADAD
290,PAY000290,20220817,155,11080.42,SADAD
291,PAY000291,20241101,156,3067.83,Bank Transfer
292,PAY000292,20241201,156,1081.07,Credit Card
293,PAY000293,20241231,156,1137.59,Credit Card
294,PAY000294,20250201,156,1252.71,Credit Card
295,PAY000295,20231202,157,2245.81,Cash
296,PAY000296,20260322,158,6168.11,Credit Card
297,PAY000297,20260417,158,1635.85,SADAD
298,PAY000298,20260517,158,16273.66,Bank Transfer
299,PAY000299,20260617,158,10711.14,SADAD
300,PAY000300,20230331,159,16016.06,SADAD
301,PAY000301,20230504,159,2039.39,SADAD
302,PAY000302,20220507,160,1438.48,Credit Card
303,PAY000303,20220607,160,2625.15,Credit Card
304,PAY000304,20260115,161,6181.12,Credit Card
305,PAY000305,20260818,162,38092.77,Credit Card
306,PAY000306,20231230,163,27152.91,Bank Transfer
307,PAY000307,20230527,164,142284.04,Bank Transfer
308,PAY000308,20221201,165,8883.02,Cash
309,PAY000309,20230622,166,23285.98,Cash
310,PAY000310,20260115,167,5855.28,Cash
311,PAY000311,20260219,167,4980.22,Bank Transfer
312,PAY000312,20260317,167,2218.78,Credit Card
313,PAY000313,20260417,167,14048.27,Credit Card
314,PAY000314,20231210,168,2310.04,Bank Transfer
315,PAY000315,20240310,169,17019.9,Cash
316,PAY000316,20240408,169,21229.98,Credit Card
317,PAY000317,20240509,169,1201.99,Bank Transfer
318,PAY000318,20240608,169,16760.38,Bank Transfer
319,PAY000319,20231221,170,1848.13,SADAD
320,PAY000320,20251221,171,3340.12,Cash
321,PAY000321,20240424,172,11022.29,Bank Transfer
322,PAY000322,20250222,173,3466.98,Bank Transfer
323,PAY000323,20250609,174,4006.83,SADAD
324,PAY000324,20240507,175,2252.38,Cash
325,PAY000325,20240605,175,429.04,SADAD
326,PAY000326,20240706,175,1787.15,Bank Transfer
327,PAY000327,20240806,175,2732.04,Credit Card
328,PAY000328,20250801,176,3541.09,Cash
329,PAY000329,20251226,177,2526.14,Cash
330,PAY000330,20260226,178,355.29,Cash
331,PAY000331,20260331,178,57.2,Bank Transfer
332,PAY000332,20240222,179,10491.96,Cash
333,PAY000333,20250909,180,20.82,SADAD
334,PAY000334,20251011,180,1723.27,Cash
335,PAY000335,20250123,181,9903.65,Bank Transfer
336,PAY000336,20250222,181,3930.09,SADAD
337,PAY000337,20250628,182,15803.78,Bank Transfer
338,PAY000338,20241209,183,741.69,Credit Card
339,PAY000339,20250109,183,1035.87,SADAD
340,PAY000340,20230110,184,8962.89,Cash
341,PAY000341,20260417,185,136.28,Credit Card
342,PAY000342,20260517,185,688.45,Bank Transfer
343,PAY000343,20260616,185,341.55,Cash
344,PAY000344,20260712,185,458.76,Bank Transfer
345,PAY000345,20230501,186,744.67,Cash
346,PAY000346,20230531,186,626.49,SADAD
347,PAY000347,20230701,186,7127.92,Credit Card
348,PAY000348,20230729,186,155.33,Credit Card
349,PAY000349,20231216,187,8984.51,Bank Transfer
350,PAY000350,20260306,188,2608.72,Cash
351,PAY000351,20260405,188,3597.57,Bank Transfer
352,PAY000352,20230327,189,9775.54,SADAD
353,PAY000353,20250817,190,1043.85,Credit Card
354,PAY000354,20240831,191,919.34,Bank Transfer
355,PAY000355,20240928,191,864.5,Cash
356,PAY000356,20241030,191,1179.35,Bank Transfer
357,PAY000357,20241125,191,173.71,Credit Card
358,PAY000358,20250923,192,15619.84,Credit Card
359,PAY000359,20250128,193,785.0,Bank Transfer
360,PAY000360,20250226,193,454.83,Bank Transfer
361,PAY000361,20250329,193,415.86,SADAD
362,PAY000362,20250429,193,722.04,Bank Transfer
363,PAY000363,20251017,194,11958.27,Cash
364,PAY000364,20230219,195,3538.96,SADAD
365,PAY000365,20250415,196,49470.5,Credit Card
366,PAY000366,20250121,197,7215.03,SADAD
367,PAY000367,20250218,197,7172.96,Cash
368,PAY000368,20240106,198,6218.51,Bank Transfer
369,PAY000369,20260617,199,1542.16,Cash
370,PAY000370,20230712,200,39809.55,Cash
371,PAY000371,20230810,200,29030.97,Bank Transfer
372,PAY000372,20240714,201,21306.44,Cash
373,PAY000373,20221029,202,20778.2,SADAD
374,PAY000374,20250121,203,25888.62,SADAD
375,PAY000375,20231021,204,21873.11,SADAD
376,PAY000376,20240818,205,1386.25,Credit Card
377,PAY000377,20241113,206,45.57,Credit Card
378,PAY000378,20241211,206,41.04,Credit Card
379,PAY000379,20250113,206,295.22,Credit Card
380,PAY000380,20250212,206,30.27,SADAD
381,PAY000381,20250119,207,17680.11,Credit Card
382,PAY000382,20250830,208,5559.5,Bank Transfer
383,PAY000383,20240724,209,111.97,Bank Transfer
384,PAY000384,20240823,209,807.91,Cash
385,PAY000385,20240923,209,260.7,Bank Transfer
386,PAY000386,20241021,209,152.06,Credit Card
387,PAY000387,20240827,210,6811.29,Bank Transfer
388,PAY000388,20251009,211,1843.07,Bank Transfer
389,PAY000389,20250927,212,29270.77,SADAD
390,PAY000390,20251122,213,1260.32,Bank Transfer
391,PAY000391,20231111,214,21557.72,SADAD
392,PAY000392,20250916,215,14321.92,Cash
393,PAY000393,20260109,216,6288.94,Cash
394,PAY000394,20240728,217,49.84,Credit Card
395,PAY000395,20240825,217,1683.67,Credit Card
396,PAY000396,20240414,218,812.75,Credit Card
397,PAY000397,20240514,218,1626.82,Bank Transfer
398,PAY000398,20240401,219,20387.88,SADAD
399,PAY000399,20240505,219,5421.27,Credit Card
400,PAY000400,20260212,220,27862.89,SADAD
401,PAY000401,20250417,221,1292.61,SADAD
402,PAY000402,20250516,221,1040.17,Credit Card
403,PAY000403,20250616,221,340.76,Credit Card
404,PAY000404,20250717,221,578.32,Cash
405,PAY000405,20260629,222,1337.58,Cash
406,PAY000406,20260731,222,1604.91,Bank Transfer
407,PAY000407,20231018,223,13731.09,Cash
408,PAY000408,20231117,223,25410.42,Credit Card
409,PAY000409,20240713,224,1156.1,Credit Card
410,PAY000410,20240809,224,154.6,Credit Card
411,PAY000411,20240911,224,709.37,Credit Card
412,PAY000412,20241008,224,3980.09,Credit Card
413,PAY000413,20230701,225,1797.14,SADAD
414,PAY000414,20250711,226,8272.34,Credit Card
415,PAY000415,20230326,227,1180.02,SADAD
416,PAY000416,20260315,228,301.09,SADAD
417,PAY000417,20260409,228,2030.94,Bank Transfer
418,PAY000418,20260104,229,25986.13,Cash
419,PAY000419,20260130,229,38444.31,Bank Transfer
420,PAY000420,20260303,229,24493.94,Cash
421,PAY000421,20260401,229,88099.88,Cash
422,PAY000422,20250412,230,8364.3,Cash
423,PAY000423,20240621,231,22419.38,Cash
424,PAY000424,20250120,232,2100.86,SADAD
425,PAY000425,20240717,233,1886.35,Credit Card
426,PAY000426,20240816,233,21089.76,Cash
427,PAY000427,20240912,233,28055.24,Bank Transfer
428,PAY000428,20241011,233,2236.98,Cash
429,PAY000429,20250626,234,1203.3,Credit Card
430,PAY000430,20250729,234,2149.97,SADAD
431,PAY000431,20250612,235,5368.96,Cash
432,PAY000432,20240828,236,46652.27,Credit Card
433,PAY000433,20250823,237,10587.15,Bank Transfer
434,PAY000434,20231220,238,2011.14,Cash
435,PAY000435,20260419,239,1468.68,Bank Transfer
436,PAY000436,20260520,239,1787.87,Bank Transfer
437,PAY000437,20260623,239,5186.64,SADAD
438,PAY000438,20260723,239,2227.13,Bank Transfer
439,PAY000439,20220506,240,13253.24,Bank Transfer
440,PAY000440,20231122,241,8342.73,Bank Transfer
441,PAY000441,20260427,242,2486.76,Bank Transfer
442,PAY000442,20250124,243,2996.32,Credit Card
443,PAY000443,20250220,243,6556.46,Credit Card
444,PAY000444,20250629,244,8030.62,SADAD
445,PAY000445,20251018,245,9341.96,SADAD
446,PAY000446,20251114,245,15018.05,SADAD
447,PAY000447,20221123,246,8773.66,SADAD
448,PAY000448,20240229,247,1648.58,Cash
449,PAY000449,20240403,247,1377.59,SADAD
450,PAY000450,20240430,247,1964.52,Cash
451,PAY000451,20240601,247,1336.36,Bank Transfer
452,PAY000452,20230115,248,2752.81,Credit Card
453,PAY000453,20231027,249,2130.77,Cash
454,PAY000454,20260305,250,819.97,Bank Transfer
455,PAY000455,20260405,250,12160.77,Cash
456,PAY000456,20240711,251,560.7,Credit Card
457,PAY000457,20240810,251,2660.4,SADAD
458,PAY000458,20250315,252,205.87,Cash
459,PAY000459,20240528,253,9146.5,Credit Card
460,PAY000460,20240628,253,34523.2,Cash
461,PAY000461,20260110,254,14393.41,Credit Card
462,PAY000462,20240826,255,2204.26,Bank Transfer
463,PAY000463,20221224,256,10758.24,Bank Transfer
464,PAY000464,20240819,257,8178.47,SADAD
465,PAY000465,20250901,258,8710.95,Bank Transfer
466,PAY000466,20251002,258,10079.59,SADAD
467,PAY000467,20240502,259,6384.25,SADAD
468,PAY000468,20221208,260,594.63,SADAD
469,PAY000469,20230108,260,43.57,SADAD
470,PAY000470,20230205,260,738.85,SADAD
471,PAY000471,20230311,260,300.27,Credit Card
472,PAY000472,20250102,261,21025.02,Bank Transfer
473,PAY000473,20241214,262,14318.52,Cash
474,PAY000474,20250723,263,3711.16,Credit Card
475,PAY000475,20250824,263,8618.07,Credit Card
476,PAY000476,20251123,264,336.94,Credit Card
477,PAY000477,20251218,264,87.27,Bank Transfer
478,PAY000478,20260120,264,521.35,Credit Card
479,PAY000479,20260220,264,105.76,Cash
480,PAY000480,20240804,265,121.3,Credit Card
481,PAY000481,20240901,265,4854.91,Bank Transfer
482,PAY000482,20250724,266,3692.34,Credit Card
483,PAY000483,20260619,267,1613.84,Bank Transfer
484,PAY000484,20220916,268,24110.47,SADAD
485,PAY000485,20240824,269,3524.46,Bank Transfer
486,PAY000486,20240925,269,1755.01,SADAD
487,PAY000487,20241022,269,2223.9,Bank Transfer
488,PAY000488,20241121,269,949.39,Credit Card
489,PAY000489,20250510,270,20977.26,Bank Transfer
490,PAY000490,20260305,271,7391.61,SADAD
491,PAY000491,20220922,272,36016.18,SADAD
492,PAY000492,20241224,273,541.07,Cash
493,PAY000493,20250122,273,394.79,Credit Card
494,PAY000494,20250224,273,104.18,Cash
495,PAY000495,20250324,273,557.77,Credit Card
496,PAY000496,20231015,274,1598.07,Bank Transfer
497,PAY000497,20231115,274,10031.2,SADAD
498,PAY000498,20231001,275,1215.14,Cash
499,PAY000499,20241023,276,4675.96,Bank Transfer
500,PAY000500,20260520,277,11000.23,Credit Card
501,PAY000501,20250522,278,11966.65,Credit Card
502,PAY000502,20250623,278,33782.77,SADAD
503,PAY000503,20250723,278,113554.29,SADAD
504,PAY000504,20250821,278,49010.65,Bank Transfer
505,PAY000505,20250217,279,1458.36,Bank Transfer
506,PAY000506,20240817,280,8851.97,Cash
507,PAY000507,20240307,281,2983.84,Credit Card
508,PAY000508,20240405,281,2616.39,Credit Card
509,PAY000509,20230619,282,24755.71,Bank Transfer
510,PAY000510,20240202,283,6881.98,Credit Card
511,PAY000511,20250831,284,10483.21,Credit Card
512,PAY000512,20250306,285,4162.47,Bank Transfer
513,PAY000513,20241203,286,9310.23,SADAD
514,PAY000514,20240816,287,1349.35,Bank Transfer
515,PAY000515,20241123,288,4989.04,Bank Transfer
516,PAY000516,20250812,289,10722.07,SADAD
517,PAY000517,20251208,290,2036.71,Bank Transfer
518,PAY000518,20231209,291,945.99,SADAD
519,PAY000519,20240109,291,1615.04,Cash
520,PAY000520,20240210,291,62.06,Credit Card
521,PAY000521,20240309,291,636.73,Cash
522,PAY000522,20250424,292,22275.45,Credit Card
523,PAY000523,20250423,293,66955.07,Bank Transfer
524,PAY000524,20251126,294,93.0,Credit Card
525,PAY000525,20251228,294,144.01,SADAD
526,PAY000526,20260124,294,172.17,Bank Transfer
527,PAY000527,20260223,294,357.34,Credit Card
528,PAY000528,20260512,295,6472.03,SADAD
529,PAY000529,20240707,296,14077.13,Bank Transfer
530,PAY000530,20240809,296,814.65,SADAD
531,PAY000531,20241121,297,3350.3,Cash
532,PAY000532,20241220,297,298.29,SADAD
533,PAY000533,20250120,297,518.23,Bank Transfer
534,PAY000534,20250219,297,3917.99,Cash
535,PAY000535,20240405,298,496.59,Credit Card
536,PAY000536,20240502,298,482.17,Cash
537,PAY000537,20240531,298,80.97,Cash
538,PAY000538,20240702,298,1256.96,SADAD
539,PAY000539,20241112,299,39097.58,Bank Transfer
540,PAY000540,20240426,300,5193.64,Cash
541,PAY000541,20240526,300,13262.27,SADAD
542,PAY000542,20240627,300,9209.64,Bank Transfer
543,PAY000543,20240727,300,9476.47,Credit Card
544,PAY000544,20231018,301,1198.56,Bank Transfer
545,PAY000545,20250912,302,968.08,Bank Transfer
546,PAY000546,20251011,302,725.51,Credit Card
547,PAY000547,20231112,303,4746.91,Bank Transfer
548,PAY000548,20231216,303,2421.56,Bank Transfer
549,PAY000549,20250121,304,4181.33,Cash
550,PAY000550,20241124,305,12206.56,SADAD
551,PAY000551,20241227,305,19681.62,Bank Transfer
552,PAY000552,20240510,306,6712.76,Credit Card
553,PAY000553,20240922,307,8230.03,Bank Transfer
554,PAY000554,20220906,308,2911.92,SADAD
555,PAY000555,20221007,308,526.31,Bank Transfer
556,PAY000556,20221105,308,1011.61,SADAD
557,PAY000557,20221206,308,1810.99,Bank Transfer
558,PAY000558,20230925,309,22356.29,Credit Card
559,PAY000559,20231028,309,32952.71,Credit Card
560,PAY000560,20231126,309,11006.34,Bank Transfer
561,PAY000561,20231228,309,750.0,SADAD
562,PAY000562,20241112,310,1698.98,Bank Transfer
563,PAY000563,20241212,310,6143.57,Bank Transfer
564,PAY000564,20231229,311,3448.47,SADAD
565,PAY000565,20231221,312,10443.57,SADAD
566,PAY000566,20251128,313,7030.18,Credit Card
567,PAY000567,20221001,314,3309.09,Bank Transfer
568,PAY000568,20221027,314,720.33,SADAD
569,PAY000569,20221129,314,2541.09,Credit Card
570,PAY000570,20221226,314,817.11,Bank Transfer
571,PAY000571,20230429,315,4714.45,Cash
572,PAY000572,20231207,316,12104.7,Cash
573,PAY000573,20240107,316,1447.92,SADAD
574,PAY000574,20240628,317,2390.8,SADAD
575,PAY000575,20240726,317,235.47,Cash
576,PAY000576,20230625,318,582.38,Bank Transfer
577,PAY000577,20230723,318,1553.56,Cash
578,PAY000578,20240527,319,2417.35,Bank Transfer
579,PAY000579,20230119,320,11346.85,SADAD
580,PAY000580,20230217,320,4193.73,Cash
581,PAY000581,20230319,320,11433.2,SADAD
582,PAY000582,20230415,320,4688.4,Bank Transfer
583,PAY000583,20230505,321,8603.03,Credit Card
584,PAY000584,20230506,322,8423.43,Cash
585,PAY000585,20230605,322,2755.2,SADAD
586,PAY000586,20230701,322,26164.21,Credit Card
587,PAY000587,20230803,322,1467.98,Bank Transfer
588,PAY000588,20260223,323,1736.0,Cash
589,PAY000589,20260327,323,94.87,SADAD
590,PAY000590,20260426,323,645.19,SADAD
591,PAY000591,20260528,323,1580.81,Bank Transfer
592,PAY000592,20260112,324,15606.04,SADAD
593,PAY000593,20230608,325,180.88,Cash
594,PAY000594,20230707,325,1525.72,SADAD
595,PAY000595,20241205,326,30370.06,Cash
596,PAY000596,20260528,327,11430.76,SADAD
597,PAY000597,20241126,328,1900.66,Credit Card
598,PAY000598,20260101,329,37000.28,Credit Card
599,PAY000599,20260220,330,1790.63,Credit Card
600,PAY000600,20260322,330,5173.05,Cash
601,PAY000601,20240504,331,1978.36,Credit Card
602,PAY000602,20240602,331,9868.34,SADAD
603,PAY000603,20241219,332,4146.46,SADAD
604,PAY000604,20250911,333,9346.8,Bank Transfer
605,PAY000605,20221027,334,10733.23,Cash
606,PAY000606,20250315,335,1569.99,SADAD
607,PAY000607,20260317,336,3147.67,Credit Card
608,PAY000608,20260418,336,234.04,Cash
609,PAY000609,20260515,336,200.65,Bank Transfer
610,PAY000610,20260615,336,928.84,Credit Card
611,PAY000611,20231011,337,159756.58,Cash
612,PAY000612,20251029,338,1539.22,Bank Transfer
613,PAY000613,20230708,339,10556.4,SADAD
614,PAY000614,20230805,339,4540.07,Credit Card
615,PAY000615,20250714,340,8146.47,Cash
616,PAY000616,20240716,341,401.46,SADAD
617,PAY000617,20240812,341,186.54,Cash
618,PAY000618,20240912,341,2464.31,Cash
619,PAY000619,20241013,341,66.77,Bank Transfer
620,PAY000620,20220609,342,5911.52,SADAD
621,PAY000621,20250208,343,1666.82,Bank Transfer
622,PAY000622,20230813,344,4923.53,Credit Card
623,PAY000623,20260306,345,12024.43,Credit Card
624,PAY000624,20231226,346,2708.89,Cash
625,PAY000625,20240129,346,4050.36,Bank Transfer
626,PAY000626,20240228,346,6874.55,SADAD
627,PAY000627,20240328,346,5653.56,SADAD
628,PAY000628,20260110,347,1527.14,Bank Transfer
629,PAY000629,20260212,347,1446.56,Bank Transfer
630,PAY000630,20260311,347,4877.36,SADAD
631,PAY000631,20260410,347,1105.46,Bank Transfer
632,PAY000632,20221011,348,9979.25,Cash
633,PAY000633,20250728,349,4378.75,Credit Card
634,PAY000634,20250913,350,1235.57,Cash
635,PAY000635,20250127,351,9438.9,Bank Transfer
636,PAY000636,20250228,351,4742.47,Bank Transfer
637,PAY000637,20220624,352,3986.51,Bank Transfer
638,PAY000638,20220721,352,12293.3,Cash
639,PAY000639,20220822,352,2169.74,Bank Transfer
640,PAY000640,20220919,352,508.05,Cash
641,PAY000641,20260116,353,2104.51,Credit Card
642,PAY000642,20240531,354,249.25,Bank Transfer
643,PAY000643,20240701,354,132.35,SADAD
644,PAY000644,20240801,354,1120.33,Cash
645,PAY000645,20240831,354,525.68,SADAD
646,PAY000646,20231205,355,4608.31,Credit Card
647,PAY000647,20250920,356,5344.29,SADAD
648,PAY000648,20240115,357,417.18,SADAD
649,PAY000649,20240212,357,301.86,Cash
650,PAY000650,20240205,358,2001.15,SADAD
651,PAY000651,20230914,359,4410.96,Bank Transfer
652,PAY000652,20240625,360,126.17,Credit Card
653,PAY000653,20240727,360,110.71,Cash
654,PAY000654,20230914,361,14613.67,Bank Transfer
655,PAY000655,20240727,362,2412.92,SADAD
656,PAY000656,20240830,362,387.28,Bank Transfer
657,PAY000657,20240927,362,866.61,SADAD
658,PAY000658,20241025,362,642.56,Credit Card
659,PAY000659,20240606,363,2360.77,Credit Card
660,PAY000660,20251124,364,1515.8,Credit Card
661,PAY000661,20251224,364,361.73,Bank Transfer
662,PAY000662,20260120,364,1218.8,Bank Transfer
663,PAY000663,20260221,364,2480.2,SADAD
664,PAY000664,20260206,365,1622.19,Credit Card
665,PAY000665,20221210,366,5590.74,Bank Transfer
666,PAY000666,20250926,367,602.3,Bank Transfer
667,PAY000667,20251027,367,1287.37,Bank Transfer
668,PAY000668,20230916,368,3976.61,SADAD
669,PAY000669,20230728,369,70968.64,Credit Card
670,PAY000670,20240125,370,20440.25,Bank Transfer
671,PAY000671,20250810,371,46.78,Cash
672,PAY000672,20250910,371,2244.27,Bank Transfer
673,PAY000673,20250310,372,6979.9,SADAD
674,PAY000674,20250408,372,4664.87,SADAD
675,PAY000675,20260507,373,1650.76,Credit Card
676,PAY000676,20260602,373,46.67,Credit Card
677,PAY000677,20250402,374,391.57,Credit Card
678,PAY000678,20250504,374,763.36,Bank Transfer
679,PAY000679,20250602,374,72.79,Cash
680,PAY000680,20250701,374,385.03,Bank Transfer
681,PAY000681,20260118,375,662.59,Bank Transfer
682,PAY000682,20260216,375,1566.05,SADAD
683,PAY000683,20240311,376,1344.06,Cash
684,PAY000684,20240408,376,1685.73,Cash
685,PAY000685,20240510,376,407.17,Credit Card
686,PAY000686,20240605,376,583.2,Cash
687,PAY000687,20230715,377,1085.08,Cash
688,PAY000688,20241103,378,1393.75,Bank Transfer
689,PAY000689,20230602,379,7.92,Bank Transfer
690,PAY000690,20230703,379,3614.41,Bank Transfer
691,PAY000691,20250409,380,7398.39,Credit Card
692,PAY000692,20250508,380,3563.81,Cash
693,PAY000693,20250607,380,11270.54,SADAD
694,PAY000694,20250704,380,13706.82,Cash
695,PAY000695,20250620,381,2156.22,Bank Transfer
696,PAY000696,20250912,382,626.88,Cash
697,PAY000697,20251012,382,1534.23,SADAD
698,PAY000698,20230219,383,15402.7,Cash
699,PAY000699,20260124,384,182.44,Credit Card
700,PAY000700,20260223,384,4878.7,Bank Transfer
701,PAY000701,20250912,385,3391.83,Bank Transfer
702,PAY000702,20251009,385,2991.78,Bank Transfer
703,PAY000703,20220721,386,25747.1,Bank Transfer
704,PAY000704,20220823,386,3688.73,Cash
705,PAY000705,20230907,387,8452.02,Credit Card
706,PAY000706,20231010,387,10274.52,Cash
707,PAY000707,20240103,388,20025.1,Cash
708,PAY000708,20240206,388,33191.04,SADAD
709,PAY000709,20230519,389,663.06,SADAD
710,PAY000710,20260610,390,1724.58,Cash
711,PAY000711,20260709,390,1472.31,Cash
712,PAY000712,20260805,390,545.47,Credit Card
713,PAY000713,20240518,391,27675.87,SADAD
714,PAY000714,20240619,391,141.23,SADAD
715,PAY000715,20231019,392,26343.22,Cash
716,PAY000716,20251215,393,9060.94,Credit Card
717,PAY000717,20250511,394,711.68,SADAD
718,PAY000718,20250611,394,891.29,Credit Card
719,PAY000719,20250709,394,3975.81,Bank Transfer
720,PAY000720,20250807,394,17778.2,Credit Card
721,PAY000721,20260310,395,4436.17,Bank Transfer
722,PAY000722,20260409,395,4028.51,Credit Card
723,PAY000723,20260513,395,650.03,SADAD
724,PAY000724,20260610,395,1515.7,SADAD
725,PAY000725,20250513,396,2052.47,Cash
726,PAY000726,20250611,396,912.87,SADAD
727,PAY000727,20240507,397,16967.15,Bank Transfer
728,PAY000728,20230819,398,196.57,SADAD
729,PAY000729,20230923,398,1518.53,Bank Transfer
730,PAY000730,20231019,398,5961.31,Bank Transfer
731,PAY000731,20231117,398,595.3,SADAD
732,PAY000732,20230321,399,1150.17,SADAD
733,PAY000733,20250518,400,7828.07,Bank Transfer
734,PAY000734,20240328,401,14892.24,SADAD
735,PAY000735,20240428,401,2784.84,SADAD
736,PAY000736,20240527,401,187.61,SADAD
737,PAY000737,20240625,401,7582.4,Bank Transfer
738,PAY000738,20250621,402,40814.99,Bank Transfer
739,PAY000739,20250718,402,30108.43,Credit Card
740,PAY000740,20241005,403,20477.59,Credit Card
741,PAY000741,20250505,404,3622.56,Cash
742,PAY000742,20250603,404,2612.25,Credit Card
743,PAY000743,20250502,405,39492.83,Credit Card
744,PAY000744,20230518,406,20120.81,Bank Transfer
745,PAY000745,20260106,407,1718.15,Bank Transfer
746,PAY000746,20260206,407,124.22,Bank Transfer
747,PAY000747,20231015,408,8870.9,Credit Card
748,PAY000748,20231114,408,757.86,Cash
749,PAY000749,20220826,409,23.35,Bank Transfer
750,PAY000750,20220924,409,591.21,SADAD
751,PAY000751,20220829,410,1072.74,Bank Transfer
752,PAY000752,20220926,410,1520.5,Cash
753,PAY000753,20240803,411,26182.06,Credit Card
754,PAY000754,20240902,411,25097.93,Bank Transfer
755,PAY000755,20250501,412,1861.68,Credit Card
756,PAY000756,20250527,412,3339.92,Credit Card
757,PAY000757,20230309,413,13220.42,SADAD
758,PAY000758,20221004,414,1202.68,SADAD
759,PAY000759,20260216,415,1436.61,Cash
760,PAY000760,20260318,415,12254.51,Bank Transfer
761,PAY000761,20260419,415,14592.65,SADAD
762,PAY000762,20260519,415,704.52,Credit Card
763,PAY000763,20251014,416,473.88,Cash
764,PAY000764,20251117,416,810.07,SADAD
765,PAY000765,20251216,416,4075.4,Bank Transfer
766,PAY000766,20260115,416,1203.02,Cash
767,PAY000767,20250604,417,10325.57,SADAD
768,PAY000768,20230607,418,55900.25,Cash
769,PAY000769,20241201,419,8349.65,SADAD
770,PAY000770,20240722,420,4769.17,SADAD
771,PAY000771,20240818,420,3499.23,Credit Card
772,PAY000772,20260417,421,1401.87,SADAD
773,PAY000773,20221230,422,937.59,Credit Card
774,PAY000774,20230129,422,1484.93,SADAD
775,PAY000775,20230430,423,2206.65,Bank Transfer
776,PAY000776,20220926,424,412.53,Credit Card
777,PAY000777,20221030,424,616.3,Bank Transfer
778,PAY000778,20221128,424,121.82,Bank Transfer
779,PAY000779,20221225,424,31.35,Credit Card
780,PAY000780,20230111,425,10575.62,Bank Transfer
781,PAY000781,20260622,426,5035.05,Bank Transfer
782,PAY000782,20260721,426,2210.38,Bank Transfer
783,PAY000783,20260820,426,1094.21,Cash
784,PAY000784,20230422,427,1347.24,Credit Card
785,PAY000785,20230522,427,16167.28,SADAD
786,PAY000786,20260419,428,8458.22,Credit Card
787,PAY000787,20250330,429,11402.87,Cash
788,PAY000788,20260518,430,35.6,Bank Transfer
789,PAY000789,20260619,430,829.32,Credit Card
790,PAY000790,20260402,431,3108.21,Bank Transfer
791,PAY000791,20260504,431,910.65,Bank Transfer
792,PAY000792,20250513,432,910.75,Bank Transfer
793,PAY000793,20250707,433,2310.16,SADAD
794,PAY000794,20251130,434,6022.07,Bank Transfer
795,PAY000795,20250329,435,1246.57,Cash
796,PAY000796,20250425,435,352.44,Cash
797,PAY000797,20250530,435,2395.46,Cash
798,PAY000798,20250627,435,58.43,Cash
799,PAY000799,20250206,436,229.37,Bank Transfer
800,PAY000800,20250311,436,494.72,Cash
801,PAY000801,20250408,436,1581.69,Bank Transfer
802,PAY000802,20250508,436,385.37,SADAD
803,PAY000803,20260324,437,3885.81,SADAD
804,PAY000804,20250708,438,5136.22,SADAD
805,PAY000805,20250810,438,7240.26,Credit Card
806,PAY000806,20230801,439,41667.34,SADAD
807,PAY000807,20240417,440,1758.49,Cash
808,PAY000808,20240514,440,1251.35,SADAD
809,PAY000809,20240822,441,9554.99,SADAD
810,PAY000810,20230731,442,12109.04,Cash
811,PAY000811,20250702,443,23880.84,Cash
812,PAY000812,20260130,444,385.93,Cash
813,PAY000813,20260227,444,706.22,Bank Transfer
814,PAY000814,20260330,444,6248.66,SADAD
815,PAY000815,20260428,444,635.8,SADAD
816,PAY000816,20220527,445,4889.93,Cash
817,PAY000817,20220630,445,1764.22,Credit Card
818,PAY000818,20220727,445,8861.17,Bank Transfer
819,PAY000819,20220825,445,15671.21,Credit Card
820,PAY000820,20231230,446,5801.47,Bank Transfer
821,PAY000821,20241117,447,15723.24,SADAD
822,PAY000822,20241213,447,3525.3,Cash
823,PAY000823,20241219,448,19918.0,SADAD
824,PAY000824,20250817,449,11173.36,Cash
825,PAY000825,20250129,450,1072.14,Bank Transfer
826,PAY000826,20250302,450,938.66,SADAD
827,PAY000827,20250404,450,1077.25,Cash
828,PAY000828,20250503,450,4445.23,Credit Card
829,PAY000829,20230428,451,3529.67,Credit Card
830,PAY000830,20241028,452,23342.55,Credit Card
831,PAY000831,20240517,453,6102.03,Credit Card
832,PAY000832,20260211,454,4553.3,Cash
833,PAY000833,20251009,455,8607.66,SADAD
834,PAY000834,20240817,456,2768.62,Credit Card
835,PAY000835,20241006,457,738.51,Credit Card
836,PAY000836,20260412,458,7526.12,Bank Transfer
837,PAY000837,20230521,459,7774.83,Bank Transfer
838,PAY000838,20240906,460,5475.81,SADAD
839,PAY000839,20241011,460,102.33,Cash
840,PAY000840,20241007,461,51858.79,Bank Transfer
841,PAY000841,20250813,462,7669.01,Cash
842,PAY000842,20231104,463,63150.96,Bank Transfer
843,PAY000843,20260626,464,19.86,Credit Card
844,PAY000844,20260726,464,1776.3,SADAD
845,PAY000845,20240429,465,2065.12,Credit Card
846,PAY000846,20260303,466,3110.29,Bank Transfer
847,PAY000847,20260401,466,1020.54,Cash
848,PAY000848,20260501,466,847.63,Bank Transfer
849,PAY000849,20260605,466,1192.77,Credit Card
850,PAY000850,20251117,467,27080.55,SADAD
851,PAY000851,20250825,468,161.48,Cash
852,PAY000852,20250922,468,840.62,Bank Transfer
853,PAY000853,20251021,468,616.88,Credit Card
854,PAY000854,20251120,468,550.68,SADAD
855,PAY000855,20230319,469,10913.23,SADAD
856,PAY000856,20240709,470,1891.21,Cash
857,PAY000857,20240805,470,22124.24,Credit Card
858,PAY000858,20221226,471,306.52,SADAD
859,PAY000859,20230123,471,181.18,Bank Transfer
860,PAY000860,20230222,471,3436.68,SADAD
861,PAY000861,20230325,471,2406.74,Bank Transfer
862,PAY000862,20250505,472,8506.42,Bank Transfer
863,PAY000863,20230815,473,699.47,Cash
864,PAY000864,20230327,474,4119.94,Cash
865,PAY000865,20221210,475,2686.35,SADAD
866,PAY000866,20230112,475,6091.78,SADAD
867,PAY000867,20220913,476,122.1,Bank Transfer
868,PAY000868,20221015,476,21410.75,Credit Card
869,PAY000869,20221114,476,6940.14,Credit Card
870,PAY000870,20221214,476,1855.11,SADAD
871,PAY000871,20260619,477,3992.15,Credit Card
872,PAY000872,20240103,478,811.87,Cash
873,PAY000873,20221213,479,13235.54,SADAD
874,PAY000874,20251113,480,5482.03,SADAD
875,PAY000875,20241114,481,22204.19,SADAD
876,PAY000876,20221107,482,6346.0,Credit Card
877,PAY000877,20221207,482,15941.95,Cash
878,PAY000878,20240706,483,5949.95,Credit Card
879,PAY000879,20230811,484,178.85,Bank Transfer
880,PAY000880,20260609,485,1676.96,SADAD
881,PAY000881,20241029,486,78.48,Bank Transfer
882,PAY000882,20241130,486,4406.56,Cash
883,PAY000883,20241016,487,6154.29,Cash
884,PAY000884,20241116,487,14756.56,Cash
885,PAY000885,20241009,488,743.65,SADAD
886,PAY000886,20251015,489,19805.17,Credit Card
887,PAY000887,20251010,490,1808.31,Credit Card
888,PAY000888,20260317,491,5745.21,SADAD
889,PAY000889,20260414,491,622.61,Bank Transfer
890,PAY000890,20260518,491,371.53,Bank Transfer
891,PAY000891,20260612,491,1641.8,Bank Transfer
892,PAY000892,20240825,492,1966.52,SADAD
893,PAY000893,20260113,493,5472.45,SADAD
894,PAY000894,20230219,494,13164.04,Bank Transfer
895,PAY000895,20230223,495,3808.58,SADAD
896,PAY000896,20230329,495,376.72,SADAD
897,PAY000897,20241125,496,805.82,Credit Card
898,PAY000898,20241225,496,1397.11,Bank Transfer
899,PAY000899,20240324,497,12470.27,Cash
900,PAY000900,20240422,497,1986.38,SADAD
901,PAY000901,20260619,498,7935.61,Bank Transfer
902,PAY000902,20250218,499,7444.46,Bank Transfer
903,PAY000903,20240713,500,1845.08,Bank Transfer
904,PAY000904,20240813,500,651.6,SADAD
905,PAY000905,20240908,500,778.72,Credit Card
906,PAY000906,20241010,500,155.67,Bank Transfer
907,PAY000907,20251218,501,1467.67,Credit Card
908,PAY000908,20260116,501,80.93,Credit Card
909,PAY000909,20240323,502,2986.13,Cash
910,PAY000910,20240422,502,340.65,SADAD
911,PAY000911,20240808,503,1265.48,Credit Card
912,PAY000912,20240908,503,35.42,SADAD
913,PAY000913,20241008,503,4337.33,Credit Card
914,PAY000914,20241108,503,619.5,Cash
915,PAY000915,20231114,504,2218.68,Bank Transfer
916,PAY000916,20231212,504,3357.1,SADAD
917,PAY000917,20240719,505,2539.88,Bank Transfer
918,PAY000918,20240821,505,645.15,Bank Transfer
919,PAY000919,20230921,506,424.6,Cash
920,PAY000920,20231023,506,193.51,Bank Transfer
921,PAY000921,20260313,507,13874.28,SADAD
922,PAY000922,20220606,508,3624.69,Cash
923,PAY000923,20260616,509,364.46,Credit Card
924,PAY000924,20260717,509,5599.77,Bank Transfer
925,PAY000925,20260814,509,4610.95,Credit Card
926,PAY000926,20251214,510,1156.32,Bank Transfer
927,PAY000927,20260110,510,472.53,Cash
928,PAY000928,20260213,510,394.06,Cash
929,PAY000929,20260316,510,337.29,SADAD
930,PAY000930,20250425,511,5862.17,Cash
931,PAY000931,20260728,512,5098.45,SADAD
932,PAY000932,20250928,513,4645.86,Credit Card
933,PAY000933,20230614,514,922.09,Credit Card
934,PAY000934,20250917,515,2033.69,Cash
935,PAY000935,20231203,516,4845.56,Cash
936,PAY000936,20240104,516,1564.32,Bank Transfer
937,PAY000937,20230920,517,6252.28,Bank Transfer
938,PAY000938,20250504,518,168.03,Cash
939,PAY000939,20250602,518,1223.45,Cash
940,PAY000940,20250523,519,1037.79,Cash
941,PAY000941,20230404,520,120.71,SADAD
942,PAY000942,20230506,520,223.8,Cash
943,PAY000943,20230602,520,1258.21,Cash
944,PAY000944,20230703,520,609.29,Credit Card
945,PAY000945,20250327,521,2607.24,SADAD
946,PAY000946,20250430,521,1772.71,Bank Transfer
947,PAY000947,20250526,521,2621.22,Credit Card
948,PAY000948,20250626,521,624.68,Credit Card
949,PAY000949,20230110,522,10787.88,Bank Transfer
950,PAY000950,20230207,522,1060.7,Cash
951,PAY000951,20230522,523,2784.56,Cash
952,PAY000952,20240127,524,7837.73,SADAD
953,PAY000953,20260625,525,7192.54,Bank Transfer
954,PAY000954,20231028,526,2372.56,Bank Transfer
955,PAY000955,20241018,527,18891.91,Cash
956,PAY000956,20250111,528,917.2,Credit Card
957,PAY000957,20250207,528,2047.1,Credit Card
958,PAY000958,20221106,529,14269.85,Bank Transfer
959,PAY000959,20260427,530,7008.33,SADAD
960,PAY000960,20240828,531,19097.42,Cash
961,PAY000961,20241016,532,16629.48,SADAD
962,PAY000962,20250330,533,5645.3,Cash
963,PAY000963,20250819,534,10714.14,SADAD
964,PAY000964,20241206,535,15377.46,SADAD
965,PAY000965,20250107,535,8777.14,Bank Transfer
966,PAY000966,20251017,536,1482.27,Bank Transfer
967,PAY000967,20251120,536,3687.06,Bank Transfer
968,PAY000968,20231112,537,6995.24,SADAD
969,PAY000969,20231209,538,15300.88,Bank Transfer
970,PAY000970,20220922,539,726.3,Credit Card
971,PAY000971,20221022,539,5809.79,Cash
972,PAY000972,20250326,540,2260.3,Cash
973,PAY000973,20240301,541,2675.03,SADAD
974,PAY000974,20230506,542,6721.04,SADAD
975,PAY000975,20230604,542,63.12,Cash
976,PAY000976,20250712,543,990.13,Cash
977,PAY000977,20240424,544,8764.03,Credit Card
978,PAY000978,20240107,545,16980.89,Bank Transfer
979,PAY000979,20260410,546,38705.57,Cash
980,PAY000980,20240616,547,5518.12,Cash
981,PAY000981,20240927,548,539.1,Bank Transfer
982,PAY000982,20241023,548,2519.96,Credit Card
983,PAY000983,20250517,549,19022.79,Credit Card
984,PAY000984,20250523,550,1080.89,Cash
985,PAY000985,20250110,551,9976.0,Bank Transfer
986,PAY000986,20250506,552,23206.38,SADAD
987,PAY000987,20260517,553,4247.09,Credit Card
988,PAY000988,20260614,553,18286.0,Credit Card
989,PAY000989,20230127,554,1059.84,Cash
990,PAY000990,20250706,555,3362.82,Bank Transfer
991,PAY000991,20260217,556,5286.27,Bank Transfer
992,PAY000992,20260319,556,261.48,Credit Card
993,PAY000993,20260419,556,895.58,Bank Transfer
994,PAY000994,20260518,556,146.09,Bank Transfer
995,PAY000995,20221110,557,8636.18,Cash
996,PAY000996,20250303,558,121.47,Cash
997,PAY000997,20250401,558,1571.65,Cash
998,PAY000998,20231230,559,179.5,SADAD
999,PAY000999,20240128,559,1727.52,SADAD
1000,PAY001000,20241014,560,1725.57,Credit Card
1001,PAY001001,20241113,560,18634.78,Bank Transfer
1002,PAY001002,20241215,560,6490.13,Cash
1003,PAY001003,20250113,560,18524.42,Credit Card
1004,PAY001004,20231204,561,1911.12,Credit Card
1005,PAY001005,20240105,561,10154.82,Bank Transfer
1006,PAY001006,20260227,562,4707.01,Credit Card
1007,PAY001007,20241208,563,194.35,Cash
1008,PAY001008,20250104,563,1254.38,Cash
1009,PAY001009,20250204,563,75.4,Cash
1010,PAY001010,20250310,563,642.88,Bank Transfer
1011,PAY001011,20250630,564,4909.63,SADAD
1012,PAY001012,20250801,564,360.1,Bank Transfer
1013,PAY001013,20240202,565,9644.41,Credit Card
1014,PAY001014,20260308,566,7332.49,Bank Transfer
1015,PAY001015,20250103,567,2146.84,Credit Card
1016,PAY001016,20240418,568,1074.92,Credit Card
1017,PAY001017,20260725,569,21571.11,SADAD
1018,PAY001018,20241024,570,1341.95,Cash
1019,PAY001019,20241123,570,3331.47,Credit Card
1020,PAY001020,20241222,570,188.35,Bank Transfer
1021,PAY001021,20250122,570,405.65,SADAD
1022,PAY001022,20231221,571,280.53,Credit Card
1023,PAY001023,20241004,572,7941.13,SADAD
1024,PAY001024,20260222,573,2349.43,Cash
1025,PAY001025,20260323,573,2444.65,Cash
1026,PAY001026,20240804,574,6045.77,Bank Transfer
1027,PAY001027,20240903,574,2909.0,Cash
1028,PAY001028,20241003,574,8595.0,SADAD
1029,PAY001029,20241029,574,4186.87,Cash
1030,PAY001030,20231120,575,758.75,Cash
1031,PAY001031,20260416,576,4261.47,Credit Card
1032,PAY001032,20260518,576,17415.63,Credit Card
1033,PAY001033,20250908,577,2727.02,SADAD
1034,PAY001034,20251006,577,1656.38,Credit Card
1035,PAY001035,20240602,578,7119.43,Credit Card
1036,PAY001036,20250421,579,2016.44,Bank Transfer
1037,PAY001037,20250520,579,2578.23,SADAD
1038,PAY001038,20250623,579,3369.55,Bank Transfer
1039,PAY001039,20250719,579,137.34,SADAD
1040,PAY001040,20250512,580,3.82,Bank Transfer
1041,PAY001041,20250608,580,74.71,Credit Card
1042,PAY001042,20250708,580,78.87,Bank Transfer
1043,PAY001043,20250807,580,28.58,Cash
1044,PAY001044,20251104,581,1914.94,SADAD
1045,PAY001045,20230505,582,5440.61,SADAD
1046,PAY001046,20230608,582,9715.49,Credit Card
1047,PAY001047,20241018,583,2137.01,Credit Card
1048,PAY001048,20241116,583,283.68,Bank Transfer
1049,PAY001049,20231119,584,25177.49,Bank Transfer
1050,PAY001050,20260109,585,3731.5,SADAD
1051,PAY001051,20240323,586,2729.98,Bank Transfer
1052,PAY001052,20240423,586,878.92,Bank Transfer
1053,PAY001053,20240522,586,10014.44,Cash
1054,PAY001054,20240623,586,21.14,Bank Transfer
1055,PAY001055,20230930,587,487.58,Credit Card
1056,PAY001056,20231103,587,1511.66,Cash
1057,PAY001057,20240219,588,12681.17,Cash
1058,PAY001058,20240316,588,6357.3,Bank Transfer
1059,PAY001059,20241001,589,730.56,Bank Transfer
1060,PAY001060,20230908,590,610.1,SADAD
1061,PAY001061,20230629,591,7248.86,Bank Transfer
1062,PAY001062,20250422,592,136731.9,Credit Card
1063,PAY001063,20240712,593,922.77,Bank Transfer
1064,PAY001064,20250815,594,61903.65,Credit Card
1065,PAY001065,20240713,595,686.28,SADAD
1066,PAY001066,20240810,595,319.19,SADAD
1067,PAY001067,20240909,595,4543.26,Bank Transfer
1068,PAY001068,20241014,595,694.2,Cash
1069,PAY001069,20230807,596,2966.58,SADAD
1070,PAY001070,20230906,596,50.33,Bank Transfer
1071,PAY001071,20250814,597,11078.39,SADAD
1072,PAY001072,20250619,598,2625.06,SADAD
1073,PAY001073,20250717,598,2787.65,Bank Transfer
1074,PAY001074,20250813,598,225.54,Credit Card
1075,PAY001075,20250914,598,808.09,Credit Card
1076,PAY001076,20250214,599,14159.15,Credit Card
1077,PAY001077,20250616,600,1889.15,SADAD
1078,PAY001078,20250720,600,1788.8,Credit Card
1079,PAY001079,20260128,601,3473.82,Credit Card
1080,PAY001080,20260223,601,4138.23,Credit Card
1081,PAY001081,20251229,602,8989.49,Cash
1082,PAY001082,20251016,603,1752.57,Cash
1083,PAY001083,20240704,604,963.75,Cash
1084,PAY001084,20240803,604,9599.42,SADAD
1085,PAY001085,20240904,604,16762.24,Bank Transfer
1086,PAY001086,20241005,604,347.94,Credit Card
1087,PAY001087,20221010,605,9930.01,SADAD
1088,PAY001088,20221107,605,324.15,Cash
1089,PAY001089,20240305,606,326.52,Credit Card
1090,PAY001090,20240401,606,557.42,Cash
1091,PAY001091,20260326,607,3578.36,SADAD
1092,PAY001092,20260420,607,5403.85,Credit Card
1093,PAY001093,20240316,608,20674.77,Bank Transfer
1094,PAY001094,20220807,609,3532.11,Credit Card
1095,PAY001095,20240308,610,13725.99,SADAD
1096,PAY001096,20240405,610,8016.4,Cash
1097,PAY001097,20240102,611,5354.72,Cash
1098,PAY001098,20240201,611,547.3,Cash
1099,PAY001099,20250111,612,10962.08,Cash
1100,PAY001100,20240312,613,2365.37,Cash
1101,PAY001101,20240809,614,198.18,Credit Card
1102,PAY001102,20240907,614,8.39,Bank Transfer
1103,PAY001103,20241007,614,458.05,Credit Card
1104,PAY001104,20241110,614,36.75,Cash
1105,PAY001105,20240630,615,14195.35,Cash
1106,PAY001106,20240206,616,6364.79,SADAD
1107,PAY001107,20240705,617,3093.25,Bank Transfer
1108,PAY001108,20240804,617,700.31,SADAD
1109,PAY001109,20220806,618,977.09,Credit Card
1110,PAY001110,20220906,618,2565.16,Bank Transfer
1111,PAY001111,20231121,619,7786.16,Credit Card
1112,PAY001112,20250923,620,4514.15,Credit Card
1113,PAY001113,20241031,621,433.98,Cash
1114,PAY001114,20241201,621,5512.32,SADAD
1115,PAY001115,20240911,622,2134.24,Credit Card
1116,PAY001116,20250508,623,4115.0,Bank Transfer
1117,PAY001117,20260129,624,2494.75,SADAD
1118,PAY001118,20250206,625,2623.94,SADAD
1119,PAY001119,20240912,626,21135.12,Bank Transfer
1120,PAY001120,20241013,626,4883.66,Cash
1121,PAY001121,20240708,627,1960.9,SADAD
1122,PAY001122,20240808,627,196.39,SADAD
1123,PAY001123,20240904,627,101.34,SADAD
1124,PAY001124,20241007,627,2759.68,Bank Transfer
1125,PAY001125,20241102,628,46085.95,Credit Card
1126,PAY001126,20230725,629,6719.8,Bank Transfer
1127,PAY001127,20230825,629,4267.87,Credit Card
1128,PAY001128,20241202,630,446.22,Credit Card
1129,PAY001129,20250103,630,47.8,SADAD
1130,PAY001130,20250131,630,415.13,SADAD
1131,PAY001131,20250302,630,971.44,Bank Transfer
1132,PAY001132,20240328,631,2661.94,Credit Card
1133,PAY001133,20251102,632,880.24,Credit Card
1134,PAY001134,20251201,632,14999.89,Bank Transfer
1135,PAY001135,20251228,632,4446.36,Cash
1136,PAY001136,20260130,632,4376.23,SADAD
1137,PAY001137,20260213,633,361.51,Bank Transfer
1138,PAY001138,20260622,634,11274.51,Cash
1139,PAY001139,20221104,635,1196.36,Cash
1140,PAY001140,20250903,636,21107.52,Credit Card
1141,PAY001141,20260623,637,603.84,Cash
1142,PAY001142,20260720,637,123.63,Cash
1143,PAY001143,20260819,637,208.47,SADAD
1144,PAY001144,20230829,638,817.12,Bank Transfer
1145,PAY001145,20230930,638,16600.32,Cash
1146,PAY001146,20231101,638,11057.62,Credit Card
1147,PAY001147,20231201,638,2735.49,Cash
1148,PAY001148,20250131,639,5799.35,Cash
1149,PAY001149,20250302,639,12529.29,Credit Card
1150,PAY001150,20220927,640,484.43,SADAD
1151,PAY001151,20221027,640,479.75,Cash
1152,PAY001152,20221123,640,124.3,SADAD
1153,PAY001153,20221225,640,561.58,Credit Card
1154,PAY001154,20260611,641,2889.53,Credit Card
1155,PAY001155,20241223,642,101.0,Credit Card
1156,PAY001156,20250125,642,436.66,Cash
1157,PAY001157,20230730,643,2933.29,Cash
1158,PAY001158,20251126,644,23018.57,Bank Transfer
1159,PAY001159,20251224,644,33135.37,Cash
1160,PAY001160,20230305,645,28456.62,Bank Transfer
1161,PAY001161,20241020,646,888.89,SADAD
1162,PAY001162,20230226,647,13906.21,SADAD
1163,PAY001163,20250403,648,6662.99,SADAD
1164,PAY001164,20231115,649,16938.21,SADAD
1165,PAY001165,20251212,650,9088.97,Bank Transfer
1166,PAY001166,20240711,651,1761.84,Credit Card
1167,PAY001167,20251112,652,4867.79,Cash
1168,PAY001168,20240113,653,1069.85,Cash
1169,PAY001169,20240216,653,760.62,Cash
1170,PAY001170,20240318,653,599.9,Bank Transfer
1171,PAY001171,20240415,653,1163.89,Credit Card
1172,PAY001172,20260121,654,11339.4,Credit Card
1173,PAY001173,20260217,654,33149.88,Bank Transfer
1174,PAY001174,20230622,655,2679.34,SADAD
1175,PAY001175,20230727,655,34699.01,SADAD
1176,PAY001176,20240712,656,2409.97,Credit Card
1177,PAY001177,20230701,657,518.98,Credit Card
1178,PAY001178,20230804,657,423.23,Credit Card
1179,PAY001179,20230901,657,834.42,Bank Transfer
1180,PAY001180,20230928,657,650.21,Cash
1181,PAY001181,20250216,658,3342.94,Credit Card
1182,PAY001182,20250319,658,1068.18,Credit Card
1183,PAY001183,20250416,658,560.12,Bank Transfer
1184,PAY001184,20250519,658,1617.52,Bank Transfer
1185,PAY001185,20251125,659,9390.67,Credit Card
1186,PAY001186,20250421,660,29493.85,Bank Transfer
1187,PAY001187,20240403,661,29627.35,SADAD
1188,PAY001188,20240505,661,870.54,Cash
1189,PAY001189,20250927,662,11234.46,Credit Card
1190,PAY001190,20251027,662,1482.63,SADAD
1191,PAY001191,20250728,663,3446.52,Credit Card
1192,PAY001192,20230707,664,9315.49,Credit Card
1193,PAY001193,20230806,664,7225.49,SADAD
1194,PAY001194,20260522,665,6472.13,Cash
1195,PAY001195,20260618,665,5131.25,SADAD
1196,PAY001196,20250520,666,1917.04,Credit Card
1197,PAY001197,20220926,667,7549.88,Bank Transfer
1198,PAY001198,20221025,667,19630.32,Credit Card
1199,PAY001199,20240130,668,2929.57,Cash
1200,PAY001200,20251005,669,3198.91,Credit Card
1201,PAY001201,20230806,670,2782.39,SADAD
1202,PAY001202,20230902,670,576.95,Credit Card
1203,PAY001203,20231002,670,91.0,Cash
1204,PAY001204,20231105,670,299.22,SADAD
1205,PAY001205,20220608,671,2271.29,Cash
1206,PAY001206,20220705,671,15489.49,Credit Card
1207,PAY001207,20231215,672,3897.67,Bank Transfer
1208,PAY001208,20231211,673,848.96,Cash
1209,PAY001209,20240113,673,289.14,Cash
1210,PAY001210,20240212,673,2025.77,SADAD
1211,PAY001211,20240308,673,1332.52,SADAD
1212,PAY001212,20241017,674,1691.03,Bank Transfer
1213,PAY001213,20241119,674,10097.63,Cash
1214,PAY001214,20241217,674,3113.6,SADAD
1215,PAY001215,20250118,674,625.25,Credit Card
1216,PAY001216,20250519,675,1611.35,Bank Transfer
1217,PAY001217,20250607,676,1894.82,Cash
1218,PAY001218,20250903,677,4216.96,Cash
1219,PAY001219,20251002,677,21499.94,Bank Transfer
1220,PAY001220,20250331,678,5080.13,Bank Transfer
1221,PAY001221,20250814,679,895.58,Bank Transfer
1222,PAY001222,20250913,679,3189.44,Credit Card
1223,PAY001223,20251022,680,2857.21,SADAD
1224,PAY001224,20251122,680,76.29,SADAD
1225,PAY001225,20251224,680,1122.66,SADAD
1226,PAY001226,20260120,680,156.23,Cash
1227,PAY001227,20260113,681,14182.48,SADAD
1228,PAY001228,20250608,682,2564.74,Bank Transfer
1229,PAY001229,20250713,682,1899.02,Cash
1230,PAY001230,20250812,682,287.87,SADAD
1231,PAY001231,20250907,682,4087.03,Bank Transfer
1232,PAY001232,20240604,683,237.51,SADAD
1233,PAY001233,20240707,683,1299.3,Cash
1234,PAY001234,20250109,684,186.9,Cash
1235,PAY001235,20250207,684,156.73,Bank Transfer
1236,PAY001236,20250309,684,226.01,Bank Transfer
1237,PAY001237,20250405,684,160.41,Cash
1238,PAY001238,20240318,685,1175.31,Bank Transfer
1239,PAY001239,20240422,685,682.07,Bank Transfer
1240,PAY001240,20250629,686,1623.8,Bank Transfer
1241,PAY001241,20250725,686,6128.53,Credit Card
1242,PAY001242,20240223,687,801.16,Credit Card
1243,PAY001243,20260405,688,2701.08,SADAD
1244,PAY001244,20240305,689,4131.71,Cash
1245,PAY001245,20240113,690,1581.36,SADAD
1246,PAY001246,20240211,690,1653.99,Cash
1247,PAY001247,20251125,691,5122.04,Cash
1248,PAY001248,20251223,691,21804.87,Credit Card
1249,PAY001249,20240823,692,7312.94,SADAD
1250,PAY001250,20221101,693,833.53,Bank Transfer
1251,PAY001251,20221203,693,314.12,Credit Card
1252,PAY001252,20230103,693,826.18,Credit Card
1253,PAY001253,20230131,693,624.44,SADAD
1254,PAY001254,20231114,694,1488.82,Credit Card
1255,PAY001255,20231212,694,483.44,Credit Card
1256,PAY001256,20240613,695,507.21,Cash
1257,PAY001257,20240709,695,2347.05,SADAD
1258,PAY001258,20240812,695,1855.88,SADAD
1259,PAY001259,20240907,695,2430.81,Cash
1260,PAY001260,20260721,696,9621.55,Bank Transfer
1261,PAY001261,20260819,696,818.42,Cash
1262,PAY001262,20240531,697,14.86,Credit Card
1263,PAY001263,20240701,697,1860.22,Bank Transfer
1264,PAY001264,20260127,698,1555.62,SADAD
1265,PAY001265,20250204,699,17461.74,Cash
1266,PAY001266,20250301,699,6308.86,Bank Transfer
1267,PAY001267,20260403,700,563.15,Bank Transfer
1268,PAY001268,20260502,700,1726.03,SADAD
1269,PAY001269,20260530,700,4767.88,SADAD
1270,PAY001270,20260702,700,407.54,SADAD
1271,PAY001271,20240125,701,953.38,SADAD
1272,PAY001272,20240229,701,2867.11,Credit Card
1273,PAY001273,20240519,702,2981.8,Bank Transfer
1274,PAY001274,20240622,702,6532.0,Credit Card
1275,PAY001275,20250405,703,2098.74,SADAD
1276,PAY001276,20250501,703,2551.48,SADAD
1277,PAY001277,20250320,704,6196.27,SADAD
1278,PAY001278,20220428,705,2113.03,SADAD
1279,PAY001279,20230503,706,3139.27,Bank Transfer
1280,PAY001280,20230601,706,1195.91,Cash
1281,PAY001281,20230703,706,1049.44,Cash
1282,PAY001282,20230731,706,592.21,SADAD
1283,PAY001283,20240706,707,1115.83,Credit Card
1284,PAY001284,20231207,708,4701.16,Credit Card
1285,PAY001285,20240103,708,12477.19,Cash
1286,PAY001286,20240205,708,10405.27,Cash
1287,PAY001287,20240306,708,9375.47,SADAD
1288,PAY001288,20241020,709,3344.73,Cash
1289,PAY001289,20241119,709,6828.32,Cash
1290,PAY001290,20230828,710,6925.35,Credit Card
1291,PAY001291,20250723,711,971.48,Credit Card
1292,PAY001292,20250819,711,7255.87,Bank Transfer
1293,PAY001293,20221002,712,883.57,Cash
1294,PAY001294,20260423,713,1090.16,SADAD
1295,PAY001295,20220506,714,4365.77,Credit Card
1296,PAY001296,20220608,714,1945.51,Credit Card
1297,PAY001297,20250606,715,23349.19,Credit Card
1298,PAY001298,20250707,715,40240.62,SADAD
1299,PAY001299,20250807,715,1329.45,Bank Transfer
1300,PAY001300,20250905,715,6605.66,Cash
1301,PAY001301,20230903,716,108293.16,Bank Transfer
1302,PAY001302,20260302,717,3529.83,Credit Card
1303,PAY001303,20250411,718,51184.88,Cash
1304,PAY001304,20250511,718,8704.39,Bank Transfer
1305,PAY001305,20250610,718,2903.08,Cash
1306,PAY001306,20250713,718,155741.52,Bank Transfer
1307,PAY001307,20231109,719,116.15,Bank Transfer
1308,PAY001308,20231207,719,1296.07,Credit Card
1309,PAY001309,20230416,720,3158.74,Bank Transfer
1310,PAY001310,20230518,720,20529.92,SADAD
1311,PAY001311,20241115,721,29.4,Credit Card
1312,PAY001312,20241217,721,140.6,Bank Transfer
1313,PAY001313,20250116,721,602.01,Bank Transfer
1314,PAY001314,20250218,721,2827.4,Credit Card
1315,PAY001315,20250313,722,10655.62,Cash
1316,PAY001316,20230519,723,1083.78,Cash
1317,PAY001317,20231030,724,4717.97,Cash
1318,PAY001318,20260214,725,3250.0,Credit Card
1319,PAY001319,20260207,726,7619.47,Bank Transfer
1320,PAY001320,20260214,727,8466.45,SADAD
1321,PAY001321,20251211,728,2840.17,Bank Transfer
1322,PAY001322,20260114,728,363.33,Cash
1323,PAY001323,20260211,728,1132.14,SADAD
1324,PAY001324,20260313,728,250.29,Cash
1325,PAY001325,20260116,729,2809.85,SADAD
1326,PAY001326,20251031,730,10903.84,Bank Transfer
1327,PAY001327,20241228,731,4716.93,Cash
1328,PAY001328,20250130,731,7023.83,SADAD
1329,PAY001329,20251119,732,872.23,SADAD
1330,PAY001330,20240622,733,11002.64,Bank Transfer
1331,PAY001331,20220518,734,3718.68,SADAD
1332,PAY001332,20260408,735,11751.39,Credit Card
1333,PAY001333,20260505,735,14695.94,Bank Transfer
1334,PAY001334,20230313,736,160.83,SADAD
1335,PAY001335,20230415,736,2213.52,Credit Card
1336,PAY001336,20230526,737,13854.73,SADAD
1337,PAY001337,20251001,738,22227.7,SADAD
1338,PAY001338,20240118,739,2782.4,Cash
1339,PAY001339,20240214,739,15492.71,Credit Card
1340,PAY001340,20241212,740,157676.79,Bank Transfer
1341,PAY001341,20240708,741,2224.84,Credit Card
1342,PAY001342,20241016,742,22472.37,Cash
1343,PAY001343,20231211,743,3793.08,Credit Card
1344,PAY001344,20240121,744,10367.71,Credit Card
1345,PAY001345,20240220,744,4623.03,Credit Card
1346,PAY001346,20250628,745,6754.59,Credit Card
1347,PAY001347,20231122,746,4085.8,Bank Transfer
1348,PAY001348,20231225,746,13297.65,Bank Transfer
1349,PAY001349,20231218,747,2757.93,SADAD
1350,PAY001350,20240118,747,162.51,Bank Transfer
1351,PAY001351,20240216,747,101.67,SADAD
1352,PAY001352,20240315,747,886.08,SADAD
1353,PAY001353,20220618,748,1481.47,Bank Transfer
1354,PAY001354,20220714,748,663.77,Cash
1355,PAY001355,20240207,749,916.63,Bank Transfer
1356,PAY001356,20220901,750,14387.52,SADAD
1357,PAY001357,20230625,751,20306.07,Bank Transfer
1358,PAY001358,20241017,752,22572.05,Bank Transfer
1359,PAY001359,20241118,752,9324.57,SADAD
1360,PAY001360,20250530,753,3506.42,SADAD
1361,PAY001361,20250628,753,137.41,Cash
1362,PAY001362,20250731,753,875.89,Credit Card
1363,PAY001363,20250901,753,2144.21,Bank Transfer
1364,PAY001364,20260531,754,2403.36,SADAD
1365,PAY001365,20250310,755,1212.3,Cash
1366,PAY001366,20250411,755,67.76,SADAD
1367,PAY001367,20250509,755,1104.1,Credit Card
1368,PAY001368,20250609,755,3498.25,SADAD
1369,PAY001369,20230810,756,20.3,SADAD
1370,PAY001370,20230910,756,1438.01,Credit Card
1371,PAY001371,20260322,757,139.29,Credit Card
1372,PAY001372,20260425,757,585.74,SADAD
1373,PAY001373,20260525,757,1678.44,Credit Card
1374,PAY001374,20260620,757,299.19,SADAD
1375,PAY001375,20230502,758,1307.2,SADAD
1376,PAY001376,20230531,758,89.06,Credit Card
1377,PAY001377,20230629,758,1286.87,Bank Transfer
1378,PAY001378,20230729,758,606.64,SADAD
1379,PAY001379,20240102,759,1060.09,Bank Transfer
1380,PAY001380,20240203,759,1138.93,Credit Card
1381,PAY001381,20240302,759,118.96,Bank Transfer
1382,PAY001382,20240401,759,1717.64,Cash
1383,PAY001383,20260615,760,9176.62,SADAD
1384,PAY001384,20221205,761,4115.33,Cash
1385,PAY001385,20230105,761,308.74,Cash
1386,PAY001386,20230204,761,236.38,Credit Card
1387,PAY001387,20230305,761,1166.91,SADAD
1388,PAY001388,20250717,762,26.07,Credit Card
1389,PAY001389,20250819,762,5717.81,Bank Transfer
1390,PAY001390,20260716,763,14.73,Credit Card
1391,PAY001391,20260818,763,7074.3,Bank Transfer
1392,PAY001392,20250221,764,7163.5,Cash
1393,PAY001393,20230325,765,10709.42,SADAD
1394,PAY001394,20231222,766,6054.23,Cash
1395,PAY001395,20230615,767,4994.36,SADAD
1396,PAY001396,20230717,767,115.22,Bank Transfer
1397,PAY001397,20250829,768,5092.46,Credit Card
1398,PAY001398,20251002,768,349.74,Cash
1399,PAY001399,20251027,768,8671.49,SADAD
1400,PAY001400,20251128,768,5160.96,Bank Transfer
1401,PAY001401,20251217,769,4808.56,Credit Card
1402,PAY001402,20260121,769,3459.46,Credit Card
1403,PAY001403,20250225,770,7653.66,Bank Transfer
1404,PAY001404,20260115,771,5660.15,Bank Transfer
1405,PAY001405,20240729,772,3495.17,Bank Transfer
1406,PAY001406,20240901,772,4044.6,Bank Transfer
1407,PAY001407,20230702,773,26149.08,SADAD
1408,PAY001408,20240502,774,120.03,Credit Card
1409,PAY001409,20240601,774,910.84,Bank Transfer
1410,PAY001410,20250616,775,3745.53,Bank Transfer
1411,PAY001411,20241105,776,128.12,Bank Transfer
1412,PAY001412,20241201,776,1444.12,Cash
1413,PAY001413,20231003,777,15276.21,SADAD
1414,PAY001414,20231031,777,6434.57,Cash
1415,PAY001415,20240617,778,245.17,Credit Card
1416,PAY001416,20240716,778,1722.43,SADAD
1417,PAY001417,20240112,779,1841.89,SADAD
1418,PAY001418,20240211,780,3306.47,SADAD
1419,PAY001419,20240314,780,2278.48,Cash
1420,PAY001420,20240414,780,1419.31,Credit Card
1421,PAY001421,20240515,780,582.69,SADAD
1422,PAY001422,20250618,781,11421.91,SADAD
1423,PAY001423,20250720,781,16106.61,Cash
1424,PAY001424,20250816,781,304.34,Credit Card
1425,PAY001425,20250914,781,4027.61,SADAD
1426,PAY001426,20230713,782,17139.16,Bank Transfer
1427,PAY001427,20231204,783,6896.44,Credit Card
1428,PAY001428,20250911,784,1429.44,Cash
1429,PAY001429,20250819,785,2115.28,Cash
1430,PAY001430,20260328,786,1896.54,Credit Card
1431,PAY001431,20260423,786,148.97,Credit Card
1432,PAY001432,20260523,787,5508.48,Cash
1433,PAY001433,20260620,787,2548.83,Cash
1434,PAY001434,20231107,788,24564.41,SADAD
1435,PAY001435,20251023,789,5496.32,SADAD
1436,PAY001436,20251124,789,703.79,Credit Card
1437,PAY001437,20250625,790,1947.13,Credit Card
1438,PAY001438,20230917,791,4337.31,Cash
1439,PAY001439,20231014,791,5412.72,Bank Transfer
1440,PAY001440,20231116,791,37358.03,Credit Card
1441,PAY001441,20231215,791,62535.73,Credit Card
1442,PAY001442,20250123,792,4470.01,Credit Card
1443,PAY001443,20251111,793,569.88,Cash
1444,PAY001444,20251208,793,585.15,Bank Transfer
1445,PAY001445,20260110,793,79.0,Cash
1446,PAY001446,20260210,793,160.91,Credit Card
1447,PAY001447,20260728,794,303.34,Cash
1448,PAY001448,20260824,794,1506.76,Credit Card
1449,PAY001449,20241212,795,1410.12,SADAD
1450,PAY001450,20250108,795,841.87,Credit Card
1451,PAY001451,20260217,796,18899.06,Cash
1452,PAY001452,20250713,797,16180.8,Cash
1453,PAY001453,20250427,798,8289.17,SADAD
1454,PAY001454,20221217,799,5886.21,SADAD
1455,PAY001455,20240218,800,6821.64,Bank Transfer
1456,PAY001456,20250715,801,7962.49,SADAD
1457,PAY001457,20250529,802,13593.47,SADAD
1458,PAY001458,20241229,803,4687.98,Credit Card
1459,PAY001459,20250419,804,8307.05,Cash
1460,PAY001460,20250522,804,7249.9,Credit Card
1461,PAY001461,20250621,804,397.94,SADAD
1462,PAY001462,20250716,804,2920.88,Cash
1463,PAY001463,20260701,805,905.04,Credit Card
1464,PAY001464,20260802,805,1883.68,Bank Transfer
1465,PAY001465,20230402,806,7589.0,Cash
1466,PAY001466,20250218,807,7152.16,SADAD
1467,PAY001467,20231106,808,6593.0,Credit Card
1468,PAY001468,20230127,809,3233.11,Bank Transfer
1469,PAY001469,20240319,810,12007.07,Cash
1470,PAY001470,20240413,810,9627.15,SADAD
1471,PAY001471,20240515,810,7516.49,Cash
1472,PAY001472,20240617,810,5636.42,Bank Transfer
1473,PAY001473,20260102,811,9867.8,Cash
1474,PAY001474,20230727,812,2164.42,Credit Card
1475,PAY001475,20230828,812,9079.44,Credit Card
1476,PAY001476,20260121,813,2455.16,Credit Card
1477,PAY001477,20260217,813,6837.94,Cash
1478,PAY001478,20240902,814,4706.0,SADAD
1479,PAY001479,20240619,815,3518.71,Cash
1480,PAY001480,20250520,816,191550.55,Bank Transfer
1481,PAY001481,20250516,817,5613.49,Cash
1482,PAY001482,20250613,817,6920.04,Cash
1483,PAY001483,20250402,818,1058.32,Bank Transfer
1484,PAY001484,20250503,818,2305.73,Cash
1485,PAY001485,20231215,819,26184.85,SADAD
1486,PAY001486,20250910,820,237080.66,Cash
1487,PAY001487,20250404,821,16785.4,Bank Transfer
1488,PAY001488,20220426,822,1000.34,Bank Transfer
1489,PAY001489,20220523,822,6745.66,Bank Transfer
1490,PAY001490,20230405,823,12404.86,SADAD
1491,PAY001491,20221212,824,4365.22,SADAD
1492,PAY001492,20230115,824,4685.19,Bank Transfer
1493,PAY001493,20251130,825,9247.76,Cash
1494,PAY001494,20250909,826,4375.48,Cash
1495,PAY001495,20251022,827,11480.16,Credit Card
1496,PAY001496,20251126,827,10970.21,SADAD
1497,PAY001497,20260407,828,2007.31,Credit Card
1498,PAY001498,20260505,828,10640.66,Bank Transfer
1499,PAY001499,20250426,829,4661.23,Cash
1500,PAY001500,20250526,829,22079.32,Credit Card
1501,PAY001501,20251021,830,4274.31,Credit Card
1502,PAY001502,20230201,831,4633.33,Credit Card
1503,PAY001503,20250111,832,198.38,Bank Transfer
1504,PAY001504,20250210,832,6561.48,Credit Card
1505,PAY001505,20231013,833,169.11,SADAD
1506,PAY001506,20231109,833,648.02,Bank Transfer
1507,PAY001507,20231208,833,1181.13,Bank Transfer
1508,PAY001508,20240111,833,3573.66,Cash
1509,PAY001509,20240112,834,541.35,Credit Card
1510,PAY001510,20240212,834,1095.25,SADAD
1511,PAY001511,20240310,834,5906.44,Credit Card
1512,PAY001512,20240414,834,664.02,Cash
1513,PAY001513,20241127,835,4613.59,Cash
1514,PAY001514,20260117,836,21686.15,Cash
1515,PAY001515,20260213,836,31969.88,SADAD
1516,PAY001516,20260530,837,15335.7,Cash
1517,PAY001517,20260625,837,64344.38,SADAD
1518,PAY001518,20250419,838,4042.42,Cash
1519,PAY001519,20260102,839,728.45,Cash
1520,PAY001520,20250614,840,5342.95,Bank Transfer
1521,PAY001521,20240314,841,51.94,Credit Card
1522,PAY001522,20240411,841,416.52,Credit Card
1523,PAY001523,20240512,841,164.5,SADAD
1524,PAY001524,20240610,841,207.93,Credit Card
1525,PAY001525,20230619,842,4483.11,Credit Card
1526,PAY001526,20240528,843,1024.53,Bank Transfer
1527,PAY001527,20240626,843,479.59,Bank Transfer
1528,PAY001528,20240726,843,10843.61,SADAD
1529,PAY001529,20240824,843,14035.23,SADAD
1530,PAY001530,20260209,844,14664.64,Cash
1531,PAY001531,20230506,845,4618.1,SADAD
1532,PAY001532,20230610,845,116.95,SADAD
1533,PAY001533,20230708,845,5991.64,Cash
1534,PAY001534,20230805,845,2307.23,Credit Card
1535,PAY001535,20250926,846,3361.94,SADAD
1536,PAY001536,20251023,846,1210.36,Bank Transfer
1537,PAY001537,20251127,847,1208.25,Bank Transfer
1538,PAY001538,20241128,848,3782.31,Credit Card
1539,PAY001539,20220913,849,26649.43,SADAD
1540,PAY001540,20240104,850,8650.52,Credit Card
1541,PAY001541,20250311,851,3467.16,Cash
1542,PAY001542,20240409,852,2705.36,SADAD
1543,PAY001543,20231111,853,647.51,Cash
1544,PAY001544,20231209,853,1812.1,Credit Card
1545,PAY001545,20240105,853,1673.55,Cash
1546,PAY001546,20240208,853,474.89,Credit Card
1547,PAY001547,20240709,854,31.75,Cash
1548,PAY001548,20240809,854,1540.63,Credit Card
1549,PAY001549,20240729,855,103607.67,Credit Card
1550,PAY001550,20251223,856,12190.88,Cash
1551,PAY001551,20250520,857,1571.3,Cash
1552,PAY001552,20250927,858,800.94,Credit Card
1553,PAY001553,20251029,858,3435.44,SADAD
1554,PAY001554,20251130,858,5303.76,Bank Transfer
1555,PAY001555,20251228,858,2016.35,Credit Card
1556,PAY001556,20250417,859,385.96,SADAD
1557,PAY001557,20250518,859,50.77,Bank Transfer
1558,PAY001558,20250617,859,593.7,SADAD
1559,PAY001559,20250719,859,314.78,SADAD
1560,PAY001560,20240528,860,24625.15,Credit Card
1561,PAY001561,20250410,861,372.25,Bank Transfer
1562,PAY001562,20250510,861,2567.87,Bank Transfer
1563,PAY001563,20250615,862,5554.37,Bank Transfer
1564,PAY001564,20240810,863,7009.68,Bank Transfer
1565,PAY001565,20231206,864,3966.88,Bank Transfer
1566,PAY001566,20241116,865,10805.9,SADAD
1567,PAY001567,20240127,866,4172.23,Credit Card
1568,PAY001568,20240224,866,3334.81,Bank Transfer
1569,PAY001569,20240224,867,13904.01,Bank Transfer
1570,PAY001570,20240324,867,1022.42,Bank Transfer
1571,PAY001571,20240423,867,2669.47,Cash
1572,PAY001572,20240520,867,1205.04,Cash
1573,PAY001573,20230826,868,4401.05,Cash
1574,PAY001574,20241217,869,27592.31,SADAD
1575,PAY001575,20250729,870,1363.97,Credit Card
1576,PAY001576,20240722,871,29.31,SADAD
1577,PAY001577,20240822,871,46520.18,Cash
1578,PAY001578,20260301,872,1867.5,SADAD
1579,PAY001579,20260401,872,3410.88,Credit Card
1580,PAY001580,20250616,873,2599.82,SADAD
1581,PAY001581,20250714,873,4434.64,Credit Card
1582,PAY001582,20251116,874,60792.89,Credit Card
1583,PAY001583,20240403,875,5167.86,Credit Card
1584,PAY001584,20250830,876,21236.13,Credit Card
1585,PAY001585,20260603,877,20878.7,Credit Card
1586,PAY001586,20240625,878,10450.4,Bank Transfer
1587,PAY001587,20240731,879,6188.61,Credit Card
1588,PAY001588,20230205,880,9493.69,Credit Card
1589,PAY001589,20230324,881,6826.01,Credit Card
1590,PAY001590,20250607,882,2903.61,Bank Transfer
1591,PAY001591,20240831,883,3313.39,Credit Card
1592,PAY001592,20231129,884,24508.21,Cash
1593,PAY001593,20240412,885,906.98,Credit Card
1594,PAY001594,20240513,885,17851.33,Cash
1595,PAY001595,20240612,885,3495.64,Credit Card
1596,PAY001596,20240709,885,4975.78,SADAD
1597,PAY001597,20221013,886,4452.27,Bank Transfer
1598,PAY001598,20241211,887,875.25,SADAD
1599,PAY001599,20250107,887,265.94,SADAD
1600,PAY001600,20250209,887,793.81,Cash
1601,PAY001601,20250310,887,226.01,Bank Transfer
1602,PAY001602,20251031,888,914.45,Credit Card
1603,PAY001603,20230524,889,64760.28,SADAD
1604,PAY001604,20241005,890,18338.55,Bank Transfer
1605,PAY001605,20221111,891,27414.27,Cash
1606,PAY001606,20251019,892,18239.25,Cash
1607,PAY001607,20241005,893,7718.45,SADAD
1608,PAY001608,20241103,893,2045.18,Bank Transfer
1609,PAY001609,20241204,893,18039.02,SADAD
1610,PAY001610,20241231,893,1382.46,Bank Transfer
1611,PAY001611,20230920,894,8840.47,Cash
1612,PAY001612,20231003,895,2885.46,SADAD
1613,PAY001613,20231102,895,41763.79,Cash
1614,PAY001614,20260710,896,952.98,Credit Card
1615,PAY001615,20230508,897,4767.54,SADAD
1616,PAY001616,20230812,898,42677.89,Bank Transfer
1617,PAY001617,20250220,899,5646.11,Credit Card
1618,PAY001618,20221228,900,6145.19,Cash
1619,PAY001619,20230128,900,1727.08,Credit Card
1620,PAY001620,20250917,901,1119.69,Bank Transfer
1621,PAY001621,20251013,901,439.64,Bank Transfer
1622,PAY001622,20250418,902,669.28,SADAD
1623,PAY001623,20240524,903,1150.98,SADAD
1624,PAY001624,20240623,903,10311.22,Bank Transfer
1625,PAY001625,20240724,903,871.28,Credit Card
1626,PAY001626,20240822,903,375.63,Credit Card
1627,PAY001627,20240621,904,1816.01,Cash
1628,PAY001628,20250413,905,74.2,Cash
1629,PAY001629,20250509,905,144.06,Credit Card
1630,PAY001630,20250612,905,650.66,Credit Card
1631,PAY001631,20250710,905,1704.11,Cash
1632,PAY001632,20240508,906,58.44,Cash
1633,PAY001633,20240604,906,763.34,Cash
1634,PAY001634,20240705,906,279.82,Cash
1635,PAY001635,20240802,906,40.28,Cash
1636,PAY001636,20260516,907,1135.64,Bank Transfer
1637,PAY001637,20220129,908,7464.07,Bank Transfer
1638,PAY001638,20231223,909,16898.04,SADAD
1639,PAY001639,20230427,910,955.43,Bank Transfer
1640,PAY001640,20230527,910,3510.38,Cash
1641,PAY001641,20230625,910,179.57,Cash
1642,PAY001642,20230721,910,4185.75,Bank Transfer
1643,PAY001643,20240712,911,2319.61,Bank Transfer
1644,PAY001644,20240814,911,4927.99,Cash
1645,PAY001645,20241005,912,1784.66,Credit Card
1646,PAY001646,20260405,913,2044.76,Cash
1647,PAY001647,20250707,914,5056.18,Credit Card
1648,PAY001648,20241213,915,5014.18,Cash
1649,PAY001649,20250510,916,3669.17,Cash
1650,PAY001650,20250606,916,4681.47,Cash
1651,PAY001651,20250705,916,2334.84,Credit Card
1652,PAY001652,20250808,916,2824.62,SADAD
1653,PAY001653,20230525,917,5341.08,SADAD
1654,PAY001654,20241225,918,3336.96,Bank Transfer
1655,PAY001655,20260418,919,11377.35,Credit Card
1656,PAY001656,20260519,919,14290.16,Credit Card
1657,PAY001657,20241230,920,10043.65,Credit Card
1658,PAY001658,20250127,920,10316.53,Bank Transfer
1659,PAY001659,20250806,921,3620.74,Cash
1660,PAY001660,20231030,922,35172.75,Credit Card
1661,PAY001661,20230526,923,6061.59,Bank Transfer
1662,PAY001662,20250413,924,27494.7,SADAD
1663,PAY001663,20251111,925,1992.01,Bank Transfer
1664,PAY001664,20220911,926,7176.95,Credit Card
1665,PAY001665,20221013,926,30333.83,Cash
1666,PAY001666,20221110,926,10202.32,Cash
1667,PAY001667,20221211,926,9869.22,Credit Card
1668,PAY001668,20251016,927,1211.65,Bank Transfer
1669,PAY001669,20251115,927,2283.55,Bank Transfer
1670,PAY001670,20251218,927,1911.48,Cash
1671,PAY001671,20260117,927,1053.39,Bank Transfer
1672,PAY001672,20241010,928,743.64,Cash
1673,PAY001673,20241112,928,2771.45,Bank Transfer
1674,PAY001674,20241213,928,1842.79,Credit Card
1675,PAY001675,20250110,928,1661.58,Bank Transfer
1676,PAY001676,20240402,929,2242.3,SADAD
1677,PAY001677,20260304,930,6664.46,Bank Transfer
1678,PAY001678,20231014,931,18435.08,SADAD
1679,PAY001679,20240513,932,1392.25,Bank Transfer
1680,PAY001680,20240613,932,3082.23,Credit Card
1681,PAY001681,20240612,933,216596.58,Credit Card
1682,PAY001682,20241007,934,2286.66,Bank Transfer
1683,PAY001683,20241110,934,5063.7,Cash
1684,PAY001684,20230607,935,2385.86,Credit Card
1685,PAY001685,20230806,936,10993.46,Bank Transfer
1686,PAY001686,20250905,937,4456.39,Cash
1687,PAY001687,20260115,938,2146.27,Bank Transfer
1688,PAY001688,20260211,938,124.8,Cash
1689,PAY001689,20241226,939,6133.68,SADAD
1690,PAY001690,20250123,939,3130.45,Cash
1691,PAY001691,20250225,939,2216.03,Credit Card
1692,PAY001692,20250327,939,3059.51,Bank Transfer
1693,PAY001693,20251003,940,159541.39,Cash
1694,PAY001694,20250215,941,1135.88,SADAD
1695,PAY001695,20250320,941,2456.68,Bank Transfer
1696,PAY001696,20241124,942,6395.63,Credit Card
1697,PAY001697,20251202,943,1369.67,Credit Card
1698,PAY001698,20260101,943,9694.73,Bank Transfer
1699,PAY001699,20231220,944,18501.17,Credit Card
1700,PAY001700,20240116,944,4690.74,Bank Transfer
1701,PAY001701,20250322,945,4755.32,SADAD
1702,PAY001702,20240629,946,4221.72,Bank Transfer
1703,PAY001703,20240730,946,1314.93,Bank Transfer
1704,PAY001704,20220320,947,4404.96,Credit Card
1705,PAY001705,20220418,947,21634.6,Credit Card
1706,PAY001706,20260219,948,1672.14,SADAD
1707,PAY001707,20260321,948,5040.14,Cash
1708,PAY001708,20250228,949,7291.14,SADAD
1709,PAY001709,20251130,950,18472.49,Credit Card
1710,PAY001710,20251229,950,1866.06,Credit Card
1711,PAY001711,20260127,950,3374.88,Credit Card
1712,PAY001712,20260228,950,394.63,SADAD
1713,PAY001713,20251109,951,3026.06,Credit Card
1714,PAY001714,20251208,951,1397.02,SADAD
1715,PAY001715,20250219,952,251.79,Credit Card
1716,PAY001716,20240111,953,9055.05,Bank Transfer
1717,PAY001717,20230820,954,21.17,Bank Transfer
1718,PAY001718,20230921,954,604.46,SADAD
1719,PAY001719,20231022,954,1382.24,Bank Transfer
1720,PAY001720,20231121,954,185.5,Bank Transfer
1721,PAY001721,20240619,955,8750.51,Credit Card
1722,PAY001722,20250726,956,14539.39,Cash
1723,PAY001723,20230507,957,3360.37,Bank Transfer
1724,PAY001724,20230609,957,7109.12,Bank Transfer
1725,PAY001725,20250126,958,1532.94,SADAD
1726,PAY001726,20240605,959,1381.12,SADAD
1727,PAY001727,20230827,960,54521.78,Cash
1728,PAY001728,20230927,960,1574.38,SADAD
1729,PAY001729,20251020,961,6281.89,Bank Transfer
1730,PAY001730,20251202,962,192.34,Cash
1731,PAY001731,20251230,962,1724.92,Cash
1732,PAY001732,20260131,962,1451.47,SADAD
1733,PAY001733,20260302,962,450.82,Cash
1734,PAY001734,20260616,963,76498.04,Bank Transfer
1735,PAY001735,20250603,964,2201.8,Bank Transfer
1736,PAY001736,20250221,965,482.86,Credit Card
1737,PAY001737,20250323,965,5628.58,Bank Transfer
1738,PAY001738,20241202,966,11764.57,Bank Transfer
1739,PAY001739,20240612,967,438.25,Credit Card
1740,PAY001740,20240717,967,117.18,Credit Card
1741,PAY001741,20240208,968,7836.48,Credit Card
1742,PAY001742,20260208,969,720.25,Bank Transfer
1743,PAY001743,20260311,969,1212.72,Bank Transfer
1744,PAY001744,20260726,970,7246.84,Cash
1745,PAY001745,20241019,971,1981.34,Credit Card
1746,PAY001746,20240808,972,897.09,SADAD
1747,PAY001747,20260730,973,93437.5,Bank Transfer
1748,PAY001748,20250225,974,6554.59,Cash
1749,PAY001749,20250327,974,632.89,SADAD
1750,PAY001750,20250812,975,57714.45,Credit Card
1751,PAY001751,20241109,976,2522.34,SADAD
1752,PAY001752,20241209,976,15977.0,Bank Transfer
1753,PAY001753,20250103,976,15500.7,Credit Card
1754,PAY001754,20250203,976,12321.76,Credit Card
1755,PAY001755,20230902,977,5503.35,Bank Transfer
1756,PAY001756,20231002,977,15014.2,Credit Card
1757,PAY001757,20251023,978,3607.84,Credit Card
1758,PAY001758,20251120,978,1413.67,Bank Transfer
1759,PAY001759,20251223,978,330.6,SADAD
1760,PAY001760,20260122,978,4991.14,Credit Card
1761,PAY001761,20251002,979,1757.83,Bank Transfer
1762,PAY001762,20260131,980,11501.99,Bank Transfer
1763,PAY001763,20260228,980,6224.56,Bank Transfer
1764,PAY001764,20230324,981,155.34,SADAD
1765,PAY001765,20230423,981,79.56,Cash
1766,PAY001766,20250502,982,2893.46,Credit Card
1767,PAY001767,20250629,983,255.1,SADAD
1768,PAY001768,20250703,984,184.49,Bank Transfer
1769,PAY001769,20250804,984,1239.55,SADAD
1770,PAY001770,20250902,984,275.81,Cash
1771,PAY001771,20251001,984,691.83,Cash
1772,PAY001772,20231020,985,7019.4,Bank Transfer
1773,PAY001773,20240603,986,80595.66,SADAD
1774,PAY001774,20241101,987,2453.64,Cash
1775,PAY001775,20240914,988,24649.65,SADAD
1776,PAY001776,20231221,989,7697.93,SADAD
1777,PAY001777,20230128,990,1188.69,Cash
1778,PAY001778,20230225,990,14474.98,Credit Card
1779,PAY001779,20240626,991,1753.65,Bank Transfer
1780,PAY001780,20240723,991,906.9,Cash
1781,PAY001781,20240820,992,6618.84,Bank Transfer
1782,PAY001782,20241214,993,2614.94,Cash
1783,PAY001783,20250111,993,637.57,Bank Transfer
1784,PAY001784,20240715,994,2495.31,SADAD
1785,PAY001785,20230728,995,25648.66,Credit Card
1786,PAY001786,20250224,996,2167.99,SADAD
1787,PAY001787,20250324,996,437.94,Cash
1788,PAY001788,20221101,997,21874.58,SADAD
1789,PAY001789,20241114,998,9566.47,SADAD
1790,PAY001790,20230224,999,1466.96,SADAD
1791,PAY001791,20240517,1000,480.39,Bank Transfer
1792,PAY001792,20240616,1000,11054.39,Cash
1793,PAY001793,20260321,1001,1996.93,SADAD
1794,PAY001794,20240112,1002,5969.06,Credit Card
1795,PAY001795,20240212,1002,2589.75,Bank Transfer
1796,PAY001796,20240711,1003,2465.3,SADAD
1797,PAY001797,20240805,1003,907.15,Bank Transfer
1798,PAY001798,20240905,1003,1578.84,Cash
1799,PAY001799,20241006,1003,1261.3,Bank Transfer
1800,PAY001800,20230820,1004,57745.79,SADAD
1801,PAY001801,20260113,1005,5535.44,SADAD
1802,PAY001802,20250528,1006,9122.2,Bank Transfer
1803,PAY001803,20240725,1007,8716.29,Credit Card
1804,PAY001804,20230321,1008,878.57,Bank Transfer
1805,PAY001805,20260319,1009,40964.57,Cash
1806,PAY001806,20260418,1009,113551.32,Cash
1807,PAY001807,20250224,1010,24681.79,Credit Card
1808,PAY001808,20240122,1011,9812.71,Bank Transfer
1809,PAY001809,20230129,1012,34043.36,Cash
1810,PAY001810,20231225,1013,363.92,Cash
1811,PAY001811,20240129,1013,809.1,Cash
1812,PAY001812,20250708,1014,6445.58,Credit Card
1813,PAY001813,20250811,1014,6403.95,Bank Transfer
1814,PAY001814,20250314,1015,53257.17,Bank Transfer
1815,PAY001815,20231217,1016,3053.62,SADAD
1816,PAY001816,20250821,1017,6555.67,Credit Card
1817,PAY001817,20250331,1018,1347.82,Bank Transfer
1818,PAY001818,20250428,1018,1340.32,Credit Card
1819,PAY001819,20250528,1018,616.05,Bank Transfer
1820,PAY001820,20250701,1018,5613.59,SADAD
1821,PAY001821,20251230,1019,11101.96,Credit Card
1822,PAY001822,20260702,1020,4251.36,Credit Card
1823,PAY001823,20240826,1021,10235.93,Cash
1824,PAY001824,20240525,1022,2953.52,Cash
1825,PAY001825,20250321,1023,7672.53,Cash
1826,PAY001826,20260504,1024,3074.51,Cash
1827,PAY001827,20230722,1025,1993.82,Bank Transfer
1828,PAY001828,20230818,1025,2055.66,Cash
1829,PAY001829,20230921,1025,2969.09,Bank Transfer
1830,PAY001830,20231022,1025,1350.05,Cash
1831,PAY001831,20240219,1026,8732.65,Credit Card
1832,PAY001832,20251012,1027,33190.36,SADAD
1833,PAY001833,20241223,1028,3498.51,Cash
1834,PAY001834,20250111,1029,171.42,SADAD
1835,PAY001835,20250211,1029,536.17,SADAD
1836,PAY001836,20241109,1030,22555.5,SADAD
1837,PAY001837,20241210,1030,11633.48,Credit Card
1838,PAY001838,20240116,1031,4209.12,Credit Card
1839,PAY001839,20250923,1032,8971.68,Bank Transfer
1840,PAY001840,20240915,1033,9416.72,Cash
1841,PAY001841,20240512,1034,36303.72,Cash
1842,PAY001842,20230928,1035,7020.27,Credit Card
1843,PAY001843,20260426,1036,559.15,Bank Transfer
1844,PAY001844,20260529,1036,441.19,Cash
1845,PAY001845,20260627,1036,2711.96,Cash
1846,PAY001846,20260727,1036,223.05,Bank Transfer
1847,PAY001847,20230816,1037,3318.9,Cash
1848,PAY001848,20251124,1038,614.18,Credit Card
1849,PAY001849,20260412,1039,3247.64,Cash
1850,PAY001850,20260710,1040,1836.77,Credit Card
1851,PAY001851,20260809,1040,9272.84,SADAD
1852,PAY001852,20260610,1041,21070.24,SADAD
1853,PAY001853,20260225,1042,1281.61,Cash
1854,PAY001854,20260727,1043,36919.97,Cash
1855,PAY001855,20260219,1044,2942.37,Credit Card
1856,PAY001856,20230601,1045,38233.77,SADAD
1857,PAY001857,20250919,1046,5102.78,Bank Transfer
1858,PAY001858,20251202,1047,4242.49,Credit Card
1859,PAY001859,20251223,1048,6981.15,Bank Transfer
1860,PAY001860,20240121,1049,201.44,SADAD
1861,PAY001861,20240217,1049,940.83,Credit Card
1862,PAY001862,20231018,1050,20496.82,Credit Card
1863,PAY001863,20260328,1051,19591.49,SADAD
1864,PAY001864,20230425,1052,1086.39,Bank Transfer
1865,PAY001865,20230526,1052,2455.43,Cash
1866,PAY001866,20230625,1052,355.58,SADAD
1867,PAY001867,20230727,1052,492.57,Credit Card
1868,PAY001868,20260701,1053,5327.2,Bank Transfer
1869,PAY001869,20260729,1053,9603.5,Cash
1870,PAY001870,20260104,1054,10587.46,Credit Card
1871,PAY001871,20231104,1055,17325.81,Cash
1872,PAY001872,20260423,1056,2870.43,SADAD
1873,PAY001873,20260523,1056,6826.88,Cash
1874,PAY001874,20250130,1057,196381.47,Bank Transfer
1875,PAY001875,20240423,1058,173.35,SADAD
1876,PAY001876,20240525,1058,193.66,Credit Card
1877,PAY001877,20240621,1058,809.85,Bank Transfer
1878,PAY001878,20240723,1058,952.86,Cash
1879,PAY001879,20250410,1059,2548.54,Cash
1880,PAY001880,20250506,1059,950.55,Credit Card
1881,PAY001881,20230419,1060,17092.4,Credit Card
1882,PAY001882,20230517,1060,11837.5,Cash
1883,PAY001883,20241221,1061,2163.05,SADAD
1884,PAY001884,20260728,1062,1537.14,Bank Transfer
1885,PAY001885,20241215,1063,2620.36,Bank Transfer
1886,PAY001886,20241025,1064,2679.03,Bank Transfer
1887,PAY001887,20250922,1065,1081.08,SADAD
1888,PAY001888,20241101,1066,818.55,Credit Card
1889,PAY001889,20240804,1067,23934.01,Cash
1890,PAY001890,20240830,1067,28708.01,SADAD
1891,PAY001891,20241004,1067,10630.16,Cash
1892,PAY001892,20241031,1067,5724.18,Cash
1893,PAY001893,20250317,1068,508.76,SADAD
1894,PAY001894,20250415,1068,1459.23,SADAD
1895,PAY001895,20251208,1069,6915.08,Credit Card
1896,PAY001896,20260107,1069,2758.73,SADAD
1897,PAY001897,20230113,1070,6423.65,Bank Transfer
1898,PAY001898,20240226,1071,3419.87,Bank Transfer
1899,PAY001899,20241210,1072,3404.97,Credit Card
1900,PAY001900,20240313,1073,140.51,SADAD
1901,PAY001901,20240412,1073,273.45,Bank Transfer
1902,PAY001902,20240516,1073,903.0,Credit Card
1903,PAY001903,20240614,1073,3139.48,Bank Transfer
1904,PAY001904,20231003,1074,7850.89,Cash
1905,PAY001905,20230711,1075,24192.58,Bank Transfer
1906,PAY001906,20251231,1076,1128.0,Cash
1907,PAY001907,20240926,1077,5703.19,Cash
1908,PAY001908,20260730,1078,6473.03,Cash
1909,PAY001909,20240613,1079,663.18,Bank Transfer
1910,PAY001910,20240714,1079,806.57,Bank Transfer
1911,PAY001911,20230725,1080,5821.16,Bank Transfer
1912,PAY001912,20230820,1080,7557.5,Bank Transfer
1913,PAY001913,20230330,1081,2009.79,Credit Card
1914,PAY001914,20250606,1082,28941.9,Cash
1915,PAY001915,20260324,1083,23875.33,Bank Transfer
1916,PAY001916,20240815,1084,3691.7,Cash
1917,PAY001917,20240918,1084,6591.35,Cash
1918,PAY001918,20240707,1085,2128.62,Bank Transfer
1919,PAY001919,20240805,1085,4769.82,Bank Transfer
1920,PAY001920,20240902,1085,1657.93,Credit Card
1921,PAY001921,20241001,1085,164.23,Credit Card
1922,PAY001922,20241015,1086,1441.39,Cash
1923,PAY001923,20241110,1086,930.46,SADAD
1924,PAY001924,20241211,1086,797.93,Cash
1925,PAY001925,20250110,1086,3914.36,SADAD
1926,PAY001926,20260109,1087,2081.13,SADAD
1927,PAY001927,20250726,1088,3165.63,Cash
1928,PAY001928,20250824,1088,1832.18,SADAD
1929,PAY001929,20240703,1089,921.25,SADAD
1930,PAY001930,20240801,1089,1323.13,Credit Card
1931,PAY001931,20240828,1089,429.45,Bank Transfer
1932,PAY001932,20240927,1089,87.07,Bank Transfer
1933,PAY001933,20231112,1090,373.8,SADAD
1934,PAY001934,20231209,1090,286.04,Bank Transfer
1935,PAY001935,20240110,1090,256.77,Cash
1936,PAY001936,20240208,1090,1988.49,Credit Card
1937,PAY001937,20231102,1091,11131.74,Credit Card
1938,PAY001938,20251225,1092,4555.56,Credit Card
1939,PAY001939,20240409,1093,8047.97,Bank Transfer
1940,PAY001940,20240506,1093,9181.24,SADAD
1941,PAY001941,20230528,1094,24959.37,SADAD
1942,PAY001942,20241213,1095,12277.22,Cash
1943,PAY001943,20230513,1096,17247.62,Credit Card
1944,PAY001944,20230609,1096,27406.38,SADAD
1945,PAY001945,20230714,1096,10960.9,SADAD
1946,PAY001946,20230813,1096,1692.47,SADAD
1947,PAY001947,20250318,1097,2578.52,SADAD
1948,PAY001948,20250416,1097,90.37,Bank Transfer
1949,PAY001949,20251029,1098,10905.26,Credit Card
1950,PAY001950,20250818,1099,4231.4,Bank Transfer
1951,PAY001951,20251002,1100,5223.87,Cash
1952,PAY001952,20251027,1101,2808.18,Cash
1953,PAY001953,20251129,1101,4715.6,Bank Transfer
1954,PAY001954,20251019,1102,6388.75,Bank Transfer
1955,PAY001955,20251118,1102,2153.26,SADAD
1956,PAY001956,20251221,1102,2421.32,Bank Transfer
1957,PAY001957,20260115,1102,10005.74,SADAD
1958,PAY001958,20230610,1103,6211.55,Bank Transfer
1959,PAY001959,20230407,1104,16081.99,Bank Transfer
1960,PAY001960,20251126,1105,316.2,Credit Card
1961,PAY001961,20251228,1105,190.04,Credit Card
1962,PAY001962,20260125,1105,95.27,SADAD
1963,PAY001963,20260225,1105,81.17,Bank Transfer
1964,PAY001964,20250901,1106,2750.91,Cash
1965,PAY001965,20240802,1107,32.37,Bank Transfer
1966,PAY001966,20240904,1107,79.57,Credit Card
1967,PAY001967,20251228,1108,2514.59,Cash
1968,PAY001968,20260125,1108,5371.94,Bank Transfer
1969,PAY001969,20241218,1109,1175.82,Cash
1970,PAY001970,20240502,1110,46205.89,SADAD
1971,PAY001971,20260213,1111,5077.45,Credit Card
1972,PAY001972,20260315,1111,846.05,Credit Card
1973,PAY001973,20260414,1111,1350.42,Credit Card
1974,PAY001974,20260514,1111,3162.89,Credit Card
1975,PAY001975,20250412,1112,6852.06,SADAD
1976,PAY001976,20241112,1113,2436.52,Cash
1977,PAY001977,20250610,1114,3897.91,SADAD
1978,PAY001978,20240417,1115,802.05,SADAD
1979,PAY001979,20240515,1115,3153.34,Bank Transfer
1980,PAY001980,20251008,1116,17997.78,SADAD
1981,PAY001981,20251107,1116,2560.41,Credit Card
1982,PAY001982,20260818,1117,5669.79,Credit Card
1983,PAY001983,20230729,1118,1445.04,Cash
1984,PAY001984,20230827,1118,8829.83,Bank Transfer
1985,PAY001985,20220630,1119,1830.67,Cash
1986,PAY001986,20241218,1120,5987.95,SADAD
1987,PAY001987,20250116,1120,1417.17,Credit Card
1988,PAY001988,20250216,1120,1430.92,SADAD
1989,PAY001989,20250318,1120,7462.64,SADAD
1990,PAY001990,20260608,1121,97.11,Bank Transfer
1991,PAY001991,20260709,1121,611.66,Cash
1992,PAY001992,20260808,1121,572.01,Cash
1993,PAY001993,20251024,1122,1812.17,SADAD
1994,PAY001994,20251123,1122,2031.97,Cash
1995,PAY001995,20230419,1123,4632.81,SADAD
1996,PAY001996,20240614,1124,5386.54,Credit Card
1997,PAY001997,20240929,1125,1627.05,SADAD
1998,PAY001998,20241117,1126,15574.59,Cash
1999,PAY001999,20260701,1127,912.11,SADAD
2000,PAY002000,20250923,1128,1193.98,SADAD
2001,PAY002001,20251021,1128,2505.46,Credit Card
2002,PAY002002,20251122,1128,2860.22,Cash
2003,PAY002003,20251223,1128,7550.56,Credit Card
2004,PAY002004,20240327,1129,364.12,SADAD
2005,PAY002005,20240427,1129,1760.68,Cash
2006,PAY002006,20260507,1130,1131.56,Cash
2007,PAY002007,20231214,1131,995.44,Bank Transfer
2008,PAY002008,20240115,1131,2859.5,Bank Transfer
2009,PAY002009,20220912,1132,963.32,SADAD
2010,PAY002010,20221015,1132,936.68,Credit Card
2011,PAY002011,20240609,1133,10599.79,Credit Card
2012,PAY002012,20240706,1133,286.2,Cash
2013,PAY002013,20250403,1134,4075.17,SADAD
2014,PAY002014,20250504,1134,1880.46,Cash
2015,PAY002015,20251120,1135,36859.56,Credit Card
2016,PAY002016,20250823,1136,6925.51,SADAD
2017,PAY002017,20250926,1136,17841.9,SADAD
2018,PAY002018,20240505,1137,517.03,Bank Transfer
2019,PAY002019,20240531,1137,769.87,SADAD
2020,PAY002020,20240702,1137,79.85,Cash
2021,PAY002021,20240801,1137,1998.52,Cash
2022,PAY002022,20250509,1138,1671.4,Cash
2023,PAY002023,20260725,1139,1421.19,Bank Transfer
2024,PAY002024,20260822,1139,117.41,Bank Transfer
2025,PAY002025,20240303,1140,3678.39,Bank Transfer
2026,PAY002026,20251223,1141,1208.57,Cash
2027,PAY002027,20220629,1142,6087.12,Cash
2028,PAY002028,20220730,1142,860.08,Bank Transfer
2029,PAY002029,20220824,1142,3128.27,Bank Transfer
2030,PAY002030,20220923,1142,229.1,Credit Card
2031,PAY002031,20250118,1143,5048.31,Credit Card
2032,PAY002032,20240210,1144,1030.33,Cash
2033,PAY002033,20240417,1145,2356.85,Cash
2034,PAY002034,20231104,1146,217.23,Cash
2035,PAY002035,20231201,1146,1508.51,Credit Card
2036,PAY002036,20260327,1147,5184.98,Cash
2037,PAY002037,20240412,1148,1757.36,Credit Card
2038,PAY002038,20240510,1148,1993.74,Bank Transfer
2039,PAY002039,20240611,1148,4178.12,Bank Transfer
2040,PAY002040,20240707,1148,108.72,SADAD
2041,PAY002041,20240822,1149,63311.29,SADAD
2042,PAY002042,20240921,1149,3806.89,SADAD
2043,PAY002043,20240501,1150,166.07,Bank Transfer
2044,PAY002044,20240601,1150,188.32,Cash
2045,PAY002045,20250422,1151,3631.55,Credit Card
2046,PAY002046,20250522,1151,6823.56,Bank Transfer
2047,PAY002047,20260605,1152,6953.72,Bank Transfer
2048,PAY002048,20250622,1153,64440.48,Cash
2049,PAY002049,20230603,1154,2482.04,Bank Transfer
2050,PAY002050,20230705,1154,9126.56,Credit Card
2051,PAY002051,20231001,1155,32971.81,Cash
2052,PAY002052,20231030,1155,90114.55,Cash
2053,PAY002053,20230327,1156,4804.71,SADAD
2054,PAY002054,20230425,1156,101.96,Cash
2055,PAY002055,20240425,1157,1046.99,Credit Card
2056,PAY002056,20240521,1157,2397.37,Cash
2057,PAY002057,20231023,1158,1563.72,Credit Card
2058,PAY002058,20230721,1159,2034.37,SADAD
2059,PAY002059,20260405,1160,1348.48,Bank Transfer
2060,PAY002060,20260504,1160,575.69,Credit Card
2061,PAY002061,20260603,1160,3773.53,SADAD
2062,PAY002062,20260701,1160,129.33,SADAD
2063,PAY002063,20221010,1161,3172.04,SADAD
2064,PAY002064,20221107,1161,924.5,Credit Card
2065,PAY002065,20221205,1161,3028.18,Cash
2066,PAY002066,20230108,1161,10174.39,SADAD
2067,PAY002067,20240126,1162,5424.87,SADAD
2068,PAY002068,20240225,1162,10343.46,Bank Transfer
2069,PAY002069,20240327,1162,3132.65,Bank Transfer
2070,PAY002070,20240425,1162,3724.17,SADAD
2071,PAY002071,20240622,1163,32786.86,Bank Transfer
2072,PAY002072,20250705,1164,241.96,Credit Card
2073,PAY002073,20250512,1165,14352.26,SADAD
2074,PAY002074,20250608,1165,2856.45,Bank Transfer
2075,PAY002075,20260421,1166,4519.98,Credit Card
2076,PAY002076,20240910,1167,5660.28,Credit Card
2077,PAY002077,20260629,1168,1577.94,Cash
2078,PAY002078,20260728,1168,2586.45,Credit Card
2079,PAY002079,20240323,1169,1640.48,Credit Card
2080,PAY002080,20240420,1169,334.22,Bank Transfer
2081,PAY002081,20240520,1169,667.98,SADAD
2082,PAY002082,20240616,1169,1835.43,SADAD
2083,PAY002083,20240402,1170,1675.64,Credit Card
2084,PAY002084,20240507,1170,235.05,Credit Card
2085,PAY002085,20240606,1170,2580.81,Cash
2086,PAY002086,20240701,1170,1221.21,Bank Transfer
2087,PAY002087,20250307,1171,41380.47,Cash
2088,PAY002088,20250815,1172,1435.61,Credit Card
2089,PAY002089,20250918,1172,7493.17,Credit Card
2090,PAY002090,20251208,1173,20975.66,Cash
2091,PAY002091,20260709,1174,719.93,SADAD
2092,PAY002092,20260808,1174,1951.53,Bank Transfer
2093,PAY002093,20240531,1175,131230.31,Bank Transfer
2094,PAY002094,20250520,1176,233.42,Cash
2095,PAY002095,20250619,1176,354.92,Bank Transfer
2096,PAY002096,20250719,1176,271.74,Cash
2097,PAY002097,20250817,1176,1442.81,SADAD
2098,PAY002098,20230909,1177,1719.03,Bank Transfer
2099,PAY002099,20231011,1177,1576.24,Bank Transfer
2100,PAY002100,20260218,1178,13958.54,Credit Card
2101,PAY002101,20241008,1179,2125.49,Credit Card
2102,PAY002102,20241110,1179,887.2,Credit Card
2103,PAY002103,20241206,1179,4752.13,Bank Transfer
2104,PAY002104,20250105,1179,1211.01,SADAD
2105,PAY002105,20260329,1180,15788.2,Cash
2106,PAY002106,20230812,1181,636.1,SADAD
2107,PAY002107,20230913,1181,1595.52,Credit Card
2108,PAY002108,20221207,1182,20696.77,Bank Transfer
2109,PAY002109,20250906,1183,1397.06,Credit Card
2110,PAY002110,20251005,1183,223.87,Cash
2111,PAY002111,20250316,1184,12103.81,SADAD
2112,PAY002112,20260409,1185,11424.19,Cash
2113,PAY002113,20220919,1186,10295.95,SADAD
2114,PAY002114,20230130,1187,2154.13,Cash
2115,PAY002115,20240324,1188,787.24,SADAD
2116,PAY002116,20260323,1189,4613.3,SADAD
2117,PAY002117,20251010,1190,2067.31,SADAD
2118,PAY002118,20260719,1191,3585.94,SADAD
2119,PAY002119,20260819,1191,3208.08,Bank Transfer
2120,PAY002120,20230718,1192,8956.42,SADAD
2121,PAY002121,20250429,1193,2383.05,Bank Transfer
2122,PAY002122,20250622,1194,862.4,SADAD
2123,PAY002123,20250720,1194,5731.39,SADAD
2124,PAY002124,20240112,1195,46.04,SADAD
2125,PAY002125,20240214,1195,71.94,Credit Card
2126,PAY002126,20240311,1195,424.06,Bank Transfer
2127,PAY002127,20240414,1195,222.23,Credit Card
2128,PAY002128,20240103,1196,1228.45,Bank Transfer
2129,PAY002129,20240131,1196,3576.1,Cash
2130,PAY002130,20250115,1197,4614.99,SADAD
2131,PAY002131,20250213,1197,22840.44,Bank Transfer
2132,PAY002132,20231102,1198,4051.49,Cash
2133,PAY002133,20231204,1198,1006.93,Cash
2134,PAY002134,20240103,1198,995.53,Credit Card
2135,PAY002135,20240129,1198,2307.11,SADAD
2136,PAY002136,20260118,1199,1623.96,Cash
2137,PAY002137,20260804,1200,19584.8,Bank Transfer
2138,PAY002138,20241127,1201,5035.04,Cash
2139,PAY002139,20240430,1202,3650.42,Bank Transfer
2140,PAY002140,20240530,1202,806.44,Cash
2141,PAY002141,20240701,1202,127.61,SADAD
2142,PAY002142,20240729,1202,4127.63,SADAD
2143,PAY002143,20240917,1203,153.01,Bank Transfer
2144,PAY002144,20241016,1203,1639.61,SADAD
2145,PAY002145,20241114,1203,1015.84,Bank Transfer
2146,PAY002146,20241216,1203,1317.39,Cash
2147,PAY002147,20260421,1204,9394.75,Cash
2148,PAY002148,20231106,1205,6666.26,Credit Card
2149,PAY002149,20231209,1205,262.39,SADAD
2150,PAY002150,20231124,1206,7946.27,SADAD
2151,PAY002151,20250601,1207,21254.51,Credit Card
2152,PAY002152,20240716,1208,122.38,Cash
2153,PAY002153,20240815,1208,1006.12,Credit Card
2154,PAY002154,20240911,1208,4.54,Bank Transfer
2155,PAY002155,20241013,1208,1540.92,Bank Transfer
2156,PAY002156,20260121,1209,13823.54,Cash
2157,PAY002157,20260502,1210,655.59,Cash
2158,PAY002158,20260605,1210,80.71,SADAD
2159,PAY002159,20220401,1211,8321.9,Bank Transfer
2160,PAY002160,20260305,1212,3527.42,SADAD
2161,PAY002161,20260407,1212,269.09,Cash
2162,PAY002162,20250311,1213,8200.01,Bank Transfer
2163,PAY002163,20250723,1214,102.42,Bank Transfer
2164,PAY002164,20250827,1214,680.71,SADAD
2165,PAY002165,20250925,1214,83.87,SADAD
2166,PAY002166,20251023,1214,96.09,Cash
2167,PAY002167,20241206,1215,29.02,Credit Card
2168,PAY002168,20250104,1215,1182.18,Credit Card
2169,PAY002169,20241205,1216,2367.31,Bank Transfer
2170,PAY002170,20250101,1216,298.46,SADAD
2171,PAY002171,20250130,1216,1775.2,Bank Transfer
2172,PAY002172,20250303,1216,883.92,Cash
2173,PAY002173,20231130,1217,3082.26,Cash
2174,PAY002174,20221118,1218,8388.43,Cash
2175,PAY002175,20241114,1219,69280.14,Bank Transfer
2176,PAY002176,20250717,1220,8833.9,SADAD
2177,PAY002177,20260304,1221,4345.24,Cash
2178,PAY002178,20251026,1222,519.65,Cash
2179,PAY002179,20251130,1222,172.43,Credit Card
2180,PAY002180,20240620,1223,2047.06,Credit Card
2181,PAY002181,20240723,1223,521.09,Bank Transfer
2182,PAY002182,20241106,1224,3270.8,Credit Card
2183,PAY002183,20241210,1224,2089.85,Cash
2184,PAY002184,20250107,1224,602.18,Bank Transfer
2185,PAY002185,20250208,1224,907.57,Credit Card
2186,PAY002186,20251217,1225,1189.06,Cash
2187,PAY002187,20241129,1226,391.01,Cash
2188,PAY002188,20241230,1226,5356.41,SADAD
2189,PAY002189,20240111,1227,733.91,Cash
2190,PAY002190,20240205,1227,917.0,Cash
2191,PAY002191,20230502,1228,21387.96,Bank Transfer
2192,PAY002192,20250509,1229,14361.11,Bank Transfer
2193,PAY002193,20251227,1230,186.77,Cash
2194,PAY002194,20260127,1230,5486.46,SADAD
2195,PAY002195,20260301,1230,267.13,SADAD
2196,PAY002196,20260328,1230,257.76,SADAD
2197,PAY002197,20260308,1231,2037.43,Cash
2198,PAY002198,20230524,1232,20424.86,Bank Transfer
2199,PAY002199,20250530,1233,14218.7,Credit Card
2200,PAY002200,20260818,1234,76017.72,SADAD
2201,PAY002201,20250315,1235,158.44,Bank Transfer
2202,PAY002202,20250414,1235,455.29,Credit Card
2203,PAY002203,20250514,1235,391.65,SADAD
2204,PAY002204,20250610,1235,882.2,Bank Transfer
2205,PAY002205,20250225,1236,1791.0,Bank Transfer
2206,PAY002206,20250903,1237,721.39,Cash
2207,PAY002207,20251002,1237,1254.38,Credit Card
2208,PAY002208,20251104,1237,623.91,SADAD
2209,PAY002209,20251206,1237,3168.42,Cash
2210,PAY002210,20250129,1238,13347.93,Cash
2211,PAY002211,20260418,1239,2089.02,Bank Transfer
2212,PAY002212,20260321,1240,8696.94,Cash
2213,PAY002213,20240202,1241,39419.91,Cash
2214,PAY002214,20240418,1242,174.12,Credit Card
2215,PAY002215,20240518,1242,1504.1,SADAD
2216,PAY002216,20240618,1242,3681.92,Cash
2217,PAY002217,20240719,1242,3923.6,Bank Transfer
2218,PAY002218,20220528,1243,19599.41,Cash
2219,PAY002219,20250914,1244,2698.19,Cash
2220,PAY002220,20251016,1244,2376.41,Cash
2221,PAY002221,20251117,1244,1966.26,Credit Card
2222,PAY002222,20251215,1244,1419.61,Credit Card
2223,PAY002223,20260405,1245,77679.48,SADAD
2224,PAY002224,20260503,1245,51784.92,Bank Transfer
2225,PAY002225,20231224,1246,911.76,Cash
2226,PAY002226,20240121,1246,1206.68,SADAD
2227,PAY002227,20240221,1246,3523.77,Bank Transfer
2228,PAY002228,20240320,1246,2325.99,SADAD
2229,PAY002229,20250519,1247,36700.5,Credit Card
2230,PAY002230,20240402,1248,848.93,Bank Transfer
2231,PAY002231,20240614,1249,8658.46,Bank Transfer
2232,PAY002232,20260531,1250,8123.8,Cash
2233,PAY002233,20260701,1250,27.15,Credit Card
2234,PAY002234,20260414,1251,718.72,Bank Transfer
2235,PAY002235,20260514,1251,149.78,Cash
2236,PAY002236,20260613,1251,881.62,SADAD
2237,PAY002237,20260713,1251,252.64,Credit Card
2238,PAY002238,20260305,1252,210.38,Cash
2239,PAY002239,20260408,1252,1127.02,Credit Card
2240,PAY002240,20260503,1252,2064.17,SADAD
2241,PAY002241,20260602,1252,2959.2,Cash
2242,PAY002242,20220905,1253,2354.13,Credit Card
2243,PAY002243,20231017,1254,2859.37,Credit Card
2244,PAY002244,20231116,1254,4907.42,Bank Transfer
2245,PAY002245,20221112,1255,9894.9,Bank Transfer
2246,PAY002246,20231015,1256,4560.3,Bank Transfer
2247,PAY002247,20260417,1257,2658.3,Cash
2248,PAY002248,20231120,1258,5505.27,Cash
2249,PAY002249,20231007,1259,190.57,SADAD
2250,PAY002250,20231105,1259,815.99,Credit Card
2251,PAY002251,20231209,1259,1091.99,Credit Card
2252,PAY002252,20240105,1259,2939.83,Bank Transfer
2253,PAY002253,20250526,1260,18426.09,Credit Card
2254,PAY002254,20260302,1261,51969.45,SADAD
2255,PAY002255,20231002,1262,23916.17,Credit Card
2256,PAY002256,20250324,1263,633.97,Bank Transfer
2257,PAY002257,20250421,1263,168.03,Cash
2258,PAY002258,20250525,1263,165.39,Cash
2259,PAY002259,20250620,1263,48.82,Bank Transfer
2260,PAY002260,20260613,1264,8717.74,Cash
2261,PAY002261,20240125,1265,1930.01,SADAD
2262,PAY002262,20240227,1265,577.69,Cash
2263,PAY002263,20240326,1265,1313.51,Bank Transfer
2264,PAY002264,20240427,1265,1142.33,SADAD
2265,PAY002265,20260719,1266,8292.19,Credit Card
2266,PAY002266,20241013,1267,2419.87,Cash
2267,PAY002267,20241113,1267,4162.66,Bank Transfer
2268,PAY002268,20250219,1268,6421.2,SADAD
2269,PAY002269,20240428,1269,7278.28,Cash
2270,PAY002270,20260503,1270,7350.63,Credit Card
2271,PAY002271,20230706,1271,3054.77,Bank Transfer
2272,PAY002272,20230806,1271,5481.09,SADAD
2273,PAY002273,20230904,1271,5043.89,Bank Transfer
2274,PAY002274,20231004,1271,3477.45,Credit Card
2275,PAY002275,20260206,1272,5287.0,Credit Card
2276,PAY002276,20250922,1273,23686.24,Cash
2277,PAY002277,20240527,1274,4605.82,SADAD
2278,PAY002278,20250502,1275,9586.6,Cash
2279,PAY002279,20250531,1275,360.03,Credit Card
2280,PAY002280,20231019,1276,705.81,Cash
2281,PAY002281,20231116,1276,174.35,Credit Card
2282,PAY002282,20260130,1277,9619.08,Credit Card
2283,PAY002283,20260224,1277,764.35,Credit Card
2284,PAY002284,20260331,1277,6583.29,Bank Transfer
2285,PAY002285,20260430,1277,5934.97,Credit Card
2286,PAY002286,20240920,1278,1105.97,SADAD
2287,PAY002287,20241025,1278,6048.96,Cash
2288,PAY002288,20241120,1278,4833.57,Credit Card
2289,PAY002289,20241219,1278,1859.37,Credit Card
2290,PAY002290,20260804,1279,136096.46,Cash
2291,PAY002291,20260110,1280,8291.87,Cash
2292,PAY002292,20260809,1281,15947.41,Credit Card
2293,PAY002293,20240929,1282,34.91,Credit Card
2294,PAY002294,20241029,1282,1041.53,SADAD
2295,PAY002295,20241202,1282,237.18,Bank Transfer
2296,PAY002296,20241231,1282,2143.07,Bank Transfer
2297,PAY002297,20241122,1283,2505.07,Cash
2298,PAY002298,20251018,1284,5842.0,SADAD
2299,PAY002299,20251116,1284,72.48,Bank Transfer
2300,PAY002300,20251213,1284,2143.71,SADAD
2301,PAY002301,20260116,1284,82.97,Cash
2302,PAY002302,20260205,1285,3905.34,Cash
2303,PAY002303,20241012,1286,11029.12,Cash
2304,PAY002304,20250620,1287,1476.01,Bank Transfer
2305,PAY002305,20250716,1287,463.35,Cash
2306,PAY002306,20260210,1288,7211.47,Bank Transfer
2307,PAY002307,20260310,1288,2102.29,Credit Card
2308,PAY002308,20260413,1288,544.57,Cash
2309,PAY002309,20260513,1288,6039.3,Credit Card
2310,PAY002310,20250208,1289,925.58,Cash
2311,PAY002311,20250308,1289,1159.37,Cash
2312,PAY002312,20251213,1290,3387.58,Bank Transfer
2313,PAY002313,20220815,1291,7138.37,Bank Transfer
2314,PAY002314,20250902,1292,3048.29,Credit Card
2315,PAY002315,20251003,1292,3461.84,Bank Transfer
2316,PAY002316,20251102,1292,236.74,Cash
2317,PAY002317,20251129,1292,1000.6,Cash
2318,PAY002318,20260203,1293,5449.46,Bank Transfer
2319,PAY002319,20231028,1294,7218.65,Credit Card
2320,PAY002320,20231201,1294,1398.22,Bank Transfer
2321,PAY002321,20260424,1295,75.66,Cash
2322,PAY002322,20260527,1295,221.77,Credit Card
2323,PAY002323,20260621,1295,1252.13,Bank Transfer
2324,PAY002324,20260725,1295,460.51,Credit Card
2325,PAY002325,20251106,1296,1689.63,Bank Transfer
2326,PAY002326,20260722,1297,218.59,Credit Card
2327,PAY002327,20260821,1297,370.09,Bank Transfer
2328,PAY002328,20240909,1298,56.22,SADAD
2329,PAY002329,20241011,1298,1296.71,Cash
2330,PAY002330,20240220,1299,7478.32,Bank Transfer
2331,PAY002331,20220429,1300,453.57,Bank Transfer
2332,PAY002332,20220525,1300,136.29,SADAD
2333,PAY002333,20220629,1300,954.86,Cash
2334,PAY002334,20220725,1300,271.78,SADAD
2335,PAY002335,20260325,1301,8673.71,Cash
2336,PAY002336,20260424,1301,213.26,Credit Card
2337,PAY002337,20241010,1302,4903.85,SADAD
2338,PAY002338,20241022,1303,6932.47,Bank Transfer
2339,PAY002339,20241012,1304,9449.78,Bank Transfer
2340,PAY002340,20241112,1304,9862.92,SADAD
2341,PAY002341,20251007,1305,1611.0,Cash
2342,PAY002342,20251103,1305,107.74,Credit Card
2343,PAY002343,20240617,1306,6655.78,Cash
2344,PAY002344,20240901,1307,13476.16,SADAD
2345,PAY002345,20241026,1308,10511.86,SADAD
2346,PAY002346,20240709,1309,1912.17,Credit Card
2347,PAY002347,20220423,1310,8696.11,Credit Card
2348,PAY002348,20220529,1311,67643.77,Credit Card
2349,PAY002349,20220702,1311,8066.15,Bank Transfer
2350,PAY002350,20220728,1311,13874.79,Cash
2351,PAY002351,20220901,1311,119321.99,Cash
2352,PAY002352,20260703,1312,763.23,SADAD
2353,PAY002353,20230606,1313,13315.5,Cash
2354,PAY002354,20221123,1314,170977.57,Credit Card
2355,PAY002355,20221118,1315,3628.4,Cash
2356,PAY002356,20221220,1315,474.73,Cash
2357,PAY002357,20250318,1316,869.48,SADAD
2358,PAY002358,20220901,1317,8003.21,Bank Transfer
2359,PAY002359,20220930,1317,16198.38,Credit Card
2360,PAY002360,20231014,1318,4896.66,Cash
2361,PAY002361,20260510,1319,1510.96,Bank Transfer
2362,PAY002362,20241006,1320,889.37,SADAD
2363,PAY002363,20241110,1320,439.35,Credit Card
2364,PAY002364,20240516,1321,2154.02,SADAD
2365,PAY002365,20251028,1322,14943.35,Bank Transfer
2366,PAY002366,20260811,1323,4795.99,SADAD
2367,PAY002367,20221212,1324,98.77,SADAD
2368,PAY002368,20230110,1324,192.43,Credit Card
2369,PAY002369,20230211,1324,292.43,Cash
2370,PAY002370,20230309,1324,36.15,Credit Card
2371,PAY002371,20240306,1325,3771.87,Bank Transfer
2372,PAY002372,20240408,1325,9200.82,SADAD
2373,PAY002373,20240509,1325,4523.88,SADAD
2374,PAY002374,20240608,1325,12767.01,Cash
2375,PAY002375,20240508,1326,12841.3,SADAD
2376,PAY002376,20240607,1326,72061.64,Credit Card
2377,PAY002377,20240710,1326,94183.43,Cash
2378,PAY002378,20240805,1326,31643.61,Credit Card
2379,PAY002379,20230819,1327,6926.97,Bank Transfer
2380,PAY002380,20230326,1328,39832.89,Credit Card
2381,PAY002381,20241024,1329,1366.62,Cash
2382,PAY002382,20241125,1329,116.45,Bank Transfer
2383,PAY002383,20241223,1329,313.41,Bank Transfer
2384,PAY002384,20250123,1329,1842.84,Cash
2385,PAY002385,20231208,1330,370.13,Bank Transfer
2386,PAY002386,20240107,1330,10708.9,Bank Transfer
2387,PAY002387,20240205,1330,7409.56,Cash
2388,PAY002388,20240307,1330,4184.01,Bank Transfer
2389,PAY002389,20220304,1331,8404.83,Credit Card
2390,PAY002390,20251201,1332,6759.7,Bank Transfer
2391,PAY002391,20241021,1333,10099.31,Cash
2392,PAY002392,20221221,1334,2466.85,Credit Card
2393,PAY002393,20240329,1335,37989.92,SADAD
2394,PAY002394,20250103,1336,4871.99,Cash
2395,PAY002395,20250606,1337,420.37,SADAD
2396,PAY002396,20250703,1337,1732.47,Cash
2397,PAY002397,20250801,1337,2540.54,Cash
2398,PAY002398,20250905,1337,1785.06,Bank Transfer
2399,PAY002399,20251012,1338,8399.03,Cash
2400,PAY002400,20250414,1339,327.87,Cash
2401,PAY002401,20250513,1339,103.39,Bank Transfer
2402,PAY002402,20250611,1339,316.94,Credit Card
2403,PAY002403,20250712,1339,75.09,SADAD
2404,PAY002404,20250609,1340,17127.97,Credit Card
2405,PAY002405,20250708,1340,16971.82,Bank Transfer
2406,PAY002406,20250807,1340,114409.13,SADAD
2407,PAY002407,20250907,1340,24359.2,Bank Transfer
2408,PAY002408,20260122,1341,2222.52,Cash
2409,PAY002409,20260222,1341,83.92,Bank Transfer
2410,PAY002410,20260319,1341,6768.35,Credit Card
2411,PAY002411,20260420,1341,232.01,Bank Transfer
2412,PAY002412,20240212,1342,1399.72,Credit Card
2413,PAY002413,20240313,1342,8938.42,Bank Transfer
2414,PAY002414,20240411,1342,519.1,Bank Transfer
2415,PAY002415,20240509,1342,11715.4,SADAD
2416,PAY002416,20260520,1343,4403.77,SADAD
2417,PAY002417,20260620,1343,1165.87,Bank Transfer
2418,PAY002418,20260718,1343,575.43,Bank Transfer
2419,PAY002419,20260818,1343,2135.18,Credit Card
2420,PAY002420,20260530,1344,5843.01,Credit Card
2421,PAY002421,20250815,1345,34789.02,Credit Card
2422,PAY002422,20260502,1346,29222.94,Credit Card
2423,PAY002423,20251021,1347,8906.23,Cash
2424,PAY002424,20251206,1348,4316.0,Credit Card
2425,PAY002425,20260103,1348,1895.45,Credit Card
2426,PAY002426,20260205,1348,499.56,Credit Card
2427,PAY002427,20260304,1348,1547.83,Bank Transfer
2428,PAY002428,20230522,1349,3517.77,Credit Card
2429,PAY002429,20230622,1349,1267.95,Credit Card
2430,PAY002430,20230725,1349,5122.57,SADAD
2431,PAY002431,20230821,1349,14763.65,Bank Transfer
2432,PAY002432,20240709,1350,1922.5,Bank Transfer
2433,PAY002433,20250514,1351,3470.2,Credit Card
2434,PAY002434,20260203,1352,3405.19,SADAD
2435,PAY002435,20240129,1353,27471.21,Bank Transfer
2436,PAY002436,20240225,1353,178423.36,Cash
2437,PAY002437,20241011,1354,127093.1,Credit Card
2438,PAY002438,20240704,1355,5252.69,Cash
2439,PAY002439,20240906,1356,5214.91,Credit Card
2440,PAY002440,20241005,1356,2108.09,Bank Transfer
2441,PAY002441,20260228,1357,8251.95,Cash
2442,PAY002442,20260401,1357,1096.57,Bank Transfer
2443,PAY002443,20260430,1357,2041.51,SADAD
2444,PAY002444,20260528,1357,4166.21,Credit Card
2445,PAY002445,20251105,1358,739.77,Credit Card
2446,PAY002446,20250924,1359,6581.12,Credit Card
2447,PAY002447,20251024,1359,17157.29,Credit Card
2448,PAY002448,20230222,1360,548.58,Cash
2449,PAY002449,20230321,1360,1730.04,SADAD
2450,PAY002450,20230420,1360,1166.33,Credit Card
2451,PAY002451,20230524,1360,2232.27,Cash
2452,PAY002452,20240122,1361,10558.09,Cash
2453,PAY002453,20260423,1362,2493.7,Credit Card
2454,PAY002454,20240424,1363,659.01,Bank Transfer
2455,PAY002455,20250813,1364,7849.62,SADAD
2456,PAY002456,20250911,1364,7206.33,SADAD
2457,PAY002457,20251009,1364,3983.69,Credit Card
2458,PAY002458,20251112,1364,3815.59,Bank Transfer
2459,PAY002459,20240601,1365,24082.63,Credit Card
2460,PAY002460,20250312,1366,2462.76,Credit Card
2461,PAY002461,20250103,1367,13431.61,Credit Card
2462,PAY002462,20250201,1367,59.84,Bank Transfer
2463,PAY002463,20240331,1368,5059.21,SADAD
2464,PAY002464,20250325,1369,6573.97,SADAD
2465,PAY002465,20230604,1370,2365.13,SADAD
2466,PAY002466,20230701,1370,2610.3,Bank Transfer
2467,PAY002467,20230514,1371,10340.73,Credit Card
2468,PAY002468,20260124,1372,4472.06,Cash
2469,PAY002469,20230410,1373,1554.6,Credit Card
2470,PAY002470,20231220,1374,6445.67,Bank Transfer
2471,PAY002471,20221017,1375,6366.26,Credit Card
2472,PAY002472,20221118,1375,23237.58,Credit Card
2473,PAY002473,20251207,1376,241.9,SADAD
2474,PAY002474,20260105,1376,625.26,SADAD
2475,PAY002475,20260202,1376,2206.24,Credit Card
2476,PAY002476,20260302,1376,933.21,SADAD
2477,PAY002477,20241210,1377,1731.18,SADAD
2478,PAY002478,20240319,1378,1682.93,SADAD
2479,PAY002479,20240119,1379,1839.3,Cash
2480,PAY002480,20250504,1380,24727.0,Bank Transfer
2481,PAY002481,20240905,1381,3812.57,Bank Transfer
2482,PAY002482,20241003,1381,9180.48,Bank Transfer
2483,PAY002483,20251101,1382,587.47,Cash
2484,PAY002484,20251202,1382,2813.73,Cash
2485,PAY002485,20220605,1383,6956.84,SADAD
2486,PAY002486,20251012,1384,5705.21,Bank Transfer
2487,PAY002487,20231224,1385,12110.29,Credit Card
2488,PAY002488,20240122,1385,11412.81,Credit Card
2489,PAY002489,20240226,1385,4435.62,Cash
2490,PAY002490,20240325,1385,11215.83,Cash
2491,PAY002491,20250314,1386,6838.3,Credit Card
2492,PAY002492,20250416,1386,9528.08,Bank Transfer
2493,PAY002493,20240512,1387,554.67,Bank Transfer
2494,PAY002494,20240613,1387,35.99,Credit Card
2495,PAY002495,20240711,1387,274.47,Credit Card
2496,PAY002496,20240812,1387,902.5,Bank Transfer
2497,PAY002497,20230913,1388,3285.64,Credit Card
2498,PAY002498,20231012,1388,488.51,Bank Transfer
2499,PAY002499,20250103,1389,1400.13,Credit Card
2500,PAY002500,20231219,1390,328.24,Bank Transfer
2501,PAY002501,20240118,1390,4165.73,Bank Transfer
2502,PAY002502,20260530,1391,12781.07,Credit Card
2503,PAY002503,20220510,1392,5870.5,Credit Card
2504,PAY002504,20260812,1393,65.22,Cash
2505,PAY002505,20260117,1394,500.17,Bank Transfer
2506,PAY002506,20251013,1395,12912.99,Credit Card
2507,PAY002507,20230403,1396,5827.65,Bank Transfer
2508,PAY002508,20250520,1397,18475.53,Credit Card
2509,PAY002509,20250621,1397,6366.31,SADAD
2510,PAY002510,20250718,1398,2118.92,SADAD
2511,PAY002511,20250818,1398,745.62,SADAD
2512,PAY002512,20250914,1398,48.2,Credit Card
2513,PAY002513,20251016,1398,5192.14,Cash
2514,PAY002514,20260823,1399,3336.0,Bank Transfer
2515,PAY002515,20231024,1400,8478.37,Credit Card
2516,PAY002516,20230709,1401,5388.33,Bank Transfer
2517,PAY002517,20230809,1401,1968.14,Credit Card
2518,PAY002518,20230907,1401,6587.57,Credit Card
2519,PAY002519,20231009,1401,10605.95,Bank Transfer
2520,PAY002520,20231103,1402,5162.96,Cash
2521,PAY002521,20231201,1402,812.46,SADAD
2522,PAY002522,20241020,1403,9276.6,Cash
2523,PAY002523,20251014,1404,6966.53,Credit Card
2524,PAY002524,20240623,1405,98.75,Cash
2525,PAY002525,20240720,1405,15.46,SADAD
2526,PAY002526,20240822,1405,126.54,Credit Card
2527,PAY002527,20240922,1405,67.2,SADAD
2528,PAY002528,20230525,1406,1844.9,Credit Card
2529,PAY002529,20260103,1407,179.03,Bank Transfer
2530,PAY002530,20260129,1407,2232.46,Bank Transfer
2531,PAY002531,20260305,1407,1198.21,SADAD
2532,PAY002532,20260331,1407,4373.35,Bank Transfer
2533,PAY002533,20230902,1408,2768.68,Cash
2534,PAY002534,20231007,1408,4910.57,Bank Transfer
2535,PAY002535,20231105,1408,2977.06,Cash
2536,PAY002536,20231206,1408,7084.64,Bank Transfer
2537,PAY002537,20240929,1409,21011.95,Bank Transfer
2538,PAY002538,20241028,1409,16091.94,Credit Card
2539,PAY002539,20240929,1410,1000.91,Bank Transfer
2540,PAY002540,20251113,1411,3765.46,Credit Card
2541,PAY002541,20251211,1411,474.52,Bank Transfer
2542,PAY002542,20260112,1411,648.28,Bank Transfer
2543,PAY002543,20260209,1411,2491.38,SADAD
2544,PAY002544,20221218,1412,178.51,Credit Card
2545,PAY002545,20230118,1412,25.96,Cash
2546,PAY002546,20230217,1412,1014.52,Bank Transfer
2547,PAY002547,20230319,1412,1994.19,Bank Transfer
2548,PAY002548,20251206,1413,2771.57,Credit Card
2549,PAY002549,20260107,1413,354.99,Credit Card
2550,PAY002550,20260209,1413,386.76,Bank Transfer
2551,PAY002551,20260308,1413,578.05,Bank Transfer
2552,PAY002552,20230903,1414,10426.5,Credit Card
2553,PAY002553,20231004,1414,799.22,Bank Transfer
2554,PAY002554,20240730,1415,177974.81,Bank Transfer
2555,PAY002555,20240705,1416,8395.44,SADAD
2556,PAY002556,20240802,1416,2790.36,Credit Card
2557,PAY002557,20251026,1417,4543.75,Cash
2558,PAY002558,20251126,1417,2019.51,SADAD
2559,PAY002559,20241123,1418,8662.64,Bank Transfer
2560,PAY002560,20241226,1418,4547.46,Credit Card
2561,PAY002561,20231011,1419,1404.9,Cash
2562,PAY002562,20231109,1419,4028.37,Credit Card
2563,PAY002563,20230527,1420,515.12,SADAD
2564,PAY002564,20230626,1420,742.2,SADAD
2565,PAY002565,20230730,1420,963.21,Bank Transfer
2566,PAY002566,20230828,1420,99.06,Bank Transfer
2567,PAY002567,20231027,1421,30985.2,Credit Card
2568,PAY002568,20250820,1422,284.56,SADAD
2569,PAY002569,20250919,1422,1071.62,Credit Card
2570,PAY002570,20231114,1423,5841.12,SADAD
2571,PAY002571,20230407,1424,10142.37,Bank Transfer
2572,PAY002572,20231123,1425,4868.43,SADAD
2573,PAY002573,20260407,1426,27581.29,Credit Card
2574,PAY002574,20260509,1426,6249.75,Credit Card
2575,PAY002575,20260603,1427,1523.51,Cash
2576,PAY002576,20240903,1428,6623.02,Credit Card
2577,PAY002577,20250208,1429,35717.07,Bank Transfer
2578,PAY002578,20230921,1430,227.53,SADAD
2579,PAY002579,20231019,1430,1146.69,Cash
2580,PAY002580,20231119,1430,978.74,Bank Transfer
2581,PAY002581,20231221,1430,3139.32,Cash
2582,PAY002582,20260304,1431,2178.39,Cash
2583,PAY002583,20260404,1431,2045.24,Credit Card
2584,PAY002584,20260503,1431,72.55,Cash
2585,PAY002585,20260601,1431,960.05,SADAD
2586,PAY002586,20240811,1432,3939.89,SADAD
2587,PAY002587,20251130,1433,281.27,SADAD
2588,PAY002588,20260102,1433,113.82,Bank Transfer
2589,PAY002589,20260130,1433,14.57,Cash
2590,PAY002590,20260304,1433,67.96,Credit Card
2591,PAY002591,20240105,1434,8434.2,SADAD
2592,PAY002592,20221005,1435,1804.42,Credit Card
2593,PAY002593,20221109,1435,2934.92,Bank Transfer
2594,PAY002594,20221206,1435,7920.26,Credit Card
2595,PAY002595,20230107,1435,5439.22,SADAD
2596,PAY002596,20240123,1436,92.93,Credit Card
2597,PAY002597,20240222,1436,3997.08,Credit Card
2598,PAY002598,20240325,1436,588.75,Credit Card
2599,PAY002599,20240422,1436,4103.02,SADAD
2600,PAY002600,20260521,1437,2478.46,Cash
2601,PAY002601,20260620,1437,21797.89,Bank Transfer
2602,PAY002602,20221001,1438,166541.17,Bank Transfer
2603,PAY002603,20250610,1439,1215.47,Cash
2604,PAY002604,20250710,1439,9995.22,Bank Transfer
2605,PAY002605,20241117,1440,1941.71,Credit Card
2606,PAY002606,20241214,1440,14.3,SADAD
2607,PAY002607,20250115,1440,683.75,Cash
2608,PAY002608,20250213,1440,391.72,Cash
2609,PAY002609,20260203,1441,844.65,Credit Card
2610,PAY002610,20260305,1441,1243.6,Cash
2611,PAY002611,20240307,1442,3413.25,Bank Transfer
2612,PAY002612,20240410,1442,4846.18,SADAD
2613,PAY002613,20240925,1443,2540.32,Bank Transfer
2614,PAY002614,20241020,1443,1100.0,Cash
2615,PAY002615,20241119,1443,1280.33,Bank Transfer
2616,PAY002616,20241219,1443,3460.28,Cash
2617,PAY002617,20250307,1444,2507.8,Credit Card
2618,PAY002618,20240811,1445,2171.46,Cash
2619,PAY002619,20240920,1446,3054.62,SADAD
2620,PAY002620,20240808,1447,5829.0,SADAD
2621,PAY002621,20240303,1448,4329.39,Bank Transfer
2622,PAY002622,20240427,1449,943.05,Bank Transfer
2623,PAY002623,20240524,1449,379.54,Bank Transfer
2624,PAY002624,20240625,1449,1177.97,Bank Transfer
2625,PAY002625,20240724,1449,2553.58,SADAD
2626,PAY002626,20240112,1450,5683.58,SADAD
2627,PAY002627,20220715,1451,3713.32,Bank Transfer
2628,PAY002628,20250605,1452,10977.96,Bank Transfer
2629,PAY002629,20260802,1453,16786.63,Bank Transfer
2630,PAY002630,20250904,1454,3596.88,SADAD
2631,PAY002631,20251005,1454,4063.58,Credit Card
2632,PAY002632,20251104,1454,20.57,Cash
2633,PAY002633,20251129,1454,1666.85,Bank Transfer
2634,PAY002634,20220614,1455,17582.35,Cash
2635,PAY002635,20240422,1456,4743.26,Cash
2636,PAY002636,20240523,1456,1620.7,Credit Card
2637,PAY002637,20240625,1456,7422.71,Cash
2638,PAY002638,20240725,1456,330.52,Bank Transfer
2639,PAY002639,20260518,1457,6908.63,SADAD
2640,PAY002640,20260618,1457,1440.41,SADAD
2641,PAY002641,20240610,1458,4588.89,Bank Transfer
2642,PAY002642,20240212,1459,2152.07,SADAD
2643,PAY002643,20251106,1460,561.01,Bank Transfer
2644,PAY002644,20251203,1460,888.28,Credit Card
2645,PAY002645,20260102,1460,433.92,Credit Card
2646,PAY002646,20260202,1460,4837.03,SADAD
2647,PAY002647,20250507,1461,2361.83,Bank Transfer
2648,PAY002648,20250602,1461,1122.61,Cash
2649,PAY002649,20260409,1462,777.8,SADAD
2650,PAY002650,20260510,1462,539.24,Cash
2651,PAY002651,20260610,1462,568.32,SADAD
2652,PAY002652,20260709,1462,569.08,Bank Transfer
2653,PAY002653,20231220,1463,4809.56,Bank Transfer
2654,PAY002654,20230110,1464,2554.27,Bank Transfer
2655,PAY002655,20230208,1464,948.7,SADAD
2656,PAY002656,20230315,1464,5498.03,SADAD
2657,PAY002657,20230414,1464,1765.29,Credit Card
2658,PAY002658,20230722,1465,3707.55,Credit Card
2659,PAY002659,20230822,1465,4285.72,SADAD
2660,PAY002660,20230920,1465,258.06,Cash
2661,PAY002661,20231024,1465,1472.86,Credit Card
2662,PAY002662,20250309,1466,3111.41,Cash
2663,PAY002663,20251212,1467,1395.05,Cash
2664,PAY002664,20260526,1468,25388.76,SADAD
2665,PAY002665,20240108,1469,1952.49,SADAD
2666,PAY002666,20240205,1469,4346.1,Credit Card
2667,PAY002667,20240306,1469,5590.12,Bank Transfer
2668,PAY002668,20240408,1469,1148.45,Bank Transfer
2669,PAY002669,20240218,1470,14913.2,Bank Transfer
2670,PAY002670,20240521,1471,10642.31,SADAD
2671,PAY002671,20240505,1472,7158.91,Bank Transfer
2672,PAY002672,20250329,1473,1478.98,Bank Transfer
2673,PAY002673,20240826,1474,2659.09,Bank Transfer
2674,PAY002674,20240925,1474,12970.38,Bank Transfer
2675,PAY002675,20250224,1475,15632.21,SADAD
2676,PAY002676,20250326,1476,632.96,Credit Card
2677,PAY002677,20250424,1476,549.99,Credit Card
2678,PAY002678,20260221,1477,1865.42,Bank Transfer
2679,PAY002679,20260318,1477,278.7,Credit Card
2680,PAY002680,20250411,1478,11737.82,Cash
2681,PAY002681,20221115,1479,273.34,Credit Card
2682,PAY002682,20221220,1479,324.3,SADAD
2683,PAY002683,20230119,1479,287.41,SADAD
2684,PAY002684,20230214,1479,650.01,Credit Card
2685,PAY002685,20240718,1480,106211.27,Credit Card
2686,PAY002686,20231130,1481,16903.04,Credit Card
2687,PAY002687,20220926,1482,214.76,Credit Card
2688,PAY002688,20221029,1482,414.63,Bank Transfer
2689,PAY002689,20221127,1482,3698.46,Bank Transfer
2690,PAY002690,20221225,1482,858.51,Credit Card
2691,PAY002691,20240429,1483,1089.98,SADAD
2692,PAY002692,20240531,1483,18272.43,SADAD
2693,PAY002693,20220827,1484,6499.13,SADAD
2694,PAY002694,20250802,1485,5875.0,Cash
2695,PAY002695,20260605,1486,244.06,Bank Transfer
2696,PAY002696,20260704,1486,814.8,Bank Transfer
2697,PAY002697,20251015,1487,4127.04,SADAD
2698,PAY002698,20220621,1488,51.45,Credit Card
2699,PAY002699,20220718,1488,2969.1,Bank Transfer
2700,PAY002700,20220822,1488,1896.0,Bank Transfer
2701,PAY002701,20220917,1488,2129.75,Cash
2702,PAY002702,20260417,1489,3303.41,Cash
2703,PAY002703,20250317,1490,2757.71,Cash
2704,PAY002704,20250413,1490,3170.26,Credit Card
2705,PAY002705,20250515,1490,686.6,Credit Card
2706,PAY002706,20250616,1490,2695.72,Credit Card
2707,PAY002707,20241217,1491,10041.8,SADAD
2708,PAY002708,20240418,1492,6943.8,SADAD
2709,PAY002709,20230827,1493,21065.59,Credit Card
2710,PAY002710,20260430,1494,38116.05,Bank Transfer
2711,PAY002711,20241031,1495,24136.29,Credit Card
2712,PAY002712,20230321,1496,722.96,SADAD
2713,PAY002713,20230418,1496,259.4,SADAD
2714,PAY002714,20260607,1497,587.01,Cash
2715,PAY002715,20260707,1497,431.24,Bank Transfer
2716,PAY002716,20260401,1498,6786.83,SADAD
2717,PAY002717,20230708,1499,3081.56,Bank Transfer
2718,PAY002718,20241225,1500,283.98,Credit Card
2719,PAY002719,20250122,1500,469.53,Credit Card
2720,PAY002720,20250225,1500,604.02,Cash
2721,PAY002721,20250327,1500,218.83,Cash
2722,PAY002722,20250116,1501,780.53,Credit Card
2723,PAY002723,20240619,1502,5562.25,Cash
2724,PAY002724,20260220,1503,891.39,Bank Transfer
2725,PAY002725,20240402,1504,6387.6,Bank Transfer
2726,PAY002726,20260326,1505,1307.21,Credit Card
2727,PAY002727,20260423,1505,4194.85,Bank Transfer
2728,PAY002728,20260524,1505,2847.83,SADAD
2729,PAY002729,20260624,1505,319.51,Cash
2730,PAY002730,20240908,1506,25901.42,Bank Transfer
2731,PAY002731,20241010,1506,10927.76,SADAD
2732,PAY002732,20230826,1507,1354.35,Credit Card
2733,PAY002733,20230921,1507,8075.43,Cash
2734,PAY002734,20231026,1507,1069.68,Cash
2735,PAY002735,20231124,1507,3382.8,Bank Transfer
2736,PAY002736,20240609,1508,4137.64,Bank Transfer
2737,PAY002737,20240706,1508,4256.49,Credit Card
2738,PAY002738,20240806,1508,3357.57,Cash
2739,PAY002739,20240908,1508,6288.57,SADAD
2740,PAY002740,20231006,1509,8156.72,Bank Transfer
2741,PAY002741,20250911,1510,2070.76,Credit Card
2742,PAY002742,20251012,1510,3047.22,SADAD
2743,PAY002743,20251109,1510,1057.36,Credit Card
2744,PAY002744,20251207,1510,1356.62,SADAD
2745,PAY002745,20220907,1511,1309.94,Credit Card
2746,PAY002746,20240605,1512,10145.29,SADAD
2747,PAY002747,20250622,1513,41.23,Credit Card
2748,PAY002748,20250726,1513,1543.03,Cash
2749,PAY002749,20250823,1513,5425.43,Credit Card
2750,PAY002750,20250921,1513,927.37,SADAD
2751,PAY002751,20241130,1514,8561.46,Bank Transfer
2752,PAY002752,20231119,1515,8249.32,Bank Transfer
2753,PAY002753,20230622,1516,2748.11,SADAD
2754,PAY002754,20230723,1516,1622.38,SADAD
2755,PAY002755,20230824,1516,2853.22,Credit Card
2756,PAY002756,20230918,1516,3521.7,SADAD
2757,PAY002757,20251015,1517,3584.92,Credit Card
2758,PAY002758,20240910,1518,2281.53,Bank Transfer
2759,PAY002759,20260424,1519,9627.99,Cash
2760,PAY002760,20251129,1520,1490.92,Cash
2761,PAY002761,20251229,1520,4.39,SADAD
2762,PAY002762,20240921,1521,4384.93,SADAD
2763,PAY002763,20241019,1521,48.35,Bank Transfer
2764,PAY002764,20241118,1521,6910.11,Credit Card
2765,PAY002765,20241215,1521,612.01,Cash
2766,PAY002766,20251113,1522,1754.93,SADAD
2767,PAY002767,20251213,1522,3131.07,Bank Transfer
2768,PAY002768,20260110,1522,2495.18,Credit Card
2769,PAY002769,20260207,1522,3231.14,SADAD
2770,PAY002770,20260127,1523,1074.75,Bank Transfer
2771,PAY002771,20250404,1524,2166.87,Cash
2772,PAY002772,20250502,1524,320.14,Bank Transfer
2773,PAY002773,20250301,1525,2232.8,SADAD
2774,PAY002774,20250907,1526,3353.44,Cash
2775,PAY002775,20251007,1526,7126.25,Bank Transfer
2776,PAY002776,20231027,1527,944.75,Bank Transfer
2777,PAY002777,20231127,1527,8035.58,Credit Card
2778,PAY002778,20250520,1528,2120.69,Credit Card
2779,PAY002779,20260606,1529,36875.18,Bank Transfer
2780,PAY002780,20250317,1530,750.74,Credit Card
2781,PAY002781,20250421,1530,685.49,Credit Card
2782,PAY002782,20250823,1531,455.88,Cash
2783,PAY002783,20250923,1531,417.06,Credit Card
2784,PAY002784,20251023,1531,925.67,SADAD
2785,PAY002785,20251121,1531,187.45,Bank Transfer
2786,PAY002786,20260529,1532,1919.44,Cash
2787,PAY002787,20260627,1532,1407.14,Credit Card
2788,PAY002788,20260726,1532,2180.79,Cash
2789,PAY002789,20241231,1533,947.4,Bank Transfer
2790,PAY002790,20250203,1533,5939.49,Bank Transfer
2791,PAY002791,20250713,1534,6802.73,Bank Transfer
2792,PAY002792,20250429,1535,581.06,Credit Card
2793,PAY002793,20250528,1535,22.38,SADAD
2794,PAY002794,20250627,1535,1532.98,SADAD
2795,PAY002795,20250801,1535,383.09,Bank Transfer
2796,PAY002796,20230508,1536,102.28,Credit Card
2797,PAY002797,20230604,1536,103.03,Cash
2798,PAY002798,20230729,1537,2135.5,Bank Transfer
2799,PAY002799,20260404,1538,1199.74,Cash
2800,PAY002800,20250104,1539,930.39,Bank Transfer
2801,PAY002801,20260224,1540,11459.57,SADAD
2802,PAY002802,20250428,1541,180.22,Cash
2803,PAY002803,20250529,1541,5210.92,Bank Transfer
2804,PAY002804,20250626,1541,232.29,Cash
2805,PAY002805,20250727,1541,2521.0,Bank Transfer
2806,PAY002806,20250515,1542,2973.27,Bank Transfer
2807,PAY002807,20250619,1542,7391.67,Credit Card
2808,PAY002808,20250924,1543,14315.72,SADAD
2809,PAY002809,20251023,1543,7354.93,Cash
2810,PAY002810,20231130,1544,2803.11,Bank Transfer
2811,PAY002811,20231231,1544,347.39,Bank Transfer
2812,PAY002812,20251101,1545,8798.1,Bank Transfer
2813,PAY002813,20240925,1546,10041.4,Bank Transfer
2814,PAY002814,20221018,1547,1813.25,SADAD
2815,PAY002815,20221116,1547,893.54,Cash
2816,PAY002816,20250126,1548,605.89,SADAD
2817,PAY002817,20250302,1548,1672.91,Cash
2818,PAY002818,20260320,1549,4970.39,Credit Card
2819,PAY002819,20260420,1549,4818.22,Credit Card
2820,PAY002820,20250122,1550,6918.76,Bank Transfer
2821,PAY002821,20230628,1551,7438.6,SADAD
2822,PAY002822,20260313,1552,1258.07,SADAD
2823,PAY002823,20260413,1552,3807.2,SADAD
2824,PAY002824,20260513,1552,954.38,Bank Transfer
2825,PAY002825,20260612,1552,3276.01,Bank Transfer
2826,PAY002826,20241008,1553,76079.96,SADAD
2827,PAY002827,20231214,1554,2229.99,Credit Card
2828,PAY002828,20250107,1555,5021.57,Credit Card
2829,PAY002829,20250204,1555,2013.98,Cash
2830,PAY002830,20250311,1555,2265.37,Cash
2831,PAY002831,20250407,1555,5615.46,Bank Transfer
2832,PAY002832,20251021,1556,2901.32,SADAD
2833,PAY002833,20251116,1556,1658.96,Credit Card
2834,PAY002834,20241222,1557,2527.25,SADAD
2835,PAY002835,20251211,1558,3436.98,Bank Transfer
2836,PAY002836,20240309,1559,5810.18,Credit Card
2837,PAY002837,20251228,1560,4097.0,Credit Card
2838,PAY002838,20221229,1561,2563.62,Credit Card
2839,PAY002839,20260208,1562,14740.32,SADAD
2840,PAY002840,20260310,1562,432.89,SADAD
2841,PAY002841,20260212,1563,735.95,Bank Transfer
2842,PAY002842,20230710,1564,1218.28,Bank Transfer
2843,PAY002843,20230809,1564,2094.66,Credit Card
2844,PAY002844,20230906,1564,796.41,Credit Card
2845,PAY002845,20231009,1564,3625.65,Credit Card
2846,PAY002846,20231206,1565,22776.27,Bank Transfer
2847,PAY002847,20240722,1566,1658.45,Cash
2848,PAY002848,20240715,1567,2915.97,Bank Transfer
2849,PAY002849,20250301,1568,80.69,Cash
2850,PAY002850,20250328,1568,254.43,Credit Card
2851,PAY002851,20250429,1568,890.98,Credit Card
2852,PAY002852,20250527,1568,1009.83,SADAD
2853,PAY002853,20221123,1569,2863.56,Cash
2854,PAY002854,20250626,1570,9274.68,Bank Transfer
2855,PAY002855,20240719,1571,1142.69,Cash
2856,PAY002856,20240822,1571,5530.07,SADAD
2857,PAY002857,20240823,1572,6552.0,SADAD
2858,PAY002858,20240923,1572,3804.61,Bank Transfer
2859,PAY002859,20240911,1573,13846.33,Credit Card
2860,PAY002860,20241014,1573,10561.33,Cash
2861,PAY002861,20250829,1574,6050.4,Credit Card
2862,PAY002862,20241009,1575,1250.52,Cash
2863,PAY002863,20241106,1575,316.47,SADAD
2864,PAY002864,20241122,1576,2128.53,Cash
2865,PAY002865,20250616,1577,206.68,Bank Transfer
2866,PAY002866,20251221,1578,911.95,Credit Card
2867,PAY002867,20231105,1579,1293.32,Cash
2868,PAY002868,20231130,1579,1491.61,Credit Card
2869,PAY002869,20230907,1580,568.29,SADAD
2870,PAY002870,20251225,1581,1007.6,SADAD
2871,PAY002871,20260123,1581,1114.3,Cash
2872,PAY002872,20251031,1582,4889.6,Cash
2873,PAY002873,20221014,1583,18250.12,Credit Card
2874,PAY002874,20250403,1584,35.09,Bank Transfer
2875,PAY002875,20250502,1584,1516.96,SADAD
2876,PAY002876,20250529,1584,5583.01,Bank Transfer
2877,PAY002877,20250701,1584,2471.84,SADAD
2878,PAY002878,20231027,1585,1587.34,SADAD
2879,PAY002879,20250712,1586,5785.05,SADAD
2880,PAY002880,20221014,1587,2644.87,Cash
2881,PAY002881,20260422,1588,4403.33,Credit Card
2882,PAY002882,20260519,1588,5531.28,SADAD
2883,PAY002883,20260621,1588,8092.8,Bank Transfer
2884,PAY002884,20260720,1588,5354.15,Bank Transfer
2885,PAY002885,20240813,1589,178679.19,Bank Transfer
2886,PAY002886,20250704,1590,1832.07,Bank Transfer
2887,PAY002887,20250801,1590,6471.33,Credit Card
2888,PAY002888,20250902,1590,411.57,SADAD
2889,PAY002889,20250929,1590,3615.76,Bank Transfer
2890,PAY002890,20251009,1591,21.9,Bank Transfer
2891,PAY002891,20251106,1591,5533.29,SADAD
2892,PAY002892,20251208,1591,183.39,Cash
2893,PAY002893,20260106,1591,2567.45,Bank Transfer
2894,PAY002894,20240211,1592,9894.48,Credit Card
2895,PAY002895,20250109,1593,1701.12,Credit Card
2896,PAY002896,20251214,1594,1080.14,Bank Transfer
2897,PAY002897,20260111,1594,2320.79,SADAD
2898,PAY002898,20221203,1595,652.7,Bank Transfer
2899,PAY002899,20230101,1595,933.35,Cash
2900,PAY002900,20230130,1595,3509.09,Bank Transfer
2901,PAY002901,20230302,1595,2382.38,Credit Card
2902,PAY002902,20220429,1596,421.63,Bank Transfer
2903,PAY002903,20220528,1596,1002.97,Cash
2904,PAY002904,20220625,1596,1179.62,Credit Card
2905,PAY002905,20220728,1596,2778.54,Credit Card
2906,PAY002906,20231220,1597,272.43,Bank Transfer
2907,PAY002907,20240121,1597,68.89,Cash
2908,PAY002908,20240216,1597,8395.97,Credit Card
2909,PAY002909,20240318,1597,1595.46,Credit Card
2910,PAY002910,20260217,1598,432.58,Bank Transfer
2911,PAY002911,20260317,1598,6585.3,Bank Transfer
2912,PAY002912,20241224,1599,2245.72,Credit Card
2913,PAY002913,20240719,1600,11801.22,Bank Transfer
2914,PAY002914,20250913,1601,5150.08,Cash
2915,PAY002915,20250411,1602,2017.81,SADAD
2916,PAY002916,20250512,1602,793.11,Bank Transfer
2917,PAY002917,20250611,1602,78.18,SADAD
2918,PAY002918,20250712,1602,261.73,SADAD
2919,PAY002919,20240924,1603,20180.27,Credit Card
2920,PAY002920,20260616,1604,8149.42,Cash
2921,PAY002921,20230306,1605,1923.59,Bank Transfer
2922,PAY002922,20230331,1605,21077.47,SADAD
2923,PAY002923,20240928,1606,5863.99,Bank Transfer
2924,PAY002924,20230103,1607,8114.59,Bank Transfer
2925,PAY002925,20250318,1608,1369.34,Cash
2926,PAY002926,20250420,1608,3377.96,Bank Transfer
2927,PAY002927,20251010,1609,36685.14,Bank Transfer
2928,PAY002928,20251110,1609,33722.81,Bank Transfer
2929,PAY002929,20241015,1610,5823.04,SADAD
2930,PAY002930,20230430,1611,98.1,SADAD
2931,PAY002931,20230531,1611,1551.78,SADAD
2932,PAY002932,20230629,1611,298.01,Bank Transfer
2933,PAY002933,20230729,1611,1736.81,SADAD
2934,PAY002934,20250719,1612,20801.69,Bank Transfer
2935,PAY002935,20250821,1612,23768.9,Credit Card
2936,PAY002936,20250916,1612,25140.85,SADAD
2937,PAY002937,20251019,1612,6035.94,Cash
2938,PAY002938,20250119,1613,2178.14,Bank Transfer
2939,PAY002939,20250221,1613,26.84,Bank Transfer
2940,PAY002940,20250322,1613,1033.59,SADAD
2941,PAY002941,20250420,1613,1828.85,Bank Transfer
2942,PAY002942,20250112,1614,23235.64,Cash
2943,PAY002943,20250213,1614,12662.19,Bank Transfer
2944,PAY002944,20260327,1615,8289.2,Cash
2945,PAY002945,20260426,1615,424.02,Credit Card
2946,PAY002946,20250509,1616,1110.26,Cash
2947,PAY002947,20220915,1617,922.27,Bank Transfer
2948,PAY002948,20251007,1618,9776.51,Credit Card
2949,PAY002949,20251109,1618,1551.59,Cash
2950,PAY002950,20240607,1619,5570.04,Credit Card
2951,PAY002951,20240708,1619,3139.65,SADAD
2952,PAY002952,20220905,1620,425.22,Cash
2953,PAY002953,20221006,1620,496.08,Credit Card
2954,PAY002954,20250131,1621,6284.48,Bank Transfer
2955,PAY002955,20230313,1622,91445.72,Credit Card
2956,PAY002956,20230412,1622,124232.17,Bank Transfer
2957,PAY002957,20250530,1623,7915.56,SADAD
2958,PAY002958,20241210,1624,1022.03,Credit Card
2959,PAY002959,20250104,1624,276.39,Credit Card
2960,PAY002960,20250105,1625,6571.06,Bank Transfer
2961,PAY002961,20241022,1626,3134.55,Cash
2962,PAY002962,20241121,1626,4118.67,Bank Transfer
2963,PAY002963,20241218,1626,1188.1,Credit Card
2964,PAY002964,20250121,1626,5922.8,SADAD
2965,PAY002965,20241115,1627,8699.38,SADAD
2966,PAY002966,20231118,1628,3892.68,Bank Transfer
2967,PAY002967,20231221,1628,2102.02,Cash
2968,PAY002968,20250703,1629,9930.9,Cash
2969,PAY002969,20231223,1630,1982.39,Credit Card
2970,PAY002970,20240922,1631,1907.29,Bank Transfer
2971,PAY002971,20251130,1632,5113.83,Bank Transfer
2972,PAY002972,20260103,1632,11994.01,SADAD
2973,PAY002973,20260131,1632,1876.06,Cash
2974,PAY002974,20260302,1632,8301.33,Bank Transfer
2975,PAY002975,20240122,1633,7026.13,Credit Card
2976,PAY002976,20231210,1634,11335.92,Credit Card
2977,PAY002977,20241127,1635,18799.29,Bank Transfer
2978,PAY002978,20260512,1636,5193.91,Bank Transfer
2979,PAY002979,20240118,1637,11153.1,Bank Transfer
2980,PAY002980,20250628,1638,11837.24,Credit Card
2981,PAY002981,20241013,1639,445.47,Cash
2982,PAY002982,20241113,1639,666.36,Credit Card
2983,PAY002983,20241213,1639,566.27,Bank Transfer
2984,PAY002984,20250113,1639,794.71,SADAD
2985,PAY002985,20240314,1640,4964.41,Credit Card
2986,PAY002986,20250922,1641,47.32,Credit Card
2987,PAY002987,20251025,1641,613.75,Credit Card
2988,PAY002988,20251123,1641,4220.34,SADAD
2989,PAY002989,20251225,1641,532.73,Credit Card
2990,PAY002990,20221227,1642,10805.67,Credit Card
2991,PAY002991,20230706,1643,2160.95,SADAD
2992,PAY002992,20240209,1644,6776.72,Credit Card
2993,PAY002993,20230908,1645,5738.05,Bank Transfer
2994,PAY002994,20250908,1646,2208.42,Credit Card
2995,PAY002995,20250402,1647,1154.15,Bank Transfer
2996,PAY002996,20250501,1647,4215.47,SADAD
2997,PAY002997,20250603,1647,1543.74,SADAD
2998,PAY002998,20250701,1647,74.96,Credit Card
2999,PAY002999,20260429,1648,29207.99,Cash
3000,PAY003000,20250512,1649,568.52,Bank Transfer
3001,PAY003001,20250610,1649,1209.73,Bank Transfer
3002,PAY003002,20250709,1649,847.66,Credit Card
3003,PAY003003,20250807,1649,1648.25,Cash
3004,PAY003004,20251208,1650,4378.46,Credit Card
3005,PAY003005,20260103,1650,1743.22,SADAD
3006,PAY003006,20260120,1651,7572.56,Cash
3007,PAY003007,20250922,1652,5129.92,Credit Card
3008,PAY003008,20251021,1652,6906.58,Credit Card
3009,PAY003009,20251120,1652,1394.66,Bank Transfer
3010,PAY003010,20251217,1652,4.17,Cash
3011,PAY003011,20250906,1653,4957.27,Credit Card
3012,PAY003012,20231031,1654,6165.94,SADAD
3013,PAY003013,20240624,1655,443.19,Bank Transfer
3014,PAY003014,20240719,1655,784.01,Cash
3015,PAY003015,20240822,1655,1549.19,SADAD
3016,PAY003016,20240917,1655,395.19,Bank Transfer
3017,PAY003017,20240604,1656,1481.64,Bank Transfer
3018,PAY003018,20240702,1656,367.05,Bank Transfer
3019,PAY003019,20240805,1656,220.86,Bank Transfer
3020,PAY003020,20240831,1656,210.19,Credit Card
3021,PAY003021,20250103,1657,1561.25,SADAD
3022,PAY003022,20250205,1657,1812.79,SADAD
3023,PAY003023,20250306,1657,1239.64,Credit Card
3024,PAY003024,20250403,1657,2037.08,Cash
3025,PAY003025,20250628,1658,2625.59,SADAD
3026,PAY003026,20250728,1658,265.61,Credit Card
3027,PAY003027,20250828,1658,1073.24,Cash
3028,PAY003028,20250926,1658,1166.53,Bank Transfer
3029,PAY003029,20240722,1659,7480.77,SADAD
3030,PAY003030,20240820,1659,1742.09,Bank Transfer
3031,PAY003031,20240330,1660,22526.28,Cash
3032,PAY003032,20260504,1661,11994.17,Bank Transfer
3033,PAY003033,20260531,1661,1302.88,Cash
3034,PAY003034,20251121,1662,6460.16,Bank Transfer
3035,PAY003035,20251222,1662,2158.18,Bank Transfer
3036,PAY003036,20260311,1663,1569.39,Bank Transfer
3037,PAY003037,20250801,1664,20501.78,Credit Card
3038,PAY003038,20250829,1664,7067.15,Bank Transfer
3039,PAY003039,20260623,1665,2341.88,Bank Transfer
3040,PAY003040,20260722,1665,1646.41,Credit Card
3041,PAY003041,20231223,1666,7207.88,Bank Transfer
3042,PAY003042,20231102,1667,2573.84,Cash
3043,PAY003043,20231205,1667,2883.34,Cash
3044,PAY003044,20240228,1668,5851.6,SADAD
3045,PAY003045,20240402,1668,164.93,SADAD
3046,PAY003046,20260125,1669,1421.55,SADAD
3047,PAY003047,20251206,1670,3679.82,Cash
3048,PAY003048,20240419,1671,761.55,SADAD
3049,PAY003049,20240524,1671,210.5,SADAD
3050,PAY003050,20240621,1671,294.19,SADAD
3051,PAY003051,20240720,1671,240.55,SADAD
3052,PAY003052,20241017,1672,1834.28,SADAD
3053,PAY003053,20241106,1673,2698.87,Cash
3054,PAY003054,20241203,1673,2165.2,SADAD
3055,PAY003055,20251205,1674,1086.88,SADAD
3056,PAY003056,20240315,1675,3962.12,Bank Transfer
3057,PAY003057,20240412,1675,1895.83,Bank Transfer
3058,PAY003058,20240516,1675,580.27,Cash
3059,PAY003059,20240616,1675,2398.78,Bank Transfer
3060,PAY003060,20250805,1676,11546.38,Credit Card
3061,PAY003061,20251123,1677,1483.57,Credit Card
3062,PAY003062,20250927,1678,10151.8,Credit Card
3063,PAY003063,20250715,1679,1112.56,SADAD
3064,PAY003064,20250818,1679,2009.85,SADAD
3065,PAY003065,20240407,1680,2348.18,SADAD
3066,PAY003066,20240507,1680,7459.62,SADAD
3067,PAY003067,20250409,1681,2248.84,Credit Card
3068,PAY003068,20221101,1682,14547.68,SADAD
3069,PAY003069,20260514,1683,1788.69,Bank Transfer
3070,PAY003070,20260611,1683,1740.31,Credit Card
3071,PAY003071,20260712,1683,58.29,Bank Transfer
3072,PAY003072,20260814,1683,4880.37,Cash
3073,PAY003073,20250504,1684,9029.46,Cash
3074,PAY003074,20250604,1684,4655.65,Cash
3075,PAY003075,20250703,1684,1602.34,Credit Card
3076,PAY003076,20250802,1684,358.76,Cash
3077,PAY003077,20230726,1685,15674.74,Credit Card
3078,PAY003078,20260823,1686,3735.48,Bank Transfer
3079,PAY003079,20251124,1687,8181.18,SADAD
3080,PAY003080,20240213,1688,2834.66,SADAD
3081,PAY003081,20240313,1688,299.39,Bank Transfer
3082,PAY003082,20240413,1688,1988.94,Credit Card
3083,PAY003083,20240517,1688,8694.11,Bank Transfer
3084,PAY003084,20260114,1689,12395.15,Credit Card
3085,PAY003085,20251130,1690,663.53,Bank Transfer
3086,PAY003086,20230521,1691,2675.49,Credit Card
3087,PAY003087,20250302,1692,2197.35,Cash
3088,PAY003088,20260823,1693,6156.24,Cash
3089,PAY003089,20240319,1694,2613.04,Cash
3090,PAY003090,20250201,1695,6884.53,Bank Transfer
3091,PAY003091,20240122,1696,542.06,Credit Card
3092,PAY003092,20240220,1696,82.89,Bank Transfer
3093,PAY003093,20240318,1696,562.04,Credit Card
3094,PAY003094,20240416,1696,1317.58,Bank Transfer
3095,PAY003095,20231211,1697,20820.08,Cash
3096,PAY003096,20231016,1698,1099.56,Cash
3097,PAY003097,20260817,1699,5849.08,Credit Card
3098,PAY003098,20250225,1700,929.08,SADAD
3099,PAY003099,20250327,1700,263.48,SADAD
3100,PAY003100,20240814,1701,2640.33,Cash
3101,PAY003101,20250128,1702,826.28,SADAD
3102,PAY003102,20250226,1702,14111.94,Bank Transfer
3103,PAY003103,20250724,1703,1843.6,Cash
3104,PAY003104,20250826,1703,3914.46,Bank Transfer
3105,PAY003105,20250523,1704,1429.2,Bank Transfer
3106,PAY003106,20250619,1704,1257.61,Credit Card
3107,PAY003107,20231221,1705,239.1,Credit Card
3108,PAY003108,20240121,1705,3705.95,Cash
3109,PAY003109,20240901,1706,7982.78,Bank Transfer
3110,PAY003110,20240928,1706,3702.11,Bank Transfer
3111,PAY003111,20251011,1707,6662.54,Cash
3112,PAY003112,20251106,1707,10667.73,Bank Transfer
3113,PAY003113,20230314,1708,983.45,SADAD
3114,PAY003114,20240625,1709,5701.81,SADAD
3115,PAY003115,20221125,1710,1665.35,Credit Card
3116,PAY003116,20221226,1710,2527.6,Credit Card
3117,PAY003117,20240519,1711,12759.04,Bank Transfer
3118,PAY003118,20240912,1712,193.86,SADAD
3119,PAY003119,20241015,1712,50.12,Cash
3120,PAY003120,20241113,1712,385.6,Bank Transfer
3121,PAY003121,20241214,1712,101.05,SADAD
3122,PAY003122,20221118,1713,3034.3,Credit Card
3123,PAY003123,20221215,1713,813.39,Bank Transfer
3124,PAY003124,20250821,1714,4980.43,Bank Transfer
3125,PAY003125,20260627,1715,5640.14,Credit Card
3126,PAY003126,20260220,1716,114691.47,SADAD
3127,PAY003127,20260319,1716,24040.07,Bank Transfer
3128,PAY003128,20260421,1716,46993.16,Credit Card
3129,PAY003129,20260518,1716,12747.49,SADAD
3130,PAY003130,20260308,1717,3582.01,Bank Transfer
3131,PAY003131,20241224,1718,983.87,SADAD
3132,PAY003132,20250123,1718,2811.1,Cash
3133,PAY003133,20231124,1719,1139.09,SADAD
3134,PAY003134,20231225,1719,9843.34,Bank Transfer
3135,PAY003135,20240123,1719,3941.07,Bank Transfer
3136,PAY003136,20240220,1719,1545.48,Credit Card
3137,PAY003137,20250526,1720,3047.22,Credit Card
3138,PAY003138,20250627,1720,5992.2,SADAD
3139,PAY003139,20250729,1720,7498.6,Bank Transfer
3140,PAY003140,20250824,1720,3863.76,Bank Transfer
3141,PAY003141,20260208,1721,14937.06,Bank Transfer
3142,PAY003142,20260312,1721,9386.5,Bank Transfer
3143,PAY003143,20231127,1722,759.07,SADAD
3144,PAY003144,20231224,1722,103.85,SADAD
3145,PAY003145,20230418,1723,636.37,Bank Transfer
3146,PAY003146,20230519,1723,41.31,SADAD
3147,PAY003147,20230617,1723,8456.72,Bank Transfer
3148,PAY003148,20230718,1723,950.72,Bank Transfer
3149,PAY003149,20260621,1724,7889.16,Bank Transfer
3150,PAY003150,20230108,1725,789.99,SADAD
3151,PAY003151,20230204,1725,58.58,Cash
3152,PAY003152,20230305,1725,714.21,Bank Transfer
3153,PAY003153,20230407,1725,3870.98,Cash
3154,PAY003154,20240728,1726,9432.95,Cash
3155,PAY003155,20250211,1727,1693.49,Credit Card
3156,PAY003156,20240512,1728,8895.21,Bank Transfer
3157,PAY003157,20251208,1729,1204.26,Bank Transfer
3158,PAY003158,20260107,1729,2164.46,Cash
3159,PAY003159,20260204,1729,2133.57,Credit Card
3160,PAY003160,20260308,1729,1512.7,SADAD
3161,PAY003161,20230505,1730,5752.14,Cash
3162,PAY003162,20230603,1730,651.38,Bank Transfer
3163,PAY003163,20230505,1731,6300.64,Credit Card
3164,PAY003164,20251018,1732,8340.14,Bank Transfer
3165,PAY003165,20241103,1733,8443.14,Cash
3166,PAY003166,20220813,1734,1700.67,SADAD
3167,PAY003167,20220914,1734,1299.4,Credit Card
3168,PAY003168,20240224,1735,1480.98,Cash
3169,PAY003169,20240325,1735,7907.07,Cash
3170,PAY003170,20251211,1736,209644.29,Bank Transfer
3171,PAY003171,20240529,1737,32330.74,SADAD
3172,PAY003172,20241119,1738,1574.37,Bank Transfer
3173,PAY003173,20241222,1738,8249.3,Cash
3174,PAY003174,20250122,1738,5392.67,Bank Transfer
3175,PAY003175,20250217,1738,4664.42,SADAD
3176,PAY003176,20250720,1739,20422.72,SADAD
3177,PAY003177,20250213,1740,11955.16,Credit Card
3178,PAY003178,20231205,1741,887.58,Cash
3179,PAY003179,20230211,1742,4225.76,Cash
3180,PAY003180,20230313,1742,2588.21,Cash
3181,PAY003181,20221205,1743,1827.31,Bank Transfer
3182,PAY003182,20250913,1744,2088.95,Credit Card
3183,PAY003183,20220701,1745,1591.04,Cash
3184,PAY003184,20231118,1746,247.89,SADAD
3185,PAY003185,20231218,1746,1870.6,Credit Card
3186,PAY003186,20240120,1746,881.46,Cash
3187,PAY003187,20240218,1746,2147.69,Bank Transfer
3188,PAY003188,20221222,1747,2427.23,Cash
3189,PAY003189,20250612,1748,6228.76,Credit Card
3190,PAY003190,20241213,1749,58249.64,Credit Card
3191,PAY003191,20250819,1750,6891.8,Bank Transfer
3192,PAY003192,20241030,1751,12666.73,Cash
3193,PAY003193,20240707,1752,23660.23,Credit Card
3194,PAY003194,20230909,1753,2763.86,Cash
3195,PAY003195,20231218,1754,17128.2,Bank Transfer
3196,PAY003196,20250417,1755,6105.68,SADAD
3197,PAY003197,20231224,1756,7764.22,SADAD
3198,PAY003198,20250213,1757,12.98,Bank Transfer
3199,PAY003199,20250314,1757,1472.39,Credit Card
3200,PAY003200,20250413,1757,129.29,Credit Card
3201,PAY003201,20250514,1757,1084.12,Credit Card
3202,PAY003202,20260301,1758,7528.74,Credit Card
3203,PAY003203,20260331,1758,30198.93,SADAD
3204,PAY003204,20221109,1759,3523.47,SADAD
3205,PAY003205,20260528,1760,4121.06,Credit Card
3206,PAY003206,20230723,1761,7485.13,SADAD
3207,PAY003207,20230823,1761,395.73,Credit Card
3208,PAY003208,20230722,1762,2920.08,Bank Transfer
3209,PAY003209,20230818,1762,2820.84,Bank Transfer
3210,PAY003210,20230922,1763,1407.08,SADAD
3211,PAY003211,20231022,1763,592.63,Cash
3212,PAY003212,20260125,1764,2177.34,Bank Transfer
3213,PAY003213,20260326,1765,3840.01,Cash
3214,PAY003214,20250813,1766,1157.44,Cash
3215,PAY003215,20251020,1767,6711.1,Cash
3216,PAY003216,20260624,1768,11988.63,Bank Transfer
3217,PAY003217,20250219,1769,5642.19,SADAD
3218,PAY003218,20250827,1770,611.8,Credit Card
3219,PAY003219,20250925,1770,1373.36,SADAD
3220,PAY003220,20250615,1771,3257.43,SADAD
3221,PAY003221,20221110,1772,654.19,Cash
3222,PAY003222,20240306,1773,901.5,Bank Transfer
3223,PAY003223,20240407,1773,638.54,Credit Card
3224,PAY003224,20260519,1774,5222.93,Cash
3225,PAY003225,20260103,1775,2577.51,Bank Transfer
3226,PAY003226,20260202,1775,4653.19,Credit Card
3227,PAY003227,20240906,1776,409.42,Bank Transfer
3228,PAY003228,20241009,1776,157.78,Credit Card
3229,PAY003229,20241110,1776,66.77,Bank Transfer
3230,PAY003230,20241210,1776,744.74,Bank Transfer
3231,PAY003231,20260606,1777,252.95,Credit Card
3232,PAY003232,20260705,1777,510.9,Credit Card
3233,PAY003233,20230111,1778,1705.07,Credit Card
3234,PAY003234,20230206,1778,811.22,SADAD
3235,PAY003235,20230311,1778,1606.58,Cash
3236,PAY003236,20230410,1778,2486.2,Credit Card
3237,PAY003237,20230622,1779,1524.85,Bank Transfer
3238,PAY003238,20230720,1779,3943.22,Cash
3239,PAY003239,20230824,1779,261.61,Bank Transfer
3240,PAY003240,20230923,1779,1825.6,Bank Transfer
3241,PAY003241,20251023,1780,2469.86,SADAD
3242,PAY003242,20251119,1780,2435.79,SADAD
3243,PAY003243,20251224,1780,2932.66,Bank Transfer
3244,PAY003244,20260119,1780,1000.4,Credit Card
3245,PAY003245,20220602,1781,650.48,Credit Card
3246,PAY003246,20220704,1781,870.93,Credit Card
3247,PAY003247,20220804,1781,482.94,Credit Card
3248,PAY003248,20220902,1781,316.29,SADAD
3249,PAY003249,20251222,1782,3909.04,SADAD
3250,PAY003250,20260214,1783,1467.8,Cash
3251,PAY003251,20260312,1783,6241.54,SADAD
3252,PAY003252,20220916,1784,5203.24,SADAD
3253,PAY003253,20250326,1785,6772.74,SADAD
3254,PAY003254,20241124,1786,2757.16,Cash
3255,PAY003255,20240317,1787,1645.28,Credit Card
3256,PAY003256,20240420,1787,969.7,SADAD
3257,PAY003257,20240911,1788,3370.32,Cash
3258,PAY003258,20250120,1789,6730.12,SADAD
3259,PAY003259,20250223,1789,1273.76,Cash
3260,PAY003260,20240312,1790,840.77,Credit Card
3261,PAY003261,20240411,1790,123.3,Bank Transfer
3262,PAY003262,20240512,1790,809.78,Cash
3263,PAY003263,20240610,1790,11.65,Bank Transfer
3264,PAY003264,20240623,1791,228.06,Cash
3265,PAY003265,20240723,1791,3141.5,Bank Transfer
3266,PAY003266,20240821,1791,5961.08,SADAD
3267,PAY003267,20240920,1791,826.83,Bank Transfer
3268,PAY003268,20240507,1792,125921.8,Cash
3269,PAY003269,20240601,1792,22205.28,Cash
3270,PAY003270,20240701,1792,1150.04,Bank Transfer
3271,PAY003271,20240731,1792,83009.23,Credit Card
3272,PAY003272,20260702,1793,8366.07,Credit Card
3273,PAY003273,20230822,1794,3601.62,Cash
3274,PAY003274,20231129,1795,7754.37,Cash
3275,PAY003275,20250524,1796,2693.39,Cash
3276,PAY003276,20250624,1796,5672.69,Cash
3277,PAY003277,20251122,1797,7515.32,SADAD
3278,PAY003278,20230910,1798,698.89,Cash
3279,PAY003279,20231012,1798,9121.37,SADAD
3280,PAY003280,20260616,1799,1493.95,Credit Card
3281,PAY003281,20250510,1800,7868.49,SADAD
3282,PAY003282,20241025,1801,1172.33,SADAD
3283,PAY003283,20241121,1802,1488.41,Credit Card
3284,PAY003284,20241219,1802,331.86,Bank Transfer
3285,PAY003285,20250123,1802,775.56,SADAD
3286,PAY003286,20250218,1802,2813.67,Cash
3287,PAY003287,20250726,1803,790.51,Credit Card
3288,PAY003288,20250825,1803,797.5,Credit Card
3289,PAY003289,20250922,1803,512.43,SADAD
3290,PAY003290,20251021,1803,1931.09,SADAD
3291,PAY003291,20231205,1804,39111.38,SADAD
3292,PAY003292,20240808,1805,366.01,Bank Transfer
3293,PAY003293,20240909,1805,1622.67,SADAD
3294,PAY003294,20220829,1806,8789.45,Bank Transfer
3295,PAY003295,20250902,1807,3463.15,Bank Transfer
3296,PAY003296,20240910,1808,11653.46,SADAD
3297,PAY003297,20250627,1809,1781.93,Cash
3298,PAY003298,20250728,1809,3284.52,Bank Transfer
3299,PAY003299,20221003,1810,19676.85,SADAD
3300,PAY003300,20231005,1811,8940.38,SADAD
3301,PAY003301,20231107,1811,9932.53,Bank Transfer
3302,PAY003302,20230912,1812,2390.44,SADAD
3303,PAY003303,20250914,1813,87884.6,Credit Card
3304,PAY003304,20260703,1814,11222.31,Credit Card
3305,PAY003305,20260401,1815,14621.39,Bank Transfer
3306,PAY003306,20241028,1816,880.87,Cash
3307,PAY003307,20241127,1816,1696.82,Credit Card
3308,PAY003308,20250104,1817,4712.84,Credit Card
3309,PAY003309,20250202,1817,3533.57,Cash
3310,PAY003310,20250306,1817,7090.61,SADAD
3311,PAY003311,20250408,1817,11263.78,Cash
3312,PAY003312,20250601,1818,8381.29,Credit Card
3313,PAY003313,20250703,1818,1332.45,SADAD
3314,PAY003314,20231115,1819,5084.08,Bank Transfer
3315,PAY003315,20251014,1820,681.91,Credit Card
3316,PAY003316,20251115,1820,2717.43,Cash
3317,PAY003317,20251029,1821,5185.12,Cash
3318,PAY003318,20221111,1822,6229.37,Bank Transfer
3319,PAY003319,20221211,1822,2412.33,Credit Card
3320,PAY003320,20230114,1822,185.62,Bank Transfer
3321,PAY003321,20230213,1822,112.61,SADAD
3322,PAY003322,20260408,1823,8015.65,Bank Transfer
3323,PAY003323,20260509,1823,7951.75,Credit Card
3324,PAY003324,20250430,1824,8690.89,Credit Card
3325,PAY003325,20250529,1824,2235.29,Bank Transfer
3326,PAY003326,20240716,1825,1589.88,Cash
3327,PAY003327,20250528,1826,11971.7,SADAD
3328,PAY003328,20250625,1826,1738.4,SADAD
3329,PAY003329,20240614,1827,2286.73,Cash
3330,PAY003330,20230606,1828,3007.03,Cash
3331,PAY003331,20230706,1828,1230.66,SADAD
3332,PAY003332,20260329,1829,33118.62,Credit Card
3333,PAY003333,20240316,1830,31.73,Bank Transfer
3334,PAY003334,20240419,1830,1052.07,SADAD
3335,PAY003335,20240515,1830,954.35,Bank Transfer
3336,PAY003336,20240616,1830,8582.69,Cash
3337,PAY003337,20251031,1831,2485.39,SADAD
3338,PAY003338,20251127,1831,10697.48,Cash
3339,PAY003339,20240807,1832,26129.25,Cash
3340,PAY003340,20240902,1832,117031.02,Credit Card
3341,PAY003341,20250727,1833,3581.86,Credit Card
3342,PAY003342,20250827,1833,3444.54,Bank Transfer
3343,PAY003343,20260317,1834,2967.5,Cash
3344,PAY003344,20241002,1835,6076.34,Bank Transfer
3345,PAY003345,20230811,1836,10793.99,SADAD
3346,PAY003346,20241123,1837,13365.28,Credit Card
3347,PAY003347,20250926,1838,2385.21,SADAD
3348,PAY003348,20251022,1838,3772.16,SADAD
3349,PAY003349,20251123,1838,2402.61,SADAD
3350,PAY003350,20251224,1838,3279.19,Credit Card
3351,PAY003351,20240205,1839,73.83,SADAD
3352,PAY003352,20240307,1839,311.82,SADAD
3353,PAY003353,20240407,1839,145.09,Cash
3354,PAY003354,20240510,1839,266.06,Cash
3355,PAY003355,20251126,1840,4223.92,Bank Transfer
3356,PAY003356,20260107,1841,12576.69,Credit Card
3357,PAY003357,20260206,1841,6298.14,Bank Transfer
3358,PAY003358,20241218,1842,6870.7,Bank Transfer
3359,PAY003359,20251225,1843,2544.13,Credit Card
3360,PAY003360,20250311,1844,9320.76,Bank Transfer
3361,PAY003361,20250412,1844,15159.86,SADAD
3362,PAY003362,20251030,1845,20969.92,Cash
3363,PAY003363,20250307,1846,2412.68,Bank Transfer
3364,PAY003364,20250403,1846,119.68,Credit Card
3365,PAY003365,20250502,1846,252.99,Cash
3366,PAY003366,20250603,1846,924.52,Bank Transfer
3367,PAY003367,20260730,1847,184.99,SADAD
3368,PAY003368,20240730,1848,3348.58,Cash
3369,PAY003369,20251103,1849,17490.92,Cash
3370,PAY003370,20260510,1850,232.46,Cash
3371,PAY003371,20260611,1850,601.41,Cash
3372,PAY003372,20260711,1850,461.29,Cash
3373,PAY003373,20260810,1850,418.95,SADAD
3374,PAY003374,20260226,1851,202.19,Cash
3375,PAY003375,20260324,1851,2546.09,Credit Card
3376,PAY003376,20260424,1851,2191.06,Cash
3377,PAY003377,20260522,1851,1377.99,SADAD
3378,PAY003378,20240228,1852,1820.81,SADAD
3379,PAY003379,20240329,1852,591.1,Credit Card
3380,PAY003380,20250910,1853,11245.09,Credit Card
3381,PAY003381,20251012,1853,3637.42,Bank Transfer
3382,PAY003382,20220407,1854,125.56,Credit Card
3383,PAY003383,20220508,1854,1130.87,Credit Card
3384,PAY003384,20250514,1855,7231.84,Cash
3385,PAY003385,20250709,1856,7121.18,Credit Card
3386,PAY003386,20250805,1856,4491.48,SADAD
3387,PAY003387,20250712,1857,3476.17,Credit Card
3388,PAY003388,20250812,1857,6176.19,Cash
3389,PAY003389,20260109,1858,1021.01,Credit Card
3390,PAY003390,20260207,1858,5279.4,SADAD
3391,PAY003391,20260308,1858,481.77,Credit Card
3392,PAY003392,20260407,1858,4748.54,Credit Card
3393,PAY003393,20251201,1859,3510.0,Credit Card
3394,PAY003394,20251228,1859,1004.24,Credit Card
3395,PAY003395,20230302,1860,799.16,Cash
3396,PAY003396,20250621,1861,29089.19,Bank Transfer
3397,PAY003397,20231216,1862,17600.14,SADAD
3398,PAY003398,20251124,1863,226726.42,Bank Transfer
3399,PAY003399,20230624,1864,17953.57,SADAD
3400,PAY003400,20220805,1865,2125.08,Credit Card
3401,PAY003401,20250916,1866,528.22,Credit Card
3402,PAY003402,20251017,1866,562.38,Bank Transfer
3403,PAY003403,20251115,1866,2269.66,Credit Card
3404,PAY003404,20251215,1866,44.9,Credit Card
3405,PAY003405,20240707,1867,2183.0,Credit Card
3406,PAY003406,20230802,1868,8334.42,Credit Card
3407,PAY003407,20240123,1869,739.78,SADAD
3408,PAY003408,20240222,1869,1282.03,Credit Card
3409,PAY003409,20231220,1870,1869.34,Cash
3410,PAY003410,20240117,1870,37718.12,Credit Card
3411,PAY003411,20240217,1870,48985.53,SADAD
3412,PAY003412,20240320,1870,8271.54,SADAD
3413,PAY003413,20250501,1871,1013.01,Credit Card
3414,PAY003414,20250603,1871,4199.26,Cash
3415,PAY003415,20231010,1872,20624.52,SADAD
3416,PAY003416,20231029,1873,1299.79,Cash
3417,PAY003417,20250421,1874,23271.91,SADAD
3418,PAY003418,20240621,1875,4300.2,Bank Transfer
3419,PAY003419,20240720,1875,7118.42,Cash
3420,PAY003420,20240819,1875,2268.27,Bank Transfer
3421,PAY003421,20240921,1875,10215.46,Credit Card
3422,PAY003422,20240816,1876,25799.51,Bank Transfer
3423,PAY003423,20240612,1877,7388.19,Bank Transfer
3424,PAY003424,20260121,1878,13372.26,SADAD
3425,PAY003425,20260701,1879,3986.27,Cash
3426,PAY003426,20260803,1879,8089.46,SADAD
3427,PAY003427,20251014,1880,1950.14,Cash
3428,PAY003428,20251115,1880,189.68,SADAD
3429,PAY003429,20240114,1881,3639.58,Bank Transfer
3430,PAY003430,20251129,1882,7491.64,Cash
3431,PAY003431,20260329,1883,5528.89,SADAD
3432,PAY003432,20250408,1884,8615.23,Bank Transfer
3433,PAY003433,20250507,1884,20516.99,Bank Transfer
3434,PAY003434,20250909,1885,3064.4,Credit Card
3435,PAY003435,20251012,1885,1758.67,Credit Card
3436,PAY003436,20240527,1886,18243.72,SADAD
3437,PAY003437,20250513,1887,1204.34,SADAD
3438,PAY003438,20250612,1887,1250.42,SADAD
3439,PAY003439,20250708,1887,3435.96,SADAD
3440,PAY003440,20250812,1887,2903.15,SADAD
3441,PAY003441,20260422,1888,26971.09,SADAD
3442,PAY003442,20221106,1889,653.97,Credit Card
3443,PAY003443,20221207,1889,2173.84,Bank Transfer
3444,PAY003444,20220802,1890,1759.98,SADAD
3445,PAY003445,20240524,1891,395.54,SADAD
3446,PAY003446,20240627,1891,2790.09,Cash
3447,PAY003447,20250114,1892,4860.36,Bank Transfer
3448,PAY003448,20260715,1893,69658.29,Credit Card
3449,PAY003449,20250324,1894,18026.72,SADAD
3450,PAY003450,20260218,1895,5879.41,SADAD
3451,PAY003451,20241024,1896,50.08,Cash
3452,PAY003452,20241122,1896,1019.46,Bank Transfer
3453,PAY003453,20240322,1897,5118.39,SADAD
3454,PAY003454,20220825,1898,3991.37,Bank Transfer
3455,PAY003455,20260317,1899,11590.44,Cash
3456,PAY003456,20250711,1900,761.58,Bank Transfer
3457,PAY003457,20221215,1901,1292.52,SADAD
3458,PAY003458,20230115,1901,1135.78,Bank Transfer
3459,PAY003459,20230210,1901,594.09,SADAD
3460,PAY003460,20230317,1901,100.37,Cash
3461,PAY003461,20250106,1902,6355.79,Bank Transfer
3462,PAY003462,20250205,1902,20742.35,Bank Transfer
3463,PAY003463,20250308,1902,1565.13,Credit Card
3464,PAY003464,20250405,1902,2489.43,Cash
3465,PAY003465,20240530,1903,1502.29,Credit Card
3466,PAY003466,20240630,1903,619.51,Bank Transfer
3467,PAY003467,20250425,1904,3450.21,Credit Card
3468,PAY003468,20250523,1904,2519.24,Credit Card
3469,PAY003469,20250227,1905,146297.98,SADAD
3470,PAY003470,20250330,1905,34522.67,Cash
3471,PAY003471,20250531,1906,1504.47,Cash
3472,PAY003472,20250630,1906,277.15,Credit Card
3473,PAY003473,20250729,1906,1802.0,Bank Transfer
3474,PAY003474,20250829,1906,10011.29,SADAD
3475,PAY003475,20240418,1907,6730.96,Credit Card
3476,PAY003476,20240706,1908,13653.9,Credit Card
3477,PAY003477,20240808,1908,110169.78,Cash
3478,PAY003478,20240903,1908,11606.07,SADAD
3479,PAY003479,20241007,1908,2770.86,Credit Card
3480,PAY003480,20241201,1909,1562.71,Bank Transfer
3481,PAY003481,20240704,1910,6752.47,SADAD
3482,PAY003482,20230925,1911,1751.98,Credit Card
3483,PAY003483,20240208,1912,991.45,SADAD
3484,PAY003484,20240310,1912,8030.68,Cash
3485,PAY003485,20220607,1913,2385.48,SADAD
3486,PAY003486,20220709,1913,1218.95,SADAD
3487,PAY003487,20250804,1914,8061.1,Cash
3488,PAY003488,20240516,1915,6716.22,SADAD
3489,PAY003489,20230805,1916,26020.18,Cash
3490,PAY003490,20221002,1917,1454.48,Cash
3491,PAY003491,20231122,1918,5181.04,Credit Card
3492,PAY003492,20260727,1919,635.18,Bank Transfer
3493,PAY003493,20251228,1920,726.85,Bank Transfer
3494,PAY003494,20260126,1920,1125.88,SADAD
3495,PAY003495,20260221,1920,289.59,SADAD
3496,PAY003496,20260325,1920,46.9,SADAD
3497,PAY003497,20230710,1921,1996.27,Credit Card
3498,PAY003498,20241209,1922,178.29,Credit Card
3499,PAY003499,20250110,1922,5737.41,Bank Transfer
3500,PAY003500,20240501,1923,40535.63,Bank Transfer
3501,PAY003501,20251122,1924,8513.2,Credit Card
3502,PAY003502,20250415,1925,4406.79,SADAD
3503,PAY003503,20250517,1925,2529.58,Credit Card
3504,PAY003504,20260226,1926,16898.32,SADAD
3505,PAY003505,20230625,1927,48280.81,Bank Transfer
3506,PAY003506,20240506,1928,964.88,Credit Card
3507,PAY003507,20241215,1929,303.34,SADAD
3508,PAY003508,20250114,1929,941.7,Cash
3509,PAY003509,20240524,1930,29991.18,SADAD
3510,PAY003510,20251121,1931,2975.74,Cash
3511,PAY003511,20230830,1932,1616.53,SADAD
3512,PAY003512,20230928,1932,604.09,SADAD
3513,PAY003513,20260725,1933,8185.91,Bank Transfer
3514,PAY003514,20250104,1934,969.78,SADAD
3515,PAY003515,20250625,1935,2006.28,Credit Card
3516,PAY003516,20250709,1936,1681.74,Bank Transfer
3517,PAY003517,20240124,1937,1169.78,Bank Transfer
3518,PAY003518,20240814,1938,1512.51,Bank Transfer
3519,PAY003519,20230925,1939,5450.66,Cash
3520,PAY003520,20231021,1939,4092.76,Bank Transfer
3521,PAY003521,20231123,1939,127.58,Bank Transfer
3522,PAY003522,20231220,1939,2844.55,Bank Transfer
3523,PAY003523,20231031,1940,674.91,Bank Transfer
3524,PAY003524,20250330,1941,5345.16,SADAD
3525,PAY003525,20250115,1942,2355.75,Cash
3526,PAY003526,20250215,1943,1719.78,Cash
3527,PAY003527,20250315,1943,9178.62,Credit Card
3528,PAY003528,20221019,1944,6063.28,Bank Transfer
3529,PAY003529,20221120,1944,4305.48,Credit Card
3530,PAY003530,20230526,1945,1084.47,Bank Transfer
3531,PAY003531,20230625,1945,805.95,SADAD
3532,PAY003532,20230727,1945,295.07,Credit Card
3533,PAY003533,20230827,1945,210.37,Bank Transfer
3534,PAY003534,20240211,1946,9127.11,Credit Card
3535,PAY003535,20240804,1947,6847.71,Cash
3536,PAY003536,20260518,1948,104.37,SADAD
3537,PAY003537,20260620,1948,111.43,Credit Card
3538,PAY003538,20260719,1948,484.81,Cash
3539,PAY003539,20260818,1948,177.79,Bank Transfer
3540,PAY003540,20220627,1949,5463.64,Cash
3541,PAY003541,20240617,1950,10612.49,Credit Card
3542,PAY003542,20250815,1951,1175.31,Bank Transfer
3543,PAY003543,20250914,1951,1020.32,SADAD
3544,PAY003544,20241117,1952,72.4,Credit Card
3545,PAY003545,20241217,1952,1679.97,SADAD
3546,PAY003546,20250114,1952,5666.72,Bank Transfer
3547,PAY003547,20250218,1952,3585.45,Credit Card
3548,PAY003548,20260626,1953,7643.73,Credit Card
3549,PAY003549,20250912,1954,9184.41,Cash
3550,PAY003550,20230228,1955,10124.08,SADAD
3551,PAY003551,20251105,1956,78302.38,Cash
3552,PAY003552,20220610,1957,4079.65,Bank Transfer
3553,PAY003553,20220707,1957,136.69,Cash
3554,PAY003554,20240604,1958,2680.22,Bank Transfer
3555,PAY003555,20240702,1958,625.07,SADAD
3556,PAY003556,20260120,1959,6336.23,Credit Card
3557,PAY003557,20231203,1960,30605.04,Credit Card
3558,PAY003558,20231006,1961,789.12,Bank Transfer
3559,PAY003559,20231104,1961,1183.56,Credit Card
3560,PAY003560,20250123,1962,9377.51,Cash
3561,PAY003561,20250222,1962,11135.58,Credit Card
3562,PAY003562,20220401,1963,2716.72,SADAD
3563,PAY003563,20230606,1964,20340.25,Bank Transfer
3564,PAY003564,20241004,1965,55307.0,Cash
3565,PAY003565,20230522,1966,2223.02,SADAD
3566,PAY003566,20251215,1967,1112.74,SADAD
3567,PAY003567,20260310,1968,1217.03,Bank Transfer
3568,PAY003568,20240912,1969,407.53,Bank Transfer
3569,PAY003569,20241013,1969,1168.1,Credit Card
3570,PAY003570,20241110,1969,247.75,Bank Transfer
3571,PAY003571,20241211,1969,139.22,Credit Card
3572,PAY003572,20260428,1970,11108.49,SADAD
3573,PAY003573,20240920,1971,6001.64,Credit Card
3574,PAY003574,20241030,1972,245.55,Credit Card
3575,PAY003575,20241130,1972,13449.92,Cash
3576,PAY003576,20241220,1973,17801.81,SADAD
3577,PAY003577,20241025,1974,3282.3,Credit Card
3578,PAY003578,20250206,1975,8558.55,Bank Transfer
3579,PAY003579,20240411,1976,1104.7,SADAD
3580,PAY003580,20240511,1976,258.39,Credit Card
3581,PAY003581,20240609,1976,662.55,SADAD
3582,PAY003582,20240713,1976,287.49,Credit Card
3583,PAY003583,20240214,1977,2483.47,Cash
3584,PAY003584,20240723,1978,4042.56,SADAD
3585,PAY003585,20240827,1978,1679.74,Credit Card
3586,PAY003586,20240330,1979,1438.45,Cash
3587,PAY003587,20230109,1980,1385.64,Credit Card
3588,PAY003588,20240214,1981,13802.88,Cash
3589,PAY003589,20251211,1982,64.59,SADAD
3590,PAY003590,20260109,1982,122.11,SADAD
3591,PAY003591,20260212,1982,201.89,Credit Card
3592,PAY003592,20260313,1982,566.22,SADAD
3593,PAY003593,20240208,1983,3752.21,Credit Card
3594,PAY003594,20240314,1983,6098.72,Bank Transfer
3595,PAY003595,20240409,1983,6187.75,Bank Transfer
3596,PAY003596,20240508,1983,9919.5,Credit Card
3597,PAY003597,20250203,1984,986.95,Cash
3598,PAY003598,20250309,1984,2796.04,Cash
3599,PAY003599,20260808,1985,7891.61,Cash
3600,PAY003600,20240105,1986,5733.42,Bank Transfer
3601,PAY003601,20250402,1987,3064.11,Cash
3602,PAY003602,20250504,1987,1682.26,Bank Transfer
3603,PAY003603,20231027,1988,6950.51,Bank Transfer
3604,PAY003604,20240924,1989,805.0,Credit Card
3605,PAY003605,20241026,1989,112.92,Bank Transfer
3606,PAY003606,20241122,1989,3540.58,Bank Transfer
3607,PAY003607,20241224,1989,391.5,SADAD
3608,PAY003608,20250407,1990,391.73,Cash
3609,PAY003609,20250510,1990,126.93,Bank Transfer
3610,PAY003610,20250607,1990,101.55,Bank Transfer
3611,PAY003611,20250708,1990,243.46,Credit Card
3612,PAY003612,20230522,1991,8973.37,Bank Transfer
3613,PAY003613,20230619,1991,3084.04,Credit Card
3614,PAY003614,20230718,1991,4924.58,Bank Transfer
3615,PAY003615,20230815,1991,14187.95,Bank Transfer
3616,PAY003616,20240317,1992,7876.69,Credit Card
3617,PAY003617,20220329,1993,1583.99,Credit Card
3618,PAY003618,20241110,1994,1422.42,SADAD
3619,PAY003619,20250611,1995,1232.09,Cash
3620,PAY003620,20250716,1995,3148.46,Bank Transfer
3621,PAY003621,20240803,1996,264.97,Credit Card
3622,PAY003622,20240904,1996,322.48,Credit Card
3623,PAY003623,20241004,1996,53.64,Bank Transfer
3624,PAY003624,20241031,1996,164.41,SADAD
3625,PAY003625,20230729,1997,1312.12,SADAD
3626,PAY003626,20230824,1997,3264.89,Bank Transfer
3627,PAY003627,20230927,1997,1234.28,Cash
3628,PAY003628,20231024,1997,1535.77,Cash
3629,PAY003629,20250818,1998,7790.73,Credit Card
3630,PAY003630,20240607,1999,2190.16,Cash
3631,PAY003631,20230831,2000,9594.62,Credit Card
3632,PAY003632,20230827,2001,1327.82,Bank Transfer
3633,PAY003633,20230925,2002,2586.74,Cash
3634,PAY003634,20250519,2003,999.58,SADAD
3635,PAY003635,20250618,2003,2554.46,Bank Transfer
3636,PAY003636,20250530,2004,1438.7,Bank Transfer
3637,PAY003637,20250630,2004,6976.99,SADAD
3638,PAY003638,20231228,2005,4049.33,Cash
3639,PAY003639,20240125,2005,2118.34,SADAD
3640,PAY003640,20240223,2005,2841.45,Cash
3641,PAY003641,20240325,2005,575.44,SADAD
3642,PAY003642,20240521,2006,39310.95,SADAD
3643,PAY003643,20250806,2007,7486.66,Credit Card
3644,PAY003644,20250814,2008,14339.35,Credit Card
3645,PAY003645,20250125,2009,987.95,SADAD
3646,PAY003646,20250226,2009,212.55,Cash
3647,PAY003647,20250328,2009,215.33,Bank Transfer
3648,PAY003648,20250430,2009,333.81,Credit Card
3649,PAY003649,20221223,2010,2835.96,Cash
3650,PAY003650,20230118,2010,4795.53,Credit Card
3651,PAY003651,20241027,2011,20618.23,Bank Transfer
3652,PAY003652,20250505,2012,23593.7,Credit Card
3653,PAY003653,20250604,2012,132573.92,Credit Card
3654,PAY003654,20250702,2012,6113.58,Cash
3655,PAY003655,20250806,2012,14395.04,Bank Transfer
3656,PAY003656,20260731,2013,7347.08,Cash
3657,PAY003657,20251123,2014,855.57,Cash
3658,PAY003658,20251223,2014,1740.6,Cash
3659,PAY003659,20260122,2014,1995.33,Credit Card
3660,PAY003660,20260220,2014,1266.8,Cash
3661,PAY003661,20220412,2015,4964.58,Cash
3662,PAY003662,20251006,2016,6384.74,Credit Card
3663,PAY003663,20230818,2017,8564.29,Credit Card
3664,PAY003664,20250822,2018,21190.21,Credit Card
3665,PAY003665,20250313,2019,24979.75,SADAD
3666,PAY003666,20251111,2020,14039.84,Cash
3667,PAY003667,20241022,2021,7272.52,Credit Card
3668,PAY003668,20240707,2022,2092.15,SADAD
3669,PAY003669,20240803,2022,714.94,Bank Transfer
3670,PAY003670,20241224,2023,652.73,SADAD
3671,PAY003671,20240103,2024,2891.74,Credit Card
3672,PAY003672,20240202,2024,1588.5,Credit Card
3673,PAY003673,20260408,2025,264.42,Bank Transfer
3674,PAY003674,20260506,2025,378.53,SADAD
3675,PAY003675,20260610,2025,13.13,Bank Transfer
3676,PAY003676,20260709,2025,4.96,SADAD
3677,PAY003677,20260503,2026,2585.91,Cash
3678,PAY003678,20260222,2027,2160.29,Bank Transfer
3679,PAY003679,20260323,2027,9059.97,Bank Transfer
3680,PAY003680,20250107,2028,2635.68,Cash
3681,PAY003681,20250202,2028,3046.64,SADAD
3682,PAY003682,20251203,2029,6009.03,Credit Card
3683,PAY003683,20230213,2030,4617.78,Bank Transfer
3684,PAY003684,20230317,2031,4489.5,Credit Card
3685,PAY003685,20251009,2032,2498.14,Cash
3686,PAY003686,20251107,2032,911.43,Cash
3687,PAY003687,20251207,2032,2870.14,Credit Card
3688,PAY003688,20260107,2032,1155.63,Cash
3689,PAY003689,20260516,2033,19152.42,Bank Transfer
3690,PAY003690,20220906,2034,854.11,Bank Transfer
3691,PAY003691,20221006,2034,119.67,Credit Card
3692,PAY003692,20221107,2034,298.83,Bank Transfer
3693,PAY003693,20221205,2034,41.12,Credit Card
3694,PAY003694,20230704,2035,897.54,Cash
3695,PAY003695,20230805,2035,736.55,Cash
3696,PAY003696,20250304,2036,2637.32,Bank Transfer
3697,PAY003697,20250329,2036,88.67,Credit Card
3698,PAY003698,20230903,2037,8259.18,Credit Card
3699,PAY003699,20251026,2038,133997.34,Bank Transfer
3700,PAY003700,20250502,2039,32972.56,Bank Transfer
3701,PAY003701,20231011,2040,3688.0,Bank Transfer
3702,PAY003702,20241118,2041,5309.57,Credit Card
3703,PAY003703,20241217,2041,1094.79,SADAD
3704,PAY003704,20250119,2041,9378.63,Credit Card
3705,PAY003705,20250214,2041,2466.95,Credit Card
3706,PAY003706,20250915,2042,18320.54,Bank Transfer
3707,PAY003707,20250401,2043,3914.76,Cash
3708,PAY003708,20250501,2043,920.21,Bank Transfer
3709,PAY003709,20260408,2044,1124.54,Bank Transfer
3710,PAY003710,20250318,2045,8608.75,Credit Card
3711,PAY003711,20240320,2046,3685.6,Bank Transfer
3712,PAY003712,20250123,2047,19373.21,Cash
3713,PAY003713,20250219,2047,1548.49,SADAD
3714,PAY003714,20250822,2048,3341.3,Bank Transfer
3715,PAY003715,20250920,2048,564.89,Cash
3716,PAY003716,20251022,2048,1233.65,Credit Card
3717,PAY003717,20251121,2048,221.76,Credit Card
3718,PAY003718,20251030,2049,3307.35,SADAD
3719,PAY003719,20260321,2050,89377.06,Credit Card
3720,PAY003720,20260422,2050,148862.37,SADAD
3721,PAY003721,20241124,2051,469.37,SADAD
3722,PAY003722,20241223,2051,448.12,SADAD
3723,PAY003723,20230816,2052,7703.63,Credit Card
3724,PAY003724,20230917,2052,872.23,SADAD
3725,PAY003725,20241212,2053,865.32,Bank Transfer
3726,PAY003726,20250305,2054,2366.68,SADAD
3727,PAY003727,20241208,2055,70058.55,Bank Transfer
3728,PAY003728,20250108,2055,6182.72,SADAD
3729,PAY003729,20250206,2055,22751.18,SADAD
3730,PAY003730,20250310,2055,14324.24,SADAD
3731,PAY003731,20250908,2056,3897.36,Credit Card
3732,PAY003732,20231202,2057,58.85,Credit Card
3733,PAY003733,20240102,2057,1471.36,Bank Transfer
3734,PAY003734,20240127,2057,1802.24,Cash
3735,PAY003735,20240226,2057,1172.49,Credit Card
3736,PAY003736,20230707,2058,936.99,Credit Card
3737,PAY003737,20230804,2058,106.29,Credit Card
3738,PAY003738,20230904,2058,946.2,Credit Card
3739,PAY003739,20231005,2058,592.85,Bank Transfer
3740,PAY003740,20260223,2059,1854.53,Bank Transfer
3741,PAY003741,20240123,2060,1756.51,Credit Card
3742,PAY003742,20220811,2061,2424.28,Bank Transfer
3743,PAY003743,20220912,2061,4534.61,Bank Transfer
3744,PAY003744,20221009,2061,5025.12,SADAD
3745,PAY003745,20221111,2061,610.16,Cash
3746,PAY003746,20241104,2062,2534.47,Bank Transfer
3747,PAY003747,20241203,2062,249.27,SADAD
3748,PAY003748,20250105,2062,2522.84,Bank Transfer
3749,PAY003749,20250203,2062,60.48,SADAD
3750,PAY003750,20250418,2063,3148.51,Bank Transfer
3751,PAY003751,20240201,2064,17318.08,Bank Transfer
3752,PAY003752,20260121,2065,1940.97,Cash
3753,PAY003753,20230113,2066,5780.58,Bank Transfer
3754,PAY003754,20250923,2067,52145.62,SADAD
3755,PAY003755,20251024,2067,20458.39,Bank Transfer
3756,PAY003756,20231217,2068,6270.3,Credit Card
3757,PAY003757,20260723,2069,21618.24,Bank Transfer
3758,PAY003758,20240108,2070,10796.62,SADAD
3759,PAY003759,20250803,2071,1537.54,SADAD
3760,PAY003760,20240803,2072,7088.5,Cash
3761,PAY003761,20230509,2073,2529.56,Cash
3762,PAY003762,20230608,2073,2340.57,SADAD
3763,PAY003763,20240404,2074,3304.42,Credit Card
3764,PAY003764,20241105,2075,786.6,Credit Card
3765,PAY003765,20241206,2075,1034.27,SADAD
3766,PAY003766,20250227,2076,188136.3,Bank Transfer
3767,PAY003767,20230916,2077,9135.86,Cash
3768,PAY003768,20231013,2077,7436.58,Bank Transfer
3769,PAY003769,20231115,2077,6915.75,SADAD
3770,PAY003770,20231210,2077,2168.09,SADAD
3771,PAY003771,20251201,2078,9714.68,Credit Card
3772,PAY003772,20260607,2079,2418.25,Cash
3773,PAY003773,20260705,2079,2786.43,Bank Transfer
3774,PAY003774,20250314,2080,5060.06,Cash
3775,PAY003775,20260202,2081,3057.77,Cash
3776,PAY003776,20260302,2081,7936.45,Cash
3777,PAY003777,20250725,2082,10400.56,SADAD
3778,PAY003778,20250825,2082,8209.32,Cash
3779,PAY003779,20250925,2082,6852.89,Credit Card
3780,PAY003780,20251020,2082,1049.11,Cash
3781,PAY003781,20240211,2083,3781.88,SADAD
3782,PAY003782,20240313,2083,132.33,Credit Card
3783,PAY003783,20240407,2083,6292.39,Cash
3784,PAY003784,20240509,2083,11157.64,Cash
3785,PAY003785,20260321,2084,6767.95,Cash
3786,PAY003786,20251105,2085,2320.56,Credit Card
3787,PAY003787,20251011,2086,2441.57,Cash
3788,PAY003788,20251105,2086,290.91,SADAD
3789,PAY003789,20251206,2086,2245.5,Bank Transfer
3790,PAY003790,20260105,2086,866.05,Cash
3791,PAY003791,20250112,2087,9061.92,Bank Transfer
3792,PAY003792,20260130,2088,6425.42,Bank Transfer
3793,PAY003793,20251231,2089,1590.06,Cash
3794,PAY003794,20260129,2089,324.98,Credit Card
3795,PAY003795,20260226,2089,3369.76,Credit Card
3796,PAY003796,20260328,2089,112.35,Credit Card
3797,PAY003797,20250713,2090,8396.48,Cash
3798,PAY003798,20231130,2091,2199.96,Cash
3799,PAY003799,20250515,2092,2630.34,Bank Transfer
3800,PAY003800,20250910,2093,147415.56,SADAD
3801,PAY003801,20260117,2094,4386.74,Cash
3802,PAY003802,20260221,2094,4682.24,SADAD
3803,PAY003803,20260321,2094,6458.43,SADAD
3804,PAY003804,20260422,2094,4635.16,Cash
3805,PAY003805,20240330,2095,19976.12,Bank Transfer
3806,PAY003806,20240623,2096,23735.48,SADAD
3807,PAY003807,20230528,2097,803.85,SADAD
3808,PAY003808,20250107,2098,3110.97,Bank Transfer
3809,PAY003809,20250704,2099,3346.2,Credit Card
3810,PAY003810,20250803,2099,15147.28,SADAD
3811,PAY003811,20220829,2100,10957.19,Credit Card
3812,PAY003812,20231104,2101,56087.94,Cash
3813,PAY003813,20260409,2102,2.0,Credit Card
3814,PAY003814,20260513,2102,421.09,SADAD
3815,PAY003815,20260608,2102,996.56,SADAD
3816,PAY003816,20260712,2102,88.32,Credit Card
3817,PAY003817,20241014,2103,8485.16,Credit Card
3818,PAY003818,20241105,2104,105481.46,Cash
3819,PAY003819,20241207,2104,139682.36,Cash
3820,PAY003820,20251016,2105,4994.03,Cash
3821,PAY003821,20260414,2106,8252.57,Credit Card
3822,PAY003822,20240321,2107,206.24,SADAD
3823,PAY003823,20240419,2107,204.4,SADAD
3824,PAY003824,20240520,2107,394.27,SADAD
3825,PAY003825,20240619,2107,1684.46,Credit Card
3826,PAY003826,20240201,2108,2233.1,Credit Card
3827,PAY003827,20241116,2109,4937.83,Bank Transfer
3828,PAY003828,20241220,2109,4012.47,SADAD
3829,PAY003829,20250202,2110,16945.71,SADAD
3830,PAY003830,20250302,2110,7134.61,Bank Transfer
3831,PAY003831,20250709,2111,5474.67,Bank Transfer
3832,PAY003832,20260501,2112,692.74,Bank Transfer
3833,PAY003833,20260530,2112,1557.5,SADAD
3834,PAY003834,20260302,2113,1015.47,SADAD
3835,PAY003835,20260401,2113,87.46,SADAD
3836,PAY003836,20260427,2113,176.06,SADAD
3837,PAY003837,20260528,2113,56.61,Cash
3838,PAY003838,20230617,2114,8377.66,Cash
3839,PAY003839,20230403,2115,2369.59,Cash
3840,PAY003840,20230504,2115,4951.98,Credit Card
3841,PAY003841,20250924,2116,1072.09,Cash
3842,PAY003842,20251025,2116,199.06,Bank Transfer
3843,PAY003843,20251125,2116,243.05,SADAD
3844,PAY003844,20251226,2116,1299.98,Cash
3845,PAY003845,20231030,2117,20666.27,Credit Card
3846,PAY003846,20250124,2118,9703.02,SADAD
3847,PAY003847,20250226,2118,21970.29,Credit Card
3848,PAY003848,20250327,2118,5559.66,SADAD
3849,PAY003849,20250427,2118,101.89,Cash
3850,PAY003850,20251013,2119,240561.08,Cash
3851,PAY003851,20251006,2120,51821.78,Cash
3852,PAY003852,20260320,2121,655.86,Bank Transfer
3853,PAY003853,20260423,2121,2099.98,Cash
3854,PAY003854,20241030,2122,294.45,SADAD
3855,PAY003855,20241202,2122,13461.76,Cash
3856,PAY003856,20250101,2122,7161.01,Bank Transfer
3857,PAY003857,20250202,2122,2522.1,SADAD
3858,PAY003858,20220921,2123,2728.78,Cash
3859,PAY003859,20221025,2123,5154.41,Bank Transfer
3860,PAY003860,20250306,2124,563.24,SADAD
3861,PAY003861,20250407,2124,1357.89,Bank Transfer
3862,PAY003862,20250505,2124,1996.34,Bank Transfer
3863,PAY003863,20250605,2124,17970.64,Credit Card
3864,PAY003864,20240327,2125,39379.93,Bank Transfer
3865,PAY003865,20250830,2126,950.26,Bank Transfer
3866,PAY003866,20250929,2126,1481.5,Bank Transfer
3867,PAY003867,20251030,2126,657.61,Cash
3868,PAY003868,20251129,2126,3288.37,Bank Transfer
3869,PAY003869,20240216,2127,6370.78,Credit Card
3870,PAY003870,20250619,2128,9186.07,Bank Transfer
3871,PAY003871,20250220,2129,5794.41,Credit Card
3872,PAY003872,20250327,2129,8891.52,Bank Transfer
3873,PAY003873,20251021,2130,561.31,Bank Transfer
3874,PAY003874,20251122,2130,430.09,Bank Transfer
3875,PAY003875,20251220,2130,344.7,SADAD
3876,PAY003876,20260121,2130,1921.43,Bank Transfer
3877,PAY003877,20251016,2131,20630.93,Credit Card
3878,PAY003878,20231212,2132,1000.97,Cash
3879,PAY003879,20250328,2133,25649.54,Credit Card
3880,PAY003880,20221023,2134,1198.58,Credit Card
3881,PAY003881,20230410,2135,7070.48,Credit Card
3882,PAY003882,20241007,2136,193349.01,Credit Card
3883,PAY003883,20260603,2137,22514.57,Cash
3884,PAY003884,20240924,2138,9889.51,SADAD
3885,PAY003885,20241219,2139,24478.81,Cash
3886,PAY003886,20221104,2140,8702.64,Credit Card
3887,PAY003887,20260525,2141,2351.66,Cash
3888,PAY003888,20240513,2142,101.06,Cash
3889,PAY003889,20240612,2142,779.18,Cash
3890,PAY003890,20240712,2142,503.43,SADAD
3891,PAY003891,20240807,2142,885.71,SADAD
3892,PAY003892,20231001,2143,18138.11,Cash
3893,PAY003893,20250401,2144,845.87,Bank Transfer
3894,PAY003894,20250710,2145,18467.83,SADAD
3895,PAY003895,20250807,2146,5558.47,Cash
3896,PAY003896,20250906,2146,652.9,SADAD
3897,PAY003897,20230122,2147,1920.07,SADAD
3898,PAY003898,20230223,2147,2655.11,Bank Transfer
3899,PAY003899,20231004,2148,1653.04,Cash
3900,PAY003900,20241020,2149,5135.84,SADAD
3901,PAY003901,20250425,2150,1513.36,SADAD
3902,PAY003902,20250529,2150,1917.68,SADAD
3903,PAY003903,20250627,2151,362.28,SADAD
3904,PAY003904,20250727,2151,4964.69,Bank Transfer
3905,PAY003905,20260806,2152,7542.64,Cash
3906,PAY003906,20240729,2153,7114.58,Cash
3907,PAY003907,20240831,2153,7654.83,Bank Transfer
3908,PAY003908,20240928,2153,8076.53,SADAD
3909,PAY003909,20241029,2153,1551.62,Bank Transfer
3910,PAY003910,20260331,2154,8168.86,Credit Card
3911,PAY003911,20260323,2155,5237.16,Cash
3912,PAY003912,20260420,2155,16858.05,SADAD
3913,PAY003913,20260522,2155,10951.0,Bank Transfer
3914,PAY003914,20260621,2155,23139.72,Credit Card
3915,PAY003915,20260413,2156,7875.63,Bank Transfer
3916,PAY003916,20260509,2156,412.03,SADAD
3917,PAY003917,20241101,2157,6647.06,Bank Transfer
3918,PAY003918,20250406,2158,2808.15,SADAD
3919,PAY003919,20250507,2158,3197.34,Cash
3920,PAY003920,20221218,2159,22964.58,Bank Transfer
3921,PAY003921,20250209,2160,55089.52,Cash
3922,PAY003922,20240714,2161,9422.14,Bank Transfer
3923,PAY003923,20241016,2162,39323.91,Cash
3924,PAY003924,20260409,2163,12428.34,Bank Transfer
3925,PAY003925,20231124,2164,232148.11,Cash
3926,PAY003926,20230121,2165,1717.17,SADAD
3927,PAY003927,20231004,2166,129636.17,Cash
3928,PAY003928,20251125,2167,2053.71,SADAD
3929,PAY003929,20240111,2168,8705.66,Cash
3930,PAY003930,20241007,2169,71842.21,Credit Card
3931,PAY003931,20251219,2170,987.72,Bank Transfer
3932,PAY003932,20260120,2170,7593.96,Credit Card
3933,PAY003933,20231217,2171,1191.71,Cash
3934,PAY003934,20240116,2171,2363.22,Credit Card
3935,PAY003935,20221012,2172,4134.15,Bank Transfer
3936,PAY003936,20260524,2173,3881.75,Bank Transfer
3937,PAY003937,20250628,2174,7806.47,Bank Transfer
3938,PAY003938,20240912,2175,813.95,Bank Transfer
3939,PAY003939,20231116,2176,3034.75,Bank Transfer
3940,PAY003940,20231214,2176,5083.22,Credit Card
3941,PAY003941,20240825,2177,2799.92,Cash
3942,PAY003942,20240928,2177,1.16,SADAD
3943,PAY003943,20241028,2177,2818.77,Cash
3944,PAY003944,20241126,2177,2486.98,SADAD
3945,PAY003945,20240317,2178,1903.09,Bank Transfer
3946,PAY003946,20240417,2178,10.43,Bank Transfer
3947,PAY003947,20240515,2178,2682.47,Bank Transfer
3948,PAY003948,20240618,2178,1312.6,SADAD
3949,PAY003949,20221130,2179,2289.61,SADAD
3950,PAY003950,20221231,2179,5135.0,Cash
3951,PAY003951,20240324,2180,15.12,SADAD
3952,PAY003952,20240422,2180,1064.97,SADAD
3953,PAY003953,20251117,2181,2069.91,Credit Card
3954,PAY003954,20230909,2182,9936.87,Cash
3955,PAY003955,20251220,2183,4165.87,SADAD
3956,PAY003956,20260622,2184,13782.21,Cash
3957,PAY003957,20230602,2185,5107.4,Cash
3958,PAY003958,20240826,2186,240.78,Credit Card
3959,PAY003959,20240921,2186,417.93,Bank Transfer
3960,PAY003960,20260416,2187,1282.14,SADAD
3961,PAY003961,20260519,2187,920.09,Cash
3962,PAY003962,20260614,2187,1986.59,Cash
3963,PAY003963,20260719,2187,419.26,Bank Transfer
3964,PAY003964,20250927,2188,1807.66,SADAD
3965,PAY003965,20251025,2188,93.77,Bank Transfer
3966,PAY003966,20251126,2188,5662.75,Credit Card
3967,PAY003967,20251225,2188,141.92,SADAD
3968,PAY003968,20260327,2189,7331.47,Bank Transfer
3969,PAY003969,20260426,2189,2276.97,SADAD
3970,PAY003970,20260821,2190,39951.84,SADAD
3971,PAY003971,20240928,2191,5930.95,Credit Card
3972,PAY003972,20241027,2191,824.14,Cash
3973,PAY003973,20241125,2191,2737.57,Credit Card
3974,PAY003974,20241224,2191,5121.53,Credit Card
3975,PAY003975,20231120,2192,2458.0,SADAD
3976,PAY003976,20250508,2193,79040.1,SADAD
3977,PAY003977,20250604,2193,20999.45,Bank Transfer
3978,PAY003978,20250707,2193,83660.7,SADAD
3979,PAY003979,20250803,2193,26872.81,Cash
3980,PAY003980,20251201,2194,3271.72,SADAD
3981,PAY003981,20251231,2194,929.59,Bank Transfer
3982,PAY003982,20260129,2194,648.91,SADAD
3983,PAY003983,20260303,2194,7009.5,Cash
3984,PAY003984,20250401,2195,38330.92,Cash
3985,PAY003985,20260420,2196,7746.37,Bank Transfer
3986,PAY003986,20240808,2197,1028.82,Cash
3987,PAY003987,20240516,2198,193.74,Bank Transfer
3988,PAY003988,20240613,2198,1421.87,Bank Transfer
3989,PAY003989,20250727,2199,8147.95,Credit Card
3990,PAY003990,20250831,2199,116968.3,Cash
3991,PAY003991,20250719,2200,11901.1,Cash
3992,PAY003992,20250918,2201,1367.32,SADAD
3993,PAY003993,20251015,2201,1157.89,Bank Transfer
3994,PAY003994,20221125,2202,263.59,SADAD
3995,PAY003995,20221222,2202,164.36,SADAD
3996,PAY003996,20230125,2202,693.2,Bank Transfer
3997,PAY003997,20230222,2202,1346.91,Bank Transfer
3998,PAY003998,20260419,2203,4307.52,Credit Card
3999,PAY003999,20260110,2204,6140.26,Bank Transfer
4000,PAY004000,20251123,2205,7895.28,Cash
4001,PAY004001,20250705,2206,294.6,Credit Card
4002,PAY004002,20250808,2206,1761.69,Bank Transfer
4003,PAY004003,20230810,2207,7550.36,SADAD
4004,PAY004004,20220830,2208,4156.69,Bank Transfer
4005,PAY004005,20221001,2208,9028.92,Cash
4006,PAY004006,20250717,2209,2682.67,Bank Transfer
4007,PAY004007,20250930,2210,8897.67,Cash
4008,PAY004008,20260711,2211,6361.26,Cash
4009,PAY004009,20241016,2212,2954.94,Cash
4010,PAY004010,20241119,2212,3945.03,SADAD
4011,PAY004011,20241214,2212,4648.13,SADAD
4012,PAY004012,20250113,2212,3734.75,Credit Card
4013,PAY004013,20230409,2213,1902.73,SADAD
4014,PAY004014,20240903,2214,19422.72,Bank Transfer
4015,PAY004015,20241116,2215,2215.2,SADAD
4016,PAY004016,20241217,2215,9243.24,Cash
4017,PAY004017,20250502,2216,6599.05,Bank Transfer
4018,PAY004018,20250403,2217,3670.54,Credit Card
4019,PAY004019,20240505,2218,1039.42,SADAD
4020,PAY004020,20240601,2218,7334.49,Cash
4021,PAY004021,20240228,2219,8781.83,Bank Transfer
4022,PAY004022,20231125,2220,6190.52,Bank Transfer
4023,PAY004023,20230828,2221,7021.34,SADAD
4024,PAY004024,20230922,2221,38.44,Cash
4025,PAY004025,20260120,2222,142285.75,Bank Transfer
4026,PAY004026,20240529,2223,346.39,Cash
4027,PAY004027,20240625,2223,565.83,Bank Transfer
4028,PAY004028,20240726,2223,910.46,Cash
4029,PAY004029,20240827,2223,214.84,Bank Transfer
4030,PAY004030,20231101,2224,23656.71,SADAD
4031,PAY004031,20241109,2225,117.0,Credit Card
4032,PAY004032,20241210,2225,110.28,Bank Transfer
4033,PAY004033,20250110,2225,683.03,Credit Card
4034,PAY004034,20250207,2225,73.19,Bank Transfer
4035,PAY004035,20240512,2226,3319.21,SADAD
4036,PAY004036,20240611,2226,11844.44,Cash
4037,PAY004037,20240714,2226,1738.67,Cash
4038,PAY004038,20240809,2226,1110.73,Bank Transfer
4039,PAY004039,20240928,2227,6707.6,Cash
4040,PAY004040,20251223,2228,6862.39,SADAD
4041,PAY004041,20260127,2228,13887.47,Bank Transfer
4042,PAY004042,20260221,2228,9777.07,SADAD
4043,PAY004043,20260323,2228,5607.31,Cash
4044,PAY004044,20250509,2229,2033.34,SADAD
4045,PAY004045,20250606,2229,3172.67,Credit Card
4046,PAY004046,20250304,2230,720.53,Bank Transfer
4047,PAY004047,20250408,2230,262.71,Bank Transfer
4048,PAY004048,20241124,2231,1089.16,Cash
4049,PAY004049,20241224,2231,603.55,Bank Transfer
4050,PAY004050,20230514,2232,5534.42,Bank Transfer
4051,PAY004051,20230508,2233,14121.23,Cash
4052,PAY004052,20230211,2234,11919.27,Credit Card
4053,PAY004053,20260331,2235,282.49,Credit Card
4054,PAY004054,20260503,2235,112.99,Credit Card
4055,PAY004055,20231228,2236,121937.15,Credit Card
4056,PAY004056,20241224,2237,5544.23,Credit Card
4057,PAY004057,20230626,2238,27235.91,SADAD
4058,PAY004058,20230609,2239,1343.72,Bank Transfer
4059,PAY004059,20230710,2239,844.82,Credit Card
4060,PAY004060,20230806,2239,1481.71,Credit Card
4061,PAY004061,20230906,2239,239.16,Cash
4062,PAY004062,20251207,2240,477.08,Cash
4063,PAY004063,20260107,2240,77.4,Bank Transfer
4064,PAY004064,20260206,2240,4723.12,SADAD
4065,PAY004065,20260304,2240,1871.4,Cash
4066,PAY004066,20260305,2241,59661.66,Cash
4067,PAY004067,20230207,2242,7148.69,Credit Card
4068,PAY004068,20230308,2242,1261.79,Credit Card
4069,PAY004069,20230522,2243,3219.72,Bank Transfer
4070,PAY004070,20230629,2244,2188.56,Cash
4071,PAY004071,20230725,2244,499.84,Credit Card
4072,PAY004072,20230827,2244,4047.48,SADAD
4073,PAY004073,20230925,2244,2952.13,SADAD
4074,PAY004074,20250530,2245,21064.92,Cash
4075,PAY004075,20260227,2246,15085.7,Credit Card
4076,PAY004076,20260326,2246,11594.04,SADAD
4077,PAY004077,20251024,2247,16867.94,Bank Transfer
4078,PAY004078,20260224,2248,461.49,Credit Card
4079,PAY004079,20260326,2248,1883.74,Credit Card
4080,PAY004080,20250413,2249,97.46,SADAD
4081,PAY004081,20250514,2249,159.61,Cash
4082,PAY004082,20240804,2250,4849.75,Bank Transfer
4083,PAY004083,20240830,2250,2864.29,Bank Transfer
4084,PAY004084,20220817,2251,6213.72,Cash
4085,PAY004085,20250510,2252,18893.38,Cash
4086,PAY004086,20241023,2253,1527.1,SADAD
4087,PAY004087,20241121,2254,5718.96,Bank Transfer
4088,PAY004088,20250313,2255,883.25,Cash
4089,PAY004089,20250413,2255,2216.85,SADAD
4090,PAY004090,20240813,2256,19558.65,Bank Transfer
4091,PAY004091,20230923,2257,1349.41,Bank Transfer
4092,PAY004092,20231023,2257,55.85,Cash
4093,PAY004093,20231121,2257,318.47,Credit Card
4094,PAY004094,20231225,2257,2019.25,Cash
4095,PAY004095,20260419,2258,8444.97,Bank Transfer
4096,PAY004096,20260520,2258,4077.98,Cash
4097,PAY004097,20230111,2259,7217.39,Cash
4098,PAY004098,20260206,2260,3377.8,Cash
4099,PAY004099,20250818,2261,4911.8,SADAD
4100,PAY004100,20241005,2262,38350.32,SADAD
4101,PAY004101,20250618,2263,171.54,Credit Card
4102,PAY004102,20250714,2263,4188.21,Cash
4103,PAY004103,20250813,2263,768.71,SADAD
4104,PAY004104,20250916,2263,1426.74,Cash
4105,PAY004105,20260817,2264,3969.65,Bank Transfer
4106,PAY004106,20241106,2265,5109.83,Bank Transfer
4107,PAY004107,20220923,2266,552.59,Cash
4108,PAY004108,20221021,2266,322.38,Cash
4109,PAY004109,20221124,2266,41.48,Credit Card
4110,PAY004110,20221223,2266,34.35,Credit Card
4111,PAY004111,20241224,2267,2967.74,Bank Transfer
4112,PAY004112,20231215,2268,1514.0,Credit Card
4113,PAY004113,20240117,2268,424.55,Credit Card
4114,PAY004114,20240216,2268,1858.47,Credit Card
4115,PAY004115,20240314,2268,346.54,SADAD
4116,PAY004116,20260122,2269,136.04,Bank Transfer
4117,PAY004117,20260217,2269,345.03,SADAD
4118,PAY004118,20260321,2269,353.72,Cash
4119,PAY004119,20260421,2269,1012.79,SADAD
4120,PAY004120,20240209,2270,5787.3,Cash
4121,PAY004121,20231122,2271,23863.26,Bank Transfer
4122,PAY004122,20230312,2272,15550.29,Cash
4123,PAY004123,20240817,2273,40104.91,Credit Card
4124,PAY004124,20251002,2274,6729.65,SADAD
4125,PAY004125,20250928,2275,6385.59,SADAD
4126,PAY004126,20251102,2275,2886.53,SADAD
4127,PAY004127,20241205,2276,2239.9,SADAD
4128,PAY004128,20240417,2277,1638.38,Credit Card
4129,PAY004129,20260119,2278,17854.51,SADAD
4130,PAY004130,20250215,2279,20817.96,Cash
4131,PAY004131,20230710,2280,1600.03,Bank Transfer
4132,PAY004132,20230809,2280,654.26,SADAD
4133,PAY004133,20230910,2280,743.87,Cash
4134,PAY004134,20231013,2280,71.1,SADAD
4135,PAY004135,20250830,2281,9257.02,Credit Card
4136,PAY004136,20240507,2282,7326.71,Credit Card
4137,PAY004137,20240607,2282,849.08,SADAD
4138,PAY004138,20250406,2283,7871.58,Credit Card
4139,PAY004139,20220521,2284,5298.46,Credit Card
4140,PAY004140,20240320,2285,1414.27,SADAD
4141,PAY004141,20260624,2286,7505.2,SADAD
4142,PAY004142,20251122,2287,1850.11,Bank Transfer
4143,PAY004143,20231006,2288,1142.07,Cash
4144,PAY004144,20260518,2289,4653.42,Credit Card
4145,PAY004145,20250415,2290,2776.86,Cash
4146,PAY004146,20250513,2290,2335.31,Bank Transfer
4147,PAY004147,20241216,2291,1250.62,SADAD
4148,PAY004148,20260326,2292,1051.48,Cash
4149,PAY004149,20250630,2293,39343.79,SADAD
4150,PAY004150,20240626,2294,330.68,Bank Transfer
4151,PAY004151,20240725,2294,1652.25,Credit Card
4152,PAY004152,20260411,2295,5439.61,Cash
4153,PAY004153,20250225,2296,1584.97,Bank Transfer
4154,PAY004154,20250710,2297,4248.42,Cash
4155,PAY004155,20260412,2298,7888.36,Credit Card
4156,PAY004156,20240821,2299,3527.02,Cash
4157,PAY004157,20240918,2299,1132.34,Cash
4158,PAY004158,20241015,2299,550.99,Cash
4159,PAY004159,20241115,2299,932.42,Credit Card
4160,PAY004160,20240815,2300,8753.55,Cash
4161,PAY004161,20241106,2301,3766.92,Credit Card
4162,PAY004162,20250715,2302,3733.17,Bank Transfer
4163,PAY004163,20250816,2302,1936.22,SADAD
4164,PAY004164,20250426,2303,8344.4,Credit Card
4165,PAY004165,20230709,2304,2195.29,Bank Transfer
4166,PAY004166,20260603,2305,8859.96,Credit Card
4167,PAY004167,20250616,2306,356.71,Cash
4168,PAY004168,20250718,2306,5487.44,Credit Card
4169,PAY004169,20250731,2307,21417.07,Credit Card
4170,PAY004170,20260121,2308,8804.52,Cash
4171,PAY004171,20260721,2309,960.18,Bank Transfer
4172,PAY004172,20221007,2310,1473.07,SADAD
4173,PAY004173,20221105,2310,7237.4,Cash
4174,PAY004174,20240716,2311,2975.2,Cash
4175,PAY004175,20240817,2311,7418.51,Cash
4176,PAY004176,20241101,2312,1925.76,Credit Card
4177,PAY004177,20241129,2312,2120.72,Credit Card
4178,PAY004178,20241228,2312,1629.84,Credit Card
4179,PAY004179,20250131,2312,1087.66,Bank Transfer
4180,PAY004180,20250308,2313,8199.55,SADAD
4181,PAY004181,20240615,2314,6655.33,SADAD
4182,PAY004182,20240715,2314,24252.32,Cash
4183,PAY004183,20240814,2314,13500.76,SADAD
4184,PAY004184,20240908,2314,35415.36,SADAD
4185,PAY004185,20260708,2315,3006.53,Credit Card
4186,PAY004186,20240804,2316,2327.18,Cash
4187,PAY004187,20260523,2317,1705.4,Bank Transfer
4188,PAY004188,20220724,2318,15948.82,Cash
4189,PAY004189,20220825,2318,47465.27,Cash
4190,PAY004190,20240622,2319,799.38,Cash
4191,PAY004191,20250714,2320,675.01,SADAD
4192,PAY004192,20250812,2320,16270.68,Bank Transfer
4193,PAY004193,20240701,2321,59505.54,SADAD
4194,PAY004194,20230518,2322,12724.13,SADAD
4195,PAY004195,20250819,2323,8189.89,Cash
4196,PAY004196,20231007,2324,2861.36,Credit Card
4197,PAY004197,20260712,2325,728.71,Cash
4198,PAY004198,20260808,2325,155.08,SADAD
4199,PAY004199,20251211,2326,1995.01,Credit Card
4200,PAY004200,20230312,2327,777.11,Credit Card
4201,PAY004201,20260411,2328,14105.24,Bank Transfer
4202,PAY004202,20230718,2329,68975.0,Bank Transfer
4203,PAY004203,20230815,2329,4228.94,Credit Card
4204,PAY004204,20230911,2329,59681.07,Credit Card
4205,PAY004205,20231015,2329,13405.13,Credit Card
4206,PAY004206,20220720,2330,3918.91,Bank Transfer
4207,PAY004207,20220818,2330,418.88,SADAD
4208,PAY004208,20220916,2330,5386.49,Credit Card
4209,PAY004209,20221018,2330,5457.99,Bank Transfer
4210,PAY004210,20250722,2331,6210.63,Cash
4211,PAY004211,20240713,2332,17767.48,Bank Transfer
4212,PAY004212,20250619,2333,2195.3,Cash
4213,PAY004213,20240206,2334,18238.95,Bank Transfer
4214,PAY004214,20251028,2335,4742.61,Bank Transfer
4215,PAY004215,20230602,2336,15434.9,Bank Transfer
4216,PAY004216,20251225,2337,1438.58,Bank Transfer
4217,PAY004217,20260627,2338,6.42,Credit Card
4218,PAY004218,20260727,2338,2502.24,Cash
4219,PAY004219,20250509,2339,717.11,SADAD
4220,PAY004220,20250603,2339,8451.73,SADAD
4221,PAY004221,20251026,2340,498.63,Credit Card
4222,PAY004222,20251124,2340,2294.76,Credit Card
4223,PAY004223,20260121,2341,6681.9,Cash
4224,PAY004224,20250506,2342,1780.14,Credit Card
4225,PAY004225,20241017,2343,453.28,SADAD
4226,PAY004226,20241116,2343,254.34,Credit Card
4227,PAY004227,20241018,2344,15985.5,SADAD
4228,PAY004228,20240928,2345,1150.51,Credit Card
4229,PAY004229,20241102,2345,821.33,Bank Transfer
4230,PAY004230,20241130,2345,3742.79,Credit Card
4231,PAY004231,20241227,2345,3557.78,Cash
4232,PAY004232,20240327,2346,513.35,Credit Card
4233,PAY004233,20240427,2346,5093.48,SADAD
4234,PAY004234,20240528,2346,1042.2,SADAD
4235,PAY004235,20240624,2346,1953.7,Credit Card
4236,PAY004236,20221107,2347,3356.99,Credit Card
4237,PAY004237,20221207,2347,1767.76,SADAD
4238,PAY004238,20230102,2347,3187.56,Cash
4239,PAY004239,20230203,2347,142.19,SADAD
4240,PAY004240,20260812,2348,2899.18,Credit Card
4241,PAY004241,20251231,2349,79.75,Bank Transfer
4242,PAY004242,20260204,2349,7739.17,SADAD
4243,PAY004243,20230504,2350,3855.59,Cash
4244,PAY004244,20230603,2350,4095.23,Bank Transfer
4245,PAY004245,20230703,2350,5203.11,SADAD
4246,PAY004246,20230805,2350,10988.29,Credit Card
4247,PAY004247,20251011,2351,1162.39,Bank Transfer
4248,PAY004248,20241215,2352,185.37,SADAD
4249,PAY004249,20250116,2352,1206.3,Cash
4250,PAY004250,20230302,2353,2457.81,SADAD
4251,PAY004251,20230329,2353,1631.98,Credit Card
4252,PAY004252,20230501,2353,1946.83,Credit Card
4253,PAY004253,20230527,2353,83.85,Credit Card
4254,PAY004254,20250802,2354,1674.34,Cash
4255,PAY004255,20260324,2355,374.06,Credit Card
4256,PAY004256,20260423,2355,641.52,Credit Card
4257,PAY004257,20260522,2355,409.26,Bank Transfer
4258,PAY004258,20260623,2355,128.4,Bank Transfer
4259,PAY004259,20240621,2356,1652.56,SADAD
4260,PAY004260,20250118,2357,5814.41,Cash
4261,PAY004261,20260618,2358,2731.98,Credit Card
4262,PAY004262,20240104,2359,3353.59,Bank Transfer
4263,PAY004263,20260405,2360,2628.39,Credit Card
4264,PAY004264,20260506,2360,5616.66,Credit Card
4265,PAY004265,20250321,2361,30128.58,Cash
4266,PAY004266,20260424,2362,2888.74,SADAD
4267,PAY004267,20230516,2363,2445.32,Cash
4268,PAY004268,20230611,2363,1744.46,Cash
4269,PAY004269,20230715,2363,5496.91,Bank Transfer
4270,PAY004270,20230813,2363,1865.51,SADAD
4271,PAY004271,20260408,2364,5145.05,Bank Transfer
4272,PAY004272,20260801,2365,10156.81,Bank Transfer
4273,PAY004273,20240912,2366,10954.71,Bank Transfer
4274,PAY004274,20240106,2367,2149.14,Bank Transfer
4275,PAY004275,20240205,2367,120.95,Bank Transfer
4276,PAY004276,20251012,2368,2822.55,Bank Transfer
4277,PAY004277,20251109,2368,26414.79,SADAD
4278,PAY004278,20251211,2368,28397.31,Credit Card
4279,PAY004279,20260110,2368,7133.72,Credit Card
4280,PAY004280,20260227,2369,805.02,SADAD
4281,PAY004281,20240607,2370,24198.56,Cash
4282,PAY004282,20260220,2371,1345.81,SADAD
4283,PAY004283,20250101,2372,5723.39,Credit Card
4284,PAY004284,20250201,2372,3745.41,Bank Transfer
4285,PAY004285,20250302,2372,1385.95,Credit Card
4286,PAY004286,20250402,2372,28.32,Cash
4287,PAY004287,20260806,2373,12026.24,Cash
4288,PAY004288,20250512,2374,7746.32,Bank Transfer
4289,PAY004289,20260315,2375,13236.76,SADAD
4290,PAY004290,20260418,2375,7199.79,Bank Transfer
4291,PAY004291,20260515,2375,1182.76,Bank Transfer
4292,PAY004292,20260612,2375,986.95,Credit Card
4293,PAY004293,20231119,2376,5969.56,Bank Transfer
4294,PAY004294,20250927,2377,3770.77,SADAD
4295,PAY004295,20251024,2377,1711.55,Credit Card
4296,PAY004296,20221120,2378,2081.01,Cash
4297,PAY004297,20231203,2379,7311.99,Bank Transfer
4298,PAY004298,20230216,2380,2755.67,SADAD
4299,PAY004299,20260516,2381,1935.82,SADAD
4300,PAY004300,20260613,2381,426.87,Credit Card
4301,PAY004301,20250813,2382,4097.75,Cash
4302,PAY004302,20250913,2382,532.88,Cash
4303,PAY004303,20251015,2382,385.26,Cash
4304,PAY004304,20251113,2382,1407.21,Credit Card
4305,PAY004305,20250811,2383,42121.41,Cash
4306,PAY004306,20220402,2384,25237.51,Credit Card
4307,PAY004307,20231213,2385,4131.14,Cash
4308,PAY004308,20240113,2385,1555.93,Cash
4309,PAY004309,20241116,2386,15064.36,Cash
4310,PAY004310,20241216,2386,19491.8,Bank Transfer
4311,PAY004311,20231225,2387,6606.64,Bank Transfer
4312,PAY004312,20260102,2388,1046.72,SADAD
4313,PAY004313,20260203,2388,1354.22,Bank Transfer
4314,PAY004314,20260303,2388,271.98,Bank Transfer
4315,PAY004315,20260403,2388,1108.44,Credit Card
4316,PAY004316,20250914,2389,621.56,SADAD
4317,PAY004317,20231230,2390,12617.91,SADAD
4318,PAY004318,20260810,2391,7521.97,Credit Card
4319,PAY004319,20240217,2392,8303.79,Credit Card
4320,PAY004320,20250605,2393,2285.14,Credit Card
4321,PAY004321,20231018,2394,7878.4,Credit Card
4322,PAY004322,20240319,2395,11293.78,SADAD
4323,PAY004323,20250503,2396,4014.32,Bank Transfer
4324,PAY004324,20250604,2396,3650.21,Bank Transfer
4325,PAY004325,20260101,2397,2393.93,Credit Card
4326,PAY004326,20250310,2398,8093.89,Credit Card
4327,PAY004327,20230707,2399,107.73,Cash
4328,PAY004328,20230807,2399,12.17,Credit Card
4329,PAY004329,20260406,2400,2653.09,SADAD
4330,PAY004330,20260506,2400,2402.87,SADAD
4331,PAY004331,20260605,2400,649.15,Bank Transfer
4332,PAY004332,20260705,2400,2769.22,Bank Transfer
4333,PAY004333,20260519,2401,10655.23,SADAD
4334,PAY004334,20231122,2402,17199.5,Cash
4335,PAY004335,20231218,2402,2734.93,SADAD
4336,PAY004336,20251104,2403,7864.76,Bank Transfer
4337,PAY004337,20251126,2404,3371.8,Credit Card
4338,PAY004338,20240524,2405,51.17,SADAD
4339,PAY004339,20240624,2405,565.78,Credit Card
4340,PAY004340,20240722,2405,233.16,Credit Card
4341,PAY004341,20240822,2405,94.72,Credit Card
4342,PAY004342,20240916,2406,2869.22,Credit Card
4343,PAY004343,20241011,2406,2072.3,SADAD
4344,PAY004344,20241111,2406,8731.29,Credit Card
4345,PAY004345,20241214,2406,1468.81,Credit Card
4346,PAY004346,20250220,2407,1422.07,Credit Card
4347,PAY004347,20250322,2407,7028.9,Bank Transfer
4348,PAY004348,20250622,2408,6321.03,Bank Transfer
4349,PAY004349,20251109,2409,482.11,Credit Card
4350,PAY004350,20251209,2409,655.03,SADAD
4351,PAY004351,20260107,2409,314.69,Cash
4352,PAY004352,20260204,2409,58.81,Bank Transfer
4353,PAY004353,20260618,2410,9728.04,Credit Card
4354,PAY004354,20230223,2411,47573.59,Credit Card
4355,PAY004355,20230330,2411,4317.71,SADAD
4356,PAY004356,20250121,2412,2730.3,SADAD
4357,PAY004357,20241221,2413,5688.87,Cash
4358,PAY004358,20240817,2414,14188.83,Credit Card
4359,PAY004359,20250720,2415,7842.54,Credit Card
4360,PAY004360,20250927,2416,11729.67,SADAD
4361,PAY004361,20260327,2417,304.03,Cash
4362,PAY004362,20260430,2417,798.19,Credit Card
4363,PAY004363,20260525,2417,973.18,SADAD
4364,PAY004364,20260629,2417,1612.53,Cash
4365,PAY004365,20240221,2418,2444.21,Cash
4366,PAY004366,20240321,2418,2616.25,Credit Card
4367,PAY004367,20250320,2419,4417.25,SADAD
4368,PAY004368,20250418,2419,1712.67,Cash
4369,PAY004369,20250926,2420,20864.04,Bank Transfer
4370,PAY004370,20250801,2421,36275.43,Credit Card
4371,PAY004371,20250902,2421,30570.13,Bank Transfer
4372,PAY004372,20230607,2422,5779.11,Bank Transfer
4373,PAY004373,20250305,2423,15220.97,Bank Transfer
4374,PAY004374,20250402,2423,23170.56,Credit Card
4375,PAY004375,20240813,2424,503.17,SADAD
4376,PAY004376,20240909,2424,106877.37,Bank Transfer
4377,PAY004377,20241103,2425,5563.16,SADAD
4378,PAY004378,20241204,2426,1126.11,Cash
4379,PAY004379,20250224,2427,1826.51,Credit Card
4380,PAY004380,20250329,2427,5255.09,Cash
4381,PAY004381,20250426,2427,6877.34,Credit Card
4382,PAY004382,20250525,2427,1180.89,Bank Transfer
4383,PAY004383,20240110,2428,14752.3,Cash
4384,PAY004384,20240207,2428,1253.12,SADAD
4385,PAY004385,20230715,2429,7190.73,Credit Card
4386,PAY004386,20260426,2430,7522.44,Bank Transfer
4387,PAY004387,20260809,2431,8966.4,Cash
4388,PAY004388,20250305,2432,1716.35,Bank Transfer
4389,PAY004389,20250404,2432,419.35,Credit Card
4390,PAY004390,20240727,2433,1794.84,Cash
4391,PAY004391,20241220,2434,299.47,Credit Card
4392,PAY004392,20250124,2434,1597.48,Bank Transfer
4393,PAY004393,20240514,2435,878.65,SADAD
4394,PAY004394,20240613,2435,2478.35,Cash
4395,PAY004395,20240713,2435,978.25,Cash
4396,PAY004396,20240811,2435,1624.17,Cash
4397,PAY004397,20250523,2436,3249.54,Bank Transfer
4398,PAY004398,20240910,2437,11783.87,Credit Card
4399,PAY004399,20241011,2437,56041.73,Credit Card
4400,PAY004400,20241109,2437,796.95,Cash
4401,PAY004401,20241214,2437,7242.09,Cash
4402,PAY004402,20260213,2438,1904.38,Cash
4403,PAY004403,20260314,2438,8299.25,Bank Transfer
4404,PAY004404,20260415,2438,1886.87,SADAD
4405,PAY004405,20260515,2438,54.97,Credit Card
4406,PAY004406,20240706,2439,1261.16,Bank Transfer
4407,PAY004407,20240804,2439,887.53,Bank Transfer
4408,PAY004408,20221122,2440,8946.78,Credit Card
4409,PAY004409,20260707,2441,1004.37,Bank Transfer
4410,PAY004410,20260802,2441,476.38,Bank Transfer
4411,PAY004411,20231218,2442,906.21,Cash
4412,PAY004412,20240214,2443,1609.17,Bank Transfer
4413,PAY004413,20250203,2444,132464.84,Cash
4414,PAY004414,20250305,2444,86858.05,Credit Card
4415,PAY004415,20220315,2445,14314.7,Cash
4416,PAY004416,20240817,2446,8646.47,Credit Card
4417,PAY004417,20240911,2446,1295.63,SADAD
4418,PAY004418,20220903,2447,281.26,Credit Card
4419,PAY004419,20221002,2447,879.55,SADAD
4420,PAY004420,20221101,2447,385.48,SADAD
4421,PAY004421,20221203,2447,275.74,SADAD
4422,PAY004422,20231015,2448,5974.42,SADAD
4423,PAY004423,20250130,2449,9321.06,Credit Card
4424,PAY004424,20250322,2450,1200.85,Cash
4425,PAY004425,20250421,2450,184.68,SADAD
4426,PAY004426,20260324,2451,1155.14,Cash
4427,PAY004427,20240403,2452,3204.66,Credit Card
4428,PAY004428,20240504,2452,22.74,Bank Transfer
4429,PAY004429,20251215,2453,1045.11,Credit Card
4430,PAY004430,20260117,2453,534.79,Bank Transfer
4431,PAY004431,20250815,2454,4308.18,Cash
4432,PAY004432,20250531,2455,6704.17,Cash
4433,PAY004433,20250627,2455,162.32,Bank Transfer
4434,PAY004434,20250101,2456,4290.9,Cash
4435,PAY004435,20241128,2457,599.55,SADAD
4436,PAY004436,20220617,2458,29468.7,Credit Card
4437,PAY004437,20230420,2459,4720.07,Cash
4438,PAY004438,20241022,2460,1843.12,SADAD
4439,PAY004439,20241121,2460,6539.13,Bank Transfer
4440,PAY004440,20250913,2461,8982.72,SADAD
4441,PAY004441,20240409,2462,3425.26,Bank Transfer
4442,PAY004442,20240505,2462,705.13,Bank Transfer
4443,PAY004443,20260627,2463,4018.12,Credit Card
4444,PAY004444,20260731,2463,8245.45,Bank Transfer
4445,PAY004445,20230422,2464,10956.69,Credit Card
4446,PAY004446,20231009,2465,1826.2,SADAD
4447,PAY004447,20231106,2465,1930.98,Credit Card
4448,PAY004448,20231204,2465,60.31,Bank Transfer
4449,PAY004449,20240103,2465,1872.94,Cash
4450,PAY004450,20241214,2466,4846.98,SADAD
4451,PAY004451,20240521,2467,13580.95,Credit Card
4452,PAY004452,20240618,2467,366.52,SADAD
4453,PAY004453,20230403,2468,13486.76,Credit Card
4454,PAY004454,20240124,2469,4.84,Bank Transfer
4455,PAY004455,20240223,2469,734.19,Credit Card
4456,PAY004456,20251029,2470,3820.35,Bank Transfer
4457,PAY004457,20250304,2471,3065.57,SADAD
4458,PAY004458,20231114,2472,2564.89,SADAD
4459,PAY004459,20231214,2472,1012.38,SADAD
4460,PAY004460,20240116,2472,103.27,Credit Card
4461,PAY004461,20240216,2472,449.73,Credit Card
4462,PAY004462,20260610,2473,3422.48,Bank Transfer
4463,PAY004463,20251003,2474,2287.54,SADAD
4464,PAY004464,20221121,2475,629.8,Bank Transfer
4465,PAY004465,20221225,2475,161.78,Bank Transfer
4466,PAY004466,20230120,2475,200.22,Credit Card
4467,PAY004467,20230223,2475,385.31,Bank Transfer
4468,PAY004468,20241117,2476,960.42,Credit Card
4469,PAY004469,20250713,2477,9323.95,SADAD
4470,PAY004470,20251109,2478,2043.09,Credit Card
4471,PAY004471,20251211,2478,2502.0,Credit Card
4472,PAY004472,20240524,2479,8731.09,SADAD
4473,PAY004473,20260130,2480,7855.9,SADAD
4474,PAY004474,20250717,2481,10601.68,Cash
4475,PAY004475,20250819,2481,14337.63,SADAD
4476,PAY004476,20250719,2482,5252.47,SADAD
4477,PAY004477,20250819,2482,2252.21,Bank Transfer
4478,PAY004478,20260309,2483,484.29,Cash
4479,PAY004479,20250427,2484,1256.49,SADAD
4480,PAY004480,20250526,2484,528.33,Bank Transfer
4481,PAY004481,20250629,2484,23.44,SADAD
4482,PAY004482,20250727,2484,632.66,SADAD
4483,PAY004483,20241030,2485,21599.4,Cash
4484,PAY004484,20240724,2486,1176.61,Credit Card
4485,PAY004485,20230502,2487,1252.93,Credit Card
4486,PAY004486,20230412,2488,3926.01,Cash
4487,PAY004487,20240828,2489,6468.73,Credit Card
4488,PAY004488,20260622,2490,19584.71,Bank Transfer
4489,PAY004489,20231123,2491,155.38,Bank Transfer
4490,PAY004490,20231225,2491,138.65,Bank Transfer
4491,PAY004491,20260323,2492,27184.68,Cash
4492,PAY004492,20241011,2493,9454.3,Bank Transfer
4493,PAY004493,20241112,2493,87660.6,SADAD
4494,PAY004494,20230804,2494,1186.39,Credit Card
4495,PAY004495,20221107,2495,6295.43,Cash
4496,PAY004496,20230923,2496,10324.89,Cash
4497,PAY004497,20240326,2497,2282.2,Cash
4498,PAY004498,20240426,2497,397.65,Bank Transfer
4499,PAY004499,20250905,2498,1344.38,Bank Transfer
4500,PAY004500,20251005,2498,2623.42,Cash
4501,PAY004501,20251101,2498,424.04,Credit Card
4502,PAY004502,20251129,2498,653.46,Cash
4503,PAY004503,20251022,2499,23902.63,Cash
4504,PAY004504,20231024,2500,3434.03,Cash
4505,PAY004505,20250604,2501,708.72,Cash
4506,PAY004506,20250705,2501,1565.54,SADAD
4507,PAY004507,20250801,2501,646.69,SADAD
4508,PAY004508,20250830,2501,2793.29,Bank Transfer
4509,PAY004509,20230723,2502,124.49,Cash
4510,PAY004510,20230824,2502,1501.7,Cash
4511,PAY004511,20250823,2503,4512.46,Bank Transfer
4512,PAY004512,20250926,2503,1225.17,Cash
4513,PAY004513,20240129,2504,4102.91,SADAD
4514,PAY004514,20240301,2504,794.7,Cash
4515,PAY004515,20240329,2504,307.09,SADAD
4516,PAY004516,20240426,2504,19753.38,Bank Transfer
4517,PAY004517,20240316,2505,962.55,Cash
4518,PAY004518,20250225,2506,1351.45,Cash
4519,PAY004519,20250401,2506,4624.95,Cash
4520,PAY004520,20250825,2507,3832.6,SADAD
4521,PAY004521,20250922,2507,15090.91,Bank Transfer
4522,PAY004522,20251022,2507,1047.55,SADAD
4523,PAY004523,20251119,2507,9661.7,Credit Card
4524,PAY004524,20220320,2508,662.79,Credit Card
4525,PAY004525,20220421,2508,252.14,Credit Card
4526,PAY004526,20251110,2509,3043.19,Credit Card
4527,PAY004527,20240419,2510,2634.18,Cash
4528,PAY004528,20240520,2510,4912.39,Bank Transfer
4529,PAY004529,20230318,2511,2975.79,SADAD
4530,PAY004530,20260103,2512,2542.11,SADAD
4531,PAY004531,20241104,2513,292.22,SADAD
4532,PAY004532,20241204,2513,778.44,Bank Transfer
4533,PAY004533,20250101,2513,587.79,Cash
4534,PAY004534,20250202,2513,681.93,SADAD
4535,PAY004535,20250109,2514,7718.79,Credit Card
4536,PAY004536,20250210,2514,12797.79,Credit Card
4537,PAY004537,20250415,2515,9558.59,Cash
4538,PAY004538,20250605,2516,8436.69,Cash
4539,PAY004539,20230502,2517,7948.44,SADAD
4540,PAY004540,20230627,2518,114.06,Credit Card
4541,PAY004541,20230725,2518,883.04,Bank Transfer
4542,PAY004542,20230827,2518,478.24,SADAD
4543,PAY004543,20230924,2518,858.58,SADAD
4544,PAY004544,20230611,2519,5591.96,Credit Card
4545,PAY004545,20230714,2519,2356.93,Cash
4546,PAY004546,20230901,2520,4898.35,SADAD
4547,PAY004547,20231003,2520,3967.31,Credit Card
4548,PAY004548,20230630,2521,1261.85,Bank Transfer
4549,PAY004549,20260216,2522,15096.9,Cash
4550,PAY004550,20260319,2522,19668.97,Cash
4551,PAY004551,20230704,2523,8704.47,SADAD
4552,PAY004552,20250718,2524,333.68,Cash
4553,PAY004553,20250821,2524,121.93,Cash
4554,PAY004554,20250916,2524,578.04,SADAD
4555,PAY004555,20251019,2524,621.93,Cash
4556,PAY004556,20230630,2525,1853.48,SADAD
4557,PAY004557,20230802,2525,2465.24,Bank Transfer
4558,PAY004558,20250708,2526,14819.27,Credit Card
4559,PAY004559,20260619,2527,4295.3,Bank Transfer
4560,PAY004560,20240918,2528,95.97,Cash
4561,PAY004561,20241015,2528,57.01,Cash
4562,PAY004562,20241115,2528,1166.79,Cash
4563,PAY004563,20241216,2528,379.33,Bank Transfer
4564,PAY004564,20241025,2529,2558.19,Cash
4565,PAY004565,20241126,2529,313.47,Cash
4566,PAY004566,20240131,2530,45337.64,Cash
4567,PAY004567,20250902,2531,4710.96,Bank Transfer
4568,PAY004568,20251022,2532,12103.51,Bank Transfer
4569,PAY004569,20250316,2533,214703.22,Bank Transfer
4570,PAY004570,20250412,2533,32772.0,Bank Transfer
4571,PAY004571,20241211,2534,5423.84,SADAD
4572,PAY004572,20240528,2535,234878.96,Cash
4573,PAY004573,20220901,2536,67739.01,SADAD
4574,PAY004574,20240412,2537,1564.16,Bank Transfer
4575,PAY004575,20250923,2538,15591.26,Credit Card
4576,PAY004576,20240921,2539,4783.5,SADAD
4577,PAY004577,20240107,2540,6097.89,Credit Card
4578,PAY004578,20250217,2541,2979.66,Cash
4579,PAY004579,20240405,2542,1543.35,Bank Transfer
4580,PAY004580,20240502,2542,106.43,Bank Transfer
4581,PAY004581,20240603,2542,0.54,Credit Card
4582,PAY004582,20240630,2542,48.58,Bank Transfer
4583,PAY004583,20250309,2543,1490.91,Credit Card
4584,PAY004584,20260419,2544,1106.08,Cash
4585,PAY004585,20260518,2544,140.52,SADAD
4586,PAY004586,20250827,2545,3217.36,Cash
4587,PAY004587,20250926,2545,1535.77,Credit Card
4588,PAY004588,20251025,2545,13737.53,Cash
4589,PAY004589,20251123,2545,23756.14,Bank Transfer
4590,PAY004590,20230317,2546,3357.94,SADAD
4591,PAY004591,20230417,2546,98.51,Cash
4592,PAY004592,20230518,2546,2388.91,Bank Transfer
4593,PAY004593,20230612,2546,493.28,Bank Transfer
4594,PAY004594,20231026,2547,535.66,Bank Transfer
4595,PAY004595,20231127,2547,665.69,Cash
4596,PAY004596,20231229,2547,799.19,SADAD
4597,PAY004597,20240128,2547,62.52,Bank Transfer
4598,PAY004598,20250820,2548,246577.79,SADAD
4599,PAY004599,20241210,2549,8801.52,Credit Card
4600,PAY004600,20250122,2550,5177.67,Bank Transfer
4601,PAY004601,20250218,2550,750.12,Bank Transfer
4602,PAY004602,20250324,2550,167.3,Credit Card
4603,PAY004603,20250421,2550,5053.07,Credit Card
4604,PAY004604,20260317,2551,9580.96,Bank Transfer
4605,PAY004605,20250319,2552,574.32,Bank Transfer
4606,PAY004606,20250419,2552,53.95,SADAD
4607,PAY004607,20250717,2553,7097.0,SADAD
4608,PAY004608,20230818,2554,889.3,Bank Transfer
4609,PAY004609,20230917,2554,1611.23,Credit Card
4610,PAY004610,20231020,2554,3992.44,SADAD
4611,PAY004611,20231115,2554,752.63,SADAD
4612,PAY004612,20250523,2555,13650.64,Cash
4613,PAY004613,20230301,2556,223041.46,Cash
4614,PAY004614,20241008,2557,23443.5,Bank Transfer
4615,PAY004615,20251110,2558,3923.34,Credit Card
4616,PAY004616,20251211,2558,1288.5,Credit Card
4617,PAY004617,20230726,2559,17945.8,Cash
4618,PAY004618,20230824,2559,1501.03,Credit Card
4619,PAY004619,20230923,2559,8808.77,Cash
4620,PAY004620,20231023,2559,175.98,Bank Transfer
4621,PAY004621,20250519,2560,5998.59,Cash
4622,PAY004622,20230726,2561,29526.08,SADAD
4623,PAY004623,20240623,2562,8115.32,SADAD
4624,PAY004624,20250427,2563,2017.04,Bank Transfer
4625,PAY004625,20250531,2563,1067.47,Cash
4626,PAY004626,20250628,2563,2777.12,SADAD
4627,PAY004627,20250730,2563,124.82,Bank Transfer
4628,PAY004628,20260107,2564,5436.58,Credit Card
4629,PAY004629,20220502,2565,840.21,Cash
4630,PAY004630,20251123,2566,1076.21,SADAD
4631,PAY004631,20251223,2566,471.07,Credit Card
4632,PAY004632,20250913,2567,1964.78,SADAD
4633,PAY004633,20250330,2568,9596.23,Cash
4634,PAY004634,20250430,2568,5197.24,Bank Transfer
4635,PAY004635,20260118,2569,5854.43,Cash
4636,PAY004636,20260219,2569,31977.78,SADAD
4637,PAY004637,20260124,2570,2472.53,Bank Transfer
4638,PAY004638,20251113,2571,189.9,Credit Card
4639,PAY004639,20230326,2572,14759.17,Credit Card
4640,PAY004640,20250723,2573,2490.03,SADAD
4641,PAY004641,20251111,2574,2378.35,Cash
4642,PAY004642,20250428,2575,984.86,Cash
4643,PAY004643,20240927,2576,5459.76,Bank Transfer
4644,PAY004644,20241101,2576,16675.26,Cash
4645,PAY004645,20251203,2577,5519.52,Cash
4646,PAY004646,20240215,2578,41956.17,Cash
4647,PAY004647,20231111,2579,559.53,Bank Transfer
4648,PAY004648,20231208,2579,129.51,SADAD
4649,PAY004649,20240106,2579,47.97,SADAD
4650,PAY004650,20240208,2579,745.29,Credit Card
4651,PAY004651,20220802,2580,342.91,Credit Card
4652,PAY004652,20220902,2580,451.43,SADAD
4653,PAY004653,20221001,2580,2091.07,Credit Card
4654,PAY004654,20221030,2580,313.01,SADAD
4655,PAY004655,20241006,2581,9516.33,Cash
4656,PAY004656,20250606,2582,1204.69,SADAD
4657,PAY004657,20250701,2582,7182.54,Credit Card
4658,PAY004658,20250917,2583,5443.09,Bank Transfer
4659,PAY004659,20251019,2583,1174.4,SADAD
4660,PAY004660,20251117,2583,567.17,Credit Card
4661,PAY004661,20251214,2583,217.78,Bank Transfer
4662,PAY004662,20251013,2584,5397.84,Cash
4663,PAY004663,20251112,2584,2064.95,Credit Card
4664,PAY004664,20260520,2585,126811.54,SADAD
4665,PAY004665,20240607,2586,14782.65,Bank Transfer
4666,PAY004666,20241007,2587,7742.06,SADAD
4667,PAY004667,20230810,2588,4426.47,SADAD
4668,PAY004668,20250821,2589,1559.81,SADAD
4669,PAY004669,20230316,2590,82.29,SADAD
4670,PAY004670,20230414,2590,3740.97,Credit Card
4671,PAY004671,20240105,2591,1419.65,Bank Transfer
4672,PAY004672,20240205,2591,1251.96,SADAD
4673,PAY004673,20240309,2591,861.32,Cash
4674,PAY004674,20240406,2591,557.92,Cash
4675,PAY004675,20251220,2592,2333.05,Bank Transfer
4676,PAY004676,20250729,2593,1781.3,SADAD
4677,PAY004677,20250828,2593,6717.21,Credit Card
4678,PAY004678,20250411,2594,137.28,Credit Card
4679,PAY004679,20250512,2594,591.1,Cash
4680,PAY004680,20250611,2594,84.81,Credit Card
4681,PAY004681,20250710,2594,748.23,Credit Card
4682,PAY004682,20220326,2595,18120.33,Credit Card
4683,PAY004683,20250909,2596,2507.23,SADAD
4684,PAY004684,20251006,2597,1147.62,Bank Transfer
4685,PAY004685,20251107,2597,126.06,Bank Transfer
4686,PAY004686,20250518,2598,1588.66,SADAD
4687,PAY004687,20260204,2599,76.08,Bank Transfer
4688,PAY004688,20260311,2599,1888.73,Bank Transfer
4689,PAY004689,20251003,2600,1412.12,SADAD
4690,PAY004690,20251114,2601,2291.87,Bank Transfer
4691,PAY004691,20260429,2602,2265.51,Bank Transfer
4692,PAY004692,20260602,2602,3700.86,Bank Transfer
4693,PAY004693,20260627,2602,3659.11,Bank Transfer
4694,PAY004694,20260730,2602,93.45,Credit Card
4695,PAY004695,20251124,2603,1569.85,Bank Transfer
4696,PAY004696,20251228,2603,4612.23,SADAD
4697,PAY004697,20260124,2603,8703.18,Cash
4698,PAY004698,20260223,2603,9228.57,Bank Transfer
4699,PAY004699,20250808,2604,1733.67,Bank Transfer
4700,PAY004700,20250907,2604,4369.69,Credit Card
4701,PAY004701,20251006,2604,6444.0,Cash
4702,PAY004702,20251101,2604,1671.21,Cash
4703,PAY004703,20260429,2605,944.93,SADAD
4704,PAY004704,20260602,2605,4152.82,Credit Card
4705,PAY004705,20250514,2606,7311.37,SADAD
4706,PAY004706,20260322,2607,4917.02,Credit Card
4707,PAY004707,20230828,2608,7777.04,Cash
4708,PAY004708,20251205,2609,61884.43,SADAD
4709,PAY004709,20260105,2609,15524.93,Cash
4710,PAY004710,20230711,2610,11821.87,Credit Card
4711,PAY004711,20230809,2610,21816.16,SADAD
4712,PAY004712,20231105,2611,9343.29,SADAD
4713,PAY004713,20230617,2612,4014.36,Bank Transfer
4714,PAY004714,20260217,2613,1249.73,Cash
4715,PAY004715,20260324,2613,3608.95,SADAD
4716,PAY004716,20260423,2613,611.21,SADAD
4717,PAY004717,20260518,2613,1223.42,Bank Transfer
4718,PAY004718,20250409,2614,21208.04,SADAD
4719,PAY004719,20260402,2615,23525.55,SADAD
4720,PAY004720,20250922,2616,1037.71,Credit Card
4721,PAY004721,20250626,2617,93711.7,Bank Transfer
4722,PAY004722,20250726,2617,20665.85,Bank Transfer
4723,PAY004723,20250824,2617,41988.82,Cash
4724,PAY004724,20250922,2617,90992.33,Credit Card
4725,PAY004725,20220523,2618,39862.64,Bank Transfer
4726,PAY004726,20220621,2618,21333.01,Cash
4727,PAY004727,20260329,2619,523.54,Bank Transfer
4728,PAY004728,20260429,2619,730.92,Cash
4729,PAY004729,20260602,2619,532.65,Credit Card
4730,PAY004730,20260630,2619,111.44,Bank Transfer
4731,PAY004731,20250605,2620,517.44,Cash
4732,PAY004732,20250708,2620,1906.82,Bank Transfer
4733,PAY004733,20241124,2621,6922.72,SADAD
4734,PAY004734,20251122,2622,6503.88,Cash
4735,PAY004735,20241114,2623,8482.67,SADAD
4736,PAY004736,20231129,2624,1739.38,Cash
4737,PAY004737,20231229,2624,2909.41,SADAD
4738,PAY004738,20231107,2625,8404.01,Bank Transfer
4739,PAY004739,20230115,2626,10660.84,Credit Card
4740,PAY004740,20251014,2627,398.28,Cash
4741,PAY004741,20251117,2627,1005.64,Cash
4742,PAY004742,20241223,2628,11792.59,Credit Card
4743,PAY004743,20230628,2629,2693.16,Cash
4744,PAY004744,20260622,2630,5513.44,SADAD
4745,PAY004745,20260721,2630,407.84,Credit Card
4746,PAY004746,20250714,2631,4429.58,Bank Transfer
4747,PAY004747,20250813,2631,917.76,Cash
4748,PAY004748,20250107,2632,16810.73,Cash
4749,PAY004749,20250309,2633,1422.14,Credit Card
4750,PAY004750,20260123,2634,9.6,Bank Transfer
4751,PAY004751,20260221,2634,1387.84,Bank Transfer
4752,PAY004752,20260323,2634,255.43,Bank Transfer
4753,PAY004753,20260420,2634,384.51,Credit Card
4754,PAY004754,20230716,2635,3008.13,SADAD
4755,PAY004755,20240920,2636,1171.2,Cash
4756,PAY004756,20231203,2637,3874.78,SADAD
4757,PAY004757,20240101,2637,5056.09,Cash
4758,PAY004758,20240201,2637,7353.21,Credit Card
4759,PAY004759,20240301,2637,542.76,Credit Card
4760,PAY004760,20260402,2638,2590.03,Cash
4761,PAY004761,20260430,2638,1309.59,Cash
4762,PAY004762,20260531,2638,203.23,SADAD
4763,PAY004763,20260702,2638,3162.65,Credit Card
4764,PAY004764,20251228,2639,10660.25,Cash
4765,PAY004765,20260127,2639,1505.22,Cash
4766,PAY004766,20260226,2639,2057.88,Cash
4767,PAY004767,20260325,2639,4747.77,Bank Transfer
4768,PAY004768,20260124,2640,4077.22,SADAD
4769,PAY004769,20240408,2641,60583.03,Credit Card
4770,PAY004770,20251018,2642,2045.52,Cash
4771,PAY004771,20251212,2643,12995.94,SADAD
4772,PAY004772,20240511,2644,3395.77,Credit Card
4773,PAY004773,20240613,2644,1753.21,Bank Transfer
4774,PAY004774,20240713,2644,1316.42,Cash
4775,PAY004775,20240809,2644,721.9,Cash
4776,PAY004776,20230519,2645,309.77,Bank Transfer
4777,PAY004777,20230614,2645,5758.13,Cash
4778,PAY004778,20251122,2646,3761.01,Credit Card
4779,PAY004779,20250429,2647,3023.7,Credit Card
4780,PAY004780,20240721,2648,4652.8,Bank Transfer
4781,PAY004781,20240824,2648,38711.17,Cash
4782,PAY004782,20230606,2649,614.19,Bank Transfer
4783,PAY004783,20230703,2649,209.56,Credit Card
4784,PAY004784,20230801,2649,671.52,Cash
4785,PAY004785,20230905,2649,685.66,SADAD
4786,PAY004786,20250212,2650,2002.66,Credit Card
4787,PAY004787,20250315,2650,9210.86,Bank Transfer
4788,PAY004788,20230118,2651,11475.23,Cash
4789,PAY004789,20250513,2652,2668.18,SADAD
4790,PAY004790,20250614,2652,1991.28,Cash
4791,PAY004791,20231213,2654,1929.13,Bank Transfer
4792,PAY004792,20240111,2654,3621.82,Credit Card
4793,PAY004793,20250831,2655,1181.6,SADAD
4794,PAY004794,20250926,2655,1144.56,Cash
4795,PAY004795,20260104,2656,9380.8,Credit Card
4796,PAY004796,20240912,2657,9473.09,SADAD
4797,PAY004797,20251015,2658,2555.31,Cash
4798,PAY004798,20260518,2659,5422.4,Credit Card
4799,PAY004799,20250327,2660,6596.37,Credit Card
4800,PAY004800,20250430,2660,327.82,Credit Card
4801,PAY004801,20250528,2660,1414.59,Bank Transfer
4802,PAY004802,20250626,2660,360.49,Credit Card
4803,PAY004803,20221108,2661,2251.07,Cash
4804,PAY004804,20240504,2662,966.89,Cash
4805,PAY004805,20240602,2662,163.48,Bank Transfer
4806,PAY004806,20240704,2662,1827.41,Bank Transfer
4807,PAY004807,20240731,2662,6143.64,Credit Card
4808,PAY004808,20221009,2663,20510.27,Cash
4809,PAY004809,20221104,2663,666.63,Bank Transfer
4810,PAY004810,20260718,2664,128.07,SADAD
4811,PAY004811,20260816,2664,3038.18,Cash
4812,PAY004812,20250701,2665,2390.82,Credit Card
4813,PAY004813,20250801,2665,1135.71,Bank Transfer
4814,PAY004814,20250901,2665,3699.26,Cash
4815,PAY004815,20250926,2665,6156.32,SADAD
4816,PAY004816,20230712,2666,776.99,SADAD
4817,PAY004817,20230812,2666,3261.44,Cash
4818,PAY004818,20230912,2666,378.15,SADAD
4819,PAY004819,20231015,2666,9249.53,Credit Card
4820,PAY004820,20240524,2667,9438.1,SADAD
4821,PAY004821,20240524,2668,924.13,Cash
4822,PAY004822,20260601,2669,2916.51,Credit Card
4823,PAY004823,20260704,2669,1151.35,Credit Card
4824,PAY004824,20240423,2670,10272.34,Credit Card
4825,PAY004825,20240720,2671,4163.92,SADAD
4826,PAY004826,20240819,2671,2618.76,SADAD
4827,PAY004827,20240916,2671,1370.43,Bank Transfer
4828,PAY004828,20241015,2671,6139.79,Cash
4829,PAY004829,20241201,2672,4126.34,Bank Transfer
4830,PAY004830,20241228,2672,53732.48,Credit Card
4831,PAY004831,20260506,2673,6003.55,Cash
4832,PAY004832,20250923,2674,7401.25,Bank Transfer
4833,PAY004833,20221127,2675,2969.84,Credit Card
4834,PAY004834,20250621,2676,7119.68,SADAD
4835,PAY004835,20250329,2677,761.79,Bank Transfer
4836,PAY004836,20250425,2677,388.34,SADAD
4837,PAY004837,20240130,2678,5286.7,Bank Transfer
4838,PAY004838,20240902,2679,7108.52,Cash
4839,PAY004839,20260521,2680,753.84,Cash
4840,PAY004840,20260620,2680,4364.22,Bank Transfer
4841,PAY004841,20250326,2681,36775.77,Bank Transfer
4842,PAY004842,20260508,2682,10504.31,Cash
4843,PAY004843,20260605,2682,91.02,Cash
4844,PAY004844,20260708,2682,6900.08,Cash
4845,PAY004845,20260806,2682,20060.32,Credit Card
4846,PAY004846,20260411,2683,12173.13,Cash
4847,PAY004847,20240214,2684,5448.87,Credit Card
4848,PAY004848,20250726,2685,13976.53,Bank Transfer
4849,PAY004849,20250916,2686,3778.31,Cash
4850,PAY004850,20250408,2687,4933.6,Credit Card
4851,PAY004851,20260803,2688,14917.17,Cash
4852,PAY004852,20251113,2689,2108.28,Credit Card
4853,PAY004853,20251212,2689,324.78,Credit Card
4854,PAY004854,20260110,2689,4710.09,Bank Transfer
4855,PAY004855,20260213,2689,351.05,SADAD
4856,PAY004856,20240608,2690,7183.85,Bank Transfer
4857,PAY004857,20231204,2691,3102.42,SADAD
4858,PAY004858,20240101,2691,15276.61,Cash
4859,PAY004859,20251030,2692,3767.55,Cash
4860,PAY004860,20251204,2692,1210.69,Bank Transfer
4861,PAY004861,20251231,2692,5740.86,Bank Transfer
4862,PAY004862,20260202,2692,16627.71,Credit Card
4863,PAY004863,20260719,2693,2005.54,Credit Card
4864,PAY004864,20240304,2694,13822.41,Credit Card
4865,PAY004865,20240408,2694,2299.68,Cash
4866,PAY004866,20230131,2695,2211.25,Credit Card
4867,PAY004867,20240112,2696,611.66,SADAD
4868,PAY004868,20240211,2696,11008.23,Cash
4869,PAY004869,20240810,2697,24040.76,Cash
4870,PAY004870,20240908,2697,9780.16,SADAD
4871,PAY004871,20240914,2698,2310.71,SADAD
4872,PAY004872,20260619,2699,2070.88,Credit Card
4873,PAY004873,20260721,2699,8152.09,SADAD
4874,PAY004874,20240222,2700,2676.74,SADAD
4875,PAY004875,20251204,2701,9337.46,Cash
4876,PAY004876,20241029,2702,190345.37,Cash
4877,PAY004877,20251225,2703,118.22,SADAD
4878,PAY004878,20260123,2703,9972.96,SADAD
4879,PAY004879,20250326,2704,29960.03,Bank Transfer
4880,PAY004880,20250423,2704,7718.67,SADAD
4881,PAY004881,20250114,2705,662.95,Bank Transfer
4882,PAY004882,20260511,2706,526.18,Bank Transfer
4883,PAY004883,20260611,2706,1691.08,Cash
4884,PAY004884,20260708,2706,2440.69,SADAD
4885,PAY004885,20260808,2706,1974.61,SADAD
4886,PAY004886,20250417,2707,1732.35,SADAD
4887,PAY004887,20250520,2707,1713.4,SADAD
4888,PAY004888,20250615,2707,5463.13,Credit Card
4889,PAY004889,20250715,2707,644.84,Credit Card
4890,PAY004890,20250903,2708,8386.44,SADAD
4891,PAY004891,20240210,2709,4487.83,Bank Transfer
4892,PAY004892,20251120,2710,6742.7,SADAD
4893,PAY004893,20240530,2711,4319.14,Credit Card
4894,PAY004894,20240628,2711,2192.17,Bank Transfer
4895,PAY004895,20240731,2711,5338.41,SADAD
4896,PAY004896,20240827,2711,444.51,Credit Card
4897,PAY004897,20250314,2712,980.97,Cash
4898,PAY004898,20260507,2713,124649.33,Cash
4899,PAY004899,20250307,2714,12358.49,SADAD
4900,PAY004900,20251113,2715,28324.61,Bank Transfer
4901,PAY004901,20230704,2716,2371.34,Cash
4902,PAY004902,20260315,2717,661.63,Bank Transfer
4903,PAY004903,20260411,2717,527.37,SADAD
4904,PAY004904,20231010,2718,891.21,SADAD
4905,PAY004905,20231112,2718,3231.39,Cash
4906,PAY004906,20231213,2718,13407.22,Credit Card
4907,PAY004907,20240111,2718,4153.99,Bank Transfer
4908,PAY004908,20231110,2719,1275.81,Cash
4909,PAY004909,20260520,2720,23700.88,SADAD
4910,PAY004910,20250314,2721,2532.64,Credit Card
4911,PAY004911,20250414,2721,1108.22,Bank Transfer
4912,PAY004912,20250128,2722,19476.83,Cash
4913,PAY004913,20260310,2723,1247.45,Bank Transfer
4914,PAY004914,20230210,2724,9380.09,Cash
4915,PAY004915,20230312,2724,4472.72,Credit Card
4916,PAY004916,20230407,2724,331.54,SADAD
4917,PAY004917,20230510,2724,9765.22,Cash
4918,PAY004918,20230611,2725,1066.85,Bank Transfer
4919,PAY004919,20230710,2725,434.08,Cash
4920,PAY004920,20230831,2726,4266.63,Credit Card
4921,PAY004921,20251219,2727,3120.94,SADAD
4922,PAY004922,20241220,2728,1662.09,Credit Card
4923,PAY004923,20250121,2728,1811.83,Cash
4924,PAY004924,20250222,2728,850.0,Cash
4925,PAY004925,20250325,2728,3813.14,Cash
4926,PAY004926,20251012,2729,4329.19,Bank Transfer
4927,PAY004927,20230213,2730,2602.57,Bank Transfer
4928,PAY004928,20230319,2730,1969.55,SADAD
4929,PAY004929,20230415,2730,4208.36,Cash
4930,PAY004930,20230516,2730,442.57,Cash
4931,PAY004931,20241125,2731,10682.29,Credit Card
4932,PAY004932,20230619,2732,6246.06,Cash
4933,PAY004933,20230722,2732,336.47,Cash
4934,PAY004934,20230603,2733,10562.44,Credit Card
4935,PAY004935,20241108,2734,2884.83,SADAD
4936,PAY004936,20241206,2734,7461.85,Bank Transfer
4937,PAY004937,20240916,2735,2895.99,Credit Card
4938,PAY004938,20260215,2736,4411.13,Bank Transfer
4939,PAY004939,20260315,2736,577.67,Cash
4940,PAY004940,20260804,2737,21738.66,Cash
4941,PAY004941,20251130,2738,9942.77,Cash
4942,PAY004942,20230709,2739,728.33,SADAD
4943,PAY004943,20250717,2740,3917.57,Cash
4944,PAY004944,20250815,2740,11778.79,SADAD
4945,PAY004945,20220530,2741,9442.81,SADAD
4946,PAY004946,20240616,2742,1145.07,Cash
4947,PAY004947,20240716,2742,186.67,Cash
4948,PAY004948,20240814,2742,602.52,Bank Transfer
4949,PAY004949,20240915,2742,289.19,Cash
4950,PAY004950,20230811,2743,747.32,Credit Card
4951,PAY004951,20260123,2744,13896.01,Cash
4952,PAY004952,20240202,2745,4149.24,Bank Transfer
4953,PAY004953,20250129,2746,330.17,Cash
4954,PAY004954,20250305,2746,562.73,Cash
4955,PAY004955,20250926,2747,1932.21,Cash
4956,PAY004956,20251026,2747,1036.83,Cash
4957,PAY004957,20260325,2748,5586.78,SADAD
4958,PAY004958,20260427,2748,26814.41,Credit Card
4959,PAY004959,20240213,2749,48.11,Cash
4960,PAY004960,20240314,2749,137.69,SADAD
4961,PAY004961,20240412,2749,770.76,Credit Card
4962,PAY004962,20240510,2749,192.26,Cash
4963,PAY004963,20260121,2750,2981.56,Cash
4964,PAY004964,20260222,2750,1977.09,Cash
4965,PAY004965,20260322,2750,3289.61,Bank Transfer
4966,PAY004966,20260418,2750,2015.49,Bank Transfer
4967,PAY004967,20250323,2751,1153.05,Bank Transfer
4968,PAY004968,20230710,2752,19042.3,Cash
4969,PAY004969,20230707,2753,15423.48,Credit Card
4970,PAY004970,20230808,2753,12953.8,SADAD
4971,PAY004971,20230918,2754,3605.24,Credit Card
4972,PAY004972,20231017,2754,1094.78,Credit Card
4973,PAY004973,20251101,2755,2889.94,Bank Transfer
4974,PAY004974,20251116,2756,15507.2,Bank Transfer
4975,PAY004975,20260712,2757,5929.46,Bank Transfer
4976,PAY004976,20240218,2758,782.54,Cash
4977,PAY004977,20250303,2759,199641.12,Cash
4978,PAY004978,20250404,2759,26233.54,SADAD
4979,PAY004979,20250709,2760,7865.92,Cash
4980,PAY004980,20240727,2761,6968.27,Credit Card
4981,PAY004981,20231231,2762,26722.6,SADAD
4982,PAY004982,20240130,2762,6505.2,Credit Card
4983,PAY004983,20241206,2763,6711.65,Cash
4984,PAY004984,20240727,2764,539.54,Credit Card
4985,PAY004985,20240823,2764,276.81,Bank Transfer
4986,PAY004986,20240927,2764,70.98,Cash
4987,PAY004987,20241027,2764,663.02,Cash
4988,PAY004988,20260103,2765,69.98,Bank Transfer
4989,PAY004989,20260130,2765,2261.08,Cash
4990,PAY004990,20240907,2766,251.3,SADAD
4991,PAY004991,20220814,2767,2367.05,Bank Transfer
4992,PAY004992,20250320,2768,8822.29,Credit Card
4993,PAY004993,20250117,2769,1933.54,Bank Transfer
4994,PAY004994,20250217,2769,590.17,Cash
4995,PAY004995,20250318,2769,366.22,SADAD
4996,PAY004996,20250418,2769,5002.7,Credit Card
4997,PAY004997,20240816,2770,2394.34,Cash
4998,PAY004998,20260818,2771,2496.06,Bank Transfer
4999,PAY004999,20220626,2772,162.95,SADAD
5000,PAY005000,20220724,2772,2015.58,Credit Card
5001,PAY005001,20240321,2773,1896.64,Bank Transfer
5002,PAY005002,20240422,2773,4730.16,Cash
5003,PAY005003,20230723,2774,6247.02,Bank Transfer
5004,PAY005004,20230822,2774,6909.44,Bank Transfer
5005,PAY005005,20260522,2775,11793.04,Bank Transfer
5006,PAY005006,20221203,2776,55006.7,Bank Transfer
5007,PAY005007,20230811,2777,2217.48,Credit Card
5008,PAY005008,20240827,2778,105.77,Credit Card
5009,PAY005009,20240927,2778,173.45,SADAD
5010,PAY005010,20241026,2778,295.47,Bank Transfer
5011,PAY005011,20241124,2778,755.21,Cash
5012,PAY005012,20240413,2779,1262.54,Bank Transfer
5013,PAY005013,20240515,2779,1552.63,Credit Card
5014,PAY005014,20251106,2780,5750.06,Credit Card
5015,PAY005015,20251203,2780,529.94,Cash
5016,PAY005016,20231112,2781,2284.54,SADAD
5017,PAY005017,20231209,2781,3428.75,SADAD
5018,PAY005018,20240111,2781,5277.08,Cash
5019,PAY005019,20240211,2781,6880.29,Cash
5020,PAY005020,20241030,2782,2837.08,Bank Transfer
5021,PAY005021,20241128,2782,20117.02,Cash
5022,PAY005022,20240112,2783,7489.74,Cash
5023,PAY005023,20241031,2784,34398.58,Cash
5024,PAY005024,20260322,2785,4061.61,Credit Card
5025,PAY005025,20241024,2786,7582.62,Bank Transfer
5026,PAY005026,20260225,2787,2578.35,Bank Transfer
5027,PAY005027,20260326,2787,3979.89,Cash
5028,PAY005028,20260316,2788,566.66,Credit Card
5029,PAY005029,20250516,2789,25507.01,Cash
5030,PAY005030,20230504,2790,11353.42,SADAD
5031,PAY005031,20230721,2791,2354.56,Bank Transfer
5032,PAY005032,20240918,2792,6459.2,Credit Card
5033,PAY005033,20230605,2793,12275.17,SADAD
5034,PAY005034,20221216,2794,2294.55,Cash
5035,PAY005035,20250925,2795,1050.49,Credit Card
5036,PAY005036,20251023,2795,1404.29,Cash
5037,PAY005037,20240602,2796,1756.45,Bank Transfer
5038,PAY005038,20240704,2796,3074.74,Cash
5039,PAY005039,20260316,2797,1038.21,Bank Transfer
5040,PAY005040,20250601,2798,1193.62,Bank Transfer
5041,PAY005041,20250701,2798,4951.61,Cash
5042,PAY005042,20250804,2798,589.65,Cash
5043,PAY005043,20250830,2798,1290.41,Bank Transfer
5044,PAY005044,20250825,2799,5727.88,Bank Transfer
5045,PAY005045,20250626,2800,5701.75,SADAD
5046,PAY005046,20231120,2801,264.03,Bank Transfer
5047,PAY005047,20231222,2801,239.47,Credit Card
5048,PAY005048,20240120,2801,158.87,Bank Transfer
5049,PAY005049,20240220,2801,910.14,SADAD
5050,PAY005050,20250712,2802,5839.98,Cash
5051,PAY005051,20250807,2802,1285.65,SADAD
5052,PAY005052,20260321,2803,14087.37,Credit Card
5053,PAY005053,20250721,2804,10167.5,Bank Transfer
5054,PAY005054,20250819,2804,32.53,Bank Transfer
5055,PAY005055,20260516,2805,2036.54,Bank Transfer
5056,PAY005056,20241007,2806,716.88,Bank Transfer
5057,PAY005057,20241102,2806,3241.37,SADAD
5058,PAY005058,20250221,2807,5465.81,Cash
5059,PAY005059,20250320,2807,1702.05,SADAD
5060,PAY005060,20240724,2808,290.72,Credit Card
5061,PAY005061,20240820,2808,376.87,Credit Card
5062,PAY005062,20240917,2808,40.87,Cash
5063,PAY005063,20241020,2808,390.91,SADAD
5064,PAY005064,20250629,2809,3689.83,Bank Transfer
5065,PAY005065,20260327,2810,7173.45,Bank Transfer
5066,PAY005066,20230918,2811,56.66,Cash
5067,PAY005067,20231017,2811,260.02,Cash
5068,PAY005068,20231116,2811,40.95,Cash
5069,PAY005069,20231216,2811,225.3,Cash
5070,PAY005070,20240829,2812,1039.33,Credit Card
5071,PAY005071,20240929,2812,39.88,Credit Card
5072,PAY005072,20231015,2813,2565.8,Credit Card
5073,PAY005073,20260625,2814,5186.18,SADAD
5074,PAY005074,20250729,2815,24878.18,SADAD
5075,PAY005075,20230530,2816,3826.07,Credit Card
5076,PAY005076,20230629,2816,1840.24,Bank Transfer
5077,PAY005077,20231208,2817,4211.16,Cash
5078,PAY005078,20240208,2818,13007.62,Cash
5079,PAY005079,20251015,2819,3845.14,Bank Transfer
5080,PAY005080,20251117,2819,725.73,SADAD
5081,PAY005081,20251214,2819,5669.41,SADAD
5082,PAY005082,20260115,2819,61.8,Bank Transfer
5083,PAY005083,20241212,2820,199.89,SADAD
5084,PAY005084,20250111,2820,1029.76,Bank Transfer
5085,PAY005085,20240623,2821,1614.5,Cash
5086,PAY005086,20240721,2821,2132.83,Bank Transfer
5087,PAY005087,20240823,2821,1844.77,Cash
5088,PAY005088,20240918,2821,471.74,Cash
5089,PAY005089,20240109,2822,888.22,SADAD
5090,PAY005090,20240211,2822,1187.69,Cash
5091,PAY005091,20240521,2823,441.72,SADAD
5092,PAY005092,20240620,2823,24.91,Credit Card
5093,PAY005093,20240720,2823,1559.49,Cash
5094,PAY005094,20240817,2823,1092.72,Bank Transfer
5095,PAY005095,20251202,2824,11216.41,Bank Transfer
5096,PAY005096,20241117,2825,249.1,Credit Card
5097,PAY005097,20241221,2825,1.49,SADAD
5098,PAY005098,20250118,2825,168.77,Credit Card
5099,PAY005099,20250219,2825,265.5,Cash
5100,PAY005100,20231230,2826,1082.01,Cash
5101,PAY005101,20240128,2826,566.07,Bank Transfer
5102,PAY005102,20240228,2826,3242.05,SADAD
5103,PAY005103,20240331,2826,2550.01,Bank Transfer
5104,PAY005104,20240522,2827,72.39,Bank Transfer
5105,PAY005105,20240622,2827,2456.81,Credit Card
5106,PAY005106,20240726,2827,10013.28,Credit Card
5107,PAY005107,20240821,2827,1280.49,Bank Transfer
5108,PAY005108,20230831,2828,3401.02,Cash
5109,PAY005109,20231022,2829,979.92,SADAD
5110,PAY005110,20231120,2829,31.24,SADAD
5111,PAY005111,20231219,2829,1064.05,Cash
5112,PAY005112,20240122,2829,2558.44,Cash
5113,PAY005113,20230923,2830,4912.75,Cash
5114,PAY005114,20231025,2830,970.77,Credit Card
5115,PAY005115,20240513,2831,4665.0,Credit Card
5116,PAY005116,20240614,2831,3308.91,Credit Card
5117,PAY005117,20260628,2832,5752.13,Cash
5118,PAY005118,20241006,2833,7181.45,Credit Card
5119,PAY005119,20240910,2834,7196.14,Cash
5120,PAY005120,20250208,2835,26115.13,Credit Card
5121,PAY005121,20250529,2836,448.4,Cash
5122,PAY005122,20250627,2836,991.33,Cash
5123,PAY005123,20250124,2837,17744.33,Credit Card
5124,PAY005124,20250222,2837,52922.42,Credit Card
5125,PAY005125,20240914,2838,5112.67,SADAD
5126,PAY005126,20241016,2838,18905.98,SADAD
5127,PAY005127,20251022,2839,153.4,Credit Card
5128,PAY005128,20251119,2839,123.27,Credit Card
5129,PAY005129,20241211,2840,6089.88,SADAD
5130,PAY005130,20250112,2840,2243.41,Bank Transfer
5131,PAY005131,20240921,2841,4447.03,SADAD
5132,PAY005132,20220602,2842,1607.62,Bank Transfer
5133,PAY005133,20220629,2842,4733.39,Credit Card
5134,PAY005134,20250818,2843,1755.58,Credit Card
5135,PAY005135,20250918,2843,3527.54,Credit Card
5136,PAY005136,20251119,2844,5979.6,Bank Transfer
5137,PAY005137,20251010,2845,1899.16,Credit Card
5138,PAY005138,20251106,2845,737.22,SADAD
5139,PAY005139,20240331,2846,1601.75,SADAD
5140,PAY005140,20240428,2846,1351.1,Credit Card
5141,PAY005141,20240526,2846,2743.27,SADAD
5142,PAY005142,20240625,2846,2029.76,SADAD
5143,PAY005143,20230218,2847,2528.88,SADAD
5144,PAY005144,20230320,2847,8990.58,Credit Card
5145,PAY005145,20230414,2847,2019.51,Credit Card
5146,PAY005146,20230519,2847,2023.82,SADAD
5147,PAY005147,20231026,2848,19927.45,Bank Transfer
5148,PAY005148,20240317,2849,2213.93,SADAD
5149,PAY005149,20250406,2850,3462.63,Bank Transfer
5150,PAY005150,20250505,2850,5508.78,Cash
5151,PAY005151,20230321,2851,18781.66,Credit Card
5152,PAY005152,20260221,2852,2983.91,SADAD
5153,PAY005153,20230506,2853,3684.46,Bank Transfer
5154,PAY005154,20230606,2853,1360.3,Cash
5155,PAY005155,20230703,2853,1780.93,SADAD
5156,PAY005156,20230805,2853,187.29,Credit Card
5157,PAY005157,20250808,2854,167651.52,SADAD
5158,PAY005158,20231228,2855,2494.91,SADAD
5159,PAY005159,20260522,2856,246.74,Bank Transfer
5160,PAY005160,20260626,2856,1374.63,Cash
5161,PAY005161,20260722,2856,610.51,Cash
5162,PAY005162,20260824,2856,449.02,SADAD
5163,PAY005163,20260206,2857,996.39,Cash
5164,PAY005164,20250105,2858,1682.33,Cash
5165,PAY005165,20230228,2859,1800.3,SADAD
5166,PAY005166,20240702,2860,2453.26,Credit Card
5167,PAY005167,20240713,2861,11677.54,Bank Transfer
5168,PAY005168,20231116,2862,7849.06,Bank Transfer
5169,PAY005169,20241129,2863,16960.31,Bank Transfer
5170,PAY005170,20230203,2864,493.0,Bank Transfer
5171,PAY005171,20230304,2864,549.68,Cash
5172,PAY005172,20230407,2864,1214.94,Cash
5173,PAY005173,20230508,2864,3680.18,Credit Card
5174,PAY005174,20240209,2865,8376.69,Bank Transfer
5175,PAY005175,20240308,2865,4351.23,Bank Transfer
5176,PAY005176,20240408,2865,549.04,Bank Transfer
5177,PAY005177,20240506,2865,3810.27,Credit Card
5178,PAY005178,20241021,2866,12802.26,Credit Card
5179,PAY005179,20241022,2867,18235.29,SADAD
5180,PAY005180,20250217,2868,7024.18,SADAD
5181,PAY005181,20230122,2869,25174.11,Credit Card
5182,PAY005182,20251126,2870,3241.85,Bank Transfer
5183,PAY005183,20251223,2870,3930.12,SADAD
5184,PAY005184,20221102,2871,346.16,Credit Card
5185,PAY005185,20221129,2871,3056.12,Credit Card
5186,PAY005186,20230101,2871,879.38,SADAD
5187,PAY005187,20230129,2871,4957.52,Cash
5188,PAY005188,20241127,2872,955.62,Cash
5189,PAY005189,20241228,2872,6480.87,Cash
5190,PAY005190,20250907,2873,343.07,Bank Transfer
5191,PAY005191,20251003,2873,1513.44,Credit Card
5192,PAY005192,20251205,2874,2051.36,Cash
5193,PAY005193,20260102,2874,1738.35,Bank Transfer
5194,PAY005194,20260201,2874,3749.48,Bank Transfer
5195,PAY005195,20260303,2874,296.85,SADAD
5196,PAY005196,20251019,2875,19174.57,Credit Card
5197,PAY005197,20251116,2875,2423.46,Credit Card
5198,PAY005198,20221028,2876,2231.52,SADAD
5199,PAY005199,20221127,2876,3165.26,Cash
5200,PAY005200,20260113,2877,32643.25,Credit Card
5201,PAY005201,20241015,2878,2411.83,Cash
5202,PAY005202,20241112,2878,2150.69,Bank Transfer
5203,PAY005203,20250111,2879,156.29,SADAD
5204,PAY005204,20250207,2879,769.65,Credit Card
5205,PAY005205,20240618,2880,1938.92,Bank Transfer
5206,PAY005206,20240716,2880,4862.41,SADAD
5207,PAY005207,20250301,2881,447.7,SADAD
5208,PAY005208,20250401,2881,3822.72,Cash
5209,PAY005209,20250430,2881,1652.6,Bank Transfer
5210,PAY005210,20250604,2881,5779.92,Credit Card
5211,PAY005211,20250706,2882,427.72,Bank Transfer
5212,PAY005212,20250808,2882,639.37,Bank Transfer
5213,PAY005213,20241027,2883,15445.79,Cash
5214,PAY005214,20230917,2884,1707.7,Cash
5215,PAY005215,20231016,2884,387.36,Credit Card
5216,PAY005216,20240510,2885,7835.3,SADAD
5217,PAY005217,20251207,2886,7931.65,Cash
5218,PAY005218,20241127,2887,4272.87,Credit Card
5219,PAY005219,20240608,2888,114.88,SADAD
5220,PAY005220,20240710,2888,596.93,Credit Card
5221,PAY005221,20240807,2888,16.21,Bank Transfer
5222,PAY005222,20240910,2888,5405.11,Credit Card
5223,PAY005223,20240427,2889,14302.32,Bank Transfer
5224,PAY005224,20240528,2889,6520.13,Cash
5225,PAY005225,20250514,2890,17215.46,Credit Card
5226,PAY005226,20250806,2891,2700.44,Cash
5227,PAY005227,20250910,2891,41339.05,SADAD
5228,PAY005228,20251006,2891,5148.9,Cash
5229,PAY005229,20251107,2891,6231.97,Bank Transfer
5230,PAY005230,20250730,2892,1384.8,Bank Transfer
5231,PAY005231,20230716,2893,4727.94,Credit Card
5232,PAY005232,20251230,2894,585.93,Credit Card
5233,PAY005233,20260129,2894,611.23,Bank Transfer
5234,PAY005234,20260226,2894,252.3,Bank Transfer
5235,PAY005235,20260327,2894,861.08,Credit Card
5236,PAY005236,20230307,2895,749.97,Credit Card
5237,PAY005237,20230407,2895,1267.7,SADAD
5238,PAY005238,20250704,2896,3870.63,SADAD
5239,PAY005239,20250803,2896,216.74,SADAD
5240,PAY005240,20260109,2897,4931.89,Credit Card
5241,PAY005241,20260210,2897,478.57,Bank Transfer
5242,PAY005242,20230626,2898,5977.2,SADAD
5243,PAY005243,20220914,2899,11012.41,Credit Card
5244,PAY005244,20240519,2900,5928.08,Bank Transfer
5245,PAY005245,20260213,2901,6439.65,Credit Card
5246,PAY005246,20240312,2902,14032.33,Credit Card
5247,PAY005247,20251209,2903,682.12,SADAD
5248,PAY005248,20250111,2904,2013.4,Credit Card
5249,PAY005249,20230710,2905,295.52,Cash
5250,PAY005250,20250416,2906,773.35,Credit Card
5251,PAY005251,20250512,2906,1353.05,Bank Transfer
5252,PAY005252,20250610,2906,171.0,Bank Transfer
5253,PAY005253,20250714,2906,1375.71,SADAD
5254,PAY005254,20240528,2907,4293.18,Bank Transfer
5255,PAY005255,20230109,2908,10136.58,Credit Card
5256,PAY005256,20240203,2909,62.81,Credit Card
5257,PAY005257,20240306,2909,61.31,Bank Transfer
5258,PAY005258,20240405,2909,32.51,Bank Transfer
5259,PAY005259,20240505,2909,7.68,Bank Transfer
5260,PAY005260,20260603,2910,11138.71,Bank Transfer
5261,PAY005261,20260701,2910,2514.49,Cash
5262,PAY005262,20240627,2911,5368.27,SADAD
5263,PAY005263,20251118,2912,16653.54,Bank Transfer
5264,PAY005264,20260628,2913,8098.25,Bank Transfer
5265,PAY005265,20240730,2914,143529.69,SADAD
5266,PAY005266,20251221,2915,2028.71,Bank Transfer
5267,PAY005267,20260120,2915,12.96,Bank Transfer
5268,PAY005268,20260219,2915,5531.83,Bank Transfer
5269,PAY005269,20260323,2915,2001.56,Cash
5270,PAY005270,20250127,2916,6239.5,Cash
5271,PAY005271,20260307,2917,23254.18,SADAD
5272,PAY005272,20260113,2918,1032.19,SADAD
5273,PAY005273,20260212,2918,6.45,Credit Card
5274,PAY005274,20260311,2918,26.67,Cash
5275,PAY005275,20260411,2918,791.69,Cash
5276,PAY005276,20230311,2919,1562.73,Cash
5277,PAY005277,20230120,2920,15333.53,SADAD
5278,PAY005278,20250904,2921,733.5,Credit Card
5279,PAY005279,20251001,2921,5096.88,Credit Card
5280,PAY005280,20240509,2922,7616.9,Cash
5281,PAY005281,20240922,2923,1570.57,Cash
5282,PAY005282,20260305,2924,21266.0,Credit Card
5283,PAY005283,20260401,2924,39570.63,SADAD
5284,PAY005284,20221129,2925,10506.24,Cash
5285,PAY005285,20221231,2925,7826.71,Bank Transfer
5286,PAY005286,20231221,2926,25316.45,SADAD
5287,PAY005287,20260214,2927,455.8,Cash
5288,PAY005288,20260318,2927,472.05,SADAD
5289,PAY005289,20260417,2927,97.63,Cash
5290,PAY005290,20260518,2927,815.48,Bank Transfer
5291,PAY005291,20231101,2928,54442.4,Cash
5292,PAY005292,20250729,2929,8839.8,Cash
5293,PAY005293,20250802,2930,8475.76,SADAD
5294,PAY005294,20250828,2930,514.1,Cash
5295,PAY005295,20260607,2931,1097.45,Credit Card
5296,PAY005296,20260721,2932,3929.52,Credit Card
5297,PAY005297,20250602,2933,14424.19,SADAD
5298,PAY005298,20230411,2934,187320.4,Bank Transfer
5299,PAY005299,20250403,2935,3633.45,SADAD
5300,PAY005300,20250503,2935,2861.83,Bank Transfer
5301,PAY005301,20250603,2935,8014.99,SADAD
5302,PAY005302,20250702,2935,273.33,SADAD
5303,PAY005303,20240223,2936,32883.75,Bank Transfer
5304,PAY005304,20220328,2937,25824.05,Credit Card
5305,PAY005305,20250410,2938,742.1,Bank Transfer
5306,PAY005306,20250506,2938,40.36,SADAD
5307,PAY005307,20250606,2938,2485.04,SADAD
5308,PAY005308,20250707,2938,921.5,Bank Transfer
5309,PAY005309,20250103,2939,2255.58,Cash
5310,PAY005310,20241104,2940,647.07,SADAD
5311,PAY005311,20260308,2941,1792.49,Cash
5312,PAY005312,20260225,2942,5107.62,Bank Transfer
5313,PAY005313,20240219,2943,4603.99,Cash
5314,PAY005314,20240321,2943,812.17,Cash
5315,PAY005315,20250413,2944,401.14,Bank Transfer
5316,PAY005316,20250515,2944,749.79,Credit Card
5317,PAY005317,20250614,2944,1142.0,SADAD
5318,PAY005318,20250717,2944,65.66,Cash
5319,PAY005319,20240114,2945,5829.02,Bank Transfer
5320,PAY005320,20220714,2946,63654.84,Cash
5321,PAY005321,20251109,2947,6815.53,SADAD
5322,PAY005322,20240216,2948,3487.42,SADAD
5323,PAY005323,20250628,2949,7373.05,Credit Card
5324,PAY005324,20250728,2949,3344.74,Cash
5325,PAY005325,20221010,2950,1537.2,Credit Card
5326,PAY005326,20240714,2951,1505.99,Bank Transfer
5327,PAY005327,20240812,2951,8864.38,Credit Card
5328,PAY005328,20240907,2951,351.95,Bank Transfer
5329,PAY005329,20241011,2951,4193.09,Bank Transfer
5330,PAY005330,20251215,2952,7016.69,Bank Transfer
5331,PAY005331,20250630,2953,5126.89,Cash
5332,PAY005332,20250803,2953,634.76,Cash
5333,PAY005333,20250830,2953,243.93,SADAD
5334,PAY005334,20251003,2953,11761.51,SADAD
5335,PAY005335,20240121,2954,8318.04,Bank Transfer
5336,PAY005336,20231020,2955,14103.37,Credit Card
5337,PAY005337,20231117,2955,6789.87,Cash
5338,PAY005338,20240718,2956,865.24,Credit Card
5339,PAY005339,20240817,2956,14915.32,Cash
5340,PAY005340,20260507,2957,22212.75,Bank Transfer
5341,PAY005341,20251125,2958,8010.25,Bank Transfer
5342,PAY005342,20251223,2958,2961.52,Credit Card
5343,PAY005343,20221206,2959,1172.36,Credit Card
5344,PAY005344,20230105,2959,1053.99,Bank Transfer
5345,PAY005345,20230121,2960,1125.37,SADAD
5346,PAY005346,20230218,2960,5379.75,Credit Card
5347,PAY005347,20250905,2961,4413.28,Cash
5348,PAY005348,20250709,2962,49133.29,SADAD
5349,PAY005349,20230411,2963,11028.02,Credit Card
5350,PAY005350,20230514,2963,37742.9,Bank Transfer
5351,PAY005351,20260106,2964,815.27,Cash
5352,PAY005352,20260206,2964,3020.11,SADAD
5353,PAY005353,20260312,2964,1135.12,Cash
5354,PAY005354,20260409,2964,3384.39,Cash
5355,PAY005355,20240616,2965,12527.02,Bank Transfer
5356,PAY005356,20240713,2965,9035.15,Credit Card
5357,PAY005357,20250110,2966,734.27,Cash
5358,PAY005358,20240326,2967,9271.78,SADAD
5359,PAY005359,20250819,2968,33245.56,Bank Transfer
5360,PAY005360,20260410,2969,21906.88,SADAD
5361,PAY005361,20250704,2970,1583.1,SADAD
5362,PAY005362,20250803,2970,61.9,SADAD
5363,PAY005363,20241209,2971,4920.01,Credit Card
5364,PAY005364,20230203,2972,34647.86,Cash
5365,PAY005365,20250422,2973,1850.01,Bank Transfer
5366,PAY005366,20250520,2973,4400.73,Cash
5367,PAY005367,20240816,2974,791.04,SADAD
5368,PAY005368,20250810,2975,5072.85,Cash
5369,PAY005369,20250909,2975,1583.74,Cash
5370,PAY005370,20250730,2976,1192.97,Cash
5371,PAY005371,20260806,2977,15374.81,Credit Card
5372,PAY005372,20230312,2978,33.52,SADAD
5373,PAY005373,20230412,2978,474.86,SADAD
5374,PAY005374,20230515,2978,0.71,SADAD
5375,PAY005375,20230612,2978,37.55,Cash
5376,PAY005376,20230918,2979,5467.03,SADAD
5377,PAY005377,20260311,2980,2143.67,Credit Card
5378,PAY005378,20230315,2981,30895.62,Bank Transfer
5379,PAY005379,20230417,2981,1663.73,Cash
5380,PAY005380,20230514,2981,31330.9,Cash
5381,PAY005381,20230612,2981,14063.01,Credit Card
5382,PAY005382,20260604,2982,7228.28,Cash
5383,PAY005383,20230825,2983,2015.85,Cash
5384,PAY005384,20260216,2984,200.79,SADAD
5385,PAY005385,20260319,2984,2550.73,SADAD
5386,PAY005386,20260417,2984,1690.67,Bank Transfer
5387,PAY005387,20260518,2984,1116.1,Credit Card
5388,PAY005388,20240807,2985,4778.8,SADAD
5389,PAY005389,20250121,2986,2997.45,Credit Card
5390,PAY005390,20251122,2987,7669.38,Credit Card
5391,PAY005391,20230626,2988,630.13,SADAD
5392,PAY005392,20241127,2989,5149.4,Credit Card
5393,PAY005393,20260215,2990,35396.33,Credit Card
5394,PAY005394,20251102,2991,5093.77,Credit Card
5395,PAY005395,20241216,2992,2730.58,SADAD
5396,PAY005396,20250114,2992,8179.92,Cash
5397,PAY005397,20250507,2993,3549.0,SADAD
5398,PAY005398,20250605,2993,14152.09,Bank Transfer
5399,PAY005399,20250705,2993,15587.37,Bank Transfer
5400,PAY005400,20250802,2993,5683.73,Bank Transfer
5401,PAY005401,20240625,2994,2991.83,SADAD
5402,PAY005402,20240726,2994,1260.34,Cash
5403,PAY005403,20240827,2994,404.14,Cash
5404,PAY005404,20240926,2994,3515.7,Credit Card
5405,PAY005405,20240430,2995,18236.43,Cash
5406,PAY005406,20240615,2996,19877.76,Cash
5407,PAY005407,20230212,2997,2380.95,Credit Card
5408,PAY005408,20260302,2998,2994.99,Credit Card
5409,PAY005409,20250228,2999,7880.48,Credit Card
5410,PAY005410,20250317,3000,10283.0,SADAD
5411,PAY005411,20260802,3001,14732.05,SADAD
5412,PAY005412,20250921,3002,12418.68,Credit Card
5413,PAY005413,20250225,3003,22315.48,Bank Transfer
5414,PAY005414,20250208,3004,1854.78,Bank Transfer
5415,PAY005415,20250309,3004,27303.96,Credit Card
5416,PAY005416,20241115,3005,496.67,SADAD
5417,PAY005417,20241213,3005,151.38,Bank Transfer
5418,PAY005418,20241215,3006,3878.17,Credit Card
5419,PAY005419,20240422,3007,2320.68,Credit Card
5420,PAY005420,20240525,3007,745.69,SADAD
5421,PAY005421,20240625,3007,1935.12,Credit Card
5422,PAY005422,20240725,3007,370.88,Credit Card
5423,PAY005423,20241108,3008,4772.64,SADAD
5424,PAY005424,20241207,3008,8802.36,SADAD
5425,PAY005425,20250106,3008,19368.4,Cash
5426,PAY005426,20250206,3008,867.35,Credit Card
5427,PAY005427,20240320,3009,1052.53,Bank Transfer
5428,PAY005428,20240418,3009,983.46,Credit Card
5429,PAY005429,20240518,3009,147.56,Cash
5430,PAY005430,20240617,3009,1987.16,Cash
5431,PAY005431,20260124,3010,23283.77,Bank Transfer
5432,PAY005432,20231124,3011,4012.35,Credit Card
5433,PAY005433,20250104,3012,2372.6,Credit Card
5434,PAY005434,20240331,3013,2143.66,Bank Transfer
5435,PAY005435,20240810,3014,18905.7,SADAD
5436,PAY005436,20240910,3014,15548.7,Cash
5437,PAY005437,20230325,3015,241.39,SADAD
5438,PAY005438,20251117,3016,2340.76,Cash
5439,PAY005439,20241223,3017,1222.71,Credit Card
5440,PAY005440,20250122,3017,2832.64,Credit Card
5441,PAY005441,20250218,3017,1287.48,Cash
5442,PAY005442,20250318,3017,421.69,SADAD
5443,PAY005443,20251025,3018,11604.8,Cash
5444,PAY005444,20250518,3019,7960.86,Cash
5445,PAY005445,20251107,3020,457.07,Bank Transfer
5446,PAY005446,20251208,3020,1311.5,Cash
5447,PAY005447,20250213,3021,1492.71,SADAD
5448,PAY005448,20250318,3021,437.18,Bank Transfer
5449,PAY005449,20250414,3021,2536.97,Cash
5450,PAY005450,20250517,3021,607.05,Cash
5451,PAY005451,20250330,3022,929.12,Cash
5452,PAY005452,20250429,3022,1013.05,Credit Card
5453,PAY005453,20250529,3022,2350.29,Bank Transfer
5454,PAY005454,20250624,3022,3422.75,Bank Transfer
5455,PAY005455,20260221,3023,3544.94,Credit Card
5456,PAY005456,20260323,3023,4964.75,Cash
5457,PAY005457,20260204,3024,7194.01,SADAD
5458,PAY005458,20260306,3024,9650.78,Cash
5459,PAY005459,20260405,3024,7563.78,Cash
5460,PAY005460,20260507,3024,1264.08,SADAD
5461,PAY005461,20260107,3025,7884.28,SADAD
5462,PAY005462,20250627,3026,5466.18,SADAD
5463,PAY005463,20250730,3026,19355.57,SADAD
5464,PAY005464,20230704,3027,192575.44,SADAD
5465,PAY005465,20230803,3027,54662.64,Credit Card
5466,PAY005466,20220702,3028,2518.46,Bank Transfer
5467,PAY005467,20220805,3028,3238.25,Bank Transfer
5468,PAY005468,20220902,3028,619.64,Bank Transfer
5469,PAY005469,20221004,3028,531.15,Credit Card
5470,PAY005470,20250404,3029,10492.69,Bank Transfer
5471,PAY005471,20260130,3030,649.51,Cash
5472,PAY005472,20260301,3030,2823.5,Credit Card
5473,PAY005473,20250530,3031,20728.9,SADAD
5474,PAY005474,20240710,3032,5381.49,SADAD
5475,PAY005475,20240808,3032,5568.14,Cash
5476,PAY005476,20240901,3033,4206.99,Cash
5477,PAY005477,20241006,3033,15029.12,Credit Card
5478,PAY005478,20241101,3033,3445.17,SADAD
5479,PAY005479,20241204,3033,4572.08,SADAD
5480,PAY005480,20230901,3034,1531.48,Cash
5481,PAY005481,20230114,3035,12688.32,SADAD
5482,PAY005482,20241020,3036,1644.79,Cash
5483,PAY005483,20241117,3036,2578.39,Credit Card
5484,PAY005484,20260214,3037,8324.56,Credit Card
5485,PAY005485,20260208,3038,350.09,Credit Card
5486,PAY005486,20260306,3038,532.3,SADAD
5487,PAY005487,20240427,3039,20810.17,Credit Card
5488,PAY005488,20250718,3040,2236.57,Credit Card
5489,PAY005489,20250724,3041,1256.76,Bank Transfer
5490,PAY005490,20250823,3041,4908.69,Bank Transfer
5491,PAY005491,20260228,3042,8054.31,SADAD
5492,PAY005492,20260402,3042,18221.06,Bank Transfer
5493,PAY005493,20251231,3043,8424.19,Credit Card
5494,PAY005494,20230804,3044,2183.0,Credit Card
5495,PAY005495,20231101,3045,23810.86,Cash
5496,PAY005496,20251106,3046,3735.87,SADAD
5497,PAY005497,20251206,3046,7798.4,Credit Card
5498,PAY005498,20260413,3047,5293.58,Cash
5499,PAY005499,20241109,3048,1236.17,Cash
5500,PAY005500,20221224,3049,11572.36,Bank Transfer
5501,PAY005501,20250204,3050,2248.73,Bank Transfer
5502,PAY005502,20250304,3050,12205.68,Cash
5503,PAY005503,20221207,3051,1070.7,Bank Transfer
5504,PAY005504,20240418,3052,67078.16,SADAD
5505,PAY005505,20260323,3053,4647.33,Bank Transfer
5506,PAY005506,20260421,3053,10346.38,Credit Card
5507,PAY005507,20250213,3054,15942.23,Credit Card
5508,PAY005508,20251129,3055,1511.48,Credit Card
5509,PAY005509,20251229,3055,154.51,Bank Transfer
5510,PAY005510,20250419,3056,2031.06,Credit Card
5511,PAY005511,20251024,3057,21588.51,Bank Transfer
5512,PAY005512,20240707,3058,1658.55,Bank Transfer
5513,PAY005513,20240811,3058,3438.63,Bank Transfer
5514,PAY005514,20230326,3059,1946.86,Credit Card
5515,PAY005515,20230425,3059,5147.16,Cash
5516,PAY005516,20250430,3060,33884.38,Bank Transfer
5517,PAY005517,20250629,3061,1112.31,Cash
5518,PAY005518,20230608,3062,1067.37,SADAD
5519,PAY005519,20230706,3062,1707.6,SADAD
5520,PAY005520,20241222,3063,1917.51,Credit Card
5521,PAY005521,20230705,3064,4798.26,Bank Transfer
5522,PAY005522,20240511,3065,6905.07,Bank Transfer
5523,PAY005523,20230711,3066,10558.1,Credit Card
5524,PAY005524,20251210,3067,207.65,Credit Card
5525,PAY005525,20260105,3067,579.34,SADAD
5526,PAY005526,20260207,3067,201.43,Bank Transfer
5527,PAY005527,20260308,3067,40.89,Bank Transfer
5528,PAY005528,20230222,3068,2402.53,Credit Card
5529,PAY005529,20230324,3068,789.98,Cash
5530,PAY005530,20230101,3069,1980.3,SADAD
5531,PAY005531,20230129,3069,604.15,Bank Transfer
5532,PAY005532,20241109,3070,1185.7,SADAD
5533,PAY005533,20241208,3070,9913.29,Credit Card
5534,PAY005534,20250107,3070,735.39,SADAD
5535,PAY005535,20250210,3070,621.07,Cash
5536,PAY005536,20240306,3071,1978.12,SADAD
5537,PAY005537,20240402,3071,1081.0,Credit Card
5538,PAY005538,20240501,3071,1176.55,SADAD
5539,PAY005539,20240605,3071,115.89,SADAD
5540,PAY005540,20241223,3072,1193.56,Cash
5541,PAY005541,20250124,3072,3967.73,SADAD
5542,PAY005542,20250220,3072,1737.91,Credit Card
5543,PAY005543,20250322,3072,7117.18,Credit Card
5544,PAY005544,20240925,3073,3658.6,Credit Card
5545,PAY005545,20241028,3073,5194.77,Cash
5546,PAY005546,20241126,3074,849.16,Bank Transfer
5547,PAY005547,20241230,3074,1013.94,SADAD
5548,PAY005548,20221118,3075,5036.9,Credit Card
5549,PAY005549,20251105,3076,6531.37,Bank Transfer
5550,PAY005550,20240226,3077,26246.85,Cash
5551,PAY005551,20241029,3078,3294.02,SADAD
5552,PAY005552,20241129,3078,5630.4,Bank Transfer
5553,PAY005553,20250609,3079,16796.68,Cash
5554,PAY005554,20250707,3079,1518.21,SADAD
5555,PAY005555,20250805,3079,3816.4,Bank Transfer
5556,PAY005556,20250905,3079,669.84,Bank Transfer
5557,PAY005557,20251029,3080,1433.81,Cash
5558,PAY005558,20240324,3081,740.87,SADAD
5559,PAY005559,20240426,3081,2519.04,Bank Transfer
5560,PAY005560,20240523,3081,3737.12,Credit Card
5561,PAY005561,20240623,3081,940.4,Cash
5562,PAY005562,20241202,3082,173.57,Credit Card
5563,PAY005563,20241228,3082,1036.67,SADAD
5564,PAY005564,20250325,3083,1979.72,Credit Card
5565,PAY005565,20250426,3083,5059.63,SADAD
5566,PAY005566,20250524,3083,4805.6,Credit Card
5567,PAY005567,20250621,3083,570.39,Bank Transfer
5568,PAY005568,20260801,3084,2514.35,Cash
5569,PAY005569,20240413,3085,5494.68,Cash
5570,PAY005570,20260521,3086,2472.49,Bank Transfer
5571,PAY005571,20260215,3087,271.43,Credit Card
5572,PAY005572,20260317,3087,7.0,Bank Transfer
5573,PAY005573,20251006,3088,7911.55,Credit Card
5574,PAY005574,20240721,3089,213.96,SADAD
5575,PAY005575,20240820,3089,35.82,Credit Card
5576,PAY005576,20240924,3089,540.83,Bank Transfer
5577,PAY005577,20241022,3089,106.29,Bank Transfer
5578,PAY005578,20250927,3090,8047.1,Cash
5579,PAY005579,20221016,3091,64402.15,Bank Transfer
5580,PAY005580,20221111,3091,27273.66,Bank Transfer
5581,PAY005581,20221214,3091,65333.72,SADAD
5582,PAY005582,20230115,3091,1237.27,Cash
5583,PAY005583,20230218,3092,7894.74,Credit Card
5584,PAY005584,20250929,3093,776.48,Credit Card
5585,PAY005585,20251101,3093,7235.09,Credit Card
5586,PAY005586,20251201,3093,304.36,SADAD
5587,PAY005587,20260102,3093,381.53,Cash
5588,PAY005588,20240625,3094,14568.74,Credit Card
5589,PAY005589,20260727,3095,7459.23,Credit Card
5590,PAY005590,20260824,3095,2392.28,Cash
5591,PAY005591,20250716,3096,16735.99,Bank Transfer
5592,PAY005592,20251106,3097,14043.72,Credit Card
5593,PAY005593,20240421,3098,562.42,SADAD
5594,PAY005594,20240521,3098,291.25,SADAD
5595,PAY005595,20240616,3098,1392.29,Bank Transfer
5596,PAY005596,20240716,3098,315.45,Cash
5597,PAY005597,20240923,3099,1538.79,Cash
5598,PAY005598,20231215,3100,9631.15,Bank Transfer
5599,PAY005599,20240116,3100,3237.12,SADAD
5600,PAY005600,20250105,3101,241.15,Bank Transfer
5601,PAY005601,20250204,3101,2413.56,Cash
5602,PAY005602,20241224,3102,1851.89,Credit Card
5603,PAY005603,20250124,3102,3576.89,SADAD
5604,PAY005604,20250223,3102,5734.7,SADAD
5605,PAY005605,20250326,3102,701.73,SADAD
5606,PAY005606,20250724,3103,10556.25,Cash
5607,PAY005607,20250824,3103,2813.33,Cash
5608,PAY005608,20250926,3103,73.76,Credit Card
5609,PAY005609,20251022,3103,160.25,SADAD
5610,PAY005610,20241018,3104,13952.05,SADAD
5611,PAY005611,20241115,3104,2673.6,Cash
5612,PAY005612,20251127,3105,440.51,Credit Card
5613,PAY005613,20251227,3105,216.19,Bank Transfer
5614,PAY005614,20260127,3105,28.14,SADAD
5615,PAY005615,20260301,3105,23.25,SADAD
5616,PAY005616,20250421,3106,2963.84,Cash
5617,PAY005617,20250521,3106,510.74,SADAD
5618,PAY005618,20250622,3106,824.15,SADAD
5619,PAY005619,20250721,3106,1552.93,Cash
5620,PAY005620,20230122,3107,5692.58,Bank Transfer
5621,PAY005621,20260627,3108,4364.6,Credit Card
5622,PAY005622,20251012,3109,6138.64,Credit Card
5623,PAY005623,20240928,3110,835.9,Credit Card
5624,PAY005624,20240804,3111,18127.86,Cash
5625,PAY005625,20240903,3111,2452.59,Credit Card
5626,PAY005626,20260523,3112,25951.08,SADAD
5627,PAY005627,20260423,3113,5729.19,Bank Transfer
5628,PAY005628,20250612,3114,12351.28,Bank Transfer
5629,PAY005629,20250713,3114,82690.56,SADAD
5630,PAY005630,20250811,3114,15684.08,Cash
5631,PAY005631,20250911,3114,18052.68,SADAD
5632,PAY005632,20260406,3115,8055.0,Credit Card
5633,PAY005633,20230604,3116,2835.04,Cash
5634,PAY005634,20230706,3116,2082.76,SADAD
5635,PAY005635,20240901,3117,33438.18,Credit Card
5636,PAY005636,20260705,3118,28874.06,Bank Transfer
5637,PAY005637,20221217,3119,416.55,SADAD
5638,PAY005638,20230121,3119,232.44,Cash
5639,PAY005639,20230216,3119,125.87,Bank Transfer
5640,PAY005640,20230317,3119,489.25,Bank Transfer
5641,PAY005641,20250703,3120,1658.15,SADAD
5642,PAY005642,20250804,3120,302.4,Credit Card
5643,PAY005643,20240120,3121,39644.21,Credit Card
5644,PAY005644,20230915,3122,6515.99,Cash
5645,PAY005645,20240807,3123,13660.23,Credit Card
5646,PAY005646,20240807,3124,10387.03,Bank Transfer
5647,PAY005647,20260705,3125,2391.77,Credit Card
5648,PAY005648,20250310,3126,6769.11,Cash
5649,PAY005649,20230504,3127,12715.46,SADAD
5650,PAY005650,20250923,3128,58.0,Credit Card
5651,PAY005651,20251023,3128,240.34,Credit Card
5652,PAY005652,20251122,3128,1378.07,Cash
5653,PAY005653,20251222,3128,142.92,Bank Transfer
5654,PAY005654,20241012,3129,63092.02,Cash
5655,PAY005655,20250426,3130,2271.97,SADAD
5656,PAY005656,20250106,3131,11632.7,Cash
5657,PAY005657,20250208,3131,393.61,SADAD
5658,PAY005658,20250403,3132,11004.05,Credit Card
5659,PAY005659,20240928,3133,2368.59,Bank Transfer
5660,PAY005660,20241227,3134,1150.93,Cash
5661,PAY005661,20250129,3134,19615.49,Bank Transfer
5662,PAY005662,20230426,3135,19010.14,Bank Transfer
5663,PAY005663,20221204,3136,13218.04,Cash
5664,PAY005664,20230802,3137,12756.84,Credit Card
5665,PAY005665,20250924,3138,16494.06,Cash
5666,PAY005666,20240322,3139,167.75,Bank Transfer
5667,PAY005667,20240424,3139,5552.3,Bank Transfer
5668,PAY005668,20240519,3139,7338.42,Credit Card
5669,PAY005669,20240620,3139,4181.62,Credit Card
5670,PAY005670,20250328,3140,6351.46,SADAD
5671,PAY005671,20250428,3140,2962.35,Credit Card
5672,PAY005672,20230315,3141,18103.96,SADAD
5673,PAY005673,20230419,3141,909.38,Cash
5674,PAY005674,20230515,3141,4270.42,Cash
5675,PAY005675,20230613,3141,10379.78,SADAD
5676,PAY005676,20241108,3142,2184.68,Credit Card
5677,PAY005677,20240705,3143,389.82,Bank Transfer
5678,PAY005678,20240805,3143,841.35,Bank Transfer
5679,PAY005679,20240905,3143,47.24,SADAD
5680,PAY005680,20241005,3143,353.72,SADAD
5681,PAY005681,20250612,3144,2480.33,Credit Card
5682,PAY005682,20250714,3144,353.9,Credit Card
5683,PAY005683,20250814,3144,331.38,Bank Transfer
5684,PAY005684,20250910,3144,152.37,Credit Card
5685,PAY005685,20250814,3145,192.52,Cash
5686,PAY005686,20250909,3145,311.45,Bank Transfer
5687,PAY005687,20251014,3145,6331.48,Bank Transfer
5688,PAY005688,20251110,3145,2403.26,Credit Card
5689,PAY005689,20260614,3146,29229.88,Cash
5690,PAY005690,20230812,3147,273.98,SADAD
5691,PAY005691,20230914,3147,4614.03,SADAD
5692,PAY005692,20250204,3148,203.7,Cash
5693,PAY005693,20250303,3148,268.96,Cash
5694,PAY005694,20250403,3148,976.84,SADAD
5695,PAY005695,20250505,3148,46.53,SADAD
5696,PAY005696,20250420,3149,1032.01,Credit Card
5697,PAY005697,20250518,3149,2229.79,Credit Card
5698,PAY005698,20221106,3150,489.68,Bank Transfer
5699,PAY005699,20221202,3150,4915.72,Credit Card
5700,PAY005700,20230105,3150,3026.73,SADAD
5701,PAY005701,20230202,3150,447.46,Cash
5702,PAY005702,20251029,3151,8673.23,Bank Transfer
5703,PAY005703,20250329,3152,3743.77,Credit Card
5704,PAY005704,20260105,3153,187.47,Cash
5705,PAY005705,20260205,3153,5004.18,Cash
5706,PAY005706,20240814,3154,5036.52,SADAD
5707,PAY005707,20250702,3155,11921.51,Credit Card
5708,PAY005708,20221103,3156,1335.92,Cash
5709,PAY005709,20221201,3156,5692.2,Cash
5710,PAY005710,20230101,3156,270.85,SADAD
5711,PAY005711,20230128,3156,1459.5,Cash
5712,PAY005712,20251013,3157,18968.86,SADAD
5713,PAY005713,20240527,3158,13125.5,Bank Transfer
5714,PAY005714,20230713,3159,6755.77,Bank Transfer
5715,PAY005715,20240518,3160,7844.19,Credit Card
5716,PAY005716,20230427,3161,5448.1,Bank Transfer
5717,PAY005717,20241009,3162,45566.07,Cash
5718,PAY005718,20241104,3162,30030.68,Cash
5719,PAY005719,20230715,3163,219945.95,Credit Card
5720,PAY005720,20220423,3164,2420.15,Credit Card
5721,PAY005721,20220520,3164,11244.1,Cash
5722,PAY005722,20250515,3165,4711.32,Credit Card
5723,PAY005723,20220611,3166,1758.64,Credit Card
5724,PAY005724,20251209,3167,6107.64,Credit Card
5725,PAY005725,20260108,3167,2007.77,Cash
5726,PAY005726,20250628,3168,3407.56,Cash
5727,PAY005727,20250727,3168,4089.73,Cash
5728,PAY005728,20250611,3169,3432.13,Bank Transfer
5729,PAY005729,20250714,3169,1946.54,SADAD
5730,PAY005730,20230830,3170,6423.53,Credit Card
5731,PAY005731,20250514,3171,5718.01,Cash
5732,PAY005732,20240304,3172,1185.03,Credit Card
5733,PAY005733,20240407,3172,481.09,Credit Card
5734,PAY005734,20240504,3172,2292.42,Bank Transfer
5735,PAY005735,20240605,3172,594.05,SADAD
5736,PAY005736,20220419,3173,7314.67,SADAD
5737,PAY005737,20250627,3174,75.81,Bank Transfer
5738,PAY005738,20250723,3174,7.52,Bank Transfer
5739,PAY005739,20250826,3174,65.46,Bank Transfer
5740,PAY005740,20250921,3174,0.41,Credit Card
5741,PAY005741,20250222,3175,603.38,Bank Transfer
5742,PAY005742,20250321,3175,276.05,Bank Transfer
5743,PAY005743,20250419,3175,180.79,SADAD
5744,PAY005744,20250519,3175,1053.65,Bank Transfer
5745,PAY005745,20230730,3176,8566.07,Bank Transfer
5746,PAY005746,20240315,3177,711.91,Cash
5747,PAY005747,20240417,3177,60.68,Cash
5748,PAY005748,20240516,3177,1022.43,SADAD
5749,PAY005749,20240616,3177,1194.35,SADAD
5750,PAY005750,20230518,3178,911.72,Cash
5751,PAY005751,20230617,3178,4052.67,Cash
5752,PAY005752,20251211,3179,7815.06,SADAD
5753,PAY005753,20251017,3180,230.52,Bank Transfer
5754,PAY005754,20251119,3180,413.0,Bank Transfer
5755,PAY005755,20251219,3180,177.61,SADAD
5756,PAY005756,20260118,3180,341.59,SADAD
5757,PAY005757,20250901,3181,29850.6,Cash
5758,PAY005758,20250131,3182,14438.18,Cash
5759,PAY005759,20250120,3183,2368.4,Credit Card
5760,PAY005760,20230429,3184,16013.31,Cash
5761,PAY005761,20230603,3184,5455.76,Bank Transfer
5762,PAY005762,20230630,3185,1400.89,Bank Transfer
5763,PAY005763,20230725,3185,2412.39,SADAD
5764,PAY005764,20230826,3185,52.3,Credit Card
5765,PAY005765,20230928,3185,29.19,Cash
5766,PAY005766,20240926,3186,1958.94,Bank Transfer
5767,PAY005767,20241024,3187,9716.41,Cash
5768,PAY005768,20240717,3188,6753.8,Bank Transfer
5769,PAY005769,20251220,3189,671.41,Credit Card
5770,PAY005770,20260119,3189,169.33,Credit Card
5771,PAY005771,20240609,3190,41297.09,Bank Transfer
5772,PAY005772,20240706,3190,71634.65,Bank Transfer
5773,PAY005773,20240805,3190,7418.91,SADAD
5774,PAY005774,20240903,3190,147.13,Cash
5775,PAY005775,20250225,3191,224.94,Bank Transfer
5776,PAY005776,20250330,3191,17143.72,SADAD
5777,PAY005777,20250429,3191,5722.6,Credit Card
5778,PAY005778,20250527,3191,14480.59,Credit Card
5779,PAY005779,20250730,3192,3312.62,Cash
5780,PAY005780,20250306,3193,6428.58,Cash
5781,PAY005781,20250613,3194,8497.33,Credit Card
5782,PAY005782,20240228,3195,459.36,Cash
5783,PAY005783,20240327,3195,10092.54,Bank Transfer
5784,PAY005784,20241031,3196,3298.35,Credit Card
5785,PAY005785,20260509,3197,8895.65,SADAD
5786,PAY005786,20260611,3197,8874.41,Cash
5787,PAY005787,20241217,3198,193.16,Cash
5788,PAY005788,20250114,3198,415.55,Cash
5789,PAY005789,20250213,3198,578.56,SADAD
5790,PAY005790,20250319,3198,761.26,Cash
5791,PAY005791,20250503,3199,1779.22,Cash
5792,PAY005792,20251226,3200,7198.35,Bank Transfer
5793,PAY005793,20250218,3201,5422.27,SADAD
5794,PAY005794,20250320,3201,1509.17,Credit Card
5795,PAY005795,20230703,3202,1552.21,Credit Card
5796,PAY005796,20230801,3202,2154.47,Credit Card
5797,PAY005797,20251012,3203,5213.19,Credit Card
5798,PAY005798,20241214,3204,1345.81,Cash
5799,PAY005799,20250113,3204,251.05,SADAD
5800,PAY005800,20250208,3204,3.33,Bank Transfer
5801,PAY005801,20250312,3204,860.88,Bank Transfer
5802,PAY005802,20240401,3205,11351.31,Cash
5803,PAY005803,20230125,3206,6603.22,Bank Transfer
5804,PAY005804,20260629,3207,10971.3,Credit Card
5805,PAY005805,20231216,3208,11051.7,Credit Card
5806,PAY005806,20240528,3209,2088.15,SADAD
5807,PAY005807,20221121,3210,3020.77,Cash
5808,PAY005808,20260506,3211,2823.46,Credit Card
5809,PAY005809,20260113,3212,10771.59,Cash
5810,PAY005810,20250623,3213,192567.81,Cash
5811,PAY005811,20260603,3214,7747.09,Credit Card
5812,PAY005812,20250728,3215,868.97,Bank Transfer
5813,PAY005813,20250828,3215,3999.51,Bank Transfer
5814,PAY005814,20240420,3216,1832.32,Bank Transfer
5815,PAY005815,20260722,3217,3880.66,Bank Transfer
5816,PAY005816,20260822,3217,3542.26,Credit Card
5817,PAY005817,20241110,3218,18771.99,Credit Card
5818,PAY005818,20260708,3219,1306.62,Credit Card
5819,PAY005819,20260807,3219,5456.54,SADAD
5820,PAY005820,20260603,3220,3575.91,Bank Transfer
5821,PAY005821,20251218,3221,4281.67,Cash
5822,PAY005822,20260423,3222,770.07,Credit Card
5823,PAY005823,20260520,3222,394.51,Cash
5824,PAY005824,20260621,3222,792.7,SADAD
5825,PAY005825,20260722,3222,687.65,Credit Card
5826,PAY005826,20230115,3223,4939.22,Credit Card
5827,PAY005827,20230212,3223,2544.14,Cash
5828,PAY005828,20230316,3223,3076.83,SADAD
5829,PAY005829,20230411,3223,4091.46,Bank Transfer
5830,PAY005830,20220616,3224,26787.74,Credit Card
5831,PAY005831,20231213,3225,234.72,Cash
5832,PAY005832,20240109,3225,767.35,Bank Transfer
5833,PAY005833,20221217,3226,1991.78,Credit Card
5834,PAY005834,20230117,3226,593.72,Cash
5835,PAY005835,20260303,3227,3762.03,SADAD
5836,PAY005836,20250817,3228,1066.43,Credit Card
5837,PAY005837,20250916,3228,4354.88,Cash
5838,PAY005838,20230703,3229,8047.86,Credit Card
5839,PAY005839,20230802,3229,1774.43,Bank Transfer
5840,PAY005840,20240825,3230,1706.82,Cash
5841,PAY005841,20240926,3230,115.02,Bank Transfer
5842,PAY005842,20241110,3231,5592.53,Cash
5843,PAY005843,20241211,3231,47.28,Cash
5844,PAY005844,20240818,3232,2891.23,Bank Transfer
5845,PAY005845,20240915,3232,2540.63,SADAD
5846,PAY005846,20241020,3232,5744.0,Cash
5847,PAY005847,20241117,3232,1865.39,Credit Card
5848,PAY005848,20251101,3233,214.94,SADAD
5849,PAY005849,20251130,3233,2204.51,SADAD
5850,PAY005850,20251118,3234,610.04,Bank Transfer
5851,PAY005851,20251216,3234,3097.28,Bank Transfer
5852,PAY005852,20230920,3235,9273.54,Bank Transfer
5853,PAY005853,20230202,3236,5010.26,Cash
5854,PAY005854,20250409,3237,218.19,Credit Card
5855,PAY005855,20250504,3237,2122.7,Bank Transfer
5856,PAY005856,20250603,3237,473.72,SADAD
5857,PAY005857,20250706,3237,1575.75,Credit Card
5858,PAY005858,20250718,3238,2092.46,SADAD
5859,PAY005859,20250816,3238,189.36,Credit Card
5860,PAY005860,20250123,3239,5889.49,Bank Transfer
5861,PAY005861,20250219,3239,900.59,SADAD
5862,PAY005862,20250325,3239,2629.45,Credit Card
5863,PAY005863,20250424,3239,5245.63,Cash
5864,PAY005864,20250525,3240,12683.78,SADAD
5865,PAY005865,20250709,3241,7257.05,Cash
5866,PAY005866,20250902,3242,24128.02,Credit Card
5867,PAY005867,20250409,3243,8449.09,Cash
5868,PAY005868,20250908,3244,8114.94,SADAD
5869,PAY005869,20220729,3245,397.62,Cash
5870,PAY005870,20220828,3245,366.3,Cash
5871,PAY005871,20220928,3245,89.26,Bank Transfer
5872,PAY005872,20221031,3245,67.81,Bank Transfer
5873,PAY005873,20240516,3246,53581.68,Credit Card
5874,PAY005874,20240503,3247,247424.22,Bank Transfer
5875,PAY005875,20240120,3248,160.27,Bank Transfer
5876,PAY005876,20240222,3248,1777.7,Cash
5877,PAY005877,20260112,3249,9478.16,Credit Card
5878,PAY005878,20250130,3250,4148.8,Credit Card
5879,PAY005879,20230928,3251,1915.34,SADAD
5880,PAY005880,20231029,3252,11671.64,SADAD
5881,PAY005881,20230509,3253,19177.14,SADAD
5882,PAY005882,20251117,3254,1087.41,Credit Card
5883,PAY005883,20251218,3254,5561.95,Bank Transfer
5884,PAY005884,20230829,3255,9456.13,Credit Card
5885,PAY005885,20230928,3255,3667.46,Cash
5886,PAY005886,20220620,3256,9779.86,Cash
5887,PAY005887,20220829,3257,3766.68,Credit Card
5888,PAY005888,20220928,3257,4915.72,Cash
5889,PAY005889,20221031,3257,412.55,Bank Transfer
5890,PAY005890,20221128,3257,2485.3,SADAD
5891,PAY005891,20240328,3258,12562.13,Credit Card
5892,PAY005892,20240501,3258,1126.38,Cash
5893,PAY005893,20240531,3258,1043.27,Cash
5894,PAY005894,20240628,3258,3361.41,Bank Transfer
5895,PAY005895,20240307,3259,28.27,Credit Card
5896,PAY005896,20240411,3259,3420.33,Credit Card
5897,PAY005897,20240506,3259,781.84,Cash
5898,PAY005898,20240609,3259,2457.07,SADAD
5899,PAY005899,20240123,3260,6655.32,Credit Card
5900,PAY005900,20240509,3261,3776.47,Bank Transfer
5901,PAY005901,20240609,3261,350.39,SADAD
5902,PAY005902,20240710,3261,1967.78,Bank Transfer
5903,PAY005903,20240807,3261,249.67,SADAD
5904,PAY005904,20241008,3262,4750.07,Credit Card
5905,PAY005905,20230705,3263,1754.67,SADAD
5906,PAY005906,20251001,3264,14241.2,Bank Transfer
5907,PAY005907,20240508,3265,8117.02,SADAD
5908,PAY005908,20220912,3266,27009.13,Cash
5909,PAY005909,20240822,3267,5761.41,Cash
5910,PAY005910,20230119,3268,5546.28,Credit Card
5911,PAY005911,20240429,3269,3976.64,Bank Transfer
5912,PAY005912,20230615,3270,11605.96,Credit Card
5913,PAY005913,20240901,3271,4987.12,SADAD
5914,PAY005914,20241001,3271,3678.99,Cash
5915,PAY005915,20250828,3272,858.38,Credit Card
5916,PAY005916,20250926,3272,727.71,Bank Transfer
5917,PAY005917,20240718,3273,5310.04,Credit Card
5918,PAY005918,20230528,3274,1429.32,Bank Transfer
5919,PAY005919,20230701,3274,12408.19,Cash
5920,PAY005920,20241125,3275,9698.53,Credit Card
5921,PAY005921,20260530,3276,4513.39,SADAD
5922,PAY005922,20260624,3276,6041.29,Cash
5923,PAY005923,20231022,3277,14919.6,Cash
5924,PAY005924,20260106,3278,31867.53,SADAD
5925,PAY005925,20231012,3279,1795.09,SADAD
5926,PAY005926,20231108,3279,11565.65,SADAD
5927,PAY005927,20241015,3280,856.22,Bank Transfer
5928,PAY005928,20241118,3280,4496.94,Credit Card
5929,PAY005929,20241217,3280,5133.88,Cash
5930,PAY005930,20250112,3280,5760.8,Cash
5931,PAY005931,20240807,3281,9021.14,Bank Transfer
5932,PAY005932,20230108,3282,14843.45,Credit Card
5933,PAY005933,20231208,3283,3771.04,SADAD
5934,PAY005934,20240706,3284,4183.01,Cash
5935,PAY005935,20251213,3285,27987.19,Bank Transfer
5936,PAY005936,20230106,3286,39067.08,Cash
5937,PAY005937,20220909,3287,7620.01,SADAD
5938,PAY005938,20240318,3288,9542.96,Bank Transfer
5939,PAY005939,20260204,3289,2459.89,Cash
5940,PAY005940,20260311,3289,4304.55,Credit Card
5941,PAY005941,20260405,3289,471.06,Credit Card
5942,PAY005942,20260507,3289,1111.89,Credit Card
5943,PAY005943,20240421,3290,1744.75,Cash
5944,PAY005944,20240520,3290,10195.49,Credit Card
5945,PAY005945,20240620,3290,3334.19,SADAD
5946,PAY005946,20240715,3290,22657.67,Cash
5947,PAY005947,20250519,3291,125.53,Credit Card
5948,PAY005948,20250619,3291,1406.83,Cash
5949,PAY005949,20250720,3291,775.27,Bank Transfer
5950,PAY005950,20250816,3291,1819.77,Cash
5951,PAY005951,20240228,3292,3710.17,SADAD
5952,PAY005952,20250628,3293,2182.45,Cash
5953,PAY005953,20241022,3294,25447.16,Cash
5954,PAY005954,20230318,3295,2479.66,SADAD
5955,PAY005955,20230416,3295,4207.56,Credit Card
5956,PAY005956,20241017,3296,5882.23,SADAD
5957,PAY005957,20250427,3297,14463.52,SADAD
5958,PAY005958,20240520,3298,5293.75,Bank Transfer
5959,PAY005959,20240831,3299,2823.2,Credit Card
5960,PAY005960,20251210,3300,1506.37,Credit Card
5961,PAY005961,20260107,3300,1190.15,SADAD
5962,PAY005962,20250328,3301,144368.47,Bank Transfer
5963,PAY005963,20230803,3302,584.33,Bank Transfer
5964,PAY005964,20230902,3302,771.52,Bank Transfer
5965,PAY005965,20260627,3303,2801.18,SADAD
5966,PAY005966,20260726,3303,1397.05,Cash
5967,PAY005967,20230124,3304,1089.92,Credit Card
5968,PAY005968,20230224,3304,4765.71,Credit Card
5969,PAY005969,20221117,3305,11929.98,Credit Card
5970,PAY005970,20221214,3305,65623.97,Bank Transfer
5971,PAY005971,20240728,3306,1918.86,Bank Transfer
5972,PAY005972,20240829,3306,2537.62,Cash
5973,PAY005973,20240930,3306,1350.79,Credit Card
5974,PAY005974,20241026,3306,13055.2,Credit Card
5975,PAY005975,20240919,3307,1120.71,Bank Transfer
5976,PAY005976,20241017,3307,4063.17,Cash
5977,PAY005977,20241118,3307,3991.01,Cash
5978,PAY005978,20241217,3307,3721.05,Cash
5979,PAY005979,20240130,3308,8167.77,Credit Card
5980,PAY005980,20240826,3309,2334.42,Cash
5981,PAY005981,20240927,3309,5812.56,Cash
5982,PAY005982,20240310,3310,21.08,Bank Transfer
5983,PAY005983,20240409,3310,5630.06,SADAD
5984,PAY005984,20231130,3311,1024.98,Cash
5985,PAY005985,20230108,3312,3729.43,Credit Card
5986,PAY005986,20230209,3312,1579.69,Bank Transfer
5987,PAY005987,20230310,3312,1285.42,SADAD
5988,PAY005988,20230411,3312,2935.94,Bank Transfer
5989,PAY005989,20241201,3313,8258.9,Cash
5990,PAY005990,20231016,3314,2192.89,Cash
5991,PAY005991,20231118,3314,5190.57,SADAD
5992,PAY005992,20260713,3315,411.84,Cash
5993,PAY005993,20260814,3315,1584.06,Bank Transfer
5994,PAY005994,20241219,3316,965.71,Credit Card
5995,PAY005995,20241019,3317,8333.92,Cash
5996,PAY005996,20250325,3318,7165.99,Credit Card
5997,PAY005997,20250421,3318,2606.3,Credit Card
5998,PAY005998,20230801,3319,15841.64,Cash
5999,PAY005999,20230902,3319,6640.55,Bank Transfer
6000,PAY006000,20240422,3320,14402.47,Cash
6001,PAY006001,20240703,3321,1538.46,Credit Card
6002,PAY006002,20240802,3321,3142.44,Credit Card
6003,PAY006003,20260406,3322,2444.83,Bank Transfer
6004,PAY006004,20250602,3323,5544.96,Credit Card
6005,PAY006005,20250627,3323,1034.95,SADAD
6006,PAY006006,20220731,3324,5346.67,SADAD
6007,PAY006007,20220826,3324,699.17,SADAD
6008,PAY006008,20220925,3324,13223.74,SADAD
6009,PAY006009,20221025,3324,1081.7,Cash
6010,PAY006010,20250124,3325,13704.7,Credit Card
6011,PAY006011,20250521,3326,7244.46,Cash
6012,PAY006012,20250620,3326,2749.06,SADAD
6013,PAY006013,20250720,3326,59.27,Cash
6014,PAY006014,20250821,3326,4140.41,Cash
6015,PAY006015,20250529,3327,9136.53,SADAD
6016,PAY006016,20250701,3327,758.77,SADAD
6017,PAY006017,20260108,3328,887.18,SADAD
6018,PAY006018,20230921,3329,2622.58,Cash
6019,PAY006019,20230806,3330,807.53,SADAD
6020,PAY006020,20230910,3330,4711.6,Credit Card
6021,PAY006021,20240827,3331,5432.79,Cash
6022,PAY006022,20241011,3332,6223.57,Bank Transfer
6023,PAY006023,20251216,3333,60073.22,Cash
6024,PAY006024,20260630,3334,1792.37,Bank Transfer
6025,PAY006025,20260731,3334,1962.33,SADAD
6026,PAY006026,20240726,3335,15878.13,Credit Card
6027,PAY006027,20260808,3336,3517.29,SADAD
6028,PAY006028,20251129,3337,118.76,Bank Transfer
6029,PAY006029,20251226,3337,3254.51,SADAD
6030,PAY006030,20230814,3338,2144.61,SADAD
6031,PAY006031,20251221,3339,18651.56,Cash
6032,PAY006032,20251102,3340,274.17,Credit Card
6033,PAY006033,20251203,3340,5.36,SADAD
6034,PAY006034,20251231,3340,2281.1,SADAD
6035,PAY006035,20260131,3340,2646.14,SADAD
6036,PAY006036,20250717,3341,6995.62,Credit Card
6037,PAY006037,20250606,3342,8.08,Credit Card
6038,PAY006038,20250707,3342,1357.0,Cash
6039,PAY006039,20250803,3342,101.01,SADAD
6040,PAY006040,20250907,3342,851.67,SADAD
6041,PAY006041,20221016,3343,1380.15,Cash
6042,PAY006042,20240203,3344,103.95,Bank Transfer
6043,PAY006043,20240304,3344,1436.64,SADAD
6044,PAY006044,20240407,3344,1830.37,SADAD
6045,PAY006045,20240505,3344,3512.76,Cash
6046,PAY006046,20240525,3345,72199.92,Bank Transfer
6047,PAY006047,20240624,3346,7606.7,Cash
6048,PAY006048,20240413,3347,1326.35,Bank Transfer
6049,PAY006049,20240515,3347,7170.28,Cash
6050,PAY006050,20260517,3348,64793.34,SADAD
6051,PAY006051,20240429,3349,6638.71,SADAD
6052,PAY006052,20251019,3350,858.52,Credit Card
6053,PAY006053,20240910,3351,20606.99,Cash
6054,PAY006054,20240328,3352,1384.8,Bank Transfer
6055,PAY006055,20240430,3352,107.79,Credit Card
6056,PAY006056,20240527,3352,27.17,SADAD
6057,PAY006057,20240627,3352,786.96,Bank Transfer
6058,PAY006058,20250812,3353,1560.36,Credit Card
6059,PAY006059,20250911,3353,8627.24,Cash
6060,PAY006060,20260116,3354,1987.43,Credit Card
6061,PAY006061,20250323,3355,6617.15,Credit Card
6062,PAY006062,20240830,3356,5241.96,Cash
6063,PAY006063,20260316,3357,65819.57,Credit Card
6064,PAY006064,20260413,3357,6413.24,Credit Card
6065,PAY006065,20250425,3358,25932.12,Cash
6066,PAY006066,20250525,3358,37170.42,Credit Card
6067,PAY006067,20230824,3359,1654.3,Bank Transfer
6068,PAY006068,20240301,3360,1491.07,Credit Card
6069,PAY006069,20240330,3360,450.41,SADAD
6070,PAY006070,20250515,3361,92627.01,Bank Transfer
6071,PAY006071,20260405,3362,501.81,Bank Transfer
6072,PAY006072,20260503,3362,2512.41,Credit Card
6073,PAY006073,20250909,3363,1487.86,Bank Transfer
6074,PAY006074,20251014,3363,1673.97,Bank Transfer
6075,PAY006075,20250209,3364,2382.89,Cash
6076,PAY006076,20240531,3365,2534.37,Credit Card
6077,PAY006077,20240627,3365,2325.2,Bank Transfer
6078,PAY006078,20240330,3366,4865.35,Credit Card
6079,PAY006079,20240428,3366,2707.62,Cash
6080,PAY006080,20240529,3366,1813.51,SADAD
6081,PAY006081,20240630,3366,2798.13,SADAD
6082,PAY006082,20230927,3367,8816.39,Bank Transfer
6083,PAY006083,20250709,3368,8214.71,Bank Transfer
6084,PAY006084,20251001,3369,479.3,Credit Card
6085,PAY006085,20251105,3369,1217.26,Credit Card
6086,PAY006086,20240222,3370,27272.54,Cash
6087,PAY006087,20250821,3371,4947.09,Credit Card
6088,PAY006088,20240112,3372,6186.0,Credit Card
6089,PAY006089,20240207,3373,6166.73,SADAD
6090,PAY006090,20230307,3374,10145.65,Cash
6091,PAY006091,20230406,3374,282.0,SADAD
6092,PAY006092,20230907,3375,1086.74,SADAD
6093,PAY006093,20231009,3375,2732.67,Cash
6094,PAY006094,20240516,3376,1790.09,Cash
6095,PAY006095,20250918,3377,23242.72,Cash
6096,PAY006096,20241205,3378,8109.35,Credit Card
6097,PAY006097,20251203,3379,773.81,SADAD
6098,PAY006098,20260104,3379,5202.79,Credit Card
6099,PAY006099,20260318,3380,133.38,SADAD
6100,PAY006100,20260415,3380,180.01,Cash
6101,PAY006101,20260517,3380,27.67,Credit Card
6102,PAY006102,20260619,3380,702.13,Cash
6103,PAY006103,20221008,3381,20630.26,SADAD
6104,PAY006104,20221105,3381,19713.74,Cash
6105,PAY006105,20221205,3381,5797.83,Bank Transfer
6106,PAY006106,20230103,3381,19016.89,Credit Card
6107,PAY006107,20230114,3382,13651.82,Credit Card
6108,PAY006108,20230215,3382,1004.05,SADAD
6109,PAY006109,20230316,3382,6040.35,Bank Transfer
6110,PAY006110,20230411,3382,145.89,Cash
6111,PAY006111,20241228,3383,57.74,Bank Transfer
6112,PAY006112,20250124,3383,1532.82,SADAD
6113,PAY006113,20250225,3383,16.17,SADAD
6114,PAY006114,20250327,3383,1276.93,Cash
6115,PAY006115,20251107,3384,681.58,Bank Transfer
6116,PAY006116,20251207,3384,3615.99,Cash
6117,PAY006117,20260106,3384,779.54,Cash
6118,PAY006118,20260131,3384,497.59,Credit Card
6119,PAY006119,20240619,3385,19371.54,Cash
6120,PAY006120,20240719,3385,4975.87,SADAD
6121,PAY006121,20240510,3386,8003.07,Bank Transfer
6122,PAY006122,20240614,3386,6984.52,SADAD
6123,PAY006123,20240714,3386,10843.68,Credit Card
6124,PAY006124,20240809,3386,2219.24,SADAD
6125,PAY006125,20250921,3387,184.73,Credit Card
6126,PAY006126,20251017,3387,10449.95,SADAD
6127,PAY006127,20250921,3388,2081.69,Cash
6128,PAY006128,20251018,3388,1572.0,SADAD
6129,PAY006129,20251116,3388,3078.09,Bank Transfer
6130,PAY006130,20251218,3388,864.02,Bank Transfer
6131,PAY006131,20230303,3389,697.99,Credit Card
6132,PAY006132,20230402,3389,2127.11,Cash
6133,PAY006133,20230502,3389,711.54,Bank Transfer
6134,PAY006134,20230603,3389,1180.34,Cash
6135,PAY006135,20231220,3390,4285.93,Cash
6136,PAY006136,20240119,3390,15632.41,Credit Card
6137,PAY006137,20241021,3391,13994.27,Credit Card
6138,PAY006138,20241122,3391,19.21,Bank Transfer
6139,PAY006139,20240722,3392,8939.67,Credit Card
6140,PAY006140,20250323,3393,2249.39,Bank Transfer
6141,PAY006141,20250424,3393,7223.63,SADAD
6142,PAY006142,20250319,3394,18218.78,Cash
6143,PAY006143,20220824,3395,5631.17,SADAD
6144,PAY006144,20220923,3395,4812.34,SADAD
6145,PAY006145,20250412,3396,1360.3,Credit Card
6146,PAY006146,20250512,3396,2517.02,SADAD
6147,PAY006147,20250610,3396,502.47,Cash
6148,PAY006148,20250713,3396,174.16,Cash
6149,PAY006149,20260410,3397,10576.17,SADAD
6150,PAY006150,20250228,3398,71153.79,SADAD
6151,PAY006151,20231205,3399,21296.59,Cash
6152,PAY006152,20260714,3400,1838.33,Bank Transfer
6153,PAY006153,20220520,3401,6262.88,Bank Transfer
6154,PAY006154,20250320,3402,2493.46,SADAD
6155,PAY006155,20250524,3403,1225.62,Bank Transfer
6156,PAY006156,20221206,3404,11349.31,Cash
6157,PAY006157,20220806,3405,7954.55,Credit Card
6158,PAY006158,20231111,3406,2418.49,Bank Transfer
6159,PAY006159,20231211,3406,7861.49,Cash
6160,PAY006160,20240113,3406,3611.73,SADAD
6161,PAY006161,20240210,3406,3225.23,Credit Card
6162,PAY006162,20241005,3407,5738.22,Credit Card
6163,PAY006163,20241106,3407,1233.86,Cash
6164,PAY006164,20250423,3408,649.29,Bank Transfer
6165,PAY006165,20250519,3408,466.03,SADAD
6166,PAY006166,20250619,3408,153.58,SADAD
6167,PAY006167,20250718,3408,1612.03,SADAD
6168,PAY006168,20240215,3409,14600.2,Bank Transfer
6169,PAY006169,20251223,3410,12874.24,Credit Card
6170,PAY006170,20250321,3411,6376.23,Bank Transfer
6171,PAY006171,20250528,3412,7842.45,Bank Transfer
6172,PAY006172,20250626,3412,2598.11,Cash
6173,PAY006173,20240814,3413,1990.05,Credit Card
6174,PAY006174,20240914,3413,12.46,Cash
6175,PAY006175,20240731,3414,3214.35,Bank Transfer
6176,PAY006176,20240829,3414,2584.7,Bank Transfer
6177,PAY006177,20250915,3415,776.95,Credit Card
6178,PAY006178,20251017,3415,3204.89,Credit Card
6179,PAY006179,20240729,3416,9218.33,SADAD
6180,PAY006180,20250719,3417,27344.39,Bank Transfer
6181,PAY006181,20250721,3418,38707.76,Cash
6182,PAY006182,20240409,3419,5966.63,Bank Transfer
6183,PAY006183,20241001,3420,387.51,Cash
6184,PAY006184,20241101,3420,8853.25,Credit Card
6185,PAY006185,20260307,3421,9749.21,Cash
6186,PAY006186,20260405,3421,581.74,Credit Card
6187,PAY006187,20250619,3422,3711.45,SADAD
6188,PAY006188,20250718,3422,1361.14,Bank Transfer
6189,PAY006189,20250817,3422,433.45,Credit Card
6190,PAY006190,20250920,3422,2177.6,Bank Transfer
6191,PAY006191,20250903,3423,18633.73,SADAD
6192,PAY006192,20250807,3424,27965.41,Cash
6193,PAY006193,20250714,3425,2792.39,Credit Card
6194,PAY006194,20250224,3426,634.05,SADAD
6195,PAY006195,20250321,3426,418.5,Credit Card
6196,PAY006196,20250421,3426,1070.25,SADAD
6197,PAY006197,20250524,3426,260.04,Credit Card
6198,PAY006198,20250607,3427,7311.07,Cash
6199,PAY006199,20240811,3428,5354.29,SADAD
6200,PAY006200,20230606,3429,34083.22,Bank Transfer
6201,PAY006201,20230706,3429,3222.43,Credit Card
6202,PAY006202,20240305,3430,312.57,SADAD
6203,PAY006203,20240406,3430,539.29,SADAD
6204,PAY006204,20240506,3430,1713.03,Cash
6205,PAY006205,20240606,3430,1815.22,Bank Transfer
6206,PAY006206,20220807,3431,9836.7,Bank Transfer
6207,PAY006207,20241116,3432,1960.96,Cash
6208,PAY006208,20250506,3433,4494.29,Bank Transfer
6209,PAY006209,20230902,3434,166.29,Credit Card
6210,PAY006210,20231001,3434,9.7,SADAD
6211,PAY006211,20231101,3434,561.29,Cash
6212,PAY006212,20231128,3434,4.61,Credit Card
6213,PAY006213,20240715,3435,5516.15,Bank Transfer
6214,PAY006214,20240810,3435,826.55,Bank Transfer
6215,PAY006215,20260214,3436,9614.72,Bank Transfer
6216,PAY006216,20250301,3437,13492.46,Cash
6217,PAY006217,20220501,3438,19092.63,Bank Transfer
6218,PAY006218,20260131,3439,65322.01,SADAD
6219,PAY006219,20230414,3440,21391.16,Cash
6220,PAY006220,20250218,3441,6491.51,Bank Transfer
6221,PAY006221,20240707,3442,2002.1,Cash
6222,PAY006222,20240208,3443,16037.6,Bank Transfer
6223,PAY006223,20230831,3444,339.94,Bank Transfer
6224,PAY006224,20231001,3444,451.07,Bank Transfer
6225,PAY006225,20231029,3444,3004.95,SADAD
6226,PAY006226,20231128,3444,556.93,Cash
6227,PAY006227,20260527,3445,24976.52,SADAD
6228,PAY006228,20260418,3446,4432.54,Cash
6229,PAY006229,20250608,3447,18884.49,Bank Transfer
6230,PAY006230,20251002,3448,7373.12,Bank Transfer
6231,PAY006231,20260205,3449,2280.51,Bank Transfer
6232,PAY006232,20260304,3449,694.47,SADAD
6233,PAY006233,20260402,3449,8659.98,Bank Transfer
6234,PAY006234,20260505,3449,1308.07,Cash
6235,PAY006235,20230923,3450,129.5,SADAD
6236,PAY006236,20231023,3450,1174.7,Credit Card
6237,PAY006237,20231119,3450,1019.42,SADAD
6238,PAY006238,20231221,3450,134.5,Credit Card
6239,PAY006239,20221217,3451,175.27,Credit Card
6240,PAY006240,20230116,3451,428.84,Cash
6241,PAY006241,20230211,3451,212.24,Bank Transfer
6242,PAY006242,20230316,3451,852.09,Bank Transfer
6243,PAY006243,20260119,3452,5175.68,Bank Transfer
6244,PAY006244,20250605,3453,2196.51,SADAD
6245,PAY006245,20250704,3453,65295.68,SADAD
6246,PAY006246,20230726,3454,8762.74,Credit Card
6247,PAY006247,20250622,3455,29943.24,Cash
6248,PAY006248,20230723,3456,948.79,Cash
6249,PAY006249,20241227,3457,1188.23,SADAD
6250,PAY006250,20250128,3457,3380.57,Cash
6251,PAY006251,20250224,3457,1587.03,Cash
6252,PAY006252,20250326,3457,3610.39,SADAD
6253,PAY006253,20241003,3458,29.4,Credit Card
6254,PAY006254,20241030,3458,538.89,Credit Card
6255,PAY006255,20241202,3458,169.18,Credit Card
6256,PAY006256,20241230,3458,190.77,Cash
6257,PAY006257,20231117,3459,9754.15,Bank Transfer
6258,PAY006258,20230619,3460,3673.2,Cash
6259,PAY006259,20230405,3461,2028.84,Cash
6260,PAY006260,20230507,3461,1736.91,SADAD
6261,PAY006261,20230606,3461,665.21,Credit Card
6262,PAY006262,20230709,3461,186.04,SADAD
6263,PAY006263,20250827,3462,16776.5,SADAD
6264,PAY006264,20251003,3463,494.03,Cash
6265,PAY006265,20251105,3463,3948.87,SADAD
6266,PAY006266,20260108,3464,24030.96,Credit Card
6267,PAY006267,20260120,3465,5300.66,SADAD
6268,PAY006268,20260513,3466,8846.72,Cash
6269,PAY006269,20250125,3467,2033.62,Bank Transfer
6270,PAY006270,20230606,3468,944.21,SADAD
6271,PAY006271,20230708,3468,1979.18,Credit Card
6272,PAY006272,20241017,3469,695.27,Bank Transfer
6273,PAY006273,20241116,3469,193.71,Bank Transfer
6274,PAY006274,20241217,3469,2121.45,Cash
6275,PAY006275,20250117,3469,11.51,Bank Transfer
6276,PAY006276,20250606,3470,1313.83,Cash
6277,PAY006277,20250707,3470,1556.88,SADAD
6278,PAY006278,20250809,3470,278.89,Bank Transfer
6279,PAY006279,20250905,3470,237.2,Bank Transfer
6280,PAY006280,20250626,3471,6552.41,Cash
6281,PAY006281,20241225,3472,5355.54,Credit Card
6282,PAY006282,20260401,3473,21551.39,Credit Card
6283,PAY006283,20260611,3474,11734.33,Cash
6284,PAY006284,20250124,3475,15535.21,Bank Transfer
6285,PAY006285,20251104,3476,1485.89,Bank Transfer
6286,PAY006286,20260513,3477,4774.73,Credit Card
6287,PAY006287,20260423,3478,29449.0,Bank Transfer
6288,PAY006288,20260524,3478,1954.99,Cash
6289,PAY006289,20230309,3479,6693.58,Cash
6290,PAY006290,20230407,3479,4006.44,Bank Transfer
6291,PAY006291,20230507,3479,2015.41,SADAD
6292,PAY006292,20230607,3479,6454.46,SADAD
6293,PAY006293,20251102,3480,10216.54,Bank Transfer
6294,PAY006294,20251204,3480,6610.26,Cash
6295,PAY006295,20250118,3481,10986.56,Cash
6296,PAY006296,20241001,3482,127.05,Credit Card
6297,PAY006297,20241104,3482,292.6,Credit Card
6298,PAY006298,20241116,3483,6893.95,Credit Card
6299,PAY006299,20241215,3483,2346.92,Bank Transfer
6300,PAY006300,20260409,3484,1524.86,SADAD
6301,PAY006301,20260506,3484,3438.7,Cash
6302,PAY006302,20260423,3485,12891.06,Cash
6303,PAY006303,20240719,3486,7432.82,SADAD
6304,PAY006304,20240823,3486,1019.23,SADAD
6305,PAY006305,20250521,3487,255.85,SADAD
6306,PAY006306,20250624,3487,672.57,Credit Card
6307,PAY006307,20250723,3487,91.17,SADAD
6308,PAY006308,20250823,3487,763.52,Cash
6309,PAY006309,20251121,3488,5645.29,SADAD
6310,PAY006310,20220426,3489,6085.73,Cash
6311,PAY006311,20260109,3490,462.3,Bank Transfer
6312,PAY006312,20260209,3490,1290.73,SADAD
6313,PAY006313,20240904,3491,15674.06,Cash
6314,PAY006314,20260412,3492,8268.96,Credit Card
6315,PAY006315,20250321,3493,2231.24,Bank Transfer
6316,PAY006316,20250423,3493,77449.88,Bank Transfer
6317,PAY006317,20240116,3494,20509.92,Credit Card
6318,PAY006318,20240218,3495,1353.5,Credit Card
6319,PAY006319,20240318,3496,4805.03,Credit Card
6320,PAY006320,20250703,3497,524.82,Bank Transfer
6321,PAY006321,20250801,3497,2801.13,Cash
6322,PAY006322,20250830,3497,94.15,Bank Transfer
6323,PAY006323,20251003,3497,113.24,Cash
6324,PAY006324,20250403,3498,5167.68,Bank Transfer
6325,PAY006325,20250430,3498,38148.77,Bank Transfer
6326,PAY006326,20240403,3499,7685.82,Cash
6327,PAY006327,20241210,3500,16822.57,Bank Transfer
6328,PAY006328,20260216,3501,5473.97,Bank Transfer
6329,PAY006329,20260120,3502,2414.03,Cash
6330,PAY006330,20241019,3503,3358.46,Credit Card
6331,PAY006331,20241122,3503,808.72,Credit Card
6332,PAY006332,20241219,3503,115.98,Bank Transfer
6333,PAY006333,20250120,3503,4676.08,SADAD
6334,PAY006334,20240822,3504,6404.38,SADAD
6335,PAY006335,20250226,3505,4755.0,SADAD
6336,PAY006336,20241129,3506,4443.1,Credit Card
6337,PAY006337,20250101,3506,9065.09,SADAD
6338,PAY006338,20250127,3506,66.35,Cash
6339,PAY006339,20250228,3506,1294.29,SADAD
6340,PAY006340,20240905,3507,1606.48,SADAD
6341,PAY006341,20250618,3508,355.94,SADAD
6342,PAY006342,20250720,3508,1042.42,SADAD
6343,PAY006343,20250816,3508,10824.7,Cash
6344,PAY006344,20250916,3508,6581.61,SADAD
6345,PAY006345,20230323,3509,6898.0,Credit Card
6346,PAY006346,20230426,3509,600.71,SADAD
6347,PAY006347,20230523,3509,2509.4,Credit Card
6348,PAY006348,20230622,3509,1536.7,Credit Card
6349,PAY006349,20241204,3510,2516.43,SADAD
6350,PAY006350,20250103,3510,2849.91,Credit Card
6351,PAY006351,20230910,3511,20695.46,SADAD
6352,PAY006352,20231129,3512,2142.38,Cash
6353,PAY006353,20230803,3513,8266.0,Cash
6354,PAY006354,20250815,3514,1973.62,SADAD
6355,PAY006355,20250329,3515,8263.06,Cash
6356,PAY006356,20250427,3515,363.2,Bank Transfer
6357,PAY006357,20260301,3516,6115.64,Cash
6358,PAY006358,20260331,3516,3376.05,SADAD
6359,PAY006359,20260501,3516,8822.62,SADAD
6360,PAY006360,20260602,3516,6216.02,Credit Card
6361,PAY006361,20260326,3517,17.74,Credit Card
6362,PAY006362,20260426,3517,41.02,Credit Card
6363,PAY006363,20260530,3517,639.29,Bank Transfer
6364,PAY006364,20260624,3517,220.59,Bank Transfer
6365,PAY006365,20251201,3518,273.07,Credit Card
6366,PAY006366,20260102,3518,4041.19,Cash
6367,PAY006367,20260204,3518,1150.29,Bank Transfer
6368,PAY006368,20260306,3518,893.84,Bank Transfer
6369,PAY006369,20221022,3519,2311.08,Credit Card
6370,PAY006370,20250514,3520,843.25,Cash
6371,PAY006371,20231004,3521,2955.71,Bank Transfer
6372,PAY006372,20250214,3522,7036.64,Cash
6373,PAY006373,20260611,3523,10151.45,SADAD
6374,PAY006374,20250710,3524,638.31,SADAD
6375,PAY006375,20241124,3525,2732.44,Bank Transfer
6376,PAY006376,20230821,3526,13516.34,SADAD
6377,PAY006377,20230725,3527,651.43,Cash
6378,PAY006378,20230825,3527,1035.62,Cash
6379,PAY006379,20230922,3527,43.83,Credit Card
6380,PAY006380,20231021,3527,311.83,Bank Transfer
6381,PAY006381,20251115,3528,656.8,Cash
6382,PAY006382,20251215,3528,32.15,Credit Card
6383,PAY006383,20260608,3529,2676.37,SADAD
6384,PAY006384,20260607,3530,618.75,Cash
6385,PAY006385,20260706,3530,2119.47,Cash
6386,PAY006386,20260807,3530,978.55,Cash
6387,PAY006387,20251031,3531,662.44,Credit Card
6388,PAY006388,20250726,3532,505.95,Credit Card
6389,PAY006389,20250825,3532,1376.6,Bank Transfer
6390,PAY006390,20250925,3532,4588.11,Credit Card
6391,PAY006391,20251025,3532,592.94,Credit Card
6392,PAY006392,20240816,3533,1132.65,Cash
6393,PAY006393,20240915,3533,1649.39,Credit Card
6394,PAY006394,20241010,3533,1041.2,Cash
6395,PAY006395,20241114,3533,1790.5,SADAD
6396,PAY006396,20260531,3534,2618.17,SADAD
6397,PAY006397,20250523,3535,4392.44,Cash
6398,PAY006398,20221225,3536,10467.33,SADAD
6399,PAY006399,20240815,3537,1953.8,SADAD
6400,PAY006400,20240913,3537,16119.84,Bank Transfer
6401,PAY006401,20241011,3537,1851.03,Bank Transfer
6402,PAY006402,20241115,3537,6243.44,SADAD
6403,PAY006403,20240925,3538,141.78,Credit Card
6404,PAY006404,20241021,3538,72.96,SADAD
6405,PAY006405,20231124,3539,38735.5,Bank Transfer
6406,PAY006406,20241212,3540,2952.33,SADAD
6407,PAY006407,20250108,3540,4291.88,Cash
6408,PAY006408,20250706,3541,18793.18,SADAD
6409,PAY006409,20260615,3542,1218.7,SADAD
6410,PAY006410,20260716,3542,1436.79,SADAD
6411,PAY006411,20260811,3542,914.42,Cash
6412,PAY006412,20260207,3543,5199.95,Bank Transfer
6413,PAY006413,20260107,3544,18930.62,Cash
6414,PAY006414,20230223,3545,301.83,SADAD
6415,PAY006415,20230326,3545,1674.82,SADAD
6416,PAY006416,20230421,3545,82.84,Bank Transfer
6417,PAY006417,20230524,3545,131.38,SADAD
6418,PAY006418,20250207,3546,759.59,Bank Transfer
6419,PAY006419,20250305,3546,5291.98,SADAD
6420,PAY006420,20250403,3546,736.06,Bank Transfer
6421,PAY006421,20250505,3546,2374.22,Cash
6422,PAY006422,20250606,3547,2320.97,Cash
6423,PAY006423,20260213,3548,780.54,Bank Transfer
6424,PAY006424,20260318,3548,68.79,SADAD
6425,PAY006425,20230613,3549,11080.61,Cash
6426,PAY006426,20230709,3549,26438.76,Cash
6427,PAY006427,20240121,3550,18874.44,Credit Card
6428,PAY006428,20251021,3551,21787.37,Bank Transfer
6429,PAY006429,20241024,3552,9871.68,Bank Transfer
6430,PAY006430,20250702,3553,451.63,Cash
6431,PAY006431,20250331,3554,2060.91,Cash
6432,PAY006432,20250129,3555,7535.22,SADAD
6433,PAY006433,20221103,3556,1467.77,Bank Transfer
6434,PAY006434,20221205,3556,3012.22,SADAD
6435,PAY006435,20221231,3556,836.31,Bank Transfer
6436,PAY006436,20230204,3556,692.17,Cash
6437,PAY006437,20241203,3557,2084.2,Cash
6438,PAY006438,20221017,3558,2926.8,Cash
6439,PAY006439,20250821,3559,17895.17,SADAD
6440,PAY006440,20250917,3559,1670.93,Cash
6441,PAY006441,20240527,3560,2889.92,SADAD
6442,PAY006442,20240627,3560,1832.62,Credit Card
6443,PAY006443,20250810,3561,11887.72,Cash
6444,PAY006444,20260508,3562,1175.39,Cash
6445,PAY006445,20260602,3562,295.22,SADAD
6446,PAY006446,20260705,3562,570.1,SADAD
6447,PAY006447,20260804,3562,190.76,Bank Transfer
6448,PAY006448,20240102,3563,2303.81,Cash
6449,PAY006449,20240203,3563,2924.43,Bank Transfer
6450,PAY006450,20250926,3564,1758.15,Cash
6451,PAY006451,20221230,3565,5718.81,Credit Card
6452,PAY006452,20260423,3566,11530.68,Bank Transfer
6453,PAY006453,20250423,3567,1423.92,Credit Card
6454,PAY006454,20250527,3567,824.73,Credit Card
6455,PAY006455,20220318,3568,1629.42,SADAD
6456,PAY006456,20220418,3568,1311.65,Credit Card
6457,PAY006457,20241019,3569,7159.66,Cash
6458,PAY006458,20231205,3570,340.07,Cash
6459,PAY006459,20231231,3570,1200.94,Credit Card
6460,PAY006460,20240131,3570,2983.38,Bank Transfer
6461,PAY006461,20240301,3570,20542.56,SADAD
6462,PAY006462,20260320,3571,596.67,SADAD
6463,PAY006463,20260416,3571,4919.72,Cash
6464,PAY006464,20250813,3572,8620.97,Cash
6465,PAY006465,20250910,3572,3191.01,SADAD
6466,PAY006466,20260506,3573,8533.03,Credit Card
6467,PAY006467,20251115,3574,329.19,Cash
6468,PAY006468,20251217,3574,69546.1,Bank Transfer
6469,PAY006469,20240501,3575,21482.99,Bank Transfer
6470,PAY006470,20221220,3576,23169.99,SADAD
6471,PAY006471,20230116,3576,52945.54,Credit Card
6472,PAY006472,20221115,3577,7222.6,Cash
6473,PAY006473,20260621,3578,11858.14,SADAD
6474,PAY006474,20250518,3579,64015.94,Cash
6475,PAY006475,20260407,3580,1704.66,Cash
6476,PAY006476,20230531,3581,1016.38,Credit Card
6477,PAY006477,20250917,3582,4648.66,Credit Card
6478,PAY006478,20251021,3582,5697.3,Credit Card
6479,PAY006479,20250322,3583,141.3,Credit Card
6480,PAY006480,20250706,3584,707.3,Credit Card
6481,PAY006481,20250805,3584,46.9,SADAD
6482,PAY006482,20250403,3585,6071.86,SADAD
6483,PAY006483,20250512,3586,21663.82,Credit Card
6484,PAY006484,20250627,3587,1828.88,Cash
6485,PAY006485,20250726,3587,457.26,Bank Transfer
6486,PAY006486,20250823,3587,2093.74,Cash
6487,PAY006487,20250920,3587,1212.9,Bank Transfer
6488,PAY006488,20230421,3588,1167.03,Bank Transfer
6489,PAY006489,20230523,3588,4.18,SADAD
6490,PAY006490,20230622,3588,3952.72,Credit Card
6491,PAY006491,20230722,3588,6725.11,Credit Card
6492,PAY006492,20250804,3589,26432.67,Credit Card
6493,PAY006493,20250906,3590,181.67,Bank Transfer
6494,PAY006494,20251006,3590,2956.86,SADAD
6495,PAY006495,20250224,3591,2031.83,Cash
6496,PAY006496,20250324,3591,320.92,Cash
6497,PAY006497,20250423,3591,538.84,Credit Card
6498,PAY006498,20250523,3591,1224.34,Bank Transfer
6499,PAY006499,20250404,3592,1190.57,SADAD
6500,PAY006500,20250504,3592,5223.42,Credit Card
6501,PAY006501,20220430,3593,1607.42,SADAD
6502,PAY006502,20251027,3594,2366.93,Cash
6503,PAY006503,20230921,3595,5817.99,Bank Transfer
6504,PAY006504,20231018,3595,3994.3,Credit Card
6505,PAY006505,20250928,3596,3068.09,Credit Card
6506,PAY006506,20240606,3597,19232.33,SADAD
6507,PAY006507,20250325,3598,5005.3,Credit Card
6508,PAY006508,20230325,3599,2425.97,Credit Card
6509,PAY006509,20230425,3599,11474.63,SADAD
6510,PAY006510,20221029,3600,4771.1,SADAD
6511,PAY006511,20230615,3601,1999.84,Bank Transfer
6512,PAY006512,20240724,3602,115219.23,SADAD
6513,PAY006513,20230814,3603,48799.74,Credit Card
6514,PAY006514,20230911,3603,18768.06,Cash
6515,PAY006515,20250514,3604,3062.14,SADAD
6516,PAY006516,20260614,3605,5963.38,Cash
6517,PAY006517,20230119,3606,743.38,Bank Transfer
6518,PAY006518,20230218,3606,743.62,Cash
6519,PAY006519,20230323,3606,649.24,Credit Card
6520,PAY006520,20230421,3606,283.94,Credit Card
6521,PAY006521,20260219,3607,2963.26,Credit Card
6522,PAY006522,20260321,3607,3106.09,Cash
6523,PAY006523,20220310,3608,1898.62,Cash
6524,PAY006524,20250812,3609,11059.51,Bank Transfer
6525,PAY006525,20230315,3610,29156.34,Cash
6526,PAY006526,20231129,3611,3471.2,Cash
6527,PAY006527,20260525,3612,1531.19,Cash
6528,PAY006528,20221201,3613,984.6,Bank Transfer
6529,PAY006529,20221231,3613,851.45,SADAD
6530,PAY006530,20230201,3613,2701.2,Cash
6531,PAY006531,20230228,3613,583.09,SADAD
6532,PAY006532,20250725,3614,4925.1,Cash
6533,PAY006533,20240421,3615,911.28,SADAD
6534,PAY006534,20251011,3616,784.68,Cash
6535,PAY006535,20250108,3617,1787.99,Cash
6536,PAY006536,20250207,3617,660.47,SADAD
6537,PAY006537,20250420,3618,2425.68,Cash
6538,PAY006538,20240316,3619,116742.57,Cash
6539,PAY006539,20240902,3620,625.41,Cash
6540,PAY006540,20241005,3620,1328.42,Bank Transfer
6541,PAY006541,20241121,3621,444.26,Bank Transfer
6542,PAY006542,20241220,3621,403.31,Cash
6543,PAY006543,20250119,3621,977.16,Cash
6544,PAY006544,20250223,3621,1017.4,Cash
6545,PAY006545,20260223,3622,7224.54,Bank Transfer
6546,PAY006546,20260326,3622,1108.51,Cash
6547,PAY006547,20221206,3623,139.61,Cash
6548,PAY006548,20230107,3623,2072.34,Bank Transfer
6549,PAY006549,20230203,3623,595.19,Credit Card
6550,PAY006550,20230307,3623,4434.77,Credit Card
6551,PAY006551,20240805,3624,8525.4,SADAD
6552,PAY006552,20230309,3625,3186.56,Bank Transfer
6553,PAY006553,20230408,3625,872.93,Credit Card
6554,PAY006554,20260511,3626,1445.57,Cash
6555,PAY006555,20240415,3627,3837.0,Cash
6556,PAY006556,20250610,3628,3718.34,Credit Card
6557,PAY006557,20240322,3629,5714.66,SADAD
6558,PAY006558,20260205,3630,5205.05,Bank Transfer
6559,PAY006559,20260309,3630,4845.11,Cash
6560,PAY006560,20260403,3630,5158.49,Bank Transfer
6561,PAY006561,20260505,3630,2489.02,SADAD
6562,PAY006562,20250820,3631,24273.33,SADAD
6563,PAY006563,20221019,3632,3610.95,SADAD
6564,PAY006564,20221121,3632,3229.87,SADAD
6565,PAY006565,20250407,3633,2758.35,SADAD
6566,PAY006566,20250506,3633,605.71,SADAD
6567,PAY006567,20250604,3633,3935.75,Cash
6568,PAY006568,20250708,3633,1428.1,Cash
6569,PAY006569,20251211,3634,4020.98,Bank Transfer
6570,PAY006570,20260415,3635,1808.03,Cash
6571,PAY006571,20231116,3636,5178.95,Bank Transfer
6572,PAY006572,20240210,3637,22728.1,SADAD
6573,PAY006573,20240310,3637,19384.83,Bank Transfer
6574,PAY006574,20230904,3638,1346.59,Credit Card
6575,PAY006575,20250603,3639,1454.69,Bank Transfer
6576,PAY006576,20250703,3639,2624.23,Bank Transfer
6577,PAY006577,20250731,3639,2136.96,Bank Transfer
6578,PAY006578,20250828,3639,790.79,SADAD
6579,PAY006579,20240516,3640,3703.1,SADAD
6580,PAY006580,20240704,3641,2394.3,SADAD
6581,PAY006581,20240730,3641,158.8,Credit Card
6582,PAY006582,20240902,3641,22980.87,Credit Card
6583,PAY006583,20240927,3641,1336.83,Cash
6584,PAY006584,20250325,3642,18586.87,SADAD
6585,PAY006585,20250420,3642,10091.33,SADAD
6586,PAY006586,20250520,3642,2117.86,Cash
6587,PAY006587,20250622,3642,6649.94,Bank Transfer
6588,PAY006588,20250215,3643,3976.18,SADAD
6589,PAY006589,20250318,3643,1936.0,Cash
6590,PAY006590,20240829,3644,157.25,Credit Card
6591,PAY006591,20241001,3644,609.53,SADAD
6592,PAY006592,20241029,3644,234.5,Cash
6593,PAY006593,20241202,3644,233.68,Credit Card
6594,PAY006594,20240918,3645,483.66,Cash
6595,PAY006595,20241016,3645,374.7,SADAD
6596,PAY006596,20241112,3645,1446.76,Credit Card
6597,PAY006597,20241216,3645,5478.5,Credit Card
6598,PAY006598,20250322,3646,17406.06,Credit Card
6599,PAY006599,20220818,3647,33011.36,SADAD
6600,PAY006600,20260131,3648,2431.37,Credit Card
6601,PAY006601,20260228,3648,6911.88,SADAD
6602,PAY006602,20230305,3649,7865.1,Bank Transfer
6603,PAY006603,20231031,3650,2777.12,Cash
6604,PAY006604,20260727,3651,2034.25,Credit Card
6605,PAY006605,20260824,3651,599.0,Cash
6606,PAY006606,20240609,3652,1117.84,Cash
6607,PAY006607,20260819,3653,137914.71,Credit Card
6608,PAY006608,20220916,3654,5078.35,Bank Transfer
6609,PAY006609,20221013,3654,5469.66,Bank Transfer
6610,PAY006610,20221112,3654,1278.86,SADAD
6611,PAY006611,20221215,3654,3467.11,SADAD
6612,PAY006612,20240610,3655,9848.67,Cash
6613,PAY006613,20231103,3656,2038.05,Bank Transfer
6614,PAY006614,20260206,3657,1295.02,Cash
6615,PAY006615,20230607,3658,15624.4,Bank Transfer
6616,PAY006616,20230904,3659,2382.64,Cash
6617,PAY006617,20250929,3660,1554.33,Cash
6618,PAY006618,20241208,3661,3276.0,Cash
6619,PAY006619,20250102,3661,735.56,SADAD
6620,PAY006620,20220210,3662,1159.39,Cash
6621,PAY006621,20220314,3662,1309.58,Cash
6622,PAY006622,20220411,3662,1139.14,Cash
6623,PAY006623,20220511,3662,523.12,SADAD
6624,PAY006624,20240305,3663,8440.39,Cash
6625,PAY006625,20260111,3664,46995.53,Credit Card
6626,PAY006626,20260324,3665,175.63,Bank Transfer
6627,PAY006627,20260425,3665,79.71,SADAD
6628,PAY006628,20260524,3665,598.93,Bank Transfer
6629,PAY006629,20260621,3665,841.69,Bank Transfer
6630,PAY006630,20220527,3666,3159.57,Credit Card
6631,PAY006631,20220625,3666,3074.06,SADAD
6632,PAY006632,20220723,3666,269.49,SADAD
6633,PAY006633,20220824,3666,637.48,SADAD
6634,PAY006634,20240626,3667,4459.23,Cash
6635,PAY006635,20240725,3667,1827.84,Bank Transfer
6636,PAY006636,20251216,3668,8947.24,Credit Card
6637,PAY006637,20230909,3669,3038.42,SADAD
6638,PAY006638,20250304,3670,700.65,Bank Transfer
6639,PAY006639,20260626,3671,8421.01,SADAD
6640,PAY006640,20260725,3671,1402.65,Cash
6641,PAY006641,20240505,3672,1597.89,SADAD
6642,PAY006642,20250920,3673,161.44,Bank Transfer
6643,PAY006643,20251020,3673,2035.57,SADAD
6644,PAY006644,20251119,3673,480.75,SADAD
6645,PAY006645,20251221,3673,351.52,Credit Card
6646,PAY006646,20250416,3674,696.47,Cash
6647,PAY006647,20250515,3674,1696.56,SADAD
6648,PAY006648,20250614,3674,648.35,Bank Transfer
6649,PAY006649,20250715,3674,32.9,Credit Card
6650,PAY006650,20250607,3675,5364.25,Credit Card
6651,PAY006651,20220809,3676,67103.05,Bank Transfer
6652,PAY006652,20250107,3677,7.28,Credit Card
6653,PAY006653,20250207,3677,1925.32,Bank Transfer
6654,PAY006654,20260724,3678,1831.08,Credit Card
6655,PAY006655,20260822,3678,143.31,Bank Transfer
6656,PAY006656,20240910,3679,488.07,Credit Card
6657,PAY006657,20241012,3679,207.63,Cash
6658,PAY006658,20241110,3679,326.65,Cash
6659,PAY006659,20241209,3679,647.38,SADAD
6660,PAY006660,20251020,3680,13877.69,Bank Transfer
6661,PAY006661,20231011,3681,13290.12,Credit Card
6662,PAY006662,20220424,3682,1085.34,Credit Card
6663,PAY006663,20220522,3682,99.13,Cash
6664,PAY006664,20250404,3683,4174.21,Bank Transfer
6665,PAY006665,20250508,3683,327.13,Credit Card
6666,PAY006666,20240110,3684,12758.3,Bank Transfer
6667,PAY006667,20240211,3684,9884.01,Credit Card
6668,PAY006668,20250819,3685,6537.49,SADAD
6669,PAY006669,20250912,3686,3471.91,Cash
6670,PAY006670,20251010,3686,466.77,Credit Card
6671,PAY006671,20251111,3686,592.84,SADAD
6672,PAY006672,20251209,3686,7904.15,SADAD
6673,PAY006673,20250211,3687,2606.13,Cash
6674,PAY006674,20221009,3688,12028.03,Cash
6675,PAY006675,20260214,3689,2153.05,Cash
6676,PAY006676,20260317,3689,4142.24,Bank Transfer
6677,PAY006677,20260413,3689,1694.06,Credit Card
6678,PAY006678,20260517,3689,3938.02,Credit Card
6679,PAY006679,20241023,3690,1008.64,SADAD
6680,PAY006680,20241122,3690,3277.35,Bank Transfer
6681,PAY006681,20241222,3690,4003.62,SADAD
6682,PAY006682,20250117,3690,2427.89,Bank Transfer
6683,PAY006683,20240406,3691,1050.0,Cash
6684,PAY006684,20250723,3692,54.54,SADAD
6685,PAY006685,20250823,3692,172.85,Bank Transfer
6686,PAY006686,20240322,3693,1982.43,Credit Card
6687,PAY006687,20240418,3693,1721.76,Bank Transfer
6688,PAY006688,20250816,3694,2654.53,Credit Card
6689,PAY006689,20250914,3694,1126.15,SADAD
6690,PAY006690,20251015,3694,157.08,SADAD
6691,PAY006691,20251112,3694,4471.88,Credit Card
6692,PAY006692,20240906,3695,11347.77,Credit Card
6693,PAY006693,20250308,3696,8912.16,Credit Card
6694,PAY006694,20240319,3697,57171.71,Cash
6695,PAY006695,20240531,3698,660.93,SADAD
6696,PAY006696,20240703,3698,912.83,Credit Card
6697,PAY006697,20240802,3698,801.57,Bank Transfer
6698,PAY006698,20240830,3698,892.67,Cash
6699,PAY006699,20240403,3699,9159.59,Credit Card
6700,PAY006700,20260323,3700,15661.32,Credit Card
6701,PAY006701,20260423,3700,12946.58,Credit Card
6702,PAY006702,20250609,3701,1802.69,Bank Transfer
6703,PAY006703,20250706,3701,1218.55,SADAD
6704,PAY006704,20240203,3702,4367.84,SADAD
6705,PAY006705,20240304,3702,199930.97,Cash
6706,PAY006706,20250930,3703,6833.3,Credit Card
6707,PAY006707,20251031,3703,26699.65,Cash
6708,PAY006708,20250815,3704,3920.64,SADAD
6709,PAY006709,20231123,3705,1783.34,Bank Transfer
6710,PAY006710,20231223,3705,26.57,Credit Card
6711,PAY006711,20240120,3705,42.34,Credit Card
6712,PAY006712,20240222,3705,5614.24,Credit Card
6713,PAY006713,20260121,3706,2051.31,Bank Transfer
6714,PAY006714,20260427,3707,1247.95,Bank Transfer
6715,PAY006715,20260524,3707,3346.17,SADAD
6716,PAY006716,20260222,3708,1691.61,Credit Card
6717,PAY006717,20260323,3708,4747.05,SADAD
6718,PAY006718,20250722,3709,777.23,Cash
6719,PAY006719,20250824,3709,73.22,Bank Transfer
6720,PAY006720,20250919,3709,1299.18,SADAD
6721,PAY006721,20251020,3709,281.89,Cash
6722,PAY006722,20240423,3710,11242.05,Credit Card
6723,PAY006723,20241101,3711,4757.99,Cash
6724,PAY006724,20221125,3712,3399.69,Bank Transfer
6725,PAY006725,20241209,3713,6283.42,Credit Card
6726,PAY006726,20250107,3713,6357.45,SADAD
6727,PAY006727,20250203,3713,10199.82,Bank Transfer
6728,PAY006728,20250306,3713,765.44,SADAD
6729,PAY006729,20260331,3714,29997.33,Credit Card
6730,PAY006730,20240914,3715,4581.56,SADAD
6731,PAY006731,20250604,3716,4998.35,Credit Card
6732,PAY006732,20240229,3717,20948.2,Bank Transfer
6733,PAY006733,20240328,3717,13362.39,Credit Card
6734,PAY006734,20260604,3718,24627.25,Bank Transfer
6735,PAY006735,20260708,3718,8857.02,SADAD
6736,PAY006736,20240530,3719,11527.45,Cash
6737,PAY006737,20230816,3720,2726.11,Cash
6738,PAY006738,20260510,3721,3714.6,SADAD
6739,PAY006739,20260609,3721,7416.49,Credit Card
6740,PAY006740,20230515,3722,2043.87,SADAD
6741,PAY006741,20260318,3723,457.03,SADAD
6742,PAY006742,20260421,3723,916.58,SADAD
6743,PAY006743,20260520,3723,1533.08,SADAD
6744,PAY006744,20260619,3723,93.67,Cash
6745,PAY006745,20250802,3724,1931.45,Credit Card
6746,PAY006746,20260323,3725,674.77,SADAD
6747,PAY006747,20260420,3725,3964.76,Bank Transfer
6748,PAY006748,20240215,3726,15432.76,Credit Card
6749,PAY006749,20260318,3727,17852.68,SADAD
6750,PAY006750,20251227,3728,41040.65,Bank Transfer
6751,PAY006751,20260125,3728,10884.84,Cash
6752,PAY006752,20231216,3729,33802.22,Cash
6753,PAY006753,20230811,3730,737.65,Cash
6754,PAY006754,20230910,3730,17.68,SADAD
6755,PAY006755,20231008,3730,3143.13,Bank Transfer
6756,PAY006756,20231110,3730,3139.74,SADAD
6757,PAY006757,20260512,3731,3285.72,SADAD
6758,PAY006758,20260614,3731,2020.3,Credit Card
6759,PAY006759,20260715,3731,5282.27,Cash
6760,PAY006760,20260815,3731,1133.54,Bank Transfer
6761,PAY006761,20230603,3732,39.9,SADAD
6762,PAY006762,20230704,3732,448.49,SADAD
6763,PAY006763,20230731,3732,34.05,Cash
6764,PAY006764,20230901,3732,229.0,SADAD
6765,PAY006765,20260221,3733,4451.36,Credit Card
6766,PAY006766,20260419,3734,25070.23,Credit Card
6767,PAY006767,20260520,3734,3130.82,Cash
6768,PAY006768,20260529,3735,21887.44,Bank Transfer
6769,PAY006769,20260628,3735,3048.99,Bank Transfer
6770,PAY006770,20250517,3736,5246.69,SADAD
6771,PAY006771,20230804,3737,13908.37,SADAD
6772,PAY006772,20230906,3737,326.6,Credit Card
6773,PAY006773,20230911,3738,2350.1,Credit Card
6774,PAY006774,20231011,3738,6905.55,Cash
6775,PAY006775,20250320,3739,2655.46,Cash
6776,PAY006776,20250610,3740,3315.97,Bank Transfer
6777,PAY006777,20250602,3741,2124.31,Bank Transfer
6778,PAY006778,20250702,3741,5605.37,SADAD
6779,PAY006779,20250719,3742,22695.32,Bank Transfer
6780,PAY006780,20250821,3742,1863.81,Cash
6781,PAY006781,20250918,3742,8671.84,Cash
6782,PAY006782,20251019,3742,28585.23,Cash
6783,PAY006783,20240406,3743,22262.68,Credit Card
6784,PAY006784,20230210,3744,1971.36,SADAD
6785,PAY006785,20260803,3745,19484.51,Credit Card
6786,PAY006786,20251118,3746,70375.17,Credit Card
6787,PAY006787,20260318,3747,9.2,Cash
6788,PAY006788,20260417,3747,9.8,SADAD
6789,PAY006789,20260516,3747,777.61,Cash
6790,PAY006790,20260616,3747,279.46,Bank Transfer
6791,PAY006791,20240404,3748,167166.96,Bank Transfer
6792,PAY006792,20240323,3749,6940.62,Bank Transfer
6793,PAY006793,20260313,3750,9291.86,Credit Card
6794,PAY006794,20260414,3750,3684.57,SADAD
6795,PAY006795,20230713,3751,8085.15,SADAD
6796,PAY006796,20250205,3752,4521.97,SADAD
6797,PAY006797,20250303,3752,598.47,Credit Card
6798,PAY006798,20260131,3753,4199.09,Bank Transfer
6799,PAY006799,20260630,3754,13038.92,SADAD
6800,PAY006800,20260801,3754,3751.97,Cash
6801,PAY006801,20260425,3755,77964.33,Bank Transfer
6802,PAY006802,20230420,3756,5404.28,Cash
6803,PAY006803,20230518,3756,40749.98,Bank Transfer
6804,PAY006804,20260131,3757,29333.7,SADAD
6805,PAY006805,20241215,3758,2013.04,Bank Transfer
6806,PAY006806,20250915,3759,3578.83,Bank Transfer
6807,PAY006807,20251015,3759,248.9,Credit Card
6808,PAY006808,20240106,3760,3004.94,Cash
6809,PAY006809,20240203,3760,2752.62,Credit Card
6810,PAY006810,20260702,3761,12440.28,Bank Transfer
6811,PAY006811,20230616,3762,2818.44,Cash
6812,PAY006812,20230721,3762,4875.06,Credit Card
6813,PAY006813,20230816,3762,2712.65,SADAD
6814,PAY006814,20230919,3762,3612.73,Cash
6815,PAY006815,20231221,3763,17212.84,Bank Transfer
6816,PAY006816,20251112,3764,6664.46,Credit Card
6817,PAY006817,20251212,3764,13527.16,Cash
6818,PAY006818,20251027,3765,8739.21,Bank Transfer
6819,PAY006819,20230820,3766,8265.61,Cash
6820,PAY006820,20260419,3767,881.25,Credit Card
6821,PAY006821,20260524,3767,522.92,SADAD
6822,PAY006822,20260621,3767,407.33,Credit Card
6823,PAY006823,20260718,3767,46.9,Bank Transfer
6824,PAY006824,20230418,3768,4999.46,Cash
6825,PAY006825,20250325,3769,1033.3,Cash
6826,PAY006826,20250424,3769,679.64,SADAD
6827,PAY006827,20230422,3770,7574.99,Cash
6828,PAY006828,20260314,3771,10119.91,Bank Transfer
6829,PAY006829,20251201,3772,220613.25,Credit Card
6830,PAY006830,20220707,3773,15297.96,Bank Transfer
6831,PAY006831,20260805,3774,3708.43,Credit Card
6832,PAY006832,20250821,3775,349.18,SADAD
6833,PAY006833,20250917,3775,3353.7,Credit Card
6834,PAY006834,20230225,3776,20075.34,Bank Transfer
6835,PAY006835,20230330,3776,100.78,Credit Card
6836,PAY006836,20230426,3776,6420.86,Credit Card
6837,PAY006837,20230530,3776,10564.72,Bank Transfer
6838,PAY006838,20251212,3777,7518.95,SADAD
6839,PAY006839,20251130,3778,3128.65,Cash
6840,PAY006840,20241115,3779,1797.77,SADAD
6841,PAY006841,20230725,3780,2345.6,Credit Card
6842,PAY006842,20230828,3780,4940.96,Bank Transfer
6843,PAY006843,20240812,3781,23017.6,Cash
6844,PAY006844,20260409,3782,1286.01,Bank Transfer
6845,PAY006845,20260122,3783,265.78,Cash
6846,PAY006846,20260224,3783,43.03,Cash
6847,PAY006847,20230613,3784,10807.85,Bank Transfer
6848,PAY006848,20260820,3785,43.6,Cash
6849,PAY006849,20250603,3786,571.3,Credit Card
6850,PAY006850,20250705,3786,455.76,Bank Transfer
6851,PAY006851,20250805,3786,336.5,Bank Transfer
6852,PAY006852,20250903,3786,139.87,Bank Transfer
6853,PAY006853,20250614,3787,85604.66,SADAD
6854,PAY006854,20250509,3788,2281.28,SADAD
6855,PAY006855,20240419,3789,30626.1,Cash
6856,PAY006856,20230104,3790,2168.06,Cash
6857,PAY006857,20230131,3790,5303.22,Cash
6858,PAY006858,20230303,3790,134.17,SADAD
6859,PAY006859,20230402,3790,5043.83,Bank Transfer
6860,PAY006860,20250612,3791,6271.56,Credit Card
6861,PAY006861,20240922,3792,1648.54,SADAD
6862,PAY006862,20251030,3793,10369.78,Credit Card
6863,PAY006863,20230713,3794,6134.99,Cash
6864,PAY006864,20250905,3795,2080.8,Cash
6865,PAY006865,20260303,3796,1842.51,SADAD
6866,PAY006866,20260401,3796,1835.2,SADAD
6867,PAY006867,20260217,3797,52.97,Bank Transfer
6868,PAY006868,20260318,3797,1971.98,Cash
6869,PAY006869,20240105,3798,2788.16,Bank Transfer
6870,PAY006870,20240203,3798,5873.67,Cash
6871,PAY006871,20250227,3799,5116.9,Bank Transfer
6872,PAY006872,20230812,3800,6018.4,SADAD
6873,PAY006873,20250709,3801,27806.64,Credit Card
6874,PAY006874,20240625,3802,4983.57,SADAD
6875,PAY006875,20250921,3803,158.48,Bank Transfer
6876,PAY006876,20251020,3803,670.21,SADAD
6877,PAY006877,20250807,3804,1349.09,Cash
6878,PAY006878,20250905,3804,830.21,Bank Transfer
6879,PAY006879,20251008,3804,2474.66,Cash
6880,PAY006880,20251108,3804,924.66,Bank Transfer
6881,PAY006881,20260807,3805,2393.75,Credit Card
6882,PAY006882,20260107,3806,27.19,Cash
6883,PAY006883,20260211,3806,2820.02,Bank Transfer
6884,PAY006884,20260312,3806,2992.22,SADAD
6885,PAY006885,20260411,3806,2050.47,Cash
6886,PAY006886,20250620,3807,517.51,Bank Transfer
6887,PAY006887,20250720,3807,906.04,SADAD
6888,PAY006888,20250821,3807,360.03,Bank Transfer
6889,PAY006889,20250918,3807,577.84,Cash
6890,PAY006890,20240116,3808,21856.44,Bank Transfer
6891,PAY006891,20240211,3808,18725.3,Credit Card
6892,PAY006892,20260217,3809,8096.2,Cash
6893,PAY006893,20230621,3810,2367.04,Bank Transfer
6894,PAY006894,20221104,3811,164.78,SADAD
6895,PAY006895,20221208,3811,445.5,SADAD
6896,PAY006896,20230107,3811,1097.22,Bank Transfer
6897,PAY006897,20230203,3811,468.03,Bank Transfer
6898,PAY006898,20221021,3812,232.93,Bank Transfer
6899,PAY006899,20221123,3812,5792.79,Bank Transfer
6900,PAY006900,20250308,3813,76.92,Cash
6901,PAY006901,20250411,3813,306.7,Credit Card
6902,PAY006902,20250511,3813,361.59,Credit Card
6903,PAY006903,20250611,3813,555.48,Cash
6904,PAY006904,20251014,3814,62.83,SADAD
6905,PAY006905,20251111,3814,265.17,SADAD
6906,PAY006906,20251211,3814,359.8,Credit Card
6907,PAY006907,20260111,3814,5.39,Cash
6908,PAY006908,20240306,3815,1355.53,Cash
6909,PAY006909,20240720,3816,1274.91,Bank Transfer
6910,PAY006910,20250413,3817,8880.04,Cash
6911,PAY006911,20230114,3818,169.19,SADAD
6912,PAY006912,20230215,3818,24.7,SADAD
6913,PAY006913,20230317,3818,37.53,Cash
6914,PAY006914,20230415,3818,49.74,SADAD
6915,PAY006915,20241113,3819,7522.69,Credit Card
6916,PAY006916,20241210,3819,1790.55,Credit Card
6917,PAY006917,20250428,3820,1689.87,Cash
6918,PAY006918,20250524,3820,1544.52,Cash
6919,PAY006919,20241106,3821,1004.99,Bank Transfer
6920,PAY006920,20241204,3821,1310.8,Bank Transfer
6921,PAY006921,20250424,3822,747.84,Bank Transfer
6922,PAY006922,20250525,3822,460.83,SADAD
6923,PAY006923,20241128,3823,7629.72,SADAD
6924,PAY006924,20241223,3823,839.55,Cash
6925,PAY006925,20260128,3824,1574.42,Bank Transfer
6926,PAY006926,20250918,3825,1941.72,Credit Card
6927,PAY006927,20230327,3826,13975.61,Credit Card
6928,PAY006928,20230422,3826,11395.51,Cash
6929,PAY006929,20230928,3827,754.64,Credit Card
6930,PAY006930,20251217,3828,12512.02,Cash
6931,PAY006931,20250930,3829,10192.0,Cash
6932,PAY006932,20250614,3830,6428.57,Bank Transfer
6933,PAY006933,20250718,3831,1904.15,SADAD
6934,PAY006934,20260224,3832,7846.49,Bank Transfer
6935,PAY006935,20260325,3832,5110.22,SADAD
6936,PAY006936,20250924,3833,7842.94,Credit Card
6937,PAY006937,20250627,3834,8383.87,SADAD
6938,PAY006938,20220706,3835,5999.76,SADAD
6939,PAY006939,20251231,3836,622.19,Bank Transfer
6940,PAY006940,20260130,3836,1218.75,SADAD
6941,PAY006941,20250506,3837,7122.42,Cash
6942,PAY006942,20250602,3837,378.06,Cash
6943,PAY006943,20250703,3837,1501.39,Bank Transfer
6944,PAY006944,20250802,3837,2946.06,SADAD
6945,PAY006945,20230204,3838,2152.16,SADAD
6946,PAY006946,20230307,3838,4081.28,Credit Card
6947,PAY006947,20230404,3838,106.21,Credit Card
6948,PAY006948,20230509,3838,4554.61,Bank Transfer
6949,PAY006949,20260107,3839,12643.18,Credit Card
6950,PAY006950,20220504,3840,4259.33,Cash
6951,PAY006951,20241013,3841,1293.25,Credit Card
6952,PAY006952,20241015,3842,49709.85,Credit Card
6953,PAY006953,20250427,3843,703.16,Credit Card
6954,PAY006954,20250526,3843,1657.46,Credit Card
6955,PAY006955,20230603,3844,2040.3,Bank Transfer
6956,PAY006956,20230701,3844,21324.26,Cash
6957,PAY006957,20231009,3845,6802.87,Bank Transfer
6958,PAY006958,20260512,3846,25572.08,SADAD
6959,PAY006959,20240207,3847,11473.33,Cash
6960,PAY006960,20260723,3848,11092.15,SADAD
6961,PAY006961,20260821,3848,2345.83,SADAD
6962,PAY006962,20250309,3849,3995.34,Bank Transfer
6963,PAY006963,20250608,3850,5962.57,Cash
6964,PAY006964,20240824,3851,1477.38,SADAD
6965,PAY006965,20240924,3851,12647.53,Cash
6966,PAY006966,20241023,3851,7977.87,Cash
6967,PAY006967,20241124,3851,257.26,Credit Card
6968,PAY006968,20250125,3852,978.5,Bank Transfer
6969,PAY006969,20250224,3852,1479.85,Bank Transfer
6970,PAY006970,20250325,3852,6038.03,SADAD
6971,PAY006971,20250421,3852,2671.25,SADAD
6972,PAY006972,20221114,3853,1292.32,Credit Card
6973,PAY006973,20221209,3853,12045.08,SADAD
6974,PAY006974,20230811,3854,6585.31,Cash
6975,PAY006975,20230906,3854,1322.84,SADAD
6976,PAY006976,20260514,3855,4664.3,Bank Transfer
6977,PAY006977,20250521,3856,36155.05,Credit Card
6978,PAY006978,20251127,3857,45.41,Credit Card
6979,PAY006979,20251224,3857,168078.85,Bank Transfer
6980,PAY006980,20230401,3858,2208.83,Cash
6981,PAY006981,20230506,3858,273.15,Bank Transfer
6982,PAY006982,20231113,3859,3326.79,Bank Transfer
6983,PAY006983,20231214,3859,39714.9,Cash
6984,PAY006984,20240114,3859,2859.08,Bank Transfer
6985,PAY006985,20240214,3859,3884.23,Credit Card
6986,PAY006986,20230131,3860,11109.07,Cash
6987,PAY006987,20250123,3861,24243.4,Bank Transfer
6988,PAY006988,20250221,3861,20688.13,Cash
6989,PAY006989,20250516,3862,14893.83,Bank Transfer
6990,PAY006990,20250618,3862,4251.17,Credit Card
6991,PAY006991,20241205,3863,1799.35,Cash
6992,PAY006992,20250104,3863,1448.36,Cash
6993,PAY006993,20250205,3863,5626.57,SADAD
6994,PAY006994,20250306,3863,15156.55,SADAD
6995,PAY006995,20240521,3864,678.81,Cash
6996,PAY006996,20230226,3865,15443.28,Credit Card
6997,PAY006997,20230329,3865,13290.61,SADAD
6998,PAY006998,20220928,3866,17624.29,Cash
6999,PAY006999,20221029,3866,3979.16,Credit Card
7000,PAY007000,20221130,3866,6593.0,Cash
7001,PAY007001,20221228,3866,4279.92,SADAD
7002,PAY007002,20221120,3867,12906.7,SADAD
7003,PAY007003,20221221,3867,1838.95,Bank Transfer
7004,PAY007004,20230123,3867,1913.81,SADAD
7005,PAY007005,20230218,3867,2324.21,Credit Card
7006,PAY007006,20260221,3868,1439.73,Cash
7007,PAY007007,20250816,3869,22414.5,SADAD
7008,PAY007008,20241126,3870,3524.35,Cash
7009,PAY007009,20241224,3870,82.86,Cash
7010,PAY007010,20250122,3871,3907.42,Credit Card
7011,PAY007011,20250220,3871,36670.66,Bank Transfer
7012,PAY007012,20250322,3871,141089.35,SADAD
7013,PAY007013,20250422,3871,13580.31,SADAD
7014,PAY007014,20260430,3872,54313.98,Bank Transfer
7015,PAY007015,20260527,3872,14245.22,Credit Card
7016,PAY007016,20230318,3873,6319.37,Bank Transfer
7017,PAY007017,20230419,3873,17316.58,Credit Card
7018,PAY007018,20250618,3874,1689.66,Bank Transfer
7019,PAY007019,20250717,3874,21042.61,SADAD
7020,PAY007020,20250820,3874,2727.35,Bank Transfer
7021,PAY007021,20250918,3874,673.0,Cash
7022,PAY007022,20250421,3875,1895.03,SADAD
7023,PAY007023,20250522,3875,440.74,Credit Card
7024,PAY007024,20241021,3876,1390.15,Cash
7025,PAY007025,20241120,3876,2816.68,Cash
7026,PAY007026,20241219,3876,724.4,Bank Transfer
7027,PAY007027,20250117,3876,1354.7,Bank Transfer
7028,PAY007028,20240211,3877,19115.62,Cash
7029,PAY007029,20240312,3877,3900.13,Bank Transfer
7030,PAY007030,20240407,3877,4425.19,SADAD
7031,PAY007031,20240512,3877,842.1,SADAD
7032,PAY007032,20240429,3878,6317.7,Bank Transfer
7033,PAY007033,20250907,3879,856.95,Credit Card
7034,PAY007034,20221101,3880,3689.82,Cash
7035,PAY007035,20230602,3881,57687.28,Bank Transfer
7036,PAY007036,20260524,3882,1047.23,Credit Card
7037,PAY007037,20220606,3883,1311.99,Cash
7038,PAY007038,20250715,3884,8300.45,Credit Card
7039,PAY007039,20231231,3885,57.04,Cash
7040,PAY007040,20240129,3885,60.48,Bank Transfer
7041,PAY007041,20240302,3885,300.01,Cash
7042,PAY007042,20240330,3885,156.43,Bank Transfer
7043,PAY007043,20240712,3886,2377.36,Cash
7044,PAY007044,20240811,3886,15888.59,Cash
7045,PAY007045,20240909,3886,6568.65,Bank Transfer
7046,PAY007046,20241007,3886,8251.24,Cash
7047,PAY007047,20260126,3887,4717.94,Credit Card
7048,PAY007048,20260128,3888,1319.5,SADAD
7049,PAY007049,20260302,3888,1093.88,SADAD
7050,PAY007050,20220322,3889,1045.65,Credit Card
7051,PAY007051,20220423,3889,5141.26,Credit Card
7052,PAY007052,20220522,3889,2098.25,SADAD
7053,PAY007053,20220622,3889,608.34,Cash
7054,PAY007054,20240223,3890,4381.32,SADAD
7055,PAY007055,20250515,3891,4718.64,SADAD
7056,PAY007056,20251126,3892,8181.49,Cash
7057,PAY007057,20250625,3893,1783.66,Cash
7058,PAY007058,20260106,3894,719.12,SADAD
7059,PAY007059,20260131,3894,2847.39,SADAD
7060,PAY007060,20260303,3894,829.07,Bank Transfer
7061,PAY007061,20260404,3894,308.0,Credit Card
7062,PAY007062,20260724,3895,10669.44,Cash
7063,PAY007063,20230522,3896,13905.32,Cash
7064,PAY007064,20230704,3897,5260.13,SADAD
7065,PAY007065,20250806,3898,3847.79,Bank Transfer
7066,PAY007066,20250909,3898,22055.62,Bank Transfer
7067,PAY007067,20221109,3899,5256.15,Cash
7068,PAY007068,20260318,3900,5187.29,SADAD
7069,PAY007069,20250210,3901,1437.16,Bank Transfer
7070,PAY007070,20230317,3902,11104.2,Cash
7071,PAY007071,20230411,3902,15.79,Credit Card
7072,PAY007072,20250813,3903,13133.31,Cash
7073,PAY007073,20221002,3904,1306.09,Bank Transfer
7074,PAY007074,20231130,3905,29307.34,SADAD
7075,PAY007075,20240726,3906,7778.82,Bank Transfer
7076,PAY007076,20250115,3907,14479.21,Credit Card
7077,PAY007077,20231204,3908,1392.19,Cash
7078,PAY007078,20260217,3909,1852.81,Credit Card
7079,PAY007079,20260321,3909,751.02,SADAD
7080,PAY007080,20260421,3909,162.26,Credit Card
7081,PAY007081,20260519,3909,2811.5,Credit Card
7082,PAY007082,20231106,3910,3591.6,SADAD
7083,PAY007083,20250729,3911,6011.2,SADAD
7084,PAY007084,20230417,3912,2425.13,SADAD
7085,PAY007085,20230901,3913,686.34,Bank Transfer
7086,PAY007086,20230930,3913,320.67,SADAD
7087,PAY007087,20231029,3913,2320.46,Bank Transfer
7088,PAY007088,20231126,3913,3408.1,Credit Card
7089,PAY007089,20251125,3914,3196.9,Credit Card
7090,PAY007090,20251225,3914,24.23,Cash
7091,PAY007091,20260122,3914,598.95,Credit Card
7092,PAY007092,20260222,3914,166.17,Bank Transfer
7093,PAY007093,20240609,3915,2378.81,SADAD
7094,PAY007094,20240705,3915,3139.66,SADAD
7095,PAY007095,20250923,3916,469.82,SADAD
7096,PAY007096,20251025,3916,197648.44,Credit Card
7097,PAY007097,20250430,3917,101.63,Bank Transfer
7098,PAY007098,20250528,3917,1271.33,Credit Card
7099,PAY007099,20250625,3917,511.57,Bank Transfer
7100,PAY007100,20250727,3917,888.93,Bank Transfer
7101,PAY007101,20250226,3918,4280.35,Cash
7102,PAY007102,20260420,3919,665.61,SADAD
7103,PAY007103,20260518,3919,244.23,SADAD
7104,PAY007104,20260618,3919,176.3,SADAD
7105,PAY007105,20260714,3919,24.08,Cash
7106,PAY007106,20250330,3920,6438.8,Bank Transfer
7107,PAY007107,20251001,3921,2100.79,SADAD
7108,PAY007108,20240507,3922,3589.39,Bank Transfer
7109,PAY007109,20230610,3923,582.96,Bank Transfer
7110,PAY007110,20230707,3923,668.02,SADAD
7111,PAY007111,20230807,3923,269.19,Credit Card
7112,PAY007112,20230907,3923,1013.33,Cash
7113,PAY007113,20250106,3924,20547.13,Cash
7114,PAY007114,20250205,3924,15848.05,Cash
7115,PAY007115,20250303,3924,4929.61,Credit Card
7116,PAY007116,20250402,3924,19168.36,Bank Transfer
7117,PAY007117,20260310,3925,12016.96,Credit Card
7118,PAY007118,20241216,3926,7343.95,Credit Card
7119,PAY007119,20240508,3927,965.03,Credit Card
7120,PAY007120,20240609,3927,1645.63,SADAD
7121,PAY007121,20250406,3928,7755.81,Cash
7122,PAY007122,20230730,3929,9852.68,Credit Card
7123,PAY007123,20251119,3930,210.09,Credit Card
7124,PAY007124,20250222,3931,24192.63,Bank Transfer
7125,PAY007125,20240525,3932,9305.93,SADAD
7126,PAY007126,20230908,3933,710.22,Cash
7127,PAY007127,20231009,3933,5632.06,Cash
7128,PAY007128,20241226,3934,471.45,Cash
7129,PAY007129,20250122,3934,904.58,Credit Card
7130,PAY007130,20250713,3935,87.08,Cash
7131,PAY007131,20250817,3935,549.96,Credit Card
7132,PAY007132,20250916,3935,508.33,Bank Transfer
7133,PAY007133,20251013,3935,826.79,Bank Transfer
7134,PAY007134,20260116,3936,5236.26,SADAD
7135,PAY007135,20231108,3937,2209.15,Cash
7136,PAY007136,20250827,3938,13297.47,Cash
7137,PAY007137,20251011,3939,6210.41,Bank Transfer
7138,PAY007138,20240910,3940,22501.51,SADAD
7139,PAY007139,20260205,3941,11800.93,Credit Card
7140,PAY007140,20240523,3942,9688.7,Cash
7141,PAY007141,20260304,3943,377.82,Cash
7142,PAY007142,20250714,3944,39493.17,Credit Card
7143,PAY007143,20250916,3945,897.99,Credit Card
7144,PAY007144,20251015,3945,461.56,Credit Card
7145,PAY007145,20251115,3945,14.66,SADAD
7146,PAY007146,20251218,3945,989.87,SADAD
7147,PAY007147,20230722,3946,32168.14,Credit Card
7148,PAY007148,20230816,3946,22507.65,Cash
7149,PAY007149,20231214,3947,20110.95,Bank Transfer
7150,PAY007150,20230510,3948,2279.45,Credit Card
7151,PAY007151,20230315,3949,3745.01,SADAD
7152,PAY007152,20230413,3949,3873.13,Cash
7153,PAY007153,20240514,3950,19948.55,Bank Transfer
7154,PAY007154,20250508,3951,4664.89,Credit Card
7155,PAY007155,20250609,3951,4891.91,Cash
7156,PAY007156,20230222,3952,2435.44,SADAD
7157,PAY007157,20230326,3952,356.68,SADAD
7158,PAY007158,20230422,3952,1485.52,SADAD
7159,PAY007159,20230527,3952,931.25,Credit Card
7160,PAY007160,20250926,3953,4725.86,Bank Transfer
7161,PAY007161,20251025,3953,14235.56,SADAD
7162,PAY007162,20251124,3953,6833.87,Bank Transfer
7163,PAY007163,20251223,3953,307.23,Bank Transfer
7164,PAY007164,20230121,3954,2576.23,SADAD
7165,PAY007165,20230220,3954,440.95,Cash
7166,PAY007166,20230324,3954,2278.6,Bank Transfer
7167,PAY007167,20230420,3954,1080.52,Credit Card
7168,PAY007168,20240118,3955,818.49,SADAD
7169,PAY007169,20240302,3956,8951.74,SADAD
7170,PAY007170,20231208,3957,11396.39,Cash
7171,PAY007171,20231222,3958,1261.36,Bank Transfer
7172,PAY007172,20240116,3958,577.93,Bank Transfer
7173,PAY007173,20240215,3958,3455.6,Bank Transfer
7174,PAY007174,20240320,3958,775.58,Bank Transfer
7175,PAY007175,20230109,3959,3859.05,SADAD
7176,PAY007176,20230209,3959,1513.21,SADAD
7177,PAY007177,20251008,3960,110.98,Credit Card
7178,PAY007178,20251108,3960,132.75,Bank Transfer
7179,PAY007179,20251207,3960,2017.54,Credit Card
7180,PAY007180,20260102,3960,908.04,Bank Transfer
7181,PAY007181,20250105,3961,57216.64,Bank Transfer
7182,PAY007182,20260419,3962,31540.72,Cash
7183,PAY007183,20221014,3963,1594.42,Bank Transfer
7184,PAY007184,20221113,3963,7184.15,Cash
7185,PAY007185,20250623,3964,2431.64,Credit Card
7186,PAY007186,20240819,3965,2046.86,Credit Card
7187,PAY007187,20240311,3966,3214.4,Credit Card
7188,PAY007188,20260425,3967,17581.46,Credit Card
7189,PAY007189,20240805,3968,7225.59,Credit Card
7190,PAY007190,20240902,3968,4963.38,Cash
7191,PAY007191,20240703,3969,5338.05,Cash
7192,PAY007192,20240802,3969,1662.76,Credit Card
7193,PAY007193,20240902,3969,2678.68,Credit Card
7194,PAY007194,20241004,3969,1837.08,SADAD
7195,PAY007195,20260330,3970,27707.79,Bank Transfer
7196,PAY007196,20260427,3970,1005.7,Credit Card
7197,PAY007197,20260506,3971,1946.91,Bank Transfer
7198,PAY007198,20260602,3971,329.69,SADAD
7199,PAY007199,20260713,3972,322.29,Bank Transfer
7200,PAY007200,20260812,3972,625.03,Credit Card
7201,PAY007201,20240803,3973,4107.4,SADAD
7202,PAY007202,20250224,3974,2306.24,Credit Card
7203,PAY007203,20230107,3975,15173.99,Credit Card
7204,PAY007204,20230202,3975,3016.95,Credit Card
7205,PAY007205,20230410,3976,152969.29,Credit Card
7206,PAY007206,20240208,3977,15.49,Credit Card
7207,PAY007207,20240307,3977,1057.22,Cash
7208,PAY007208,20240407,3977,123.05,Credit Card
7209,PAY007209,20240507,3977,37.33,Bank Transfer
7210,PAY007210,20260118,3978,906.01,Bank Transfer
7211,PAY007211,20260215,3978,5939.64,SADAD
7212,PAY007212,20260315,3978,4493.14,SADAD
7213,PAY007213,20260417,3978,1623.61,Bank Transfer
7214,PAY007214,20230723,3979,1266.36,Cash
7215,PAY007215,20240412,3980,9452.18,Credit Card
7216,PAY007216,20260523,3981,3094.47,Cash
7217,PAY007217,20260624,3981,72.65,Bank Transfer
7218,PAY007218,20260724,3981,3858.75,Cash
7219,PAY007219,20260821,3981,611.93,Bank Transfer
7220,PAY007220,20251013,3982,11974.95,SADAD
7221,PAY007221,20251111,3982,8115.81,Bank Transfer
7222,PAY007222,20250919,3983,20885.23,SADAD
7223,PAY007223,20250808,3984,8131.52,SADAD
7224,PAY007224,20251114,3985,23975.6,Bank Transfer
7225,PAY007225,20250625,3986,9241.48,Cash
7226,PAY007226,20240704,3987,3148.13,Cash
7227,PAY007227,20240523,3988,3531.31,Cash
7228,PAY007228,20240623,3988,106126.51,Bank Transfer
7229,PAY007229,20240719,3988,18732.59,Cash
7230,PAY007230,20240820,3988,57177.4,Bank Transfer
7231,PAY007231,20250903,3989,7708.52,Credit Card
7232,PAY007232,20230304,3990,1072.91,Cash
7233,PAY007233,20230402,3990,998.37,SADAD
7234,PAY007234,20250106,3991,16467.91,Cash
7235,PAY007235,20221218,3992,183.53,Credit Card
7236,PAY007236,20230114,3992,66.68,Cash
7237,PAY007237,20230214,3992,1712.01,Cash
7238,PAY007238,20230316,3992,1341.14,Cash
7239,PAY007239,20260106,3993,933.57,Cash
7240,PAY007240,20260208,3993,4324.68,Credit Card
7241,PAY007241,20241104,3994,5561.97,Credit Card
7242,PAY007242,20260311,3995,2077.29,Bank Transfer
7243,PAY007243,20260407,3995,311.77,Bank Transfer
7244,PAY007244,20260811,3996,65608.01,Cash
7245,PAY007245,20260416,3997,7716.13,Cash
7246,PAY007246,20250823,3998,20687.2,Credit Card
7247,PAY007247,20240907,3999,5359.6,Credit Card
7248,PAY007248,20240711,4000,7153.7,Cash
7249,PAY007249,20250308,4001,652.16,Credit Card
7250,PAY007250,20250406,4001,73.32,Cash
7251,PAY007251,20250507,4001,468.58,Credit Card
7252,PAY007252,20250606,4001,477.43,Credit Card
7253,PAY007253,20230821,4002,16649.75,Bank Transfer
7254,PAY007254,20251103,4003,1938.84,Cash
7255,PAY007255,20251201,4003,5533.31,Credit Card
7256,PAY007256,20230503,4004,2494.69,Bank Transfer
7257,PAY007257,20230426,4005,2072.2,SADAD
7258,PAY007258,20240823,4006,625.97,Cash
7259,PAY007259,20240921,4006,2835.25,SADAD
7260,PAY007260,20241022,4006,3200.24,SADAD
7261,PAY007261,20241120,4006,2490.97,Bank Transfer
7262,PAY007262,20231012,4007,49.42,Cash
7263,PAY007263,20231110,4007,738.74,Cash
7264,PAY007264,20231212,4007,101.59,SADAD
7265,PAY007265,20240111,4007,82.69,SADAD
7266,PAY007266,20220719,4008,2433.5,Credit Card
7267,PAY007267,20220821,4008,34337.39,Bank Transfer
7268,PAY007268,20230626,4009,829.78,Bank Transfer
7269,PAY007269,20230726,4009,1679.69,Bank Transfer
7270,PAY007270,20230423,4010,11773.44,Cash
7271,PAY007271,20260312,4011,83.02,Credit Card
7272,PAY007272,20260412,4011,3639.46,SADAD
7273,PAY007273,20260527,4012,3873.91,Credit Card
7274,PAY007274,20260624,4012,375.93,SADAD
7275,PAY007275,20241013,4013,1420.59,SADAD
7276,PAY007276,20241117,4013,589.33,SADAD
7277,PAY007277,20250514,4014,2247.06,Bank Transfer
7278,PAY007278,20250613,4014,50.65,SADAD
7279,PAY007279,20250714,4014,1597.24,Credit Card
7280,PAY007280,20250815,4014,2192.4,Credit Card
7281,PAY007281,20240330,4015,536.37,Bank Transfer
7282,PAY007282,20240501,4015,5446.73,SADAD
7283,PAY007283,20240817,4016,1085.37,Bank Transfer
7284,PAY007284,20240915,4016,6397.41,Credit Card
7285,PAY007285,20231221,4017,1296.47,Cash
7286,PAY007286,20250319,4018,8827.75,Bank Transfer
7287,PAY007287,20250419,4018,1591.86,Cash
7288,PAY007288,20250430,4019,1634.81,Credit Card
7289,PAY007289,20260123,4020,10562.27,Bank Transfer
7290,PAY007290,20240104,4021,9079.72,SADAD
7291,PAY007291,20240823,4022,486.78,Bank Transfer
7292,PAY007292,20240921,4022,56.52,Bank Transfer
7293,PAY007293,20241024,4022,1205.12,Credit Card
7294,PAY007294,20241118,4022,657.66,Cash
7295,PAY007295,20260527,4023,3286.63,SADAD
7296,PAY007296,20260629,4023,30272.01,Credit Card
7297,PAY007297,20260726,4023,61.16,Credit Card
7298,PAY007298,20240817,4024,6333.24,Bank Transfer
7299,PAY007299,20240918,4024,4129.53,Credit Card
7300,PAY007300,20231213,4025,10696.86,Credit Card
7301,PAY007301,20251115,4026,3762.84,Credit Card
7302,PAY007302,20251216,4026,4381.24,SADAD
7303,PAY007303,20250604,4027,1507.07,Bank Transfer
7304,PAY007304,20250702,4027,1219.38,Credit Card
7305,PAY007305,20251114,4028,14421.35,Cash
7306,PAY007306,20260216,4029,4374.56,SADAD
7307,PAY007307,20260320,4029,6344.05,Bank Transfer
7308,PAY007308,20250523,4030,6216.15,Bank Transfer
7309,PAY007309,20250627,4030,1993.51,Bank Transfer
7310,PAY007310,20231110,4031,1278.51,Credit Card
7311,PAY007311,20260607,4032,1832.73,Cash
7312,PAY007312,20260710,4032,596.14,SADAD
7313,PAY007313,20260324,4033,2249.95,Cash
7314,PAY007314,20250420,4034,214611.72,SADAD
7315,PAY007315,20260202,4035,1726.06,SADAD
7316,PAY007316,20260630,4036,10192.8,Bank Transfer
7317,PAY007317,20241209,4037,3689.57,Credit Card
7318,PAY007318,20250308,4038,7227.36,Cash
7319,PAY007319,20250626,4039,158212.55,Credit Card
7320,PAY007320,20241024,4040,1153.95,Cash
7321,PAY007321,20241121,4040,614.38,SADAD
7322,PAY007322,20241220,4040,38.92,Bank Transfer
7323,PAY007323,20250118,4040,399.46,SADAD
7324,PAY007324,20241105,4041,8868.3,Bank Transfer
7325,PAY007325,20250927,4042,1752.1,SADAD
7326,PAY007326,20251031,4042,7301.71,Credit Card
7327,PAY007327,20251125,4042,28625.37,SADAD
7328,PAY007328,20251225,4042,20462.94,SADAD
7329,PAY007329,20240925,4043,58312.68,Bank Transfer
7330,PAY007330,20250822,4044,6250.18,Bank Transfer
7331,PAY007331,20250216,4045,3269.42,SADAD
7332,PAY007332,20240513,4046,216.69,Cash
7333,PAY007333,20240613,4046,1837.72,Cash
7334,PAY007334,20230809,4047,1046.67,Bank Transfer
7335,PAY007335,20230908,4047,854.05,Cash
7336,PAY007336,20221221,4048,8241.64,SADAD
7337,PAY007337,20251004,4049,4.49,Bank Transfer
7338,PAY007338,20251104,4049,37.15,Cash
7339,PAY007339,20251205,4049,32.12,Credit Card
7340,PAY007340,20260105,4049,28.53,Credit Card
7341,PAY007341,20231004,4050,1772.76,Bank Transfer
7342,PAY007342,20231107,4050,225.55,Cash
7343,PAY007343,20251207,4051,6549.04,Credit Card
7344,PAY007344,20250802,4052,74.06,Cash
7345,PAY007345,20250902,4052,16.07,SADAD
7346,PAY007346,20251005,4052,1459.36,SADAD
7347,PAY007347,20251103,4052,163.12,Cash
7348,PAY007348,20251102,4053,6254.13,Bank Transfer
7349,PAY007349,20250126,4054,4056.97,Cash
7350,PAY007350,20250222,4054,1461.52,Credit Card
7351,PAY007351,20260128,4055,9297.62,Credit Card
7352,PAY007352,20240225,4056,8713.75,SADAD
7353,PAY007353,20251228,4057,7386.72,Bank Transfer
7354,PAY007354,20250228,4058,11778.92,Bank Transfer
7355,PAY007355,20230530,4059,9297.35,SADAD
7356,PAY007356,20231005,4060,1732.33,SADAD
7357,PAY007357,20231103,4060,26.36,Cash
7358,PAY007358,20231205,4060,34.64,Bank Transfer
7359,PAY007359,20240104,4060,145.73,Bank Transfer
7360,PAY007360,20250107,4061,1039.28,Bank Transfer
7361,PAY007361,20250206,4061,96.27,Credit Card
7362,PAY007362,20250306,4061,662.54,Bank Transfer
7363,PAY007363,20250405,4061,238.07,SADAD
7364,PAY007364,20251001,4062,7980.53,Bank Transfer
7365,PAY007365,20240727,4063,4812.78,Bank Transfer
7366,PAY007366,20230831,4064,232756.02,Credit Card
7367,PAY007367,20260716,4065,1670.03,SADAD
7368,PAY007368,20260813,4065,588.67,SADAD
7369,PAY007369,20250619,4066,8511.26,SADAD
7370,PAY007370,20260118,4067,6441.99,Credit Card
7371,PAY007371,20230530,4068,870.07,Credit Card
7372,PAY007372,20260307,4069,446.24,Bank Transfer
7373,PAY007373,20260406,4069,123.69,Cash
7374,PAY007374,20240219,4070,24280.85,SADAD
7375,PAY007375,20240316,4070,11652.23,SADAD
7376,PAY007376,20250411,4071,5548.83,SADAD
7377,PAY007377,20221001,4072,8473.82,Bank Transfer
7378,PAY007378,20260605,4073,5584.26,Cash
7379,PAY007379,20240306,4074,5386.7,Bank Transfer
7380,PAY007380,20220701,4075,2588.55,Credit Card
7381,PAY007381,20240302,4076,18478.4,Cash
7382,PAY007382,20251018,4077,1978.75,Bank Transfer
7383,PAY007383,20260126,4078,9695.49,Credit Card
7384,PAY007384,20260808,4079,11282.92,SADAD
7385,PAY007385,20231011,4080,14289.85,SADAD
7386,PAY007386,20240624,4081,6021.76,Bank Transfer
7387,PAY007387,20260425,4082,7139.17,Credit Card
7388,PAY007388,20251129,4083,24371.34,Bank Transfer
7389,PAY007389,20221221,4084,2243.18,Cash
7390,PAY007390,20251031,4085,5167.28,Cash
7391,PAY007391,20251201,4085,2.17,Credit Card
7392,PAY007392,20251230,4085,19573.82,Credit Card
7393,PAY007393,20260202,4085,2079.67,SADAD
7394,PAY007394,20230314,4086,17814.99,Credit Card
7395,PAY007395,20240802,4087,1111.52,SADAD
7396,PAY007396,20240831,4087,160.47,Bank Transfer
7397,PAY007397,20240927,4087,987.2,Credit Card
7398,PAY007398,20241101,4087,40.31,SADAD
7399,PAY007399,20231015,4088,2444.87,Cash
7400,PAY007400,20230511,4089,9349.93,Credit Card
7401,PAY007401,20230606,4089,1642.29,SADAD
7402,PAY007402,20260213,4090,26456.45,Cash
7403,PAY007403,20230130,4091,8146.95,Cash
7404,PAY007404,20230224,4091,1440.32,Cash
7405,PAY007405,20230517,4092,1891.99,Credit Card
7406,PAY007406,20230614,4092,32.98,Bank Transfer
7407,PAY007407,20230715,4092,6743.66,Cash
7408,PAY007408,20230811,4092,2231.68,Credit Card
7409,PAY007409,20231028,4093,7504.82,Credit Card
7410,PAY007410,20231126,4093,2047.76,Bank Transfer
7411,PAY007411,20240511,4094,5484.37,Cash
7412,PAY007412,20240611,4094,18870.41,SADAD
7413,PAY007413,20240621,4095,6200.34,Credit Card
7414,PAY007414,20230511,4096,1833.87,Cash
7415,PAY007415,20230611,4096,345.39,SADAD
7416,PAY007416,20260523,4097,7284.97,Bank Transfer
7417,PAY007417,20260623,4097,155.96,Credit Card
7418,PAY007418,20260720,4097,7837.6,SADAD
7419,PAY007419,20260820,4097,221.75,Cash
7420,PAY007420,20220528,4098,2645.07,Credit Card
7421,PAY007421,20220630,4098,2449.29,Cash
7422,PAY007422,20250429,4099,675.77,Credit Card
7423,PAY007423,20250601,4099,705.68,Cash
7424,PAY007424,20250701,4099,263.94,Cash
7425,PAY007425,20250727,4099,3285.61,Bank Transfer
7426,PAY007426,20230929,4100,12981.02,SADAD
7427,PAY007427,20251112,4101,2108.86,Credit Card
7428,PAY007428,20221125,4102,18712.47,Cash
7429,PAY007429,20221225,4102,810.86,Cash
7430,PAY007430,20230515,4103,2320.58,Cash
7431,PAY007431,20230610,4103,6468.25,SADAD
7432,PAY007432,20250502,4104,21488.64,Cash
7433,PAY007433,20260628,4105,1746.71,Credit Card
7434,PAY007434,20260724,4105,996.08,Cash
7435,PAY007435,20231230,4106,879.4,SADAD
7436,PAY007436,20240131,4106,148.32,SADAD
7437,PAY007437,20240228,4106,1945.64,Credit Card
7438,PAY007438,20240331,4106,1264.36,SADAD
7439,PAY007439,20240213,4107,750.16,Credit Card
7440,PAY007440,20230413,4108,7426.16,SADAD
7441,PAY007441,20230511,4108,102.91,SADAD
7442,PAY007442,20260702,4109,32348.97,Cash
7443,PAY007443,20230421,4110,2520.76,Cash
7444,PAY007444,20230520,4110,4311.6,Credit Card
7445,PAY007445,20251201,4111,374.15,Cash
7446,PAY007446,20251230,4111,412.96,Bank Transfer
7447,PAY007447,20260126,4111,119.06,Bank Transfer
7448,PAY007448,20260224,4111,172.52,SADAD
7449,PAY007449,20240613,4112,4771.66,SADAD
7450,PAY007450,20240710,4112,8588.0,Credit Card
7451,PAY007451,20230702,4113,2550.27,Credit Card
7452,PAY007452,20230731,4113,748.54,SADAD
7453,PAY007453,20230404,4114,6164.87,Cash
7454,PAY007454,20250613,4115,346.14,Bank Transfer
7455,PAY007455,20250715,4115,234.66,SADAD
7456,PAY007456,20250815,4115,136.41,Credit Card
7457,PAY007457,20250911,4115,239.62,Cash
7458,PAY007458,20240303,4116,291.55,Bank Transfer
7459,PAY007459,20240402,4116,2521.95,Bank Transfer
7460,PAY007460,20240502,4116,7525.39,Credit Card
7461,PAY007461,20240606,4116,1631.5,Bank Transfer
7462,PAY007462,20250613,4117,14346.25,SADAD
7463,PAY007463,20240319,4118,2488.91,Cash
7464,PAY007464,20240422,4118,3634.6,Bank Transfer
7465,PAY007465,20240517,4118,2185.82,Bank Transfer
7466,PAY007466,20240616,4118,769.4,Credit Card
7467,PAY007467,20260304,4119,3590.34,Bank Transfer
7468,PAY007468,20250418,4120,6514.52,Credit Card
7469,PAY007469,20250301,4121,17667.51,SADAD
7470,PAY007470,20250401,4121,2803.17,SADAD
7471,PAY007471,20250322,4122,799.13,Cash
7472,PAY007472,20250420,4122,2797.77,Credit Card
7473,PAY007473,20240813,4123,26960.45,Cash
7474,PAY007474,20220709,4124,6498.72,Cash
7475,PAY007475,20251008,4125,4636.52,Cash
7476,PAY007476,20260503,4126,5136.16,Cash
7477,PAY007477,20240414,4127,5227.14,SADAD
7478,PAY007478,20240517,4127,543.29,SADAD
7479,PAY007479,20240613,4127,500.14,SADAD
7480,PAY007480,20240714,4127,846.99,Bank Transfer
7481,PAY007481,20250908,4128,24230.56,Cash
7482,PAY007482,20251013,4129,48465.45,SADAD
7483,PAY007483,20260807,4130,2516.57,Credit Card
7484,PAY007484,20221230,4131,17648.4,Cash
7485,PAY007485,20230129,4131,7994.89,Bank Transfer
7486,PAY007486,20260208,4132,2104.58,Cash
7487,PAY007487,20231218,4133,17769.5,Cash
7488,PAY007488,20230409,4134,6954.12,SADAD
7489,PAY007489,20241006,4135,3712.13,Credit Card
7490,PAY007490,20241105,4135,887.25,Credit Card
7491,PAY007491,20230818,4136,17356.14,Credit Card
7492,PAY007492,20230927,4137,911.41,SADAD
7493,PAY007493,20231027,4137,5215.43,Credit Card
7494,PAY007494,20231126,4137,318.78,Bank Transfer
7495,PAY007495,20231229,4137,1034.24,Bank Transfer
7496,PAY007496,20260619,4138,11092.24,SADAD
7497,PAY007497,20240324,4139,1748.52,Bank Transfer
7498,PAY007498,20240426,4139,672.73,Bank Transfer
7499,PAY007499,20260515,4140,867.44,Bank Transfer
7500,PAY007500,20260609,4140,131.22,Credit Card
7501,PAY007501,20260713,4140,2931.1,SADAD
7502,PAY007502,20260808,4140,741.27,Bank Transfer
7503,PAY007503,20241102,4141,2914.71,Credit Card
7504,PAY007504,20241130,4141,472.65,SADAD
7505,PAY007505,20250103,4141,3273.58,SADAD
7506,PAY007506,20250131,4141,1813.79,Cash
7507,PAY007507,20250114,4142,2041.24,SADAD
7508,PAY007508,20250808,4143,3943.63,Bank Transfer
7509,PAY007509,20250824,4144,11746.23,Cash
7510,PAY007510,20241202,4145,967.73,Bank Transfer
7511,PAY007511,20241230,4145,747.18,SADAD
7512,PAY007512,20250128,4145,2553.7,Credit Card
7513,PAY007513,20250302,4145,278.3,Credit Card
7514,PAY007514,20240109,4146,1231.63,Cash
7515,PAY007515,20240208,4146,296.71,Bank Transfer
7516,PAY007516,20260512,4147,630.37,Bank Transfer
7517,PAY007517,20260611,4147,1885.7,Bank Transfer
7518,PAY007518,20230801,4148,3004.85,Bank Transfer
7519,PAY007519,20250427,4149,1079.13,Bank Transfer
7520,PAY007520,20260510,4150,138.94,Cash
7521,PAY007521,20260607,4150,349.07,Bank Transfer
7522,PAY007522,20260707,4150,55.92,SADAD
7523,PAY007523,20260808,4150,765.77,SADAD
7524,PAY007524,20231014,4151,7388.2,SADAD
7525,PAY007525,20250622,4152,76.13,Credit Card
7526,PAY007526,20250717,4152,9062.02,Cash
7527,PAY007527,20250821,4152,385.03,Credit Card
7528,PAY007528,20250919,4152,1211.37,Bank Transfer
7529,PAY007529,20260516,4153,3439.11,Bank Transfer
7530,PAY007530,20241203,4154,39433.8,SADAD
7531,PAY007531,20260309,4155,4315.24,Credit Card
7532,PAY007532,20260403,4155,760.54,Credit Card
7533,PAY007533,20241119,4156,8807.28,SADAD
7534,PAY007534,20231014,4157,8227.62,SADAD
7535,PAY007535,20231116,4157,1278.58,SADAD
7536,PAY007536,20231213,4157,942.38,SADAD
7537,PAY007537,20240112,4157,2518.09,Credit Card
7538,PAY007538,20230509,4158,11860.84,Credit Card
7539,PAY007539,20230611,4158,1533.5,Bank Transfer
7540,PAY007540,20230711,4158,4677.74,Bank Transfer
7541,PAY007541,20230807,4158,747.33,Credit Card
7542,PAY007542,20260604,4159,6255.72,SADAD
7543,PAY007543,20260703,4159,1674.71,Credit Card
7544,PAY007544,20251120,4160,1296.47,Bank Transfer
7545,PAY007545,20251217,4160,3968.04,Cash
7546,PAY007546,20250307,4161,13.4,Cash
7547,PAY007547,20250409,4161,440.18,Credit Card
7548,PAY007548,20250507,4161,222.97,SADAD
7549,PAY007549,20250607,4161,22.98,Bank Transfer
7550,PAY007550,20240607,4162,5551.87,Cash
7551,PAY007551,20240706,4162,55898.16,Credit Card
7552,PAY007552,20240805,4162,8233.67,Cash
7553,PAY007553,20240907,4162,2330.37,SADAD
7554,PAY007554,20251027,4163,3648.22,Credit Card
7555,PAY007555,20260409,4164,6760.15,Cash
7556,PAY007556,20230817,4165,2659.75,Cash
7557,PAY007557,20230914,4165,3849.51,SADAD
7558,PAY007558,20240607,4166,6048.45,Cash
7559,PAY007559,20250226,4167,1332.25,Credit Card
7560,PAY007560,20250328,4167,1473.62,Cash
7561,PAY007561,20250428,4167,4358.08,SADAD
7562,PAY007562,20250525,4167,1193.78,Bank Transfer
7563,PAY007563,20260301,4168,902.23,Cash
7564,PAY007564,20260330,4168,2359.06,Cash
7565,PAY007565,20260616,4169,7128.5,Cash
7566,PAY007566,20260718,4169,16488.15,SADAD
7567,PAY007567,20231205,4170,2554.25,Credit Card
7568,PAY007568,20240104,4170,1495.82,Cash
7569,PAY007569,20251004,4171,2518.94,SADAD
7570,PAY007570,20251025,4172,4761.84,Bank Transfer
7571,PAY007571,20250527,4173,5025.58,Bank Transfer
7572,PAY007572,20250627,4173,1286.79,Cash
7573,PAY007573,20231021,4174,267.98,Cash
7574,PAY007574,20231117,4174,355.49,Credit Card
7575,PAY007575,20231218,4174,49.93,SADAD
7576,PAY007576,20240121,4174,2364.73,Cash
7577,PAY007577,20230327,4175,15930.87,Cash
7578,PAY007578,20240131,4176,779.79,Bank Transfer
7579,PAY007579,20240226,4176,1849.85,Cash
7580,PAY007580,20230728,4177,11800.99,Credit Card
7581,PAY007581,20251001,4178,1460.57,SADAD
7582,PAY007582,20240201,4179,61983.96,Cash
7583,PAY007583,20250306,4180,19973.13,Bank Transfer
7584,PAY007584,20230323,4181,12547.82,Credit Card
7585,PAY007585,20230918,4182,2000.78,Bank Transfer
7586,PAY007586,20231018,4182,5149.61,Cash
7587,PAY007587,20240907,4183,712.11,Cash
7588,PAY007588,20241007,4183,2525.5,Bank Transfer
7589,PAY007589,20251106,4184,712.79,Credit Card
7590,PAY007590,20251206,4184,2597.27,Bank Transfer
7591,PAY007591,20260107,4184,2770.1,SADAD
7592,PAY007592,20260207,4184,1022.97,SADAD
7593,PAY007593,20230926,4185,24973.34,Bank Transfer
7594,PAY007594,20220722,4186,13307.29,Bank Transfer
7595,PAY007595,20220820,4186,4376.59,Bank Transfer
7596,PAY007596,20220918,4186,5396.78,Bank Transfer
7597,PAY007597,20221020,4186,3694.12,Bank Transfer
7598,PAY007598,20240428,4187,3221.7,Bank Transfer
7599,PAY007599,20240525,4187,729.53,Bank Transfer
7600,PAY007600,20250327,4188,6250.35,Cash
7601,PAY007601,20250425,4188,14287.94,SADAD
7602,PAY007602,20250106,4189,11127.7,Bank Transfer
7603,PAY007603,20240811,4190,2472.6,Cash
7604,PAY007604,20240911,4190,118.59,Credit Card
7605,PAY007605,20260401,4191,16008.19,Bank Transfer
7606,PAY007606,20230802,4192,2247.88,Bank Transfer
7607,PAY007607,20230903,4192,4592.25,Cash
7608,PAY007608,20231003,4192,7324.94,Bank Transfer
7609,PAY007609,20231031,4192,12679.67,Cash
7610,PAY007610,20250511,4193,683.98,Bank Transfer
7611,PAY007611,20250605,4193,992.65,Cash
7612,PAY007612,20240620,4194,5988.15,SADAD
7613,PAY007613,20240718,4194,98.76,Credit Card
7614,PAY007614,20240819,4194,6314.5,Credit Card
7615,PAY007615,20240915,4194,1159.28,SADAD
7616,PAY007616,20251222,4195,16724.36,Credit Card
7617,PAY007617,20251216,4196,7802.19,SADAD
7618,PAY007618,20260114,4196,3376.57,SADAD
7619,PAY007619,20241215,4197,10884.51,Credit Card
7620,PAY007620,20240502,4198,13643.1,Bank Transfer
7621,PAY007621,20240308,4199,1738.57,SADAD
7622,PAY007622,20240406,4199,88.11,Cash
7623,PAY007623,20241021,4200,39791.65,Cash
7624,PAY007624,20250319,4201,1335.41,Cash
7625,PAY007625,20231014,4202,2478.51,SADAD
7626,PAY007626,20231113,4202,523.39,Credit Card
7627,PAY007627,20231208,4202,2904.19,Bank Transfer
7628,PAY007628,20240108,4202,164.09,Bank Transfer
7629,PAY007629,20260529,4203,13122.99,Cash
7630,PAY007630,20260630,4203,2732.23,SADAD
7631,PAY007631,20260809,4204,10359.46,Bank Transfer
7632,PAY007632,20230410,4205,6995.19,Credit Card
7633,PAY007633,20230509,4205,448.3,SADAD
7634,PAY007634,20260312,4206,4565.34,SADAD
7635,PAY007635,20230620,4207,831.67,Bank Transfer
7636,PAY007636,20230724,4207,1262.04,Bank Transfer
7637,PAY007637,20240309,4208,5057.87,Credit Card
7638,PAY007638,20220717,4209,2592.8,Bank Transfer
7639,PAY007639,20241027,4210,1764.16,Credit Card
7640,PAY007640,20241126,4210,3157.21,Cash
7641,PAY007641,20241224,4210,1197.95,SADAD
7642,PAY007642,20250127,4210,948.32,SADAD
7643,PAY007643,20230816,4211,85558.48,SADAD
7644,PAY007644,20250129,4212,4851.69,Credit Card
7645,PAY007645,20240926,4213,22943.03,SADAD
7646,PAY007646,20241027,4213,1645.48,Credit Card
7647,PAY007647,20240520,4214,121.63,Bank Transfer
7648,PAY007648,20240621,4214,111.04,Bank Transfer
7649,PAY007649,20240720,4214,77.81,Cash
7650,PAY007650,20240817,4214,848.6,Cash
7651,PAY007651,20220815,4215,3906.34,Bank Transfer
7652,PAY007652,20220914,4215,5175.98,Credit Card
7653,PAY007653,20221013,4215,82.94,Credit Card
7654,PAY007654,20221113,4215,5186.61,Cash
7655,PAY007655,20241108,4216,27882.12,Cash
7656,PAY007656,20241112,4217,302.55,Bank Transfer
7657,PAY007657,20241212,4217,88.48,Credit Card
7658,PAY007658,20250113,4217,401.09,Cash
7659,PAY007659,20250211,4217,71.85,Bank Transfer
7660,PAY007660,20241226,4218,33497.42,Bank Transfer
7661,PAY007661,20240512,4219,5465.83,SADAD
7662,PAY007662,20240607,4219,5518.08,Bank Transfer
7663,PAY007663,20251204,4220,1988.61,SADAD
7664,PAY007664,20260107,4220,3724.72,Cash
7665,PAY007665,20241012,4221,660.8,Credit Card
7666,PAY007666,20241111,4221,3805.31,SADAD
7667,PAY007667,20241210,4221,2539.85,Cash
7668,PAY007668,20250107,4221,2041.41,Bank Transfer
7669,PAY007669,20260413,4222,152691.59,SADAD
7670,PAY007670,20260516,4222,7527.96,Credit Card
7671,PAY007671,20221019,4223,1736.56,Cash
7672,PAY007672,20221116,4223,20941.15,SADAD
7673,PAY007673,20240719,4224,7616.25,Credit Card
7674,PAY007674,20260505,4225,357.14,Bank Transfer
7675,PAY007675,20260530,4225,709.21,Credit Card
7676,PAY007676,20260703,4225,33.99,Credit Card
7677,PAY007677,20260802,4225,236.94,SADAD
7678,PAY007678,20250118,4226,1913.07,Cash
7679,PAY007679,20250402,4227,17012.49,Cash
7680,PAY007680,20250704,4228,2387.75,Bank Transfer
7681,PAY007681,20241003,4229,1838.4,Cash
7682,PAY007682,20241030,4229,3656.14,Credit Card
7683,PAY007683,20241129,4229,4337.72,Bank Transfer
7684,PAY007684,20241230,4229,6233.02,Credit Card
7685,PAY007685,20260316,4230,129.91,Bank Transfer
7686,PAY007686,20260420,4230,951.92,Credit Card
7687,PAY007687,20260517,4230,4243.68,Credit Card
7688,PAY007688,20260616,4230,632.07,Bank Transfer
7689,PAY007689,20231231,4231,4558.29,SADAD
7690,PAY007690,20250420,4232,1800.46,Cash
7691,PAY007691,20250521,4232,236.62,Bank Transfer
7692,PAY007692,20260721,4233,213.26,Bank Transfer
7693,PAY007693,20260816,4233,2273.75,SADAD
7694,PAY007694,20241011,4234,6726.36,Cash
7695,PAY007695,20241111,4234,7563.13,SADAD
7696,PAY007696,20241210,4234,114.93,Bank Transfer
7697,PAY007697,20250106,4234,1642.98,Credit Card
7698,PAY007698,20240712,4235,1576.69,SADAD
7699,PAY007699,20240807,4235,22708.15,Bank Transfer
7700,PAY007700,20230110,4236,158414.75,Cash
7701,PAY007701,20260320,4237,2497.84,Credit Card
7702,PAY007702,20260422,4237,536.77,SADAD
7703,PAY007703,20260522,4237,952.83,Cash
7704,PAY007704,20260619,4237,519.12,Cash
7705,PAY007705,20231020,4238,4249.81,Cash
7706,PAY007706,20250416,4239,1405.32,Cash
7707,PAY007707,20250513,4239,21341.59,Credit Card
7708,PAY007708,20260601,4240,1046.16,SADAD
7709,PAY007709,20241119,4241,96850.36,Credit Card
7710,PAY007710,20240521,4242,3475.83,Bank Transfer
7711,PAY007711,20220723,4243,13180.54,Cash
7712,PAY007712,20240325,4244,4572.1,SADAD
7713,PAY007713,20240424,4244,2069.36,Bank Transfer
7714,PAY007714,20240506,4245,3772.21,Cash
7715,PAY007715,20240607,4245,2538.22,Credit Card
7716,PAY007716,20220804,4246,4920.51,Cash
7717,PAY007717,20250530,4247,11857.42,Bank Transfer
7718,PAY007718,20241227,4248,2260.79,Cash
7719,PAY007719,20230921,4249,28847.77,Credit Card
7720,PAY007720,20241226,4250,54117.76,Credit Card
7721,PAY007721,20231029,4251,37009.7,Bank Transfer
7722,PAY007722,20240405,4252,3191.28,Bank Transfer
7723,PAY007723,20240502,4252,1202.68,Credit Card
7724,PAY007724,20240608,4253,3834.29,SADAD
7725,PAY007725,20240329,4254,11365.06,Cash
7726,PAY007726,20240427,4254,4492.05,Cash
7727,PAY007727,20250630,4255,7124.72,SADAD
7728,PAY007728,20250121,4256,6690.58,SADAD
7729,PAY007729,20250613,4257,7347.4,Credit Card
7730,PAY007730,20250713,4257,8581.24,Credit Card
7731,PAY007731,20250814,4257,17059.37,Cash
7732,PAY007732,20250912,4257,2908.78,Bank Transfer
7733,PAY007733,20240415,4258,3350.71,Bank Transfer
7734,PAY007734,20240511,4258,269.37,Cash
7735,PAY007735,20260307,4259,527.56,Bank Transfer
7736,PAY007736,20260406,4259,1961.72,SADAD
7737,PAY007737,20250509,4260,2262.89,SADAD
7738,PAY007738,20230301,4261,929.67,Bank Transfer
7739,PAY007739,20230328,4261,544.47,SADAD
7740,PAY007740,20260521,4262,5368.29,SADAD
7741,PAY007741,20240714,4263,161004.8,Credit Card
7742,PAY007742,20250801,4264,2135.4,Bank Transfer
7743,PAY007743,20250309,4265,2434.88,SADAD
7744,PAY007744,20241122,4266,5811.07,SADAD
7745,PAY007745,20241226,4266,22833.18,Credit Card
7746,PAY007746,20220904,4267,21604.88,Credit Card
7747,PAY007747,20221005,4267,3481.35,SADAD
7748,PAY007748,20260303,4268,5548.23,SADAD
7749,PAY007749,20240120,4269,778.62,Cash
7750,PAY007750,20240221,4269,7149.18,SADAD
7751,PAY007751,20240218,4270,4891.21,Bank Transfer
7752,PAY007752,20241227,4271,1819.08,Bank Transfer
7753,PAY007753,20221215,4272,2046.49,SADAD
7754,PAY007754,20250629,4273,13552.9,Bank Transfer
7755,PAY007755,20240703,4274,21984.39,Bank Transfer
7756,PAY007756,20240801,4274,217.64,Bank Transfer
7757,PAY007757,20250914,4275,7928.37,SADAD
7758,PAY007758,20231121,4276,7353.11,SADAD
7759,PAY007759,20250801,4277,11565.66,Cash
7760,PAY007760,20250901,4277,7367.68,Credit Card
7761,PAY007761,20240426,4278,311.31,SADAD
7762,PAY007762,20240524,4278,8988.32,Credit Card
7763,PAY007763,20240628,4278,2682.66,Credit Card
7764,PAY007764,20240723,4278,1604.56,SADAD
7765,PAY007765,20260502,4279,16774.04,Cash
7766,PAY007766,20260604,4279,7280.89,Bank Transfer
7767,PAY007767,20240206,4280,34652.86,SADAD
7768,PAY007768,20240303,4280,7782.0,Credit Card
7769,PAY007769,20240405,4280,72777.7,SADAD
7770,PAY007770,20240506,4280,10783.04,Cash
7771,PAY007771,20231024,4281,10094.0,Cash
7772,PAY007772,20231124,4281,5803.11,SADAD
7773,PAY007773,20250703,4282,21373.95,Cash
7774,PAY007774,20250118,4283,23619.3,SADAD
7775,PAY007775,20251102,4284,16.19,Bank Transfer
7776,PAY007776,20251202,4284,938.62,Cash
7777,PAY007777,20221209,4285,4498.33,Credit Card
7778,PAY007778,20250215,4286,20284.87,Cash
7779,PAY007779,20250427,4287,2315.43,SADAD
7780,PAY007780,20250527,4287,2806.56,Credit Card
7781,PAY007781,20250626,4287,4241.68,Credit Card
7782,PAY007782,20250724,4287,6280.43,SADAD
7783,PAY007783,20231223,4288,1603.25,Bank Transfer
7784,PAY007784,20230224,4289,14473.47,Cash
7785,PAY007785,20250918,4290,6438.34,Credit Card
7786,PAY007786,20260102,4291,158393.01,Credit Card
7787,PAY007787,20231220,4292,2704.15,Bank Transfer
7788,PAY007788,20260207,4293,2611.64,Bank Transfer
7789,PAY007789,20260210,4294,4676.57,Credit Card
7790,PAY007790,20240805,4295,193.25,Bank Transfer
7791,PAY007791,20240831,4295,1772.89,Cash
7792,PAY007792,20251212,4296,15800.43,SADAD
7793,PAY007793,20260107,4297,4885.84,SADAD
7794,PAY007794,20260413,4298,1868.57,SADAD
7795,PAY007795,20250412,4299,4162.14,Credit Card
7796,PAY007796,20251206,4300,6525.81,SADAD
7797,PAY007797,20220405,4301,946.74,Bank Transfer
7798,PAY007798,20220504,4301,14995.7,Credit Card
7799,PAY007799,20231010,4302,5118.12,Cash
7800,PAY007800,20240110,4303,35915.99,Bank Transfer
7801,PAY007801,20240629,4304,5152.51,Credit Card
7802,PAY007802,20251211,4305,6509.79,Cash
7803,PAY007803,20260417,4306,2104.52,Credit Card
7804,PAY007804,20260224,4307,19555.76,Bank Transfer
7805,PAY007805,20231214,4308,7710.85,Bank Transfer
7806,PAY007806,20240111,4308,4517.34,Cash
7807,PAY007807,20250202,4309,1075.92,Cash
7808,PAY007808,20230821,4310,10317.21,Cash
7809,PAY007809,20260425,4311,3541.53,SADAD
7810,PAY007810,20260524,4311,7505.14,Cash
7811,PAY007811,20250527,4312,1836.3,Credit Card
7812,PAY007812,20250113,4313,5389.44,Bank Transfer
7813,PAY007813,20250917,4314,71811.73,Credit Card
7814,PAY007814,20251012,4314,120363.36,Credit Card
7815,PAY007815,20240411,4315,11468.85,Credit Card
7816,PAY007816,20240709,4316,1115.82,Credit Card
7817,PAY007817,20231228,4317,736.06,SADAD
7818,PAY007818,20251206,4318,39909.27,Credit Card
7819,PAY007819,20240706,4319,1168.62,Bank Transfer
7820,PAY007820,20231010,4320,8210.78,SADAD
7821,PAY007821,20250427,4321,1968.11,SADAD
7822,PAY007822,20250529,4321,30811.67,Cash
7823,PAY007823,20241127,4322,6487.11,Bank Transfer
7824,PAY007824,20241227,4322,2302.79,Cash
7825,PAY007825,20240807,4323,4965.1,Bank Transfer
7826,PAY007826,20240905,4323,1510.36,Bank Transfer
7827,PAY007827,20260314,4324,5813.73,Bank Transfer
7828,PAY007828,20240422,4325,1346.16,Credit Card
7829,PAY007829,20240521,4325,276.82,Cash
7830,PAY007830,20251016,4326,1467.7,Cash
7831,PAY007831,20251116,4326,784.53,Credit Card
7832,PAY007832,20260124,4327,6776.8,Cash
7833,PAY007833,20240616,4328,478.26,Bank Transfer
7834,PAY007834,20240715,4328,140.22,Credit Card
7835,PAY007835,20241119,4329,1606.25,Bank Transfer
7836,PAY007836,20260427,4330,572.88,Credit Card
7837,PAY007837,20221024,4331,932.82,Credit Card
7838,PAY007838,20231208,4332,5635.12,SADAD
7839,PAY007839,20240107,4332,5028.08,Credit Card
7840,PAY007840,20240201,4332,1856.36,Cash
7841,PAY007841,20240302,4332,9169.6,Bank Transfer
7842,PAY007842,20250822,4333,12763.75,Credit Card
7843,PAY007843,20250821,4334,9444.23,SADAD
7844,PAY007844,20250201,4335,29166.82,Credit Card
7845,PAY007845,20250104,4336,6508.61,SADAD
7846,PAY007846,20241202,4337,455.11,Credit Card
7847,PAY007847,20250101,4337,8071.19,Credit Card
7848,PAY007848,20241130,4338,1496.4,Credit Card
7849,PAY007849,20241230,4338,3631.38,SADAD
7850,PAY007850,20260113,4339,1297.58,SADAD
7851,PAY007851,20260213,4339,600.5,SADAD
7852,PAY007852,20251008,4340,6810.56,SADAD
7853,PAY007853,20260419,4341,3010.72,Cash
7854,PAY007854,20260523,4341,4860.55,Bank Transfer
7855,PAY007855,20260621,4341,3019.79,Cash
7856,PAY007856,20260719,4341,859.75,Credit Card
7857,PAY007857,20260107,4342,10919.86,Credit Card
7858,PAY007858,20230505,4343,2206.27,Bank Transfer
7859,PAY007859,20221021,4344,19433.42,Credit Card
7860,PAY007860,20251126,4345,8053.15,SADAD
7861,PAY007861,20260504,4346,7103.31,Credit Card
7862,PAY007862,20260228,4347,27286.57,Credit Card
7863,PAY007863,20251125,4348,21649.67,SADAD
7864,PAY007864,20250705,4349,4332.78,Bank Transfer
7865,PAY007865,20250806,4349,4726.98,Bank Transfer
7866,PAY007866,20241118,4350,6094.68,Credit Card
7867,PAY007867,20250420,4351,19667.68,SADAD
7868,PAY007868,20251119,4352,3623.67,SADAD
7869,PAY007869,20251215,4352,2150.65,Cash
7870,PAY007870,20260417,4353,36.05,SADAD
7871,PAY007871,20260514,4353,2689.9,SADAD
7872,PAY007872,20260612,4353,2097.31,SADAD
7873,PAY007873,20260714,4353,17401.55,Cash
7874,PAY007874,20221115,4354,5627.21,Cash
7875,PAY007875,20221213,4354,671.08,SADAD
7876,PAY007876,20230501,4355,287.74,SADAD
7877,PAY007877,20230530,4355,6812.07,Cash
7878,PAY007878,20250823,4356,1516.4,SADAD
7879,PAY007879,20250201,4357,3140.93,Bank Transfer
7880,PAY007880,20250228,4357,2373.02,SADAD
7881,PAY007881,20260719,4358,9623.89,Credit Card
7882,PAY007882,20260817,4358,739.54,SADAD
7883,PAY007883,20250604,4359,1436.95,Cash
7884,PAY007884,20250702,4359,766.73,Credit Card
7885,PAY007885,20240209,4360,1084.57,Credit Card
7886,PAY007886,20250122,4361,18202.11,Credit Card
7887,PAY007887,20240927,4362,9257.73,Cash
7888,PAY007888,20240810,4363,5700.21,Credit Card
7889,PAY007889,20240909,4363,1453.32,Cash
7890,PAY007890,20241012,4363,2064.39,Bank Transfer
7891,PAY007891,20241110,4363,5549.78,Cash
7892,PAY007892,20251222,4364,1719.61,Bank Transfer
7893,PAY007893,20251111,4365,9833.91,Cash
7894,PAY007894,20251206,4365,2812.48,Cash
7895,PAY007895,20260106,4365,1794.01,SADAD
7896,PAY007896,20260204,4365,6030.48,Bank Transfer
7897,PAY007897,20231025,4366,4892.59,Cash
7898,PAY007898,20240929,4367,3376.63,SADAD
7899,PAY007899,20241031,4367,2574.33,SADAD
7900,PAY007900,20241013,4368,20119.66,SADAD
7901,PAY007901,20241115,4368,908.18,Bank Transfer
7902,PAY007902,20250318,4369,4844.93,Bank Transfer
7903,PAY007903,20250421,4369,631.49,Bank Transfer
7904,PAY007904,20250520,4369,2040.27,Cash
7905,PAY007905,20250616,4369,1477.88,Credit Card
7906,PAY007906,20240902,4370,55111.18,Cash
7907,PAY007907,20241002,4370,80025.62,Bank Transfer
7908,PAY007908,20241104,4370,14928.14,Bank Transfer
7909,PAY007909,20241201,4370,36602.6,Credit Card
7910,PAY007910,20240412,4371,2409.4,Credit Card
7911,PAY007911,20221104,4372,6482.51,Bank Transfer
7912,PAY007912,20231023,4373,155.94,Credit Card
7913,PAY007913,20231123,4373,340.7,Bank Transfer
7914,PAY007914,20231222,4373,272.86,Bank Transfer
7915,PAY007915,20240123,4373,384.26,Bank Transfer
7916,PAY007916,20230713,4374,879.79,SADAD
7917,PAY007917,20230817,4374,57.72,SADAD
7918,PAY007918,20250412,4375,11094.89,Credit Card
7919,PAY007919,20250516,4375,22907.29,SADAD
7920,PAY007920,20221130,4376,752.42,Credit Card
7921,PAY007921,20221229,4376,4125.98,Cash
7922,PAY007922,20241125,4377,3736.28,SADAD
7923,PAY007923,20241229,4377,21829.17,Cash
7924,PAY007924,20250207,4378,12630.41,Cash
7925,PAY007925,20260117,4379,354.8,Cash
7926,PAY007926,20260217,4379,546.33,SADAD
7927,PAY007927,20251024,4380,2153.59,SADAD
7928,PAY007928,20251123,4380,1929.49,Bank Transfer
7929,PAY007929,20251220,4380,2792.36,Bank Transfer
7930,PAY007930,20260124,4380,2688.58,Bank Transfer
7931,PAY007931,20240701,4381,26177.83,Bank Transfer
7932,PAY007932,20240730,4381,3296.4,Cash
7933,PAY007933,20230823,4382,3315.31,Credit Card
7934,PAY007934,20230919,4382,26778.28,Cash
7935,PAY007935,20260318,4383,9195.13,Cash
7936,PAY007936,20230408,4384,4845.96,Credit Card
7937,PAY007937,20230318,4385,3110.5,Bank Transfer
7938,PAY007938,20230329,4386,8373.62,SADAD
7939,PAY007939,20230426,4386,2523.74,Credit Card
7940,PAY007940,20231111,4387,924.94,SADAD
7941,PAY007941,20231213,4387,8013.4,Bank Transfer
7942,PAY007942,20250414,4388,705.72,SADAD
7943,PAY007943,20250512,4388,1154.21,Bank Transfer
7944,PAY007944,20220604,4389,50.85,SADAD
7945,PAY007945,20220705,4389,101.77,SADAD
7946,PAY007946,20220731,4389,2061.97,Credit Card
7947,PAY007947,20220901,4389,7.67,SADAD
7948,PAY007948,20221021,4390,1022.14,Credit Card
7949,PAY007949,20251222,4391,5605.01,Bank Transfer
7950,PAY007950,20240621,4392,646.05,Bank Transfer
7951,PAY007951,20250717,4393,3394.65,Bank Transfer
7952,PAY007952,20250214,4394,95.58,Cash
7953,PAY007953,20250316,4394,1495.89,SADAD
7954,PAY007954,20250410,4394,2945.28,Bank Transfer
7955,PAY007955,20250514,4394,233.15,Credit Card
7956,PAY007956,20250906,4395,7012.04,SADAD
7957,PAY007957,20251005,4395,24472.82,Cash
7958,PAY007958,20250828,4396,4764.45,Cash
7959,PAY007959,20251002,4396,15933.48,Cash
7960,PAY007960,20251030,4396,32709.71,SADAD
7961,PAY007961,20251127,4396,35138.4,Bank Transfer
7962,PAY007962,20251211,4397,5397.05,Cash
7963,PAY007963,20250625,4398,1853.52,Cash
7964,PAY007964,20241031,4399,372.64,Cash
7965,PAY007965,20241201,4399,3600.44,Credit Card
7966,PAY007966,20241229,4399,19.43,Credit Card
7967,PAY007967,20250125,4399,3112.95,SADAD
7968,PAY007968,20241025,4400,2988.27,Cash
7969,PAY007969,20260228,4401,274.63,SADAD
7970,PAY007970,20260330,4401,767.38,SADAD
7971,PAY007971,20260501,4401,430.73,Bank Transfer
7972,PAY007972,20260527,4401,611.9,Cash
7973,PAY007973,20240727,4402,15827.34,Credit Card
7974,PAY007974,20230823,4403,3420.37,Cash
7975,PAY007975,20230919,4403,2271.24,Credit Card
7976,PAY007976,20240808,4404,71943.78,Bank Transfer
7977,PAY007977,20260605,4405,2792.72,SADAD
7978,PAY007978,20230325,4406,13459.22,Cash
7979,PAY007979,20230424,4406,19668.5,Cash
7980,PAY007980,20230524,4406,9738.15,Bank Transfer
7981,PAY007981,20230624,4406,17658.77,Bank Transfer
7982,PAY007982,20250329,4407,14762.18,Credit Card
7983,PAY007983,20250425,4407,136.46,Credit Card
7984,PAY007984,20250604,4408,8910.24,Cash
7985,PAY007985,20260608,4409,4375.7,Bank Transfer
7986,PAY007986,20251217,4410,923.09,Cash
7987,PAY007987,20260320,4411,14427.41,Bank Transfer
7988,PAY007988,20250729,4412,3880.6,Credit Card
7989,PAY007989,20250825,4412,1543.66,SADAD
7990,PAY007990,20250923,4412,179.05,Bank Transfer
7991,PAY007991,20251026,4412,903.16,Credit Card
7992,PAY007992,20240901,4413,1792.84,Credit Card
7993,PAY007993,20250915,4414,684.3,Credit Card
7994,PAY007994,20251011,4414,1637.54,SADAD
7995,PAY007995,20251109,4414,697.5,Bank Transfer
7996,PAY007996,20251209,4414,191.81,Bank Transfer
7997,PAY007997,20260106,4415,1294.03,Credit Card
7998,PAY007998,20260206,4415,3047.03,Bank Transfer
7999,PAY007999,20251007,4416,24256.66,SADAD
8000,PAY008000,20260529,4417,7698.76,SADAD
8001,PAY008001,20230101,4418,22864.05,Bank Transfer
8002,PAY008002,20260415,4419,38218.03,Bank Transfer
8003,PAY008003,20250305,4420,516.92,Credit Card
8004,PAY008004,20251006,4421,136157.53,Bank Transfer
8005,PAY008005,20240403,4422,3493.86,Credit Card
8006,PAY008006,20240504,4422,958.7,Bank Transfer
8007,PAY008007,20250724,4423,3014.68,Bank Transfer
8008,PAY008008,20221016,4424,2673.0,SADAD
8009,PAY008009,20260711,4425,7392.91,SADAD
8010,PAY008010,20260806,4425,6801.76,Bank Transfer
8011,PAY008011,20231107,4426,21721.32,SADAD
8012,PAY008012,20230616,4427,2205.45,Bank Transfer
8013,PAY008013,20230713,4427,3557.41,SADAD
8014,PAY008014,20230815,4427,2192.79,SADAD
8015,PAY008015,20230913,4427,820.23,Cash
8016,PAY008016,20250702,4428,3073.34,SADAD
8017,PAY008017,20250731,4428,1923.02,Cash
8018,PAY008018,20250831,4428,126.69,Cash
8019,PAY008019,20250930,4428,3469.14,Bank Transfer
8020,PAY008020,20240210,4429,734.77,Credit Card
8021,PAY008021,20230928,4430,4786.5,Credit Card
8022,PAY008022,20260706,4431,781.13,Bank Transfer
8023,PAY008023,20260810,4431,317.92,Cash
8024,PAY008024,20250720,4432,1299.5,Credit Card
8025,PAY008025,20250520,4433,19144.12,SADAD
8026,PAY008026,20230809,4434,5145.71,SADAD
8027,PAY008027,20231202,4435,2857.91,Bank Transfer
8028,PAY008028,20240101,4435,203.47,Credit Card
8029,PAY008029,20230819,4436,17787.08,Credit Card
8030,PAY008030,20230922,4436,1883.63,Credit Card
8031,PAY008031,20240702,4437,5635.2,Cash
8032,PAY008032,20250302,4438,2406.26,Credit Card
8033,PAY008033,20250328,4438,912.19,Bank Transfer
8034,PAY008034,20250428,4438,4563.85,Bank Transfer
8035,PAY008035,20250530,4438,483.79,Bank Transfer
8036,PAY008036,20221113,4439,30863.33,Cash
8037,PAY008037,20220530,4440,8511.24,SADAD
8038,PAY008038,20231208,4441,4033.78,Bank Transfer
8039,PAY008039,20240112,4441,535.51,Bank Transfer
8040,PAY008040,20241018,4442,4678.54,SADAD
8041,PAY008041,20241116,4442,1028.27,Bank Transfer
8042,PAY008042,20231106,4443,2885.52,Bank Transfer
8043,PAY008043,20231206,4443,5748.97,Credit Card
8044,PAY008044,20251019,4444,99735.86,SADAD
8045,PAY008045,20251121,4444,56408.19,Cash
8046,PAY008046,20250315,4445,1893.75,Bank Transfer
8047,PAY008047,20250628,4446,7722.71,Cash
8048,PAY008048,20250728,4446,2568.47,Credit Card
8049,PAY008049,20251208,4447,6013.13,SADAD
8050,PAY008050,20250506,4448,9186.1,Bank Transfer
8051,PAY008051,20231103,4449,22826.38,SADAD
8052,PAY008052,20231130,4449,1024.14,Credit Card
8053,PAY008053,20240102,4449,6128.33,Bank Transfer
8054,PAY008054,20240130,4449,9639.67,Bank Transfer
8055,PAY008055,20220703,4450,3826.32,SADAD
8056,PAY008056,20220807,4450,1163.48,Bank Transfer
8057,PAY008057,20250224,4451,11230.97,Bank Transfer
8058,PAY008058,20260131,4452,1843.36,SADAD
8059,PAY008059,20230509,4453,1250.17,SADAD
8060,PAY008060,20230606,4453,3959.97,SADAD
8061,PAY008061,20260214,4454,242.61,Credit Card
8062,PAY008062,20260315,4454,378.38,SADAD
8063,PAY008063,20240127,4455,4356.27,Credit Card
8064,PAY008064,20230131,4456,2307.32,Cash
8065,PAY008065,20240725,4457,2246.58,SADAD
8066,PAY008066,20240828,4457,4466.02,Credit Card
8067,PAY008067,20240926,4457,1154.96,SADAD
8068,PAY008068,20241025,4457,725.29,Bank Transfer
8069,PAY008069,20241111,4458,14661.69,Credit Card
8070,PAY008070,20230827,4459,9956.3,Bank Transfer
8071,PAY008071,20250820,4460,1551.41,Cash
8072,PAY008072,20250328,4461,1630.12,SADAD
8073,PAY008073,20250426,4461,313.06,Bank Transfer
8074,PAY008074,20250707,4462,398.26,Bank Transfer
8075,PAY008075,20250804,4462,46.5,Credit Card
8076,PAY008076,20251202,4463,1200.45,Credit Card
8077,PAY008077,20260101,4463,54.02,Credit Card
8078,PAY008078,20260127,4463,2293.52,Bank Transfer
8079,PAY008079,20260301,4463,8386.06,Credit Card
8080,PAY008080,20231225,4464,8459.64,Bank Transfer
8081,PAY008081,20230304,4465,289.51,SADAD
8082,PAY008082,20230401,4465,46.22,Credit Card
8083,PAY008083,20230506,4465,275.0,SADAD
8084,PAY008084,20230601,4465,487.89,Credit Card
8085,PAY008085,20260712,4466,1830.66,Bank Transfer
8086,PAY008086,20260813,4466,6400.53,Cash
8087,PAY008087,20260729,4467,70530.97,Cash
8088,PAY008088,20230105,4468,21823.86,Bank Transfer
8089,PAY008089,20240730,4469,611.4,SADAD
8090,PAY008090,20220505,4470,753.78,Bank Transfer
8091,PAY008091,20220605,4470,621.5,SADAD
8092,PAY008092,20241013,4471,9115.41,SADAD
8093,PAY008093,20241206,4472,1862.28,SADAD
8094,PAY008094,20240627,4473,774.75,Bank Transfer
8095,PAY008095,20240726,4473,1588.63,Cash
8096,PAY008096,20240822,4473,2834.42,SADAD
8097,PAY008097,20240926,4473,398.48,Bank Transfer
8098,PAY008098,20231129,4474,11195.26,Bank Transfer
8099,PAY008099,20241004,4475,215.9,Credit Card
8100,PAY008100,20241101,4475,504.04,SADAD
8101,PAY008101,20241205,4475,1771.84,Bank Transfer
8102,PAY008102,20241230,4475,3331.0,Cash
8103,PAY008103,20240910,4476,15267.88,Bank Transfer
8104,PAY008104,20241014,4477,23919.74,Credit Card
8105,PAY008105,20230622,4478,1082.74,Cash
8106,PAY008106,20230721,4478,6012.87,Cash
8107,PAY008107,20240502,4479,18879.52,SADAD
8108,PAY008108,20240530,4479,21156.87,Credit Card
8109,PAY008109,20240629,4479,21657.25,Cash
8110,PAY008110,20240729,4479,1846.76,SADAD
8111,PAY008111,20241108,4480,822.69,Bank Transfer
8112,PAY008112,20250805,4481,15192.32,Bank Transfer
8113,PAY008113,20250905,4481,28910.53,SADAD
8114,PAY008114,20251006,4481,6789.17,Bank Transfer
8115,PAY008115,20251106,4481,4948.21,Cash
8116,PAY008116,20260122,4482,13473.56,Cash
8117,PAY008117,20230914,4483,882.41,Cash
8118,PAY008118,20231017,4483,1371.09,SADAD
8119,PAY008119,20260519,4484,1645.96,Bank Transfer
8120,PAY008120,20260623,4484,4852.77,SADAD
8121,PAY008121,20230822,4485,130.16,Bank Transfer
8122,PAY008122,20230918,4485,5689.92,Credit Card
8123,PAY008123,20231020,4485,4807.67,Bank Transfer
8124,PAY008124,20231120,4485,1224.16,SADAD
8125,PAY008125,20240820,4486,2100.05,Cash
8126,PAY008126,20251028,4487,7500.14,Credit Card
8127,PAY008127,20251226,4488,218194.3,Cash
8128,PAY008128,20241214,4489,894.51,SADAD
8129,PAY008129,20250116,4489,943.66,SADAD
8130,PAY008130,20220824,4490,609.7,SADAD
8131,PAY008131,20220924,4490,127.24,Bank Transfer
8132,PAY008132,20221023,4490,191.81,Cash
8133,PAY008133,20221123,4490,297.17,Credit Card
8134,PAY008134,20250520,4491,3543.7,Cash
8135,PAY008135,20250623,4491,2857.34,SADAD
8136,PAY008136,20230522,4492,1190.1,Cash
8137,PAY008137,20230623,4492,731.79,Credit Card
8138,PAY008138,20260323,4493,4700.29,SADAD
8139,PAY008139,20240615,4494,911.52,Bank Transfer
8140,PAY008140,20240717,4494,424.87,Credit Card
8141,PAY008141,20250101,4495,6284.0,Bank Transfer
8142,PAY008142,20220831,4496,46.34,Cash
8143,PAY008143,20221003,4496,83.76,Cash
8144,PAY008144,20220619,4497,4837.77,Credit Card
8145,PAY008145,20220718,4497,4512.85,Bank Transfer
8146,PAY008146,20231017,4498,12096.15,Bank Transfer
8147,PAY008147,20221217,4499,21361.23,Cash
8148,PAY008148,20240123,4500,16104.06,SADAD
8149,PAY008149,20250130,4501,114129.77,Cash
8150,PAY008150,20241210,4502,304.37,Cash
8151,PAY008151,20250110,4502,808.22,Cash
8152,PAY008152,20251005,4503,1593.29,Bank Transfer
8153,PAY008153,20251103,4503,387.39,Cash
8154,PAY008154,20251204,4503,8425.59,Bank Transfer
8155,PAY008155,20260103,4503,169.31,Cash
8156,PAY008156,20240101,4504,600.29,Bank Transfer
8157,PAY008157,20240205,4504,1632.75,Bank Transfer
8158,PAY008158,20251102,4505,5373.33,Bank Transfer
8159,PAY008159,20231116,4506,1779.27,Credit Card
8160,PAY008160,20250429,4507,6355.1,Bank Transfer
8161,PAY008161,20240312,4508,638.1,Credit Card
8162,PAY008162,20240416,4508,284.01,SADAD
8163,PAY008163,20240516,4508,365.57,Credit Card
8164,PAY008164,20240611,4508,111.89,SADAD
8165,PAY008165,20250227,4509,11478.31,SADAD
8166,PAY008166,20260210,4510,21951.28,Bank Transfer
8167,PAY008167,20260422,4511,15897.64,Credit Card
8168,PAY008168,20260524,4511,1281.65,SADAD
8169,PAY008169,20260205,4512,287.84,SADAD
8170,PAY008170,20260305,4512,116.15,Cash
8171,PAY008171,20260406,4512,241.19,Cash
8172,PAY008172,20260501,4512,71.57,SADAD
8173,PAY008173,20250514,4513,5279.27,Cash
8174,PAY008174,20250612,4513,551.77,SADAD
8175,PAY008175,20231030,4514,6277.76,SADAD
8176,PAY008176,20230827,4515,1844.27,Credit Card
8177,PAY008177,20250809,4516,2347.36,Credit Card
8178,PAY008178,20260422,4517,3509.42,Cash
8179,PAY008179,20260520,4517,968.43,Bank Transfer
8180,PAY008180,20260621,4517,4235.47,Credit Card
8181,PAY008181,20260717,4517,2274.27,Cash
8182,PAY008182,20250112,4518,254.91,SADAD
8183,PAY008183,20250213,4518,360.1,Cash
8184,PAY008184,20250315,4518,3045.62,Cash
8185,PAY008185,20250413,4518,1579.03,Credit Card
8186,PAY008186,20230706,4519,439.77,Cash
8187,PAY008187,20230802,4519,12074.55,SADAD
8188,PAY008188,20230903,4519,1089.34,Credit Card
8189,PAY008189,20231005,4519,1184.06,Cash
8190,PAY008190,20250425,4520,4832.88,Cash
8191,PAY008191,20220601,4521,9211.68,SADAD
8192,PAY008192,20251212,4522,3120.91,SADAD
8193,PAY008193,20260110,4522,8363.47,Cash
8194,PAY008194,20241213,4523,8431.58,Credit Card
8195,PAY008195,20250518,4524,2725.84,Bank Transfer
8196,PAY008196,20250613,4524,1829.53,SADAD
8197,PAY008197,20230712,4525,119.21,Cash
8198,PAY008198,20230810,4525,1383.34,Cash
8199,PAY008199,20230914,4525,638.28,Credit Card
8200,PAY008200,20231014,4525,1651.06,Cash
8201,PAY008201,20250509,4526,460.07,Bank Transfer
8202,PAY008202,20230508,4527,1981.64,Bank Transfer
8203,PAY008203,20250925,4528,2231.28,Bank Transfer
8204,PAY008204,20251023,4528,9361.5,Credit Card
8205,PAY008205,20250904,4529,2058.42,Bank Transfer
8206,PAY008206,20251003,4529,161.83,Credit Card
8207,PAY008207,20251031,4529,838.62,Credit Card
8208,PAY008208,20251204,4529,1915.11,Bank Transfer
8209,PAY008209,20220329,4530,8739.13,Cash
8210,PAY008210,20260123,4531,969.11,Bank Transfer
8211,PAY008211,20260220,4531,8949.85,Bank Transfer
8212,PAY008212,20231026,4532,7103.07,SADAD
8213,PAY008213,20251127,4533,7008.31,Credit Card
8214,PAY008214,20230316,4534,7185.12,Credit Card
8215,PAY008215,20230419,4534,13513.67,SADAD
8216,PAY008216,20250602,4535,8958.58,Cash
8217,PAY008217,20260114,4536,248.54,SADAD
8218,PAY008218,20260215,4536,40.98,Credit Card
8219,PAY008219,20260315,4536,1672.23,Cash
8220,PAY008220,20260414,4536,1764.76,Credit Card
8221,PAY008221,20250911,4537,6668.84,Credit Card
8222,PAY008222,20251016,4538,5153.94,Credit Card
8223,PAY008223,20250731,4539,29019.65,Credit Card
8224,PAY008224,20260707,4540,3655.84,SADAD
8225,PAY008225,20230126,4541,1882.33,Cash
8226,PAY008226,20240116,4542,34356.77,Cash
8227,PAY008227,20240217,4542,31192.4,Bank Transfer
8228,PAY008228,20240314,4542,9294.41,SADAD
8229,PAY008229,20240412,4542,58507.49,Credit Card
8230,PAY008230,20250311,4543,5564.08,SADAD
8231,PAY008231,20250407,4543,11515.9,Credit Card
8232,PAY008232,20231024,4544,22888.22,SADAD
8233,PAY008233,20251220,4545,4052.69,Bank Transfer
8234,PAY008234,20260119,4545,5877.15,Credit Card
8235,PAY008235,20260215,4545,901.75,Bank Transfer
8236,PAY008236,20260320,4545,1629.46,Cash
8237,PAY008237,20240222,4546,2299.53,Credit Card
8238,PAY008238,20260602,4547,889.73,Credit Card
8239,PAY008239,20260701,4547,1187.13,Cash
8240,PAY008240,20260802,4547,358.95,SADAD
8241,PAY008241,20250817,4548,3678.22,Credit Card
8242,PAY008242,20250219,4549,5771.27,SADAD
8243,PAY008243,20260420,4550,8007.0,Cash
8244,PAY008244,20221122,4551,6927.82,Cash
8245,PAY008245,20230206,4552,2820.64,SADAD
8246,PAY008246,20260427,4553,6838.46,SADAD
8247,PAY008247,20260529,4553,3393.69,Bank Transfer
8248,PAY008248,20260627,4553,6591.9,Cash
8249,PAY008249,20260727,4553,4506.6,SADAD
8250,PAY008250,20260415,4554,11778.54,Bank Transfer
8251,PAY008251,20221115,4555,4044.0,Cash
8252,PAY008252,20241211,4556,2349.14,Cash
8253,PAY008253,20220725,4557,4987.18,Credit Card
8254,PAY008254,20220825,4557,3759.8,Credit Card
8255,PAY008255,20220921,4557,4145.8,Cash
8256,PAY008256,20221022,4557,6017.55,SADAD
8257,PAY008257,20240528,4558,326.46,Credit Card
8258,PAY008258,20240624,4558,489.96,Bank Transfer
8259,PAY008259,20240724,4558,1823.02,Credit Card
8260,PAY008260,20240822,4558,405.06,SADAD
8261,PAY008261,20231016,4559,11945.77,Bank Transfer
8262,PAY008262,20230128,4560,7540.28,Cash
8263,PAY008263,20240510,4561,1674.49,SADAD
8264,PAY008264,20240605,4561,231.22,Credit Card
8265,PAY008265,20250723,4562,101.11,Bank Transfer
8266,PAY008266,20250825,4562,118.18,SADAD
8267,PAY008267,20250923,4562,675.51,SADAD
8268,PAY008268,20251025,4562,454.02,Cash
8269,PAY008269,20230809,4563,3514.59,Bank Transfer
8270,PAY008270,20230912,4564,23330.49,SADAD
8271,PAY008271,20260223,4565,615.36,Credit Card
8272,PAY008272,20260324,4565,913.07,Credit Card
8273,PAY008273,20260426,4565,617.92,Bank Transfer
8274,PAY008274,20260523,4565,218.47,Credit Card
8275,PAY008275,20230922,4566,6477.33,Credit Card
8276,PAY008276,20231121,4567,28477.41,SADAD
8277,PAY008277,20230222,4568,20450.62,SADAD
8278,PAY008278,20260116,4569,8023.2,Credit Card
8279,PAY008279,20260219,4569,15036.65,Bank Transfer
8280,PAY008280,20250905,4570,10527.47,SADAD
8281,PAY008281,20251005,4570,2712.46,Credit Card
8282,PAY008282,20230909,4571,1357.5,SADAD
8283,PAY008283,20241201,4572,2613.38,Bank Transfer
8284,PAY008284,20250413,4573,7347.91,Cash
8285,PAY008285,20250512,4573,2644.17,Bank Transfer
8286,PAY008286,20230312,4574,10439.7,Bank Transfer
8287,PAY008287,20230413,4574,11237.7,SADAD
8288,PAY008288,20230514,4574,1840.3,SADAD
8289,PAY008289,20230611,4574,2028.76,Credit Card
8290,PAY008290,20240617,4575,267.17,Bank Transfer
8291,PAY008291,20240714,4575,323.07,Cash
8292,PAY008292,20250617,4576,24736.61,Bank Transfer
8293,PAY008293,20260712,4577,8253.3,Bank Transfer
8294,PAY008294,20251028,4578,1151.58,Bank Transfer
8295,PAY008295,20251127,4578,13718.82,SADAD
8296,PAY008296,20251229,4578,6720.71,SADAD
8297,PAY008297,20260126,4578,7598.59,Bank Transfer
8298,PAY008298,20251129,4579,3012.11,Credit Card
8299,PAY008299,20241001,4580,1377.14,SADAD
8300,PAY008300,20241029,4580,4881.58,Credit Card
8301,PAY008301,20250207,4581,224399.3,Credit Card
8302,PAY008302,20250801,4582,76.57,Bank Transfer
8303,PAY008303,20250901,4582,580.51,Cash
8304,PAY008304,20251004,4582,1227.75,SADAD
8305,PAY008305,20251031,4582,4723.63,SADAD
8306,PAY008306,20250201,4583,16641.09,SADAD
8307,PAY008307,20250227,4583,6617.82,Credit Card
8308,PAY008308,20241204,4584,256.27,Credit Card
8309,PAY008309,20250102,4584,1498.2,Cash
8310,PAY008310,20251224,4585,5543.68,Bank Transfer
8311,PAY008311,20240414,4586,1941.0,SADAD
8312,PAY008312,20240514,4586,4047.56,Cash
8313,PAY008313,20240612,4586,2221.26,Credit Card
8314,PAY008314,20240708,4586,65.69,Credit Card
8315,PAY008315,20230922,4587,3751.66,Credit Card
8316,PAY008316,20251223,4588,1578.22,Cash
8317,PAY008317,20230525,4589,4621.13,Cash
8318,PAY008318,20250401,4590,1277.73,Cash
8319,PAY008319,20250501,4590,1124.95,Credit Card
8320,PAY008320,20250625,4591,2053.05,SADAD
8321,PAY008321,20250723,4591,47610.91,Cash
8322,PAY008322,20250607,4592,4769.7,Cash
8323,PAY008323,20240322,4593,15408.26,SADAD
8324,PAY008324,20240418,4593,4533.09,Bank Transfer
8325,PAY008325,20250104,4594,2202.77,SADAD
8326,PAY008326,20260422,4595,5541.7,Bank Transfer
8327,PAY008327,20241018,4596,2149.32,SADAD
8328,PAY008328,20241116,4596,1033.71,Credit Card
8329,PAY008329,20241219,4596,1802.37,Cash
8330,PAY008330,20250115,4596,255.7,Cash
8331,PAY008331,20260424,4597,198640.13,SADAD
8332,PAY008332,20251126,4598,8785.05,SADAD
8333,PAY008333,20260525,4599,7247.72,SADAD
8334,PAY008334,20240429,4600,71.0,Credit Card
8335,PAY008335,20240530,4600,66.26,Cash
8336,PAY008336,20250425,4601,10851.82,Cash
8337,PAY008337,20250529,4601,2639.15,Credit Card
8338,PAY008338,20250430,4602,39746.56,Bank Transfer
8339,PAY008339,20231219,4603,4416.73,SADAD
8340,PAY008340,20240915,4604,4394.46,Credit Card
8341,PAY008341,20230724,4605,7215.43,SADAD
8342,PAY008342,20250503,4606,10131.17,Bank Transfer
8343,PAY008343,20231018,4607,818.56,SADAD
8344,PAY008344,20231113,4607,1676.87,Cash
8345,PAY008345,20231216,4607,3393.21,SADAD
8346,PAY008346,20240113,4607,2352.74,SADAD
8347,PAY008347,20251029,4608,7046.67,Cash
8348,PAY008348,20240218,4609,1635.97,Bank Transfer
8349,PAY008349,20240321,4609,836.89,Credit Card
8350,PAY008350,20240419,4609,4843.83,Credit Card
8351,PAY008351,20240518,4609,873.49,Credit Card
8352,PAY008352,20240129,4610,2138.74,Cash
8353,PAY008353,20250612,4611,11565.85,SADAD
8354,PAY008354,20260209,4612,9577.04,Bank Transfer
8355,PAY008355,20260311,4612,417.66,Cash
8356,PAY008356,20250914,4613,1273.08,Bank Transfer
8357,PAY008357,20230901,4614,3940.13,SADAD
8358,PAY008358,20231003,4614,21445.08,SADAD
8359,PAY008359,20250109,4615,510.6,Cash
8360,PAY008360,20250208,4615,1496.38,Credit Card
8361,PAY008361,20251216,4616,31092.39,SADAD
8362,PAY008362,20260116,4616,5961.47,SADAD
8363,PAY008363,20260214,4616,15502.51,Cash
8364,PAY008364,20260314,4616,1034.63,Cash
8365,PAY008365,20260807,4617,655.31,SADAD
8366,PAY008366,20250428,4618,7562.97,Credit Card
8367,PAY008367,20250529,4618,58.46,Credit Card
8368,PAY008368,20241208,4619,3770.67,SADAD
8369,PAY008369,20250104,4619,2226.74,Bank Transfer
8370,PAY008370,20240817,4620,6211.05,SADAD
8371,PAY008371,20240916,4620,295.51,Bank Transfer
8372,PAY008372,20241013,4620,984.24,Credit Card
8373,PAY008373,20241116,4620,4185.08,Cash
8374,PAY008374,20231126,4621,2280.06,Cash
8375,PAY008375,20260728,4622,2305.48,Bank Transfer
8376,PAY008376,20250120,4623,2610.28,Cash
8377,PAY008377,20241022,4624,8902.55,Bank Transfer
8378,PAY008378,20221226,4625,1152.88,Cash
8379,PAY008379,20230907,4626,960.05,SADAD
8380,PAY008380,20221110,4627,307.06,Cash
8381,PAY008381,20221213,4627,205.23,Cash
8382,PAY008382,20230113,4627,665.73,Credit Card
8383,PAY008383,20230213,4627,2742.48,Cash
8384,PAY008384,20250729,4628,428.8,Bank Transfer
8385,PAY008385,20250824,4628,194.97,Bank Transfer
8386,PAY008386,20250926,4628,334.65,SADAD
8387,PAY008387,20251027,4628,1046.84,Bank Transfer
8388,PAY008388,20241212,4629,9542.23,Credit Card
8389,PAY008389,20230907,4630,8214.86,Credit Card
8390,PAY008390,20231012,4631,17996.58,Cash
8391,PAY008391,20231111,4631,1458.56,Bank Transfer
8392,PAY008392,20240722,4632,11561.91,Bank Transfer
8393,PAY008393,20260521,4633,538.86,Cash
8394,PAY008394,20260618,4633,14457.11,Cash
8395,PAY008395,20260720,4633,519.94,Cash
8396,PAY008396,20260817,4633,1013.27,Credit Card
8397,PAY008397,20260216,4634,2683.33,SADAD
8398,PAY008398,20260321,4634,1240.92,SADAD
8399,PAY008399,20250923,4635,1934.75,Bank Transfer
8400,PAY008400,20230318,4636,4969.17,SADAD
8401,PAY008401,20240713,4637,5745.41,SADAD
8402,PAY008402,20260620,4638,26.43,SADAD
8403,PAY008403,20260720,4638,785.81,Cash
8404,PAY008404,20251217,4639,109712.6,SADAD
8405,PAY008405,20250427,4640,3182.79,Credit Card
8406,PAY008406,20250128,4641,13009.08,Bank Transfer
8407,PAY008407,20241215,4642,7490.48,Cash
8408,PAY008408,20250327,4643,4781.19,Credit Card
8409,PAY008409,20250427,4643,16435.01,SADAD
8410,PAY008410,20240726,4644,11160.98,SADAD
8411,PAY008411,20260815,4645,220626.04,SADAD
8412,PAY008412,20260724,4646,23903.36,SADAD
8413,PAY008413,20260519,4647,5439.77,Cash
8414,PAY008414,20260617,4647,351.99,Bank Transfer
8415,PAY008415,20260714,4647,189.45,Credit Card
8416,PAY008416,20260814,4647,23.28,Bank Transfer
8417,PAY008417,20231230,4648,7250.71,Cash
8418,PAY008418,20241118,4649,759.29,Cash
8419,PAY008419,20241218,4649,6025.28,Credit Card
8420,PAY008420,20250117,4649,3128.96,Cash
8421,PAY008421,20250211,4649,1971.23,Bank Transfer
8422,PAY008422,20260520,4650,7014.42,Bank Transfer
8423,PAY008423,20251120,4651,337.04,Bank Transfer
8424,PAY008424,20251218,4651,42.73,SADAD
8425,PAY008425,20260119,4651,137.61,Bank Transfer
8426,PAY008426,20260218,4651,670.48,Cash
8427,PAY008427,20250228,4652,11383.75,Credit Card
8428,PAY008428,20251027,4653,1746.67,Bank Transfer
8429,PAY008429,20250315,4654,27123.68,SADAD
8430,PAY008430,20250907,4655,3265.8,Cash
8431,PAY008431,20250521,4656,314.95,Cash
8432,PAY008432,20250620,4656,7957.39,SADAD
8433,PAY008433,20250509,4657,998.25,Cash
8434,PAY008434,20250609,4657,12730.25,Bank Transfer
8435,PAY008435,20240321,4658,246.02,SADAD
8436,PAY008436,20240419,4658,11227.66,Cash
8437,PAY008437,20250324,4659,16589.37,Bank Transfer
8438,PAY008438,20230222,4660,7873.48,Bank Transfer
8439,PAY008439,20250817,4661,15056.33,Bank Transfer
8440,PAY008440,20231010,4662,7191.63,Credit Card
8441,PAY008441,20231109,4662,5131.17,SADAD
8442,PAY008442,20231208,4662,2131.04,Bank Transfer
8443,PAY008443,20240108,4662,8918.25,Cash
8444,PAY008444,20230911,4663,10572.89,Bank Transfer
8445,PAY008445,20231211,4664,20415.41,Bank Transfer
8446,PAY008446,20240109,4664,4296.14,Bank Transfer
8447,PAY008447,20230801,4665,3780.76,Bank Transfer
8448,PAY008448,20260809,4666,5047.41,Bank Transfer
8449,PAY008449,20240719,4667,310.57,Credit Card
8450,PAY008450,20240819,4667,525.28,Credit Card
8451,PAY008451,20240920,4667,4475.46,Bank Transfer
8452,PAY008452,20241021,4667,669.81,Bank Transfer
8453,PAY008453,20251110,4668,2336.09,Bank Transfer
8454,PAY008454,20250519,4669,4181.68,Credit Card
8455,PAY008455,20250617,4669,2462.07,Cash
8456,PAY008456,20250715,4669,2691.47,SADAD
8457,PAY008457,20250816,4669,3757.88,Cash
8458,PAY008458,20250406,4670,4891.96,SADAD
8459,PAY008459,20260819,4671,1579.58,Credit Card
8460,PAY008460,20240421,4672,7215.54,Bank Transfer
8461,PAY008461,20250204,4673,14687.64,Bank Transfer
8462,PAY008462,20260315,4674,237320.26,SADAD
8463,PAY008463,20250113,4675,1828.74,Cash
8464,PAY008464,20240206,4676,1532.06,SADAD
8465,PAY008465,20250819,4677,916.49,Cash
8466,PAY008466,20250919,4677,675.13,SADAD
8467,PAY008467,20251016,4677,988.88,Credit Card
8468,PAY008468,20251117,4677,110.63,Cash
8469,PAY008469,20260326,4678,248.87,SADAD
8470,PAY008470,20260423,4678,4016.34,SADAD
8471,PAY008471,20240920,4679,8417.99,Cash
8472,PAY008472,20250318,4680,227.75,Cash
8473,PAY008473,20250414,4680,3338.92,Credit Card
8474,PAY008474,20251023,4681,2304.49,SADAD
8475,PAY008475,20251125,4681,3127.38,Credit Card
8476,PAY008476,20220610,4682,6441.96,Bank Transfer
8477,PAY008477,20220705,4682,4221.56,Credit Card
8478,PAY008478,20240103,4683,19019.15,Cash
8479,PAY008479,20240131,4683,20539.91,SADAD
8480,PAY008480,20240301,4683,38632.1,Credit Card
8481,PAY008481,20240401,4683,28052.99,SADAD
8482,PAY008482,20240829,4684,852.4,SADAD
8483,PAY008483,20241003,4684,3213.61,SADAD
8484,PAY008484,20241101,4684,1757.34,SADAD
8485,PAY008485,20241202,4684,263.34,Bank Transfer
8486,PAY008486,20220703,4685,7042.13,SADAD
8487,PAY008487,20221223,4686,3925.14,Credit Card
8488,PAY008488,20230124,4686,4416.7,Cash
8489,PAY008489,20221028,4687,693.01,SADAD
8490,PAY008490,20260206,4688,5019.54,Cash
8491,PAY008491,20231111,4689,873.94,Bank Transfer
8492,PAY008492,20231213,4689,3486.29,Credit Card
8493,PAY008493,20260401,4690,9335.81,Cash
8494,PAY008494,20230630,4691,14002.98,Credit Card
8495,PAY008495,20240825,4692,3056.51,SADAD
8496,PAY008496,20240924,4692,573.63,Credit Card
8497,PAY008497,20250712,4693,22825.37,Cash
8498,PAY008498,20260211,4694,2487.31,Credit Card
8499,PAY008499,20260311,4694,1058.5,SADAD
8500,PAY008500,20260414,4694,997.12,SADAD
8501,PAY008501,20260510,4694,377.8,SADAD
8502,PAY008502,20241009,4695,2908.18,SADAD
8503,PAY008503,20241109,4695,3845.46,Cash
8504,PAY008504,20230602,4696,5158.65,SADAD
8505,PAY008505,20230701,4696,3197.0,Bank Transfer
8506,PAY008506,20260306,4697,16683.73,Cash
8507,PAY008507,20241031,4698,30287.98,SADAD
8508,PAY008508,20241129,4698,147913.93,Credit Card
8509,PAY008509,20260129,4699,4206.24,Credit Card
8510,PAY008510,20241011,4700,22908.58,Cash
8511,PAY008511,20250410,4701,1445.21,SADAD
8512,PAY008512,20250509,4701,2286.95,SADAD
8513,PAY008513,20220710,4702,8109.49,SADAD
8514,PAY008514,20240914,4703,12866.5,Cash
8515,PAY008515,20241012,4703,8798.97,SADAD
8516,PAY008516,20260417,4704,1939.35,Cash
8517,PAY008517,20240229,4705,8564.63,SADAD
8518,PAY008518,20230917,4706,8033.41,Credit Card
8519,PAY008519,20251124,4707,13344.99,Credit Card
8520,PAY008520,20251228,4707,64.23,Bank Transfer
8521,PAY008521,20260124,4707,3488.29,Bank Transfer
8522,PAY008522,20260223,4707,5828.37,Cash
8523,PAY008523,20230109,4708,8778.51,SADAD
8524,PAY008524,20260125,4709,1023.39,SADAD
8525,PAY008525,20250206,4710,130.38,Cash
8526,PAY008526,20250308,4710,56.64,Credit Card
8527,PAY008527,20250405,4710,74.99,SADAD
8528,PAY008528,20250509,4710,1508.07,Cash
8529,PAY008529,20230205,4711,210.75,Bank Transfer
8530,PAY008530,20230306,4711,521.19,Cash
8531,PAY008531,20230410,4711,1843.09,Cash
8532,PAY008532,20230507,4711,674.65,Cash
8533,PAY008533,20240803,4712,1939.12,Cash
8534,PAY008534,20220930,4713,12144.95,Cash
8535,PAY008535,20221102,4713,7000.38,Bank Transfer
8536,PAY008536,20221202,4713,11708.59,SADAD
8537,PAY008537,20221230,4713,16815.21,Bank Transfer
8538,PAY008538,20251120,4714,835.87,Credit Card
8539,PAY008539,20251224,4714,3364.61,SADAD
8540,PAY008540,20230808,4715,829.15,SADAD
8541,PAY008541,20230904,4715,1015.3,Credit Card
8542,PAY008542,20250330,4716,168.17,Bank Transfer
8543,PAY008543,20250430,4716,762.33,SADAD
8544,PAY008544,20250531,4716,136.57,Cash
8545,PAY008545,20250630,4716,290.43,SADAD
8546,PAY008546,20240503,4717,5044.27,Bank Transfer
8547,PAY008547,20260122,4718,6213.22,Cash
8548,PAY008548,20250302,4719,10236.34,Credit Card
8549,PAY008549,20230923,4720,1743.66,Bank Transfer
8550,PAY008550,20240723,4721,55.89,Credit Card
8551,PAY008551,20240824,4721,8776.46,Cash
8552,PAY008552,20240926,4721,118.74,Bank Transfer
8553,PAY008553,20241023,4721,3406.77,SADAD
8554,PAY008554,20241211,4722,11283.7,Credit Card
8555,PAY008555,20250107,4722,5786.85,Cash
8556,PAY008556,20240723,4723,9429.04,Cash
8557,PAY008557,20251101,4724,83829.52,Cash
8558,PAY008558,20251011,4725,454.02,Credit Card
8559,PAY008559,20251107,4725,1100.59,Credit Card
8560,PAY008560,20251212,4725,981.47,Credit Card
8561,PAY008561,20260108,4725,781.02,Bank Transfer
8562,PAY008562,20220925,4726,2045.9,Credit Card
8563,PAY008563,20251123,4727,599.26,Credit Card
8564,PAY008564,20251224,4727,5860.41,SADAD
8565,PAY008565,20260125,4727,1019.81,Cash
8566,PAY008566,20260221,4727,872.17,Credit Card
8567,PAY008567,20231123,4728,4820.89,Cash
8568,PAY008568,20231223,4728,1685.35,Cash
8569,PAY008569,20260330,4729,23050.13,Cash
8570,PAY008570,20260209,4730,8437.07,Credit Card
8571,PAY008571,20221111,4731,261.11,Credit Card
8572,PAY008572,20221213,4731,2653.92,Bank Transfer
8573,PAY008573,20230109,4731,910.2,Bank Transfer
8574,PAY008574,20230210,4731,38.84,Bank Transfer
8575,PAY008575,20250111,4732,4191.73,Credit Card
8576,PAY008576,20250212,4732,690.32,Credit Card
8577,PAY008577,20250803,4733,39440.85,SADAD
8578,PAY008578,20240723,4734,2429.53,Credit Card
8579,PAY008579,20240818,4734,1011.48,SADAD
8580,PAY008580,20240919,4734,94.98,SADAD
8581,PAY008581,20241018,4734,1247.17,Bank Transfer
8582,PAY008582,20251211,4735,4863.0,Credit Card
8583,PAY008583,20260113,4735,997.55,SADAD
8584,PAY008584,20250803,4736,1765.75,Bank Transfer
8585,PAY008585,20250831,4736,5148.6,Cash
8586,PAY008586,20240409,4737,7583.1,SADAD
8587,PAY008587,20230724,4738,4444.84,Credit Card
8588,PAY008588,20220728,4739,9224.55,SADAD
8589,PAY008589,20250218,4740,31676.13,SADAD
8590,PAY008590,20250320,4740,53462.68,Bank Transfer
8591,PAY008591,20251227,4741,7369.22,Bank Transfer
8592,PAY008592,20240426,4742,16849.71,Bank Transfer
8593,PAY008593,20230221,4743,7852.22,SADAD
8594,PAY008594,20260522,4744,33573.35,Bank Transfer
8595,PAY008595,20230129,4745,53752.53,SADAD
8596,PAY008596,20251211,4746,1632.7,Credit Card
8597,PAY008597,20251126,4747,45056.75,Bank Transfer
8598,PAY008598,20240829,4748,7910.37,Bank Transfer
8599,PAY008599,20240930,4748,1981.48,Bank Transfer
8600,PAY008600,20250806,4749,190621.27,SADAD
8601,PAY008601,20260102,4750,4529.65,SADAD
8602,PAY008602,20260129,4750,1360.79,SADAD
8603,PAY008603,20220816,4751,7707.83,Bank Transfer
8604,PAY008604,20230201,4752,2092.62,Cash
8605,PAY008605,20250623,4753,10203.01,Credit Card
8606,PAY008606,20251111,4754,1744.89,Cash
8607,PAY008607,20251215,4754,1593.88,Credit Card
8608,PAY008608,20240817,4755,34628.01,Credit Card
8609,PAY008609,20241026,4756,8731.28,SADAD
8610,PAY008610,20241125,4756,13305.99,Credit Card
8611,PAY008611,20250216,4757,1473.7,Bank Transfer
8612,PAY008612,20250715,4758,2666.33,SADAD
8613,PAY008613,20240101,4759,4415.47,Credit Card
8614,PAY008614,20240715,4760,436.46,Credit Card
8615,PAY008615,20240815,4760,366.99,SADAD
8616,PAY008616,20240911,4760,215.02,Cash
8617,PAY008617,20241014,4760,33.19,Bank Transfer
8618,PAY008618,20260116,4761,505.79,SADAD
8619,PAY008619,20260217,4761,719.95,Cash
8620,PAY008620,20250904,4762,308.65,Cash
8621,PAY008621,20251002,4762,687.51,SADAD
8622,PAY008622,20221209,4763,5811.92,SADAD
8623,PAY008623,20230108,4763,3255.08,Credit Card
8624,PAY008624,20250130,4764,82727.7,Bank Transfer
8625,PAY008625,20250709,4765,7965.53,Credit Card
8626,PAY008626,20250809,4765,35237.38,Cash
8627,PAY008627,20250907,4765,9295.27,Bank Transfer
8628,PAY008628,20251007,4765,996.2,Credit Card
8629,PAY008629,20240612,4766,1514.74,SADAD
8630,PAY008630,20240714,4766,214.19,Credit Card
8631,PAY008631,20251216,4767,127757.74,Credit Card
8632,PAY008632,20260125,4768,2896.3,SADAD
8633,PAY008633,20260228,4768,2629.5,Bank Transfer
8634,PAY008634,20240815,4769,13651.12,Credit Card
8635,PAY008635,20220911,4770,11323.21,Bank Transfer
8636,PAY008636,20240829,4771,2368.5,Cash
8637,PAY008637,20240930,4771,4919.82,Bank Transfer
8638,PAY008638,20241026,4771,10174.46,Bank Transfer
8639,PAY008639,20241124,4771,4520.16,SADAD
8640,PAY008640,20230822,4772,10434.25,Cash
8641,PAY008641,20230916,4772,1583.32,Bank Transfer
8642,PAY008642,20230604,4773,1037.46,Credit Card
8643,PAY008643,20230630,4773,940.11,SADAD
8644,PAY008644,20230731,4773,2697.46,Credit Card
8645,PAY008645,20230901,4773,1899.41,Cash
8646,PAY008646,20250318,4774,4160.4,Credit Card
8647,PAY008647,20231001,4775,11206.28,SADAD
8648,PAY008648,20230617,4776,2319.22,SADAD
8649,PAY008649,20240910,4777,714.93,Bank Transfer
8650,PAY008650,20241012,4777,2063.14,Cash
8651,PAY008651,20241027,4778,4548.61,SADAD
8652,PAY008652,20241018,4779,189.75,Bank Transfer
8653,PAY008653,20241117,4779,1288.28,Cash
8654,PAY008654,20241217,4779,341.31,SADAD
8655,PAY008655,20250112,4779,1955.93,Bank Transfer
8656,PAY008656,20251206,4780,18134.54,Credit Card
8657,PAY008657,20260420,4781,21593.3,Cash
8658,PAY008658,20240729,4782,37903.35,Cash
8659,PAY008659,20231209,4783,3305.66,Credit Card
8660,PAY008660,20240315,4784,33482.66,Credit Card
8661,PAY008661,20241211,4785,442.05,Cash
8662,PAY008662,20250109,4785,6723.56,Bank Transfer
8663,PAY008663,20230617,4786,9522.32,Credit Card
8664,PAY008664,20250113,4787,18130.16,Credit Card
8665,PAY008665,20251225,4788,8537.14,Cash
8666,PAY008666,20250214,4789,3115.56,SADAD
8667,PAY008667,20250316,4789,10631.05,Credit Card
8668,PAY008668,20240223,4790,4328.86,Bank Transfer
8669,PAY008669,20260622,4791,27475.24,Cash
8670,PAY008670,20231218,4792,1997.22,Credit Card
8671,PAY008671,20240119,4792,2101.56,SADAD
8672,PAY008672,20240818,4793,26876.88,Credit Card
8673,PAY008673,20240916,4793,6375.41,SADAD
8674,PAY008674,20230929,4794,5537.52,Credit Card
8675,PAY008675,20250220,4795,3580.15,SADAD
8676,PAY008676,20250324,4795,994.45,SADAD
8677,PAY008677,20250419,4795,3676.1,Bank Transfer
8678,PAY008678,20250523,4795,626.29,Cash
8679,PAY008679,20240218,4796,5687.6,Cash
8680,PAY008680,20240320,4796,269.53,Cash
8681,PAY008681,20231019,4797,2510.43,Cash
8682,PAY008682,20231118,4797,96.83,Cash
8683,PAY008683,20260528,4798,1930.28,Cash
8684,PAY008684,20260627,4798,8207.11,Credit Card
8685,PAY008685,20260630,4799,7159.01,Credit Card
8686,PAY008686,20250101,4800,66960.4,Credit Card
8687,PAY008687,20250911,4801,393.34,Cash
8688,PAY008688,20251016,4801,346.78,Cash
8689,PAY008689,20240803,4802,22969.27,Credit Card
8690,PAY008690,20240223,4803,15284.96,Bank Transfer
8691,PAY008691,20240328,4803,3334.57,Cash
8692,PAY008692,20250506,4804,6741.99,Bank Transfer
8693,PAY008693,20250123,4805,1584.82,Bank Transfer
8694,PAY008694,20230413,4806,3610.62,Bank Transfer
8695,PAY008695,20251104,4807,6424.33,Credit Card
8696,PAY008696,20240929,4808,42465.15,Bank Transfer
8697,PAY008697,20250530,4809,1213.55,Bank Transfer
8698,PAY008698,20250122,4810,12086.58,Bank Transfer
8699,PAY008699,20250805,4811,1644.22,Credit Card
8700,PAY008700,20231216,4812,13721.24,Credit Card
8701,PAY008701,20240914,4813,8491.69,Cash
8702,PAY008702,20241009,4813,3845.55,SADAD
8703,PAY008703,20241113,4813,2472.57,Bank Transfer
8704,PAY008704,20241208,4813,3201.32,Bank Transfer
8705,PAY008705,20231104,4814,3080.92,Credit Card
8706,PAY008706,20231201,4814,4551.6,Credit Card
8707,PAY008707,20260326,4815,4157.95,Credit Card
8708,PAY008708,20251203,4816,8000.44,Bank Transfer
8709,PAY008709,20251229,4816,7184.65,Cash
8710,PAY008710,20260130,4816,13397.05,SADAD
8711,PAY008711,20260302,4816,6861.45,SADAD
8712,PAY008712,20230813,4817,1794.62,Bank Transfer
8713,PAY008713,20240511,4818,1585.92,Credit Card
8714,PAY008714,20240613,4818,1211.78,Cash
8715,PAY008715,20250613,4819,6793.25,SADAD
8716,PAY008716,20250502,4820,7628.57,Credit Card
8717,PAY008717,20230729,4821,2491.9,Cash
8718,PAY008718,20250512,4822,32354.32,Cash
8719,PAY008719,20240318,4823,1550.14,SADAD
8720,PAY008720,20231026,4824,8592.7,SADAD
8721,PAY008721,20230918,4825,4274.78,SADAD
8722,PAY008722,20231020,4825,864.51,Bank Transfer
8723,PAY008723,20251212,4826,8409.56,Cash
8724,PAY008724,20260107,4827,1085.72,SADAD
8725,PAY008725,20250615,4828,3164.23,SADAD
8726,PAY008726,20250713,4828,1073.24,SADAD
8727,PAY008727,20250816,4828,1981.36,SADAD
8728,PAY008728,20250915,4828,5115.83,SADAD
8729,PAY008729,20220723,4829,2166.53,Bank Transfer
8730,PAY008730,20220826,4829,422.19,SADAD
8731,PAY008731,20260506,4830,2670.6,Bank Transfer
8732,PAY008732,20260602,4830,729.1,SADAD
8733,PAY008733,20240524,4831,6143.33,Cash
8734,PAY008734,20250614,4832,200.41,Bank Transfer
8735,PAY008735,20250717,4832,1497.31,Credit Card
8736,PAY008736,20250813,4832,1161.8,Cash
8737,PAY008737,20250914,4832,627.28,SADAD
8738,PAY008738,20220721,4833,12676.63,Credit Card
8739,PAY008739,20240722,4834,1908.93,Cash
8740,PAY008740,20220805,4835,13244.26,Bank Transfer
8741,PAY008741,20250424,4836,17218.16,Credit Card
8742,PAY008742,20230207,4837,773.0,Credit Card
8743,PAY008743,20230310,4837,4917.39,Credit Card
8744,PAY008744,20230808,4838,680.97,Cash
8745,PAY008745,20230606,4839,6608.56,Bank Transfer
8746,PAY008746,20230706,4839,3199.91,Bank Transfer
8747,PAY008747,20240904,4840,1628.52,SADAD
8748,PAY008748,20221130,4841,6458.51,Credit Card
8749,PAY008749,20251206,4842,10171.53,Credit Card
8750,PAY008750,20250706,4843,7850.33,Credit Card
8751,PAY008751,20240309,4844,494.12,Credit Card
8752,PAY008752,20240408,4844,1092.69,Cash
8753,PAY008753,20240520,4845,2371.38,Bank Transfer
8754,PAY008754,20240623,4845,16305.8,Cash
8755,PAY008755,20240720,4845,9509.08,SADAD
8756,PAY008756,20240822,4845,8203.0,Bank Transfer
8757,PAY008757,20260124,4846,20591.3,Cash
8758,PAY008758,20240331,4847,4215.84,Credit Card
8759,PAY008759,20260313,4848,6865.15,SADAD
8760,PAY008760,20241020,4849,812.83,Credit Card
8761,PAY008761,20241124,4849,2854.15,Bank Transfer
8762,PAY008762,20241221,4849,325.04,Bank Transfer
8763,PAY008763,20250122,4849,2580.81,Bank Transfer
8764,PAY008764,20240630,4850,3164.72,Credit Card
8765,PAY008765,20240726,4850,3683.19,SADAD
8766,PAY008766,20221227,4851,2734.1,Bank Transfer
8767,PAY008767,20230311,4852,8735.66,Bank Transfer
8768,PAY008768,20230319,4853,4736.62,SADAD
8769,PAY008769,20230416,4853,12201.25,Credit Card
8770,PAY008770,20260407,4854,404.38,Bank Transfer
8771,PAY008771,20260508,4854,7877.77,SADAD
8772,PAY008772,20260605,4854,2605.9,Bank Transfer
8773,PAY008773,20260706,4854,1620.6,Cash
8774,PAY008774,20231106,4855,5532.58,Credit Card
8775,PAY008775,20250215,4856,692.64,Credit Card
8776,PAY008776,20230714,4857,35858.21,Cash
8777,PAY008777,20250927,4858,11063.75,Cash
8778,PAY008778,20251028,4858,2403.38,SADAD
8779,PAY008779,20251130,4858,550.18,SADAD
8780,PAY008780,20251227,4858,1063.16,Bank Transfer
8781,PAY008781,20240620,4859,5422.83,Cash
8782,PAY008782,20260506,4860,5377.45,SADAD
8783,PAY008783,20251113,4861,8913.46,Cash
8784,PAY008784,20251210,4861,1170.16,Cash
8785,PAY008785,20260109,4861,5572.78,Cash
8786,PAY008786,20260211,4861,6774.25,Cash
8787,PAY008787,20260824,4862,15802.63,Cash
8788,PAY008788,20240808,4863,70274.52,Cash
8789,PAY008789,20240204,4864,2690.68,SADAD
8790,PAY008790,20240303,4864,905.59,Credit Card
8791,PAY008791,20240401,4864,798.6,Bank Transfer
8792,PAY008792,20240504,4864,384.54,Credit Card
8793,PAY008793,20260516,4865,511.66,SADAD
8794,PAY008794,20251116,4866,1594.53,SADAD
8795,PAY008795,20260315,4867,56.46,SADAD
8796,PAY008796,20260411,4867,3832.73,Cash
8797,PAY008797,20240724,4868,5127.66,Bank Transfer
8798,PAY008798,20240827,4868,3781.5,Bank Transfer
8799,PAY008799,20240412,4869,28.86,SADAD
8800,PAY008800,20240515,4869,487.14,SADAD
8801,PAY008801,20240611,4869,973.72,Credit Card
8802,PAY008802,20240712,4869,518.01,Bank Transfer
8803,PAY008803,20260620,4870,1128.08,Cash
8804,PAY008804,20260722,4870,388.91,Credit Card
8805,PAY008805,20240113,4871,28896.99,Bank Transfer
8806,PAY008806,20250811,4872,11070.43,SADAD
8807,PAY008807,20230816,4873,1396.45,Credit Card
8808,PAY008808,20230910,4873,2734.02,SADAD
8809,PAY008809,20251104,4874,2991.36,SADAD
8810,PAY008810,20251204,4874,8642.66,Credit Card
8811,PAY008811,20260104,4874,3615.72,Credit Card
8812,PAY008812,20260201,4874,11882.5,Cash
8813,PAY008813,20240216,4875,1531.17,Bank Transfer
8814,PAY008814,20240316,4875,13255.26,SADAD
8815,PAY008815,20260402,4876,870.51,Bank Transfer
8816,PAY008816,20260818,4877,11451.62,Credit Card
8817,PAY008817,20241127,4878,61767.27,Credit Card
8818,PAY008818,20241002,4879,134.54,SADAD
8819,PAY008819,20241030,4879,262.44,Credit Card
8820,PAY008820,20251230,4880,4801.12,Bank Transfer
8821,PAY008821,20240722,4881,185.73,Credit Card
8822,PAY008822,20240823,4881,490.94,SADAD
8823,PAY008823,20240921,4881,317.45,Credit Card
8824,PAY008824,20241023,4881,2896.38,Credit Card
8825,PAY008825,20240503,4882,1671.08,Cash
8826,PAY008826,20240605,4882,2207.09,Credit Card
8827,PAY008827,20250329,4883,25451.68,Credit Card
8828,PAY008828,20250210,4884,6607.94,SADAD
8829,PAY008829,20250313,4884,1593.84,Credit Card
8830,PAY008830,20250411,4884,5395.87,Credit Card
8831,PAY008831,20250515,4884,5719.67,Bank Transfer
8832,PAY008832,20250314,4885,4440.42,Credit Card
8833,PAY008833,20250415,4885,2478.39,Cash
8834,PAY008834,20260403,4886,16748.22,Bank Transfer
8835,PAY008835,20240129,4887,1816.43,Cash
8836,PAY008836,20240229,4887,1184.8,Cash
8837,PAY008837,20240326,4887,156.55,SADAD
8838,PAY008838,20240427,4887,525.52,Credit Card
8839,PAY008839,20250904,4888,1970.62,Bank Transfer
8840,PAY008840,20251005,4888,4837.4,Cash
8841,PAY008841,20251106,4888,3094.66,SADAD
8842,PAY008842,20251207,4888,6858.44,SADAD
8843,PAY008843,20250409,4889,17762.79,Cash
8844,PAY008844,20250428,4890,1248.76,SADAD
8845,PAY008845,20250601,4890,719.45,Bank Transfer
8846,PAY008846,20230720,4891,1038.12,Bank Transfer
8847,PAY008847,20240807,4892,7858.99,Credit Card
8848,PAY008848,20260114,4893,3665.0,Bank Transfer
8849,PAY008849,20250526,4894,24066.3,Cash
8850,PAY008850,20221023,4895,3283.95,Cash
8851,PAY008851,20240315,4896,27.31,Cash
8852,PAY008852,20240414,4896,407.18,Cash
8853,PAY008853,20241222,4897,1603.15,SADAD
8854,PAY008854,20241130,4898,103.8,Credit Card
8855,PAY008855,20241230,4898,5110.38,Cash
8856,PAY008856,20240422,4899,1822.26,Credit Card
8857,PAY008857,20240523,4899,99.28,Credit Card
8858,PAY008858,20241227,4900,51744.16,Credit Card
8859,PAY008859,20260407,4901,1694.87,SADAD
8860,PAY008860,20250925,4902,168604.73,Credit Card
8861,PAY008861,20251022,4902,62340.2,Bank Transfer
8862,PAY008862,20241106,4903,9390.99,SADAD
8863,PAY008863,20240501,4904,4094.23,SADAD
8864,PAY008864,20240531,4904,1081.65,Cash
8865,PAY008865,20240701,4904,6727.17,Bank Transfer
8866,PAY008866,20240727,4904,14837.79,Cash
8867,PAY008867,20251030,4905,18451.98,Credit Card
8868,PAY008868,20260615,4906,3535.78,SADAD
8869,PAY008869,20240120,4907,34903.15,Bank Transfer
8870,PAY008870,20230313,4908,62.86,Cash
8871,PAY008871,20230415,4908,6048.39,Bank Transfer
8872,PAY008872,20230506,4909,7236.07,Bank Transfer
8873,PAY008873,20240403,4910,5491.93,Credit Card
8874,PAY008874,20240502,4910,8529.06,SADAD
8875,PAY008875,20250719,4911,5213.1,Bank Transfer
8876,PAY008876,20250818,4911,2827.04,Credit Card
8877,PAY008877,20240309,4912,27693.49,Bank Transfer
8878,PAY008878,20251216,4913,2214.55,Credit Card
8879,PAY008879,20240426,4914,7787.62,Credit Card
8880,PAY008880,20250611,4915,1690.9,SADAD
8881,PAY008881,20240929,4916,6108.44,Credit Card
8882,PAY008882,20250226,4917,1651.06,SADAD
8883,PAY008883,20250327,4917,3871.89,Bank Transfer
8884,PAY008884,20250428,4917,1322.16,Bank Transfer
8885,PAY008885,20250526,4917,329.09,Cash
8886,PAY008886,20220418,4918,4211.89,SADAD
8887,PAY008887,20220518,4918,3191.61,Bank Transfer
8888,PAY008888,20220615,4918,4059.86,Bank Transfer
8889,PAY008889,20220717,4918,10556.98,SADAD
8890,PAY008890,20260702,4919,23748.8,Bank Transfer
8891,PAY008891,20260121,4920,13803.18,Cash
8892,PAY008892,20260220,4920,10026.5,Cash
8893,PAY008893,20260321,4920,44620.93,Bank Transfer
8894,PAY008894,20260419,4920,13728.34,Cash
8895,PAY008895,20220815,4921,239.85,SADAD
8896,PAY008896,20220914,4921,884.43,SADAD
8897,PAY008897,20221017,4921,91.51,Cash
8898,PAY008898,20221116,4921,730.68,Bank Transfer
8899,PAY008899,20250729,4922,14074.84,SADAD
8900,PAY008900,20241022,4923,877.42,Cash
8901,PAY008901,20251122,4924,5096.8,SADAD
8902,PAY008902,20230605,4925,11853.46,Credit Card
8903,PAY008903,20230705,4925,700.18,Bank Transfer
8904,PAY008904,20220331,4926,46288.85,SADAD
8905,PAY008905,20240914,4927,6455.73,Credit Card
8906,PAY008906,20241015,4927,3725.4,Bank Transfer
8907,PAY008907,20241116,4927,1785.08,SADAD
8908,PAY008908,20241216,4927,2756.28,Bank Transfer
8909,PAY008909,20260421,4928,5030.93,Cash
8910,PAY008910,20260415,4929,3321.49,Cash
8911,PAY008911,20260518,4929,371.11,Cash
8912,PAY008912,20260616,4929,2983.33,Credit Card
8913,PAY008913,20260718,4929,3431.99,SADAD
8914,PAY008914,20230502,4930,1006.29,Cash
8915,PAY008915,20230601,4930,934.35,Cash
8916,PAY008916,20240822,4931,390.22,Cash
8917,PAY008917,20240922,4931,435.96,Credit Card
8918,PAY008918,20240706,4932,16965.04,SADAD
8919,PAY008919,20251225,4933,78807.72,Bank Transfer
8920,PAY008920,20231118,4934,1422.42,Credit Card
8921,PAY008921,20250609,4935,13163.84,Credit Card
8922,PAY008922,20250208,4936,7147.81,Cash
8923,PAY008923,20221223,4937,94.21,Credit Card
8924,PAY008924,20230123,4937,840.96,Bank Transfer
8925,PAY008925,20230422,4938,21291.73,Bank Transfer
8926,PAY008926,20260503,4939,23385.56,Credit Card
8927,PAY008927,20260604,4939,11343.41,Bank Transfer
8928,PAY008928,20251019,4940,7198.69,Bank Transfer
8929,PAY008929,20241017,4941,2965.65,Cash
8930,PAY008930,20241117,4941,1122.74,Cash
8931,PAY008931,20230203,4942,18749.23,SADAD
8932,PAY008932,20230830,4943,8113.16,Bank Transfer
8933,PAY008933,20240406,4944,18488.51,Bank Transfer
8934,PAY008934,20240505,4944,53101.4,Credit Card
8935,PAY008935,20240607,4944,11278.72,Credit Card
8936,PAY008936,20240703,4944,11365.16,Bank Transfer
8937,PAY008937,20250101,4945,2318.56,Bank Transfer
8938,PAY008938,20260204,4946,1943.11,SADAD
8939,PAY008939,20260309,4946,9184.27,Credit Card
8940,PAY008940,20230617,4947,6573.18,Credit Card
8941,PAY008941,20240609,4948,3624.95,Credit Card
8942,PAY008942,20221217,4949,543.73,Cash
8943,PAY008943,20230113,4949,42.41,Cash
8944,PAY008944,20230216,4949,467.77,SADAD
8945,PAY008945,20230314,4949,148.93,SADAD
8946,PAY008946,20241111,4950,2687.6,Credit Card
8947,PAY008947,20241209,4950,609.04,Credit Card
8948,PAY008948,20230427,4951,3983.06,Cash
8949,PAY008949,20250524,4952,90939.06,Bank Transfer
8950,PAY008950,20260123,4953,681.5,Bank Transfer
8951,PAY008951,20251214,4954,204.83,Bank Transfer
8952,PAY008952,20260114,4954,15.38,Cash
8953,PAY008953,20260212,4954,522.94,SADAD
8954,PAY008954,20260314,4954,2701.31,Bank Transfer
8955,PAY008955,20251111,4955,3836.76,Cash
8956,PAY008956,20251213,4955,109.08,SADAD
8957,PAY008957,20260509,4956,3705.87,Cash
8958,PAY008958,20240603,4957,1447.55,Cash
8959,PAY008959,20240704,4957,7340.52,SADAD
8960,PAY008960,20260312,4958,7758.13,Cash
8961,PAY008961,20240517,4959,2181.24,Bank Transfer
8962,PAY008962,20251208,4960,4405.57,Bank Transfer
8963,PAY008963,20260521,4961,5971.47,Credit Card
8964,PAY008964,20250331,4962,56.51,Cash
8965,PAY008965,20250429,4962,388.57,Cash
8966,PAY008966,20250602,4962,774.15,Bank Transfer
8967,PAY008967,20250628,4962,190.46,Credit Card
8968,PAY008968,20240721,4963,1452.51,Cash
8969,PAY008969,20240819,4963,1825.71,SADAD
8970,PAY008970,20240921,4963,3598.43,SADAD
8971,PAY008971,20241017,4963,6727.22,SADAD
8972,PAY008972,20260119,4964,13414.99,Credit Card
8973,PAY008973,20260217,4964,1132.31,Bank Transfer
8974,PAY008974,20260408,4965,4354.7,SADAD
8975,PAY008975,20250427,4966,7380.14,Cash
8976,PAY008976,20240703,4967,38748.12,Cash
8977,PAY008977,20260403,4968,1056.57,Credit Card
8978,PAY008978,20260506,4968,4165.16,Cash
8979,PAY008979,20260605,4968,1153.12,Cash
8980,PAY008980,20260705,4968,709.22,Cash
8981,PAY008981,20230413,4969,24674.66,Cash
8982,PAY008982,20250411,4970,6125.46,Bank Transfer
8983,PAY008983,20250415,4971,24718.83,Cash
8984,PAY008984,20260424,4972,1339.56,Bank Transfer
8985,PAY008985,20260522,4972,1568.04,Bank Transfer
8986,PAY008986,20250204,4973,842.71,SADAD
8987,PAY008987,20260202,4974,1548.14,SADAD
8988,PAY008988,20260303,4974,28.17,Cash
8989,PAY008989,20231118,4975,6272.51,Bank Transfer
8990,PAY008990,20221012,4976,48310.47,Cash
8991,PAY008991,20230813,4977,2100.15,SADAD
8992,PAY008992,20251216,4978,51385.36,SADAD
8993,PAY008993,20241208,4979,943.06,SADAD
8994,PAY008994,20250105,4979,16078.33,Cash
8995,PAY008995,20251220,4980,2115.24,SADAD
8996,PAY008996,20260119,4980,2375.38,Credit Card
8997,PAY008997,20241211,4981,17614.0,Cash
8998,PAY008998,20250617,4982,123350.44,SADAD
8999,PAY008999,20260210,4983,263.84,Cash
9000,PAY009000,20260312,4983,413.89,Bank Transfer
9001,PAY009001,20260414,4983,1046.74,SADAD
9002,PAY009002,20260513,4983,649.6,Cash
9003,PAY009003,20230316,4984,4001.78,Credit Card
9004,PAY009004,20230417,4984,2369.38,Cash
9005,PAY009005,20230722,4985,8919.39,SADAD
9006,PAY009006,20240110,4986,1489.15,Cash
9007,PAY009007,20240207,4986,81.59,Bank Transfer
9008,PAY009008,20260704,4987,2170.37,SADAD
9009,PAY009009,20240807,4988,5057.98,SADAD
9010,PAY009010,20260504,4989,1505.35,Cash
9011,PAY009011,20260605,4989,1.16,Cash
9012,PAY009012,20260630,4989,137.55,Credit Card
9013,PAY009013,20260802,4989,1672.57,SADAD
9014,PAY009014,20230503,4990,3637.0,Bank Transfer
9015,PAY009015,20231111,4991,1733.98,Bank Transfer
9016,PAY009016,20231212,4991,132.51,Credit Card
9017,PAY009017,20240113,4991,65.75,Cash
9018,PAY009018,20240212,4991,2238.91,Credit Card
9019,PAY009019,20250822,4992,29191.62,Bank Transfer
9020,PAY009020,20240327,4993,1648.88,Cash
9021,PAY009021,20241127,4994,11753.11,Credit Card
9022,PAY009022,20240111,4995,33807.78,Cash
9023,PAY009023,20251123,4996,9821.3,SADAD
9024,PAY009024,20251219,4996,19.03,Credit Card
9025,PAY009025,20230610,4997,9497.67,Credit Card
9026,PAY009026,20251006,4998,204.04,SADAD
9027,PAY009027,20251107,4998,1548.31,SADAD
9028,PAY009028,20260115,4999,11285.87,Credit Card
9029,PAY009029,20260211,4999,28269.07,Bank Transfer
9030,PAY009030,20251230,5000,2272.65,Bank Transfer
9031,PAY009031,20241126,5001,42.49,SADAD
9032,PAY009032,20241222,5001,3146.2,SADAD
9033,PAY009033,20250123,5001,5043.53,Bank Transfer
9034,PAY009034,20250220,5001,6895.31,SADAD
9035,PAY009035,20250913,5002,6076.07,Credit Card
9036,PAY009036,20221227,5003,4837.53,Credit Card
9037,PAY009037,20250408,5004,3716.96,SADAD
9038,PAY009038,20250509,5004,318.39,Cash
9039,PAY009039,20251124,5005,900.48,Bank Transfer
9040,PAY009040,20230214,5006,1093.67,Bank Transfer
9041,PAY009041,20230313,5006,965.51,SADAD
9042,PAY009042,20230211,5007,15269.74,SADAD
9043,PAY009043,20250322,5008,621.98,Bank Transfer
9044,PAY009044,20250417,5008,809.1,Credit Card
9045,PAY009045,20250522,5008,2286.29,Bank Transfer
9046,PAY009046,20250620,5008,431.12,Bank Transfer
9047,PAY009047,20240429,5009,4169.55,Cash
9048,PAY009048,20250601,5010,1909.82,SADAD
9049,PAY009049,20251009,5011,5093.11,SADAD
9050,PAY009050,20231130,5012,228.33,Credit Card
9051,PAY009051,20231229,5012,862.0,SADAD
9052,PAY009052,20240127,5012,1578.79,Credit Card
9053,PAY009053,20240224,5012,3001.02,Cash
9054,PAY009054,20251027,5013,3772.87,SADAD
9055,PAY009055,20251201,5013,429.17,Bank Transfer
9056,PAY009056,20251229,5013,47.47,SADAD
9057,PAY009057,20260128,5013,1125.29,Bank Transfer
9058,PAY009058,20231026,5014,62854.92,SADAD
9059,PAY009059,20231126,5014,7269.07,Cash
9060,PAY009060,20241116,5015,54166.15,Credit Card
9061,PAY009061,20241214,5015,44411.45,Cash
9062,PAY009062,20260528,5016,893.72,Bank Transfer
9063,PAY009063,20260630,5016,1460.6,Cash
9064,PAY009064,20260727,5016,244.88,SADAD
9065,PAY009065,20250620,5017,845.51,Cash
9066,PAY009066,20250224,5018,6922.46,SADAD
9067,PAY009067,20250326,5018,6590.28,Bank Transfer
9068,PAY009068,20230817,5019,27014.2,Cash
9069,PAY009069,20250323,5020,1396.25,Cash
9070,PAY009070,20250527,5021,10053.2,Bank Transfer
9071,PAY009071,20240405,5022,7983.24,SADAD
9072,PAY009072,20230101,5023,1409.72,Cash
9073,PAY009073,20250926,5024,50485.84,Credit Card
9074,PAY009074,20260424,5025,1373.64,Bank Transfer
9075,PAY009075,20240704,5026,7700.72,Bank Transfer
9076,PAY009076,20251226,5027,9608.42,SADAD
9077,PAY009077,20231006,5028,9598.57,Bank Transfer
9078,PAY009078,20260225,5029,8459.68,Cash
9079,PAY009079,20260329,5029,7155.59,Credit Card
9080,PAY009080,20220427,5030,27469.29,Credit Card
9081,PAY009081,20251003,5031,9338.84,Cash
9082,PAY009082,20251029,5032,4315.66,Cash
9083,PAY009083,20250203,5033,7483.79,Cash
9084,PAY009084,20250612,5034,745.44,Cash
9085,PAY009085,20250714,5034,2066.67,Bank Transfer
9086,PAY009086,20250812,5034,3367.79,Bank Transfer
9087,PAY009087,20250912,5034,1902.73,Credit Card
9088,PAY009088,20220920,5035,181887.08,Cash
9089,PAY009089,20241223,5036,1702.37,Cash
9090,PAY009090,20250127,5036,1146.97,Cash
9091,PAY009091,20221220,5037,14706.3,Cash
9092,PAY009092,20240301,5038,178396.14,Credit Card
9093,PAY009093,20260806,5039,6773.68,Bank Transfer
9094,PAY009094,20240527,5040,11984.91,Cash
9095,PAY009095,20240625,5040,376.28,Bank Transfer
9096,PAY009096,20260604,5041,4336.63,Bank Transfer
9097,PAY009097,20260705,5041,43712.2,Credit Card
9098,PAY009098,20250309,5042,1740.84,Bank Transfer
9099,PAY009099,20260625,5043,8742.75,SADAD
9100,PAY009100,20250829,5044,36.5,Bank Transfer
9101,PAY009101,20251002,5044,1381.41,Credit Card
9102,PAY009102,20251101,5044,358.17,Bank Transfer
9103,PAY009103,20251127,5044,603.6,SADAD
9104,PAY009104,20250124,5045,3636.1,SADAD
9105,PAY009105,20250303,5046,439.95,Credit Card
9106,PAY009106,20250402,5046,11620.09,SADAD
9107,PAY009107,20250503,5046,1125.25,SADAD
9108,PAY009108,20250529,5046,3605.78,Cash
9109,PAY009109,20231224,5047,1692.22,SADAD
9110,PAY009110,20250413,5048,142.08,Cash
9111,PAY009111,20250514,5048,672.46,Bank Transfer
9112,PAY009112,20250613,5048,39.55,SADAD
9113,PAY009113,20250709,5048,329.97,SADAD
9114,PAY009114,20260616,5049,1525.95,Bank Transfer
9115,PAY009115,20250715,5050,1961.34,Bank Transfer
9116,PAY009116,20250811,5050,172.8,SADAD
9117,PAY009117,20230805,5051,3310.21,Bank Transfer
9118,PAY009118,20250219,5052,12321.98,Credit Card
9119,PAY009119,20250404,5053,8198.79,Credit Card
9120,PAY009120,20231224,5054,545.25,Credit Card
9121,PAY009121,20240122,5054,814.86,SADAD
9122,PAY009122,20240218,5054,2.04,Cash
9123,PAY009123,20240319,5054,150.91,Cash
9124,PAY009124,20230513,5055,1808.99,Bank Transfer
9125,PAY009125,20241113,5056,700.46,Credit Card
9126,PAY009126,20241213,5056,722.73,Bank Transfer
9127,PAY009127,20240902,5057,373.06,Credit Card
9128,PAY009128,20240927,5057,2873.92,Bank Transfer
9129,PAY009129,20240718,5058,4295.87,Credit Card
9130,PAY009130,20240127,5059,9648.57,Cash
9131,PAY009131,20230719,5060,10799.85,Bank Transfer
9132,PAY009132,20230812,5061,6166.49,Bank Transfer
9133,PAY009133,20241015,5062,2154.67,SADAD
9134,PAY009134,20231225,5063,274.68,Bank Transfer
9135,PAY009135,20240129,5063,5101.19,Cash
9136,PAY009136,20240802,5064,509.83,Cash
9137,PAY009137,20240902,5064,2278.0,SADAD
9138,PAY009138,20240930,5064,2145.64,Credit Card
9139,PAY009139,20241028,5064,3740.47,Bank Transfer
9140,PAY009140,20260407,5065,6324.75,Cash
9141,PAY009141,20230719,5066,19401.6,Bank Transfer
9142,PAY009142,20250807,5067,12551.62,Credit Card
9143,PAY009143,20240204,5068,1188.39,Bank Transfer
9144,PAY009144,20230902,5069,5319.75,SADAD
9145,PAY009145,20230930,5069,120.33,Cash
9146,PAY009146,20231031,5069,2885.87,Credit Card
9147,PAY009147,20231202,5069,853.08,Cash
9148,PAY009148,20260509,5070,28016.83,Bank Transfer
9149,PAY009149,20260608,5070,3738.08,Bank Transfer
9150,PAY009150,20241201,5071,8698.91,Bank Transfer
9151,PAY009151,20241229,5071,3406.72,Bank Transfer
9152,PAY009152,20231013,5072,2.16,Cash
9153,PAY009153,20231112,5072,8.45,Bank Transfer
9154,PAY009154,20231212,5072,548.3,SADAD
9155,PAY009155,20240108,5072,123.93,Bank Transfer
9156,PAY009156,20230906,5073,5134.03,Credit Card
9157,PAY009157,20221215,5074,3370.76,Bank Transfer
9158,PAY009158,20230114,5074,1434.09,Credit Card
9159,PAY009159,20230211,5074,1031.91,Bank Transfer
9160,PAY009160,20230314,5074,1513.54,Credit Card
9161,PAY009161,20251104,5075,25359.65,Cash
9162,PAY009162,20260424,5076,8207.58,Cash
9163,PAY009163,20241111,5077,2135.94,Bank Transfer
9164,PAY009164,20241019,5078,16340.32,SADAD
9165,PAY009165,20220906,5079,8282.3,SADAD
9166,PAY009166,20251122,5080,6846.56,Cash
9167,PAY009167,20251224,5080,8460.98,SADAD
9168,PAY009168,20241020,5081,351.94,Cash
9169,PAY009169,20241118,5081,2439.42,Bank Transfer
9170,PAY009170,20241215,5081,428.75,SADAD
9171,PAY009171,20250118,5081,204.93,Cash
9172,PAY009172,20260123,5082,2121.35,SADAD
9173,PAY009173,20250102,5083,136.24,Credit Card
9174,PAY009174,20250205,5083,173.28,Cash
9175,PAY009175,20241021,5084,37025.45,Credit Card
9176,PAY009176,20240121,5085,338.09,SADAD
9177,PAY009177,20251018,5086,4200.14,Credit Card
9178,PAY009178,20231206,5087,16283.59,Credit Card
9179,PAY009179,20251106,5088,2970.08,Bank Transfer
9180,PAY009180,20251207,5088,182.02,Bank Transfer
9181,PAY009181,20260107,5088,4497.66,Cash
9182,PAY009182,20260203,5088,39.38,Bank Transfer
9183,PAY009183,20260119,5089,1200.87,Bank Transfer
9184,PAY009184,20241204,5090,7776.11,Cash
9185,PAY009185,20231221,5091,12620.91,Bank Transfer
9186,PAY009186,20260415,5092,2068.33,SADAD
9187,PAY009187,20260515,5092,1353.25,Bank Transfer
9188,PAY009188,20260618,5092,1711.66,Bank Transfer
9189,PAY009189,20260715,5092,1899.97,Cash
9190,PAY009190,20250901,5093,53.91,SADAD
9191,PAY009191,20251004,5093,1081.8,Credit Card
9192,PAY009192,20250523,5094,4208.12,Bank Transfer
9193,PAY009193,20250620,5094,827.22,SADAD
9194,PAY009194,20260217,5095,6040.15,Cash
9195,PAY009195,20260319,5095,1040.41,SADAD
9196,PAY009196,20260416,5095,15.04,Cash
9197,PAY009197,20260515,5095,637.35,Cash
9198,PAY009198,20251007,5096,9102.41,Bank Transfer
9199,PAY009199,20260423,5097,3626.01,Cash
9200,PAY009200,20241125,5098,1454.65,Cash
9201,PAY009201,20241227,5098,488.59,Credit Card
9202,PAY009202,20250128,5098,7273.06,SADAD
9203,PAY009203,20250223,5098,11259.47,Credit Card
9204,PAY009204,20220926,5099,2059.84,Bank Transfer
9205,PAY009205,20221026,5099,3729.38,Cash
9206,PAY009206,20221121,5099,800.49,Credit Card
9207,PAY009207,20221224,5099,328.28,Credit Card
9208,PAY009208,20240609,5100,9178.92,SADAD
9209,PAY009209,20240711,5100,7965.29,Credit Card
9210,PAY009210,20240501,5101,2935.15,Credit Card
9211,PAY009211,20240531,5101,6925.1,SADAD
9212,PAY009212,20250624,5102,3386.88,Credit Card
9213,PAY009213,20250724,5102,5552.48,Cash
9214,PAY009214,20240722,5103,6589.68,Credit Card
9215,PAY009215,20250116,5104,6704.91,SADAD
9216,PAY009216,20260702,5105,6420.57,Credit Card
9217,PAY009217,20260803,5105,14394.56,Bank Transfer
9218,PAY009218,20251013,5106,661.81,Cash
9219,PAY009219,20260219,5107,4951.32,SADAD
9220,PAY009220,20250702,5108,508.25,SADAD
9221,PAY009221,20250801,5108,993.54,Cash
9222,PAY009222,20250831,5108,428.46,Cash
9223,PAY009223,20251002,5108,7632.0,Credit Card
9224,PAY009224,20230911,5109,21471.84,Credit Card
9225,PAY009225,20250916,5110,3613.07,Bank Transfer
9226,PAY009226,20251016,5110,2001.96,Cash
9227,PAY009227,20240929,5111,7194.87,Cash
9228,PAY009228,20260422,5112,3585.35,Credit Card
9229,PAY009229,20260522,5112,15298.42,Cash
9230,PAY009230,20221231,5113,6949.12,SADAD
9231,PAY009231,20241118,5114,7173.6,SADAD
9232,PAY009232,20260210,5115,8492.09,SADAD
9233,PAY009233,20260316,5115,10916.72,Bank Transfer
9234,PAY009234,20240106,5116,8943.64,Cash
9235,PAY009235,20240627,5117,1567.85,SADAD
9236,PAY009236,20240725,5117,719.01,Bank Transfer
9237,PAY009237,20250817,5118,3724.37,Credit Card
9238,PAY009238,20250916,5118,2656.49,Bank Transfer
9239,PAY009239,20251018,5118,1135.27,Cash
9240,PAY009240,20251117,5118,779.66,SADAD
9241,PAY009241,20240821,5119,1027.33,Cash
9242,PAY009242,20240920,5119,1123.46,Bank Transfer
9243,PAY009243,20241018,5119,4895.32,Credit Card
9244,PAY009244,20241121,5119,831.59,Bank Transfer
9245,PAY009245,20231119,5120,12655.92,Cash
9246,PAY009246,20231217,5120,476.31,SADAD
9247,PAY009247,20240118,5120,13667.86,Bank Transfer
9248,PAY009248,20240215,5120,6286.27,Credit Card
9249,PAY009249,20251123,5121,68.0,Cash
9250,PAY009250,20251222,5121,7201.41,SADAD
9251,PAY009251,20221014,5122,1709.42,Credit Card
9252,PAY009252,20230214,5123,18605.69,Credit Card
9253,PAY009253,20240922,5124,11709.83,Cash
9254,PAY009254,20230919,5125,3984.63,Credit Card
9255,PAY009255,20231022,5125,2324.89,Bank Transfer
9256,PAY009256,20231121,5125,1186.84,SADAD
9257,PAY009257,20231220,5125,1336.54,Cash
9258,PAY009258,20260314,5126,2732.53,Credit Card
9259,PAY009259,20260412,5126,354.35,Cash
9260,PAY009260,20220805,5127,7462.12,SADAD
9261,PAY009261,20250618,5128,18078.08,Credit Card
9262,PAY009262,20220921,5129,6190.81,Cash
9263,PAY009263,20240703,5130,1054.37,Bank Transfer
9264,PAY009264,20240803,5130,1209.77,Bank Transfer
9265,PAY009265,20231013,5131,14489.86,Bank Transfer
9266,PAY009266,20250406,5132,2530.62,SADAD
9267,PAY009267,20250504,5132,454.63,Cash
9268,PAY009268,20250107,5133,82.11,Credit Card
9269,PAY009269,20250205,5133,197.6,Cash
9270,PAY009270,20250309,5133,2109.23,Bank Transfer
9271,PAY009271,20250410,5133,5432.75,Credit Card
9272,PAY009272,20240522,5134,6101.01,SADAD
9273,PAY009273,20240701,5135,8712.58,Credit Card
9274,PAY009274,20260816,5136,11.36,SADAD
9275,PAY009275,20250816,5137,8131.05,Credit Card
9276,PAY009276,20250914,5137,7414.24,Credit Card
9277,PAY009277,20250724,5138,8619.38,Cash
9278,PAY009278,20230616,5139,21538.41,Credit Card
9279,PAY009279,20240123,5140,8070.6,Bank Transfer
9280,PAY009280,20230318,5141,8239.44,SADAD
9281,PAY009281,20250101,5142,11459.24,SADAD
9282,PAY009282,20241107,5143,363.41,Cash
9283,PAY009283,20250714,5144,4141.08,Credit Card
9284,PAY009284,20241126,5145,1855.9,Bank Transfer
9285,PAY009285,20241229,5145,2627.1,Cash
9286,PAY009286,20260624,5146,269.6,Bank Transfer
9287,PAY009287,20260725,5146,1234.78,Cash
9288,PAY009288,20260822,5146,16.43,SADAD
9289,PAY009289,20240914,5147,2546.4,Credit Card
9290,PAY009290,20241013,5147,3325.42,Bank Transfer
9291,PAY009291,20241112,5147,314.95,SADAD
9292,PAY009292,20241212,5147,1897.26,Cash
9293,PAY009293,20240921,5148,381.18,Bank Transfer
9294,PAY009294,20241026,5148,3003.03,Cash
9295,PAY009295,20241122,5148,1810.12,Cash
9296,PAY009296,20241225,5148,30.67,Credit Card
9297,PAY009297,20220311,5149,1932.56,Bank Transfer
9298,PAY009298,20251024,5150,7395.81,Cash
9299,PAY009299,20250219,5151,8600.13,Cash
9300,PAY009300,20250320,5151,258.9,Credit Card
9301,PAY009301,20260201,5152,463.92,Cash
9302,PAY009302,20260301,5152,111.3,SADAD
9303,PAY009303,20260401,5152,616.02,Credit Card
9304,PAY009304,20260429,5152,876.96,Credit Card
9305,PAY009305,20230615,5153,833.64,Bank Transfer
9306,PAY009306,20230718,5153,1146.27,SADAD
9307,PAY009307,20230817,5153,140.7,Credit Card
9308,PAY009308,20230916,5153,413.65,Cash
9309,PAY009309,20231125,5154,15831.73,Cash
9310,PAY009310,20250901,5155,1231.75,Credit Card
9311,PAY009311,20220727,5156,5321.75,SADAD
9312,PAY009312,20220828,5156,262.93,Credit Card
9313,PAY009313,20220925,5156,13719.53,Credit Card
9314,PAY009314,20221024,5156,2773.72,Credit Card
9315,PAY009315,20251004,5157,2444.12,Bank Transfer
9316,PAY009316,20240507,5158,2023.63,Bank Transfer
9317,PAY009317,20231121,5159,1552.07,Cash
9318,PAY009318,20231222,5159,961.66,Bank Transfer
9319,PAY009319,20241019,5160,6824.96,SADAD
9320,PAY009320,20230919,5161,2753.45,Cash
9321,PAY009321,20220908,5162,778.27,Credit Card
9322,PAY009322,20221009,5162,77.8,SADAD
9323,PAY009323,20221107,5162,9.18,Cash
9324,PAY009324,20221208,5162,1553.05,Credit Card
9325,PAY009325,20240624,5163,20736.16,SADAD
9326,PAY009326,20250514,5164,2972.39,Credit Card
9327,PAY009327,20250612,5164,2981.91,Bank Transfer
9328,PAY009328,20240831,5165,686.72,Credit Card
9329,PAY009329,20241112,5166,781.68,Cash
9330,PAY009330,20241211,5166,539.24,Cash
9331,PAY009331,20250110,5166,149.14,SADAD
9332,PAY009332,20250209,5166,269.56,SADAD
9333,PAY009333,20251018,5167,13188.51,Bank Transfer
9334,PAY009334,20251227,5168,60.42,Credit Card
9335,PAY009335,20260122,5168,122.52,Credit Card
9336,PAY009336,20260224,5168,3.4,SADAD
9337,PAY009337,20260323,5168,27.8,Bank Transfer
9338,PAY009338,20251005,5169,1104.96,Credit Card
9339,PAY009339,20251105,5169,1330.61,Credit Card
9340,PAY009340,20240123,5170,42773.48,SADAD
9341,PAY009341,20230220,5171,4204.89,Credit Card
9342,PAY009342,20250302,5172,665.69,Credit Card
9343,PAY009343,20250331,5172,290.97,Cash
9344,PAY009344,20250412,5173,8600.58,SADAD
9345,PAY009345,20241110,5174,5785.67,SADAD
9346,PAY009346,20251204,5175,8827.7,Cash
9347,PAY009347,20260517,5176,614.27,SADAD
9348,PAY009348,20260616,5176,710.21,SADAD
9349,PAY009349,20260717,5176,196.85,SADAD
9350,PAY009350,20260815,5176,2598.58,Bank Transfer
9351,PAY009351,20231122,5177,1711.85,SADAD
9352,PAY009352,20260817,5178,6976.84,Credit Card
9353,PAY009353,20240313,5179,1290.07,SADAD
9354,PAY009354,20260616,5180,27474.47,SADAD
9355,PAY009355,20251203,5181,1282.46,Cash
9356,PAY009356,20251125,5182,21.89,SADAD
9357,PAY009357,20251222,5182,1213.93,Cash
9358,PAY009358,20240326,5183,31004.55,SADAD
9359,PAY009359,20260426,5184,9273.93,Credit Card
9360,PAY009360,20250805,5185,3749.45,Cash
9361,PAY009361,20250903,5185,3959.03,Credit Card
9362,PAY009362,20250629,5186,13604.46,Bank Transfer
9363,PAY009363,20260605,5187,1286.17,Cash
9364,PAY009364,20260703,5187,149.89,Credit Card
9365,PAY009365,20260730,5187,2149.66,Credit Card
9366,PAY009366,20260503,5188,171236.44,SADAD
9367,PAY009367,20250115,5189,16375.26,Bank Transfer
9368,PAY009368,20260422,5190,3289.69,Cash
9369,PAY009369,20250530,5191,895.28,Cash
9370,PAY009370,20240512,5192,5408.87,SADAD
9371,PAY009371,20250509,5193,5363.23,Credit Card
9372,PAY009372,20260531,5194,2035.8,Credit Card
9373,PAY009373,20231018,5195,7611.72,Cash
9374,PAY009374,20250306,5196,80087.87,Cash
9375,PAY009375,20250404,5196,61340.11,Bank Transfer
9376,PAY009376,20231217,5197,8376.03,Credit Card
9377,PAY009377,20240112,5197,3388.68,Cash
9378,PAY009378,20231025,5198,6487.51,SADAD
9379,PAY009379,20250103,5199,504.39,Cash
9380,PAY009380,20250203,5199,1043.07,Credit Card
9381,PAY009381,20250301,5199,2874.75,Bank Transfer
9382,PAY009382,20250330,5199,1320.44,Bank Transfer
9383,PAY009383,20260725,5200,6587.5,Credit Card
9384,PAY009384,20230528,5201,12789.56,SADAD
9385,PAY009385,20231122,5202,678.72,Cash
9386,PAY009386,20240720,5203,1859.42,SADAD
9387,PAY009387,20240822,5203,6642.2,Bank Transfer
9388,PAY009388,20251010,5204,2009.47,Cash
9389,PAY009389,20251107,5204,1344.51,SADAD
9390,PAY009390,20230321,5205,266.62,Credit Card
9391,PAY009391,20230421,5205,780.51,Cash
9392,PAY009392,20230517,5205,5514.46,Bank Transfer
9393,PAY009393,20230617,5205,29.83,SADAD
9394,PAY009394,20241209,5206,141.61,SADAD
9395,PAY009395,20250108,5206,4777.22,Credit Card
9396,PAY009396,20250207,5206,1469.16,Cash
9397,PAY009397,20250304,5206,6477.38,Cash
9398,PAY009398,20231130,5207,1395.48,Cash
9399,PAY009399,20250919,5208,7546.33,Credit Card
9400,PAY009400,20260209,5209,1285.94,Credit Card
9401,PAY009401,20251007,5210,9934.44,Cash
9402,PAY009402,20240608,5211,3048.09,Bank Transfer
9403,PAY009403,20240704,5211,2101.52,Credit Card
9404,PAY009404,20240220,5212,2226.41,Credit Card
9405,PAY009405,20230602,5213,23518.75,SADAD
9406,PAY009406,20220924,5214,462.53,Cash
9407,PAY009407,20221027,5214,285.54,Credit Card
9408,PAY009408,20221126,5214,5.79,Bank Transfer
9409,PAY009409,20221225,5214,668.0,SADAD
9410,PAY009410,20240920,5215,6945.5,Cash
9411,PAY009411,20260413,5216,10747.99,Bank Transfer
9412,PAY009412,20240706,5217,20654.13,Bank Transfer
9413,PAY009413,20240731,5217,694.75,Credit Card
9414,PAY009414,20240209,5218,1956.02,SADAD
9415,PAY009415,20240616,5219,6496.79,Bank Transfer
9416,PAY009416,20240713,5219,2743.85,Cash
9417,PAY009417,20240815,5219,4574.4,Bank Transfer
9418,PAY009418,20240913,5219,10403.48,Credit Card
9419,PAY009419,20260129,5220,2235.95,SADAD
9420,PAY009420,20230615,5221,739.86,SADAD
9421,PAY009421,20241218,5222,288.72,SADAD
9422,PAY009422,20250117,5222,1904.28,SADAD
9423,PAY009423,20250218,5222,1384.67,SADAD
9424,PAY009424,20250316,5222,1619.01,Bank Transfer
9425,PAY009425,20240116,5223,3148.29,Bank Transfer
9426,PAY009426,20240706,5224,8748.59,SADAD
9427,PAY009427,20240623,5225,8938.17,SADAD
9428,PAY009428,20260119,5226,785.18,Bank Transfer
9429,PAY009429,20260222,5226,960.88,Cash
9430,PAY009430,20260319,5226,137.59,Cash
9431,PAY009431,20260422,5226,2137.05,SADAD
9432,PAY009432,20250709,5227,733.09,Credit Card
9433,PAY009433,20250808,5227,832.88,Credit Card
9434,PAY009434,20240430,5228,3391.36,SADAD
9435,PAY009435,20240526,5228,5639.12,Bank Transfer
9436,PAY009436,20260726,5229,1284.3,Credit Card
9437,PAY009437,20230122,5230,1871.73,Credit Card
9438,PAY009438,20230224,5230,5850.38,Credit Card
9439,PAY009439,20260130,5231,3605.05,Cash
9440,PAY009440,20220924,5232,6097.11,Cash
9441,PAY009441,20251115,5233,7999.95,SADAD
9442,PAY009442,20230306,5234,672.76,SADAD
9443,PAY009443,20230407,5234,2854.43,SADAD
9444,PAY009444,20230505,5234,3004.19,Credit Card
9445,PAY009445,20230607,5234,8024.4,SADAD
9446,PAY009446,20241007,5235,4697.34,Credit Card
9447,PAY009447,20241110,5235,456.65,Cash
9448,PAY009448,20241210,5235,380.69,Cash
9449,PAY009449,20250106,5235,1032.18,Bank Transfer
9450,PAY009450,20230919,5236,254.94,Cash
9451,PAY009451,20231021,5236,1006.61,Bank Transfer
9452,PAY009452,20231122,5236,356.39,Cash
9453,PAY009453,20231221,5236,376.4,Credit Card
9454,PAY009454,20250810,5237,2745.99,Credit Card
9455,PAY009455,20250610,5238,10274.92,Cash
9456,PAY009456,20240213,5239,1815.78,Bank Transfer
9457,PAY009457,20240314,5239,1641.17,SADAD
9458,PAY009458,20250612,5240,99.83,Cash
9459,PAY009459,20250713,5240,346.96,Bank Transfer
9460,PAY009460,20250810,5240,220.85,Cash
9461,PAY009461,20250911,5240,190.66,Bank Transfer
9462,PAY009462,20250207,5241,2586.52,Bank Transfer
9463,PAY009463,20250308,5241,606.62,Bank Transfer
9464,PAY009464,20251020,5242,4689.27,SADAD
9465,PAY009465,20240731,5243,80872.25,Bank Transfer
9466,PAY009466,20240901,5243,5318.82,Bank Transfer
9467,PAY009467,20240929,5243,52419.71,SADAD
9468,PAY009468,20241102,5243,34855.77,SADAD
9469,PAY009469,20240804,5244,1162.71,Bank Transfer
9470,PAY009470,20241222,5245,6018.6,Bank Transfer
9471,PAY009471,20250426,5246,4810.75,Bank Transfer
9472,PAY009472,20250524,5246,165375.82,Credit Card
9473,PAY009473,20240608,5247,15868.72,Bank Transfer
9474,PAY009474,20240705,5247,19685.67,Credit Card
9475,PAY009475,20240806,5247,10455.61,Credit Card
9476,PAY009476,20240902,5247,21904.97,Bank Transfer
9477,PAY009477,20231024,5248,6492.7,Bank Transfer
9478,PAY009478,20251020,5249,4228.56,Credit Card
9479,PAY009479,20251120,5249,57.75,Cash
9480,PAY009480,20260212,5250,52154.08,Credit Card
9481,PAY009481,20260314,5250,1346.67,Bank Transfer
9482,PAY009482,20221224,5251,1854.73,Credit Card
9483,PAY009483,20230119,5251,4703.0,Cash
9484,PAY009484,20230816,5252,226638.31,SADAD
9485,PAY009485,20250715,5253,8467.13,Credit Card
9486,PAY009486,20240510,5254,4488.69,SADAD
9487,PAY009487,20260131,5255,2386.9,Cash
9488,PAY009488,20230123,5256,1328.53,Credit Card
9489,PAY009489,20230219,5256,534.83,Cash
9490,PAY009490,20241028,5257,40771.75,Credit Card
9491,PAY009491,20250722,5258,432.65,SADAD
9492,PAY009492,20250818,5258,13988.23,Bank Transfer
9493,PAY009493,20220521,5259,1103.94,SADAD
9494,PAY009494,20220618,5259,73.83,SADAD
9495,PAY009495,20220719,5259,276.7,Credit Card
9496,PAY009496,20220818,5259,314.61,Cash
9497,PAY009497,20251105,5260,368.38,Credit Card
9498,PAY009498,20251206,5260,841.93,Bank Transfer
9499,PAY009499,20230514,5261,2043.59,SADAD
9500,PAY009500,20230614,5261,283.93,SADAD
9501,PAY009501,20250808,5262,19294.3,SADAD
9502,PAY009502,20250527,5263,162558.25,Credit Card
9503,PAY009503,20250624,5263,26909.1,Bank Transfer
9504,PAY009504,20230121,5264,1439.11,SADAD
9505,PAY009505,20230219,5264,445.04,SADAD
9506,PAY009506,20230320,5264,156.0,Bank Transfer
9507,PAY009507,20230420,5264,1006.65,Cash
9508,PAY009508,20241214,5265,968.04,Bank Transfer
9509,PAY009509,20250111,5265,4836.95,Bank Transfer
9510,PAY009510,20250212,5265,1950.69,Bank Transfer
9511,PAY009511,20250311,5265,196.81,Bank Transfer
9512,PAY009512,20220906,5266,33672.28,Bank Transfer
9513,PAY009513,20230506,5267,1126.92,Bank Transfer
9514,PAY009514,20230606,5267,345.94,Credit Card
9515,PAY009515,20230707,5267,1337.36,SADAD
9516,PAY009516,20230806,5267,789.32,Credit Card
9517,PAY009517,20260608,5268,14117.24,Bank Transfer
9518,PAY009518,20250228,5269,4367.18,Bank Transfer
9519,PAY009519,20250928,5270,965.52,Cash
9520,PAY009520,20251027,5270,3912.06,Cash
9521,PAY009521,20251128,5270,266.06,Credit Card
9522,PAY009522,20251226,5270,2109.49,Cash
9523,PAY009523,20230517,5271,10573.69,Cash
9524,PAY009524,20240413,5272,12341.61,SADAD
9525,PAY009525,20240502,5273,2133.36,Credit Card
9526,PAY009526,20240915,5274,3950.64,Credit Card
9527,PAY009527,20250308,5275,12727.82,SADAD
9528,PAY009528,20250130,5276,1940.64,Bank Transfer
9529,PAY009529,20251221,5277,8832.22,Cash
9530,PAY009530,20241009,5278,4723.89,Credit Card
9531,PAY009531,20241105,5278,2284.19,Bank Transfer
9532,PAY009532,20241007,5279,9141.42,Credit Card
9533,PAY009533,20241109,5279,6463.06,Cash
9534,PAY009534,20240219,5280,2260.83,Credit Card
9535,PAY009535,20230618,5281,102557.42,Bank Transfer
9536,PAY009536,20250407,5282,5895.58,SADAD
9537,PAY009537,20250507,5282,493.57,SADAD
9538,PAY009538,20250610,5282,391.45,Cash
9539,PAY009539,20250706,5282,923.65,Bank Transfer
9540,PAY009540,20240108,5283,9175.27,Cash
9541,PAY009541,20241106,5284,53633.14,SADAD
9542,PAY009542,20260304,5285,3565.9,Credit Card
9543,PAY009543,20220801,5286,256.54,Cash
9544,PAY009544,20220903,5286,1754.36,SADAD
9545,PAY009545,20250605,5287,10561.67,Bank Transfer
9546,PAY009546,20250705,5287,3626.62,Cash
9547,PAY009547,20250616,5288,939.23,Cash
9548,PAY009548,20250717,5288,1149.04,Credit Card
9549,PAY009549,20250827,5289,1500.42,Credit Card
9550,PAY009550,20250930,5289,1014.41,SADAD
9551,PAY009551,20251026,5289,1438.2,SADAD
9552,PAY009552,20251128,5289,540.84,SADAD
9553,PAY009553,20240112,5290,8306.12,SADAD
9554,PAY009554,20240409,5291,4317.27,Cash
9555,PAY009555,20240728,5292,4420.89,SADAD
9556,PAY009556,20240829,5292,4399.1,Credit Card
9557,PAY009557,20240313,5293,1675.26,Credit Card
9558,PAY009558,20240429,5294,6748.41,Bank Transfer
9559,PAY009559,20260311,5295,79785.28,Bank Transfer
9560,PAY009560,20251202,5296,12869.9,Credit Card
9561,PAY009561,20260104,5296,5379.8,Bank Transfer
9562,PAY009562,20260131,5296,1707.47,Cash
9563,PAY009563,20260301,5296,3302.73,Cash
9564,PAY009564,20230202,5297,724.61,Credit Card
9565,PAY009565,20230227,5297,429.08,Credit Card
9566,PAY009566,20230330,5297,4311.68,SADAD
9567,PAY009567,20230429,5297,1576.42,Credit Card
9568,PAY009568,20260306,5298,1485.03,Cash
9569,PAY009569,20260531,5299,187.91,SADAD
9570,PAY009570,20260627,5299,646.37,Credit Card
9571,PAY009571,20240130,5300,8733.74,SADAD
9572,PAY009572,20260521,5301,4552.28,Cash
9573,PAY009573,20221129,5302,5050.56,SADAD
9574,PAY009574,20221217,5303,5774.14,Cash
9575,PAY009575,20221106,5304,115900.73,SADAD
9576,PAY009576,20250116,5305,7299.81,Cash
9577,PAY009577,20240826,5306,2102.01,Cash
9578,PAY009578,20240925,5306,9611.52,SADAD
9579,PAY009579,20250130,5307,1781.91,Credit Card
9580,PAY009580,20250301,5307,5691.89,SADAD
9581,PAY009581,20240311,5308,84.45,SADAD
9582,PAY009582,20240410,5308,156.39,Cash
9583,PAY009583,20240509,5308,28.11,Cash
9584,PAY009584,20240609,5308,98.55,Bank Transfer
9585,PAY009585,20230614,5309,2338.39,Cash
9586,PAY009586,20250311,5310,3298.05,Cash
9587,PAY009587,20250411,5310,5675.81,Credit Card
9588,PAY009588,20250509,5310,4791.62,Cash
9589,PAY009589,20250608,5310,19449.52,Bank Transfer
9590,PAY009590,20250907,5311,787.7,Cash
9591,PAY009591,20251004,5311,1292.93,Credit Card
9592,PAY009592,20240603,5312,3373.97,SADAD
9593,PAY009593,20260609,5313,462.14,Credit Card
9594,PAY009594,20260706,5313,2707.23,Bank Transfer
9595,PAY009595,20251212,5314,146882.9,Credit Card
9596,PAY009596,20260304,5315,3048.39,Bank Transfer
9597,PAY009597,20260331,5315,20283.47,Credit Card
9598,PAY009598,20260429,5315,502.35,Bank Transfer
9599,PAY009599,20260601,5315,4120.69,Bank Transfer
9600,PAY009600,20230329,5316,2019.04,Cash
9601,PAY009601,20250506,5317,1900.88,SADAD
9602,PAY009602,20260517,5318,886.97,Bank Transfer
9603,PAY009603,20260612,5318,1564.13,Cash
9604,PAY009604,20260715,5318,445.8,SADAD
9605,PAY009605,20260810,5318,433.0,Cash
9606,PAY009606,20221014,5319,312.24,Credit Card
9607,PAY009607,20221111,5319,4044.16,SADAD
9608,PAY009608,20230524,5320,7092.61,Credit Card
9609,PAY009609,20230627,5320,767.37,Bank Transfer
9610,PAY009610,20260307,5321,2598.09,Cash
9611,PAY009611,20260105,5322,5489.52,SADAD
9612,PAY009612,20260323,5323,7621.74,Credit Card
9613,PAY009613,20230326,5324,836.38,Bank Transfer
9614,PAY009614,20250726,5325,4486.86,Cash
9615,PAY009615,20250823,5325,68307.82,Cash
9616,PAY009616,20240206,5326,91284.98,Cash
9617,PAY009617,20260322,5327,45.35,SADAD
9618,PAY009618,20260422,5327,1256.57,Credit Card
9619,PAY009619,20260522,5327,604.92,Cash
9620,PAY009620,20260623,5327,147.36,SADAD
9621,PAY009621,20231013,5328,2755.95,SADAD
9622,PAY009622,20231115,5328,5036.04,Bank Transfer
9623,PAY009623,20251023,5329,1786.57,Cash
9624,PAY009624,20251126,5329,1322.18,Bank Transfer
9625,PAY009625,20251225,5329,3169.64,Cash
9626,PAY009626,20260121,5329,3398.49,Cash
9627,PAY009627,20260428,5330,14348.36,Credit Card
9628,PAY009628,20260311,5331,7877.85,Credit Card
9629,PAY009629,20230706,5332,3899.73,SADAD
9630,PAY009630,20230804,5332,1318.71,SADAD
9631,PAY009631,20260410,5333,7963.47,Credit Card
9632,PAY009632,20260510,5333,221.01,SADAD
9633,PAY009633,20220429,5334,24051.89,SADAD
9634,PAY009634,20220601,5334,192.66,Credit Card
9635,PAY009635,20251228,5335,6106.84,Cash
9636,PAY009636,20240221,5336,1800.41,Credit Card
9637,PAY009637,20240520,5337,7334.8,Credit Card
9638,PAY009638,20241015,5338,18690.97,Credit Card
9639,PAY009639,20241114,5338,865.98,Bank Transfer
9640,PAY009640,20241215,5338,2821.16,Cash
9641,PAY009641,20250115,5338,706.29,SADAD
9642,PAY009642,20250426,5339,520.17,Credit Card
9643,PAY009643,20250521,5339,159.48,Credit Card
9644,PAY009644,20250623,5339,1515.64,Bank Transfer
9645,PAY009645,20250724,5339,10706.77,Bank Transfer
9646,PAY009646,20260302,5340,2274.95,Credit Card
9647,PAY009647,20260406,5340,368.94,Bank Transfer
9648,PAY009648,20260506,5340,1707.04,Cash
9649,PAY009649,20260602,5340,188.43,Credit Card
9650,PAY009650,20230518,5341,3893.01,SADAD
9651,PAY009651,20230619,5341,1901.51,Bank Transfer
9652,PAY009652,20230718,5341,716.79,Credit Card
9653,PAY009653,20230819,5341,498.02,SADAD
9654,PAY009654,20250303,5342,9639.76,SADAD
9655,PAY009655,20251005,5343,19155.78,Credit Card
9656,PAY009656,20230821,5344,12284.55,Bank Transfer
9657,PAY009657,20230917,5344,5301.1,Bank Transfer
9658,PAY009658,20250622,5345,369.37,SADAD
9659,PAY009659,20240615,5346,3884.32,Cash
9660,PAY009660,20241010,5347,2562.7,Credit Card
9661,PAY009661,20231026,5348,7739.46,Credit Card
9662,PAY009662,20260728,5349,1447.82,Bank Transfer
9663,PAY009663,20220930,5350,3961.55,SADAD
9664,PAY009664,20221029,5350,462.9,SADAD
9665,PAY009665,20251031,5351,1330.6,Cash
9666,PAY009666,20250324,5352,830.2,Credit Card
9667,PAY009667,20250424,5352,3907.92,Credit Card
9668,PAY009668,20220821,5353,3360.81,Cash
9669,PAY009669,20251130,5354,4308.57,Credit Card
9670,PAY009670,20240302,5355,2470.01,Bank Transfer
9671,PAY009671,20251225,5356,723.9,Cash
9672,PAY009672,20260120,5356,69.85,SADAD
9673,PAY009673,20260218,5356,302.17,Cash
9674,PAY009674,20260323,5356,1081.08,Bank Transfer
9675,PAY009675,20250317,5357,1308.04,Bank Transfer
9676,PAY009676,20240406,5358,6392.16,Bank Transfer
9677,PAY009677,20240619,5359,1163.73,Credit Card
9678,PAY009678,20240718,5359,1282.52,Credit Card
9679,PAY009679,20240818,5359,2409.63,Credit Card
9680,PAY009680,20240919,5359,575.77,Credit Card
9681,PAY009681,20250717,5360,170093.19,Credit Card
9682,PAY009682,20240529,5361,11620.6,Bank Transfer
9683,PAY009683,20240628,5361,10679.91,SADAD
9684,PAY009684,20240731,5361,18193.42,Cash
9685,PAY009685,20240830,5361,1562.35,SADAD
9686,PAY009686,20250110,5362,4.74,Credit Card
9687,PAY009687,20250208,5362,1822.69,Bank Transfer
9688,PAY009688,20250311,5362,2341.94,Cash
9689,PAY009689,20250407,5362,2652.13,Bank Transfer
9690,PAY009690,20240929,5363,3089.95,Bank Transfer
9691,PAY009691,20241029,5363,2440.56,SADAD
9692,PAY009692,20241125,5363,139.42,Credit Card
9693,PAY009693,20241225,5363,3.7,Cash
9694,PAY009694,20250904,5364,5329.32,SADAD
9695,PAY009695,20251105,5365,6655.03,Cash
9696,PAY009696,20260421,5366,1489.39,SADAD
9697,PAY009697,20260522,5366,381.38,Credit Card
9698,PAY009698,20260625,5366,509.62,SADAD
9699,PAY009699,20260722,5366,259.83,SADAD
9700,PAY009700,20260306,5367,3597.99,Cash
9701,PAY009701,20240608,5368,11824.39,Cash
9702,PAY009702,20241118,5369,5444.53,SADAD
9703,PAY009703,20260127,5370,1320.01,Bank Transfer
9704,PAY009704,20260224,5370,95.98,Credit Card
9705,PAY009705,20241202,5371,1128.73,Bank Transfer
9706,PAY009706,20241227,5371,1227.04,Bank Transfer
9707,PAY009707,20250301,5372,5997.83,Cash
9708,PAY009708,20250401,5372,148.11,Bank Transfer
9709,PAY009709,20241115,5373,27139.35,Credit Card
9710,PAY009710,20241212,5373,23160.64,SADAD
9711,PAY009711,20240721,5374,26164.45,Cash
9712,PAY009712,20260526,5375,4065.04,Cash
9713,PAY009713,20250324,5376,17385.21,Bank Transfer
9714,PAY009714,20250427,5376,9575.34,SADAD
9715,PAY009715,20241208,5377,762.27,Bank Transfer
9716,PAY009716,20250105,5377,8469.93,SADAD
9717,PAY009717,20240620,5378,597.35,Credit Card
9718,PAY009718,20240721,5378,379.3,Cash
9719,PAY009719,20240525,5379,36017.96,SADAD
9720,PAY009720,20240625,5379,5176.26,Bank Transfer
9721,PAY009721,20240727,5379,21754.68,Credit Card
9722,PAY009722,20240826,5379,19039.73,Cash
9723,PAY009723,20250409,5380,696.37,Bank Transfer
9724,PAY009724,20250506,5380,147.47,Bank Transfer
9725,PAY009725,20250605,5380,871.81,Bank Transfer
9726,PAY009726,20250705,5380,54.81,SADAD
9727,PAY009727,20240607,5381,7623.04,Credit Card
9728,PAY009728,20230719,5382,14126.48,Bank Transfer
9729,PAY009729,20231129,5383,196.15,SADAD
9730,PAY009730,20231227,5383,1358.02,Credit Card
9731,PAY009731,20241031,5384,2788.11,SADAD
9732,PAY009732,20240307,5385,73.29,Credit Card
9733,PAY009733,20240404,5385,1316.95,Cash
9734,PAY009734,20240504,5385,570.64,Credit Card
9735,PAY009735,20240606,5385,577.58,Credit Card
9736,PAY009736,20251126,5386,3.55,Cash
9737,PAY009737,20251227,5386,485.98,Bank Transfer
9738,PAY009738,20260124,5386,680.22,Bank Transfer
9739,PAY009739,20260221,5386,109.99,SADAD
9740,PAY009740,20241230,5387,1359.96,Cash
9741,PAY009741,20250128,5387,1773.94,SADAD
9742,PAY009742,20250225,5387,20931.2,SADAD
9743,PAY009743,20250329,5387,1326.59,SADAD
9744,PAY009744,20260715,5388,7.91,Bank Transfer
9745,PAY009745,20260810,5388,107.21,SADAD
9746,PAY009746,20230324,5389,583.72,SADAD
9747,PAY009747,20230426,5389,4826.1,Cash
9748,PAY009748,20230318,5390,55030.51,Cash
9749,PAY009749,20230419,5390,111358.34,Credit Card
9750,PAY009750,20230517,5390,55367.26,Bank Transfer
9751,PAY009751,20230618,5390,20005.92,SADAD
9752,PAY009752,20260630,5391,4842.56,Cash
9753,PAY009753,20220629,5392,3178.51,Bank Transfer
9754,PAY009754,20260216,5393,785.0,Credit Card
9755,PAY009755,20260318,5393,97.23,Cash
9756,PAY009756,20260415,5393,116.27,Cash
9757,PAY009757,20260514,5393,274.03,Bank Transfer
9758,PAY009758,20251226,5394,7245.65,Cash
9759,PAY009759,20260127,5394,2467.97,SADAD
9760,PAY009760,20221023,5395,162.41,Bank Transfer
9761,PAY009761,20221120,5395,1137.98,Cash
9762,PAY009762,20221222,5395,360.38,Credit Card
9763,PAY009763,20230121,5395,544.16,SADAD
9764,PAY009764,20260321,5396,14053.37,Credit Card
9765,PAY009765,20250328,5397,1225.27,SADAD
9766,PAY009766,20250427,5397,20706.19,Cash
9767,PAY009767,20250529,5397,36830.02,Bank Transfer
9768,PAY009768,20250626,5397,45120.04,Cash
9769,PAY009769,20250605,5398,15379.91,Credit Card
9770,PAY009770,20240920,5399,1543.67,Credit Card
9771,PAY009771,20241122,5400,4470.78,Credit Card
9772,PAY009772,20241218,5400,172.26,Bank Transfer
9773,PAY009773,20251111,5401,3343.29,Cash
9774,PAY009774,20251207,5401,1401.02,Credit Card
9775,PAY009775,20250530,5402,11225.03,SADAD
9776,PAY009776,20250921,5403,940.7,Cash
9777,PAY009777,20251023,5403,425.59,Cash
9778,PAY009778,20240719,5404,13424.23,Credit Card
9779,PAY009779,20240822,5404,6907.73,SADAD
9780,PAY009780,20251213,5405,7407.66,SADAD
9781,PAY009781,20250329,5406,1291.81,Credit Card
9782,PAY009782,20250503,5406,8815.61,SADAD
9783,PAY009783,20260326,5407,2752.26,Cash
9784,PAY009784,20250726,5408,10.81,Credit Card
9785,PAY009785,20250823,5408,2636.9,Cash
9786,PAY009786,20250405,5409,834.37,Credit Card
9787,PAY009787,20240327,5410,11812.2,Cash
9788,PAY009788,20240614,5411,10096.52,Bank Transfer
9789,PAY009789,20230705,5412,7533.75,Cash
9790,PAY009790,20230802,5412,62.78,SADAD
9791,PAY009791,20230901,5412,6282.76,SADAD
9792,PAY009792,20231004,5412,3217.53,Bank Transfer
9793,PAY009793,20251219,5413,1444.17,Cash
9794,PAY009794,20240512,5414,8799.7,SADAD
9795,PAY009795,20241221,5415,858.78,Credit Card
9796,PAY009796,20250122,5415,3871.04,SADAD
9797,PAY009797,20251125,5416,302.69,Cash
9798,PAY009798,20251225,5416,761.62,SADAD
9799,PAY009799,20260127,5416,482.67,Bank Transfer
9800,PAY009800,20260224,5416,2321.67,Credit Card
9801,PAY009801,20260209,5417,3631.67,Bank Transfer
9802,PAY009802,20260313,5417,27.68,SADAD
9803,PAY009803,20260412,5417,98.72,Cash
9804,PAY009804,20260512,5417,10536.86,Cash
9805,PAY009805,20250214,5418,1079.09,Credit Card
9806,PAY009806,20250805,5419,4367.04,Bank Transfer
9807,PAY009807,20260603,5420,1408.8,Cash
9808,PAY009808,20260208,5421,4634.38,Bank Transfer
9809,PAY009809,20240709,5422,929.94,SADAD
9810,PAY009810,20240805,5422,3086.74,Credit Card
9811,PAY009811,20240405,5423,13101.41,Credit Card
9812,PAY009812,20250907,5424,2057.62,Credit Card
9813,PAY009813,20251105,5425,4971.7,Bank Transfer
9814,PAY009814,20251206,5425,1833.21,SADAD
9815,PAY009815,20260105,5425,1538.8,SADAD
9816,PAY009816,20260201,5425,7202.9,Credit Card
9817,PAY009817,20250228,5426,8162.47,SADAD
9818,PAY009818,20231108,5427,136.98,SADAD
9819,PAY009819,20231208,5427,2022.05,Bank Transfer
9820,PAY009820,20240407,5428,498.94,SADAD
9821,PAY009821,20240506,5428,1610.99,Credit Card
9822,PAY009822,20240608,5428,2082.98,Bank Transfer
9823,PAY009823,20240706,5428,761.62,SADAD
9824,PAY009824,20241216,5429,2938.02,Credit Card
9825,PAY009825,20250115,5429,59435.84,SADAD
9826,PAY009826,20250217,5429,128505.32,SADAD
9827,PAY009827,20250318,5429,11245.92,Bank Transfer
9828,PAY009828,20250915,5430,418.41,Credit Card
9829,PAY009829,20251016,5430,1102.18,Cash
9830,PAY009830,20251116,5430,1881.41,SADAD
9831,PAY009831,20251217,5430,2604.56,Credit Card
9832,PAY009832,20250729,5431,6288.4,SADAD
9833,PAY009833,20250827,5431,8275.85,Bank Transfer
9834,PAY009834,20250927,5431,1476.09,Cash
9835,PAY009835,20251028,5431,3839.2,SADAD
9836,PAY009836,20251106,5432,5770.83,Cash
9837,PAY009837,20240701,5433,2377.39,Credit Card
9838,PAY009838,20240729,5433,2696.03,Credit Card
9839,PAY009839,20260504,5434,860.11,SADAD
9840,PAY009840,20260601,5434,674.15,Credit Card
9841,PAY009841,20251010,5435,4959.64,Credit Card
9842,PAY009842,20250623,5436,10559.74,SADAD
9843,PAY009843,20250210,5437,25912.0,Bank Transfer
9844,PAY009844,20241102,5438,7642.33,Bank Transfer
9845,PAY009845,20240622,5439,8260.34,Cash
9846,PAY009846,20230401,5440,605.06,Cash
9847,PAY009847,20230426,5440,388.84,SADAD
9848,PAY009848,20231112,5441,19979.58,Cash
9849,PAY009849,20240215,5442,1907.27,Cash
9850,PAY009850,20240315,5442,1797.14,Cash
9851,PAY009851,20240411,5442,1447.99,Bank Transfer
9852,PAY009852,20240513,5442,8531.92,Bank Transfer
9853,PAY009853,20250630,5443,6622.45,SADAD
9854,PAY009854,20230719,5444,38.02,Cash
9855,PAY009855,20230815,5444,88.17,Credit Card
9856,PAY009856,20230918,5444,95.28,Bank Transfer
9857,PAY009857,20231015,5444,179.3,Credit Card
9858,PAY009858,20241227,5445,5709.39,Cash
9859,PAY009859,20240815,5446,2208.62,Credit Card
9860,PAY009860,20260118,5447,1915.25,Bank Transfer
9861,PAY009861,20240228,5448,27690.3,Credit Card
9862,PAY009862,20260701,5449,109929.44,Cash
9863,PAY009863,20230527,5450,8073.68,SADAD
9864,PAY009864,20230702,5451,2662.84,SADAD
9865,PAY009865,20221103,5452,18537.71,Credit Card
9866,PAY009866,20260530,5453,4760.7,SADAD
9867,PAY009867,20230129,5454,350.04,Credit Card
9868,PAY009868,20230301,5454,4712.76,Credit Card
9869,PAY009869,20230331,5454,17608.66,Bank Transfer
9870,PAY009870,20230427,5454,19303.98,SADAD
9871,PAY009871,20240614,5455,59.04,Credit Card
9872,PAY009872,20240711,5455,86.22,SADAD
9873,PAY009873,20240811,5455,508.76,Cash
9874,PAY009874,20240912,5455,979.11,Bank Transfer
9875,PAY009875,20220608,5456,6880.42,SADAD
9876,PAY009876,20260215,5457,1667.94,Cash
9877,PAY009877,20230710,5458,3249.23,SADAD
9878,PAY009878,20230810,5458,5087.46,Bank Transfer
9879,PAY009879,20230826,5459,2356.83,Credit Card
9880,PAY009880,20230925,5459,286.29,SADAD
9881,PAY009881,20231029,5459,1693.47,Credit Card
9882,PAY009882,20231125,5459,6602.79,Cash
9883,PAY009883,20260130,5460,16031.55,Bank Transfer
9884,PAY009884,20250520,5461,215.06,Bank Transfer
9885,PAY009885,20250618,5461,317.32,Bank Transfer
9886,PAY009886,20250716,5461,475.43,SADAD
9887,PAY009887,20250819,5461,1476.37,Cash
9888,PAY009888,20250514,5462,30826.69,SADAD
9889,PAY009889,20260223,5463,1468.63,SADAD
9890,PAY009890,20251124,5464,13285.38,SADAD
9891,PAY009891,20230722,5465,72.87,Credit Card
9892,PAY009892,20230822,5465,695.54,Cash
9893,PAY009893,20250506,5466,16115.36,Bank Transfer
9894,PAY009894,20240809,5467,7719.24,Bank Transfer
9895,PAY009895,20240719,5468,2506.06,Credit Card
9896,PAY009896,20240820,5468,474.46,Cash
9897,PAY009897,20230913,5469,19636.4,Cash
9898,PAY009898,20230528,5470,18558.6,Cash
9899,PAY009899,20221229,5471,10748.27,Bank Transfer
9900,PAY009900,20241127,5472,417.01,SADAD
9901,PAY009901,20241227,5472,645.27,SADAD
9902,PAY009902,20250126,5472,812.12,Cash
9903,PAY009903,20250225,5472,898.31,SADAD
9904,PAY009904,20260416,5473,1706.55,Cash
9905,PAY009905,20260516,5473,7081.64,SADAD
9906,PAY009906,20241210,5474,3865.07,Cash
9907,PAY009907,20250104,5474,28319.78,Bank Transfer
9908,PAY009908,20240207,5475,985.99,Cash
9909,PAY009909,20240312,5475,527.11,Cash
9910,PAY009910,20240410,5475,1089.26,SADAD
9911,PAY009911,20240507,5475,3556.87,Credit Card
9912,PAY009912,20240205,5476,16967.29,Bank Transfer
9913,PAY009913,20240307,5476,2213.92,Credit Card
9914,PAY009914,20220724,5477,25402.94,Bank Transfer
9915,PAY009915,20220819,5477,1032.88,Cash
9916,PAY009916,20230311,5478,73382.38,Credit Card
9917,PAY009917,20260209,5479,661.26,Cash
9918,PAY009918,20250803,5480,2235.02,Credit Card
9919,PAY009919,20250907,5480,997.74,Bank Transfer
9920,PAY009920,20260517,5481,2909.32,Cash
9921,PAY009921,20260615,5481,687.93,SADAD
9922,PAY009922,20230426,5482,1532.66,Credit Card
9923,PAY009923,20230527,5482,4474.97,Bank Transfer
9924,PAY009924,20260401,5483,5371.82,Bank Transfer
9925,PAY009925,20240305,5484,1177.24,Credit Card
9926,PAY009926,20240406,5484,592.98,Cash
9927,PAY009927,20221028,5485,131.22,Bank Transfer
9928,PAY009928,20221130,5485,2131.22,SADAD
9929,PAY009929,20230929,5486,1428.48,Credit Card
9930,PAY009930,20231102,5486,1593.06,Cash
9931,PAY009931,20231129,5486,1307.47,Credit Card
9932,PAY009932,20231229,5486,179.36,SADAD
9933,PAY009933,20220529,5487,5562.98,Bank Transfer
9934,PAY009934,20230324,5488,48.4,SADAD
9935,PAY009935,20230422,5488,1104.26,Bank Transfer
9936,PAY009936,20230521,5488,1215.68,Cash
9937,PAY009937,20230621,5488,695.32,Credit Card
9938,PAY009938,20230513,5489,4206.14,Cash
9939,PAY009939,20250329,5490,5493.03,Bank Transfer
9940,PAY009940,20250426,5490,639.93,Cash
9941,PAY009941,20260714,5491,2381.42,SADAD
9942,PAY009942,20260814,5491,6666.56,Credit Card
9943,PAY009943,20250806,5492,78695.74,SADAD
9944,PAY009944,20260801,5493,7962.22,Credit Card
9945,PAY009945,20250519,5494,1190.5,Bank Transfer
9946,PAY009946,20230901,5495,7237.97,Cash
9947,PAY009947,20240521,5496,2192.19,Cash
9948,PAY009948,20231211,5497,8980.68,Bank Transfer
9949,PAY009949,20241227,5498,21818.73,Credit Card
9950,PAY009950,20240111,5499,18371.24,Cash
9951,PAY009951,20240716,5500,10704.75,Credit Card
9952,PAY009952,20240812,5500,5322.38,Credit Card
9953,PAY009953,20260615,5501,583.3,Bank Transfer
9954,PAY009954,20260714,5501,52.26,Cash
9955,PAY009955,20260814,5501,572.72,SADAD
9956,PAY009956,20231214,5502,13402.06,Cash
9957,PAY009957,20251203,5503,1312.78,SADAD
9958,PAY009958,20251117,5504,18690.79,Bank Transfer
9959,PAY009959,20240625,5505,2726.98,Credit Card
9960,PAY009960,20240725,5505,1802.08,SADAD
9961,PAY009961,20240824,5505,10358.97,Bank Transfer
9962,PAY009962,20240920,5505,1468.74,Cash
9963,PAY009963,20240826,5506,1734.95,Bank Transfer
9964,PAY009964,20240928,5506,1821.84,Cash
9965,PAY009965,20260221,5507,15052.68,Bank Transfer
9966,PAY009966,20260319,5507,9470.43,SADAD
9967,PAY009967,20230716,5508,9015.94,Bank Transfer
9968,PAY009968,20230814,5508,5788.01,SADAD
9969,PAY009969,20230917,5508,721.48,Cash
9970,PAY009970,20231014,5508,3748.16,Cash
9971,PAY009971,20240321,5509,426.84,SADAD
9972,PAY009972,20240424,5509,1617.35,Bank Transfer
9973,PAY009973,20240524,5509,2214.97,Cash
9974,PAY009974,20240618,5509,6250.97,Bank Transfer
9975,PAY009975,20250928,5510,2147.43,Credit Card
9976,PAY009976,20251028,5510,2262.51,SADAD
9977,PAY009977,20240528,5511,18393.37,Bank Transfer
9978,PAY009978,20260413,5512,91815.81,Cash
9979,PAY009979,20260510,5512,6435.23,Bank Transfer
9980,PAY009980,20260613,5512,62309.38,Bank Transfer
9981,PAY009981,20260714,5512,12547.98,Cash
9982,PAY009982,20260122,5513,1243.68,Credit Card
9983,PAY009983,20251222,5514,7706.97,Bank Transfer
9984,PAY009984,20260118,5514,2938.46,Bank Transfer
9985,PAY009985,20250919,5515,2318.83,Credit Card
9986,PAY009986,20240225,5516,4094.02,SADAD
9987,PAY009987,20250117,5517,2900.08,Bank Transfer
9988,PAY009988,20250216,5517,106.13,Cash
9989,PAY009989,20250318,5517,3811.68,Cash
9990,PAY009990,20250418,5517,12921.5,Credit Card
9991,PAY009991,20250428,5518,9349.51,Cash
9992,PAY009992,20240702,5519,10501.19,SADAD
9993,PAY009993,20250214,5520,3686.65,Cash
9994,PAY009994,20250318,5520,19.07,SADAD
9995,PAY009995,20231015,5521,16042.74,SADAD
9996,PAY009996,20250414,5522,6976.99,Credit Card
9997,PAY009997,20220803,5523,19063.52,SADAD
9998,PAY009998,20220901,5523,2699.93,SADAD
9999,PAY009999,20230610,5524,15649.6,Bank Transfer
10000,PAY010000,20230711,5524,7360.66,Cash
10001,PAY010001,20250901,5525,17648.34,Cash
10002,PAY010002,20250907,5526,1031.69,Credit Card
10003,PAY010003,20250503,5527,3882.16,SADAD
10004,PAY010004,20260628,5528,13621.92,Bank Transfer
10005,PAY010005,20230522,5529,1912.68,SADAD
10006,PAY010006,20230621,5529,551.97,Bank Transfer
10007,PAY010007,20230723,5529,1030.33,Bank Transfer
10008,PAY010008,20230825,5529,2805.98,Bank Transfer
10009,PAY010009,20240724,5530,2342.89,Bank Transfer
10010,PAY010010,20240827,5530,1131.62,SADAD
10011,PAY010011,20240122,5531,1299.7,Bank Transfer
10012,PAY010012,20251013,5532,24674.47,Credit Card
10013,PAY010013,20230726,5533,4226.53,SADAD
10014,PAY010014,20250722,5534,1902.4,Cash
10015,PAY010015,20250826,5535,370.5,Bank Transfer
10016,PAY010016,20250927,5535,292.39,Bank Transfer
10017,PAY010017,20251028,5535,627.97,SADAD
10018,PAY010018,20251126,5535,1791.09,Bank Transfer
10019,PAY010019,20241212,5536,8661.95,SADAD
10020,PAY010020,20240819,5537,476.5,Cash
10021,PAY010021,20240914,5537,2544.06,SADAD
10022,PAY010022,20241015,5537,426.13,Bank Transfer
10023,PAY010023,20241117,5537,1515.68,Credit Card
10024,PAY010024,20260328,5538,1306.35,Cash
10025,PAY010025,20260424,5538,309.74,Bank Transfer
10026,PAY010026,20260222,5539,24659.78,Cash
10027,PAY010027,20231102,5540,22028.95,SADAD
10028,PAY010028,20251021,5541,2823.25,Bank Transfer
10029,PAY010029,20251120,5541,163.11,Credit Card
10030,PAY010030,20251219,5541,418.23,SADAD
10031,PAY010031,20260120,5541,725.45,Cash
10032,PAY010032,20250128,5542,196.3,SADAD
10033,PAY010033,20250304,5542,650.32,SADAD
10034,PAY010034,20250218,5543,8361.82,SADAD
10035,PAY010035,20250323,5543,730.85,Cash
10036,PAY010036,20240327,5544,8700.77,Cash
10037,PAY010037,20250115,5545,423.72,SADAD
10038,PAY010038,20250214,5545,199.82,Credit Card
10039,PAY010039,20250316,5545,858.93,Bank Transfer
10040,PAY010040,20250414,5545,839.2,Credit Card
10041,PAY010041,20240718,5546,15413.81,Credit Card
10042,PAY010042,20240815,5546,26919.68,Bank Transfer
10043,PAY010043,20231130,5547,8980.5,Cash
10044,PAY010044,20260204,5548,1558.52,SADAD
10045,PAY010045,20251124,5549,1551.32,Credit Card
10046,PAY010046,20251222,5549,111.35,Bank Transfer
10047,PAY010047,20230618,5550,9436.39,Credit Card
10048,PAY010048,20230618,5551,918.67,Credit Card
10049,PAY010049,20240429,5552,1442.01,Cash
10050,PAY010050,20240530,5552,2611.81,SADAD
10051,PAY010051,20240627,5552,4379.98,Bank Transfer
10052,PAY010052,20240731,5552,374.08,Cash
10053,PAY010053,20220830,5553,6365.56,Bank Transfer
10054,PAY010054,20221007,5554,8178.24,Bank Transfer
10055,PAY010055,20230812,5555,604.6,Bank Transfer
10056,PAY010056,20230909,5555,568.39,SADAD
10057,PAY010057,20250320,5556,2835.79,Cash
10058,PAY010058,20250421,5556,975.81,Bank Transfer
10059,PAY010059,20250517,5556,2333.26,Bank Transfer
10060,PAY010060,20250616,5556,1205.51,Bank Transfer
10061,PAY010061,20221211,5557,3169.28,Cash
10062,PAY010062,20230109,5557,7848.8,Credit Card
10063,PAY010063,20250908,5558,8318.51,Bank Transfer
10064,PAY010064,20221125,5559,225.6,Cash
10065,PAY010065,20221224,5559,7957.4,Bank Transfer
10066,PAY010066,20230127,5559,7053.01,SADAD
10067,PAY010067,20230225,5559,1219.57,Cash
10068,PAY010068,20240117,5560,4604.24,Bank Transfer
10069,PAY010069,20250521,5561,6150.12,Bank Transfer
10070,PAY010070,20250620,5561,16355.8,Credit Card
10071,PAY010071,20240104,5562,4526.66,Cash
10072,PAY010072,20260515,5563,658.17,Bank Transfer
10073,PAY010073,20260616,5563,1813.33,SADAD
10074,PAY010074,20230803,5564,3464.24,Cash
10075,PAY010075,20230902,5564,1229.22,SADAD
10076,PAY010076,20240911,5565,1319.34,Cash
10077,PAY010077,20251030,5566,7596.6,Cash
10078,PAY010078,20251130,5566,5929.58,SADAD
10079,PAY010079,20251231,5566,1013.5,Credit Card
10080,PAY010080,20260201,5566,2901.45,Credit Card
10081,PAY010081,20260621,5567,7607.87,Credit Card
10082,PAY010082,20251210,5568,1380.51,Cash
10083,PAY010083,20231204,5569,13474.33,Bank Transfer
10084,PAY010084,20220806,5570,954.2,Credit Card
10085,PAY010085,20220904,5570,1082.73,Bank Transfer
10086,PAY010086,20221008,5570,206.74,Credit Card
10087,PAY010087,20221105,5570,3306.14,SADAD
10088,PAY010088,20250726,5571,4367.19,Cash
10089,PAY010089,20250824,5571,9594.59,Bank Transfer
10090,PAY010090,20260418,5572,16.48,Cash
10091,PAY010091,20260518,5572,182.78,Bank Transfer
10092,PAY010092,20260616,5572,110.19,Bank Transfer
10093,PAY010093,20260719,5572,605.68,Credit Card
10094,PAY010094,20251016,5573,2419.31,Cash
10095,PAY010095,20251118,5573,1020.39,Credit Card
10096,PAY010096,20220826,5574,3027.62,Bank Transfer
10097,PAY010097,20220924,5574,1398.99,Bank Transfer
10098,PAY010098,20260617,5575,1290.67,Credit Card
10099,PAY010099,20260720,5575,1576.1,Credit Card
10100,PAY010100,20250419,5576,5334.34,Bank Transfer
10101,PAY010101,20231030,5577,2049.22,Cash
10102,PAY010102,20231127,5577,705.53,Cash
10103,PAY010103,20231226,5577,3188.4,SADAD
10104,PAY010104,20240127,5577,402.84,SADAD
10105,PAY010105,20250616,5578,1729.59,SADAD
10106,PAY010106,20250714,5578,2818.76,Bank Transfer
10107,PAY010107,20250811,5578,963.02,Bank Transfer
10108,PAY010108,20250912,5578,2024.44,Credit Card
10109,PAY010109,20240316,5579,1489.04,Bank Transfer
10110,PAY010110,20240412,5579,207.16,Credit Card
10111,PAY010111,20240516,5579,6753.09,Credit Card
10112,PAY010112,20240613,5579,9451.04,Cash
10113,PAY010113,20250207,5580,8780.44,Bank Transfer
10114,PAY010114,20250309,5580,3471.0,SADAD
10115,PAY010115,20240921,5581,9450.95,Credit Card
10116,PAY010116,20241017,5581,704.62,Credit Card
10117,PAY010117,20241117,5581,1818.82,Bank Transfer
10118,PAY010118,20241219,5581,1144.46,Bank Transfer
10119,PAY010119,20260608,5582,1354.02,Cash
10120,PAY010120,20260224,5583,5788.67,Bank Transfer
10121,PAY010121,20260205,5584,290.34,SADAD
10122,PAY010122,20260307,5584,5292.89,Cash
10123,PAY010123,20250424,5585,14416.86,Bank Transfer
10124,PAY010124,20260330,5586,3999.11,Bank Transfer
10125,PAY010125,20250806,5587,783.87,Bank Transfer
10126,PAY010126,20250902,5587,132.57,Credit Card
10127,PAY010127,20260316,5588,7900.37,Cash
10128,PAY010128,20240413,5589,225825.04,SADAD
10129,PAY010129,20250622,5590,2602.84,Credit Card
10130,PAY010130,20250719,5590,1336.82,Bank Transfer
10131,PAY010131,20260411,5591,13344.3,SADAD
10132,PAY010132,20260119,5592,19587.62,Credit Card
10133,PAY010133,20250808,5593,8572.84,Cash
10134,PAY010134,20241211,5594,11534.96,Cash
10135,PAY010135,20250124,5595,917.8,SADAD
10136,PAY010136,20250225,5595,1758.2,SADAD
10137,PAY010137,20250327,5595,892.18,SADAD
10138,PAY010138,20250426,5595,1660.84,SADAD
10139,PAY010139,20240605,5596,1892.21,Bank Transfer
10140,PAY010140,20250421,5597,3192.44,SADAD
10141,PAY010141,20231208,5598,12266.06,Bank Transfer
10142,PAY010142,20240107,5598,21897.32,SADAD
10143,PAY010143,20260218,5599,540.14,Credit Card
10144,PAY010144,20260318,5599,19.93,SADAD
10145,PAY010145,20260418,5599,488.33,Bank Transfer
10146,PAY010146,20260515,5599,1210.33,Cash
10147,PAY010147,20250219,5600,3017.42,Bank Transfer
10148,PAY010148,20241129,5601,410.79,Credit Card
10149,PAY010149,20241230,5601,2528.76,Cash
10150,PAY010150,20250131,5601,1255.89,Cash
10151,PAY010151,20250303,5601,763.01,Bank Transfer
10152,PAY010152,20260315,5602,19459.4,Cash
10153,PAY010153,20240716,5603,5191.41,Bank Transfer
10154,PAY010154,20240820,5603,9083.66,Credit Card
10155,PAY010155,20231101,5604,828.64,Cash
10156,PAY010156,20230825,5605,3767.51,Bank Transfer
10157,PAY010157,20230925,5605,4666.96,Credit Card
10158,PAY010158,20240428,5606,6344.83,Cash
10159,PAY010159,20230430,5607,1468.51,SADAD
10160,PAY010160,20251011,5608,20880.15,Bank Transfer
10161,PAY010161,20250713,5609,3087.87,SADAD
10162,PAY010162,20250916,5610,1578.13,Cash
10163,PAY010163,20240303,5611,10722.83,Bank Transfer
10164,PAY010164,20250920,5612,50667.52,Cash
10165,PAY010165,20251015,5612,9557.01,Cash
10166,PAY010166,20251114,5612,76775.77,Cash
10167,PAY010167,20251215,5612,21413.16,Bank Transfer
10168,PAY010168,20240404,5613,17939.38,Credit Card
10169,PAY010169,20260123,5614,4961.1,Credit Card
10170,PAY010170,20260222,5614,1514.85,SADAD
10171,PAY010171,20260109,5615,2827.2,Credit Card
10172,PAY010172,20250625,5616,24775.24,Cash
10173,PAY010173,20250102,5617,187.87,Cash
10174,PAY010174,20250130,5617,749.02,Bank Transfer
10175,PAY010175,20260528,5618,1525.33,Bank Transfer
10176,PAY010176,20260616,5619,1748.63,Cash
10177,PAY010177,20240125,5620,4820.46,SADAD
10178,PAY010178,20240219,5620,730.68,Bank Transfer
10179,PAY010179,20240323,5620,1765.86,Cash
10180,PAY010180,20240424,5620,3781.76,SADAD
10181,PAY010181,20251118,5621,8776.83,Bank Transfer
10182,PAY010182,20251102,5622,4137.46,Cash
10183,PAY010183,20231202,5623,5573.26,Cash
10184,PAY010184,20260508,5624,6390.27,Bank Transfer
10185,PAY010185,20231231,5625,8109.92,Bank Transfer
10186,PAY010186,20251118,5626,28402.24,Bank Transfer
10187,PAY010187,20251219,5626,7692.51,Credit Card
10188,PAY010188,20240806,5627,21373.7,Credit Card
10189,PAY010189,20240907,5627,147.8,Cash
10190,PAY010190,20240329,5628,1768.45,Credit Card
10191,PAY010191,20240503,5628,705.07,Credit Card
10192,PAY010192,20240530,5628,6685.9,Cash
10193,PAY010193,20240628,5628,1855.96,Bank Transfer
10194,PAY010194,20240528,5629,23675.21,SADAD
10195,PAY010195,20241209,5630,2342.26,SADAD
10196,PAY010196,20260819,5631,2124.4,Cash
10197,PAY010197,20220428,5632,2043.46,Cash
10198,PAY010198,20250826,5633,676.45,Bank Transfer
10199,PAY010199,20250926,5633,973.72,Bank Transfer
10200,PAY010200,20260109,5634,8203.73,Credit Card
10201,PAY010201,20250313,5635,3468.21,Bank Transfer
10202,PAY010202,20250414,5635,1428.86,Credit Card
10203,PAY010203,20250510,5635,1243.11,Bank Transfer
10204,PAY010204,20250612,5635,668.62,Bank Transfer
10205,PAY010205,20221215,5636,38.76,Cash
10206,PAY010206,20230115,5636,757.5,Bank Transfer
10207,PAY010207,20260324,5637,37586.17,Credit Card
10208,PAY010208,20260818,5638,22831.71,SADAD
10209,PAY010209,20240421,5639,3808.58,Bank Transfer
10210,PAY010210,20251015,5640,407.09,Bank Transfer
10211,PAY010211,20251114,5640,72.86,Credit Card
10212,PAY010212,20251214,5640,901.64,Cash
10213,PAY010213,20260114,5640,474.96,Credit Card
10214,PAY010214,20240317,5641,24.61,SADAD
10215,PAY010215,20240418,5641,737.12,Cash
10216,PAY010216,20240519,5641,505.88,SADAD
10217,PAY010217,20240620,5641,371.32,Cash
10218,PAY010218,20231208,5642,527.18,Credit Card
10219,PAY010219,20240110,5642,224.3,Bank Transfer
10220,PAY010220,20240211,5642,292.4,SADAD
10221,PAY010221,20240311,5642,1841.33,Cash
10222,PAY010222,20250601,5643,2157.82,Cash
10223,PAY010223,20230203,5644,12691.94,SADAD
10224,PAY010224,20260627,5645,440.71,Cash
10225,PAY010225,20260730,5645,4982.5,Bank Transfer
10226,PAY010226,20260731,5646,752.54,Cash
10227,PAY010227,20251208,5647,6822.02,SADAD
10228,PAY010228,20260107,5647,2463.71,Cash
10229,PAY010229,20260203,5647,2190.65,Cash
10230,PAY010230,20260308,5647,4857.07,Cash
10231,PAY010231,20240515,5648,64069.03,SADAD
10232,PAY010232,20240616,5648,3335.92,Bank Transfer
10233,PAY010233,20230424,5649,1032.82,Cash
10234,PAY010234,20230522,5649,5690.7,Bank Transfer
10235,PAY010235,20230620,5649,68.03,Cash
10236,PAY010236,20230724,5649,2574.69,Credit Card
10237,PAY010237,20251009,5650,593.69,Credit Card
10238,PAY010238,20251109,5650,8172.39,Bank Transfer
10239,PAY010239,20230716,5651,3022.96,SADAD
10240,PAY010240,20230814,5651,2992.79,Cash
10241,PAY010241,20240818,5652,170789.72,Bank Transfer
10242,PAY010242,20240523,5653,5395.67,Credit Card
10243,PAY010243,20260521,5654,12261.32,Bank Transfer
10244,PAY010244,20260130,5655,5159.21,Cash
10245,PAY010245,20230517,5656,8647.03,SADAD
10246,PAY010246,20250808,5657,26054.0,SADAD
10247,PAY010247,20251104,5658,8774.54,SADAD
10248,PAY010248,20220722,5659,9.27,SADAD
10249,PAY010249,20220822,5659,413.41,Bank Transfer
10250,PAY010250,20220920,5659,201.65,SADAD
10251,PAY010251,20221017,5659,177.88,Cash
10252,PAY010252,20220904,5660,9878.43,Credit Card
10253,PAY010253,20221015,5661,22177.98,Cash
10254,PAY010254,20251202,5662,8707.21,SADAD
10255,PAY010255,20251230,5662,1246.71,Cash
10256,PAY010256,20231017,5663,1488.71,SADAD
10257,PAY010257,20231120,5663,753.71,Cash
10258,PAY010258,20260329,5664,15380.97,Cash
10259,PAY010259,20260607,5665,7354.93,Cash
10260,PAY010260,20240530,5666,413.54,Credit Card
10261,PAY010261,20240629,5666,12844.72,Bank Transfer
10262,PAY010262,20240517,5667,494.31,Credit Card
10263,PAY010263,20240611,5667,1507.45,SADAD
10264,PAY010264,20240711,5667,7579.11,Bank Transfer
10265,PAY010265,20240815,5667,2927.78,SADAD
10266,PAY010266,20260326,5668,385.57,SADAD
10267,PAY010267,20260428,5668,781.18,Cash
10268,PAY010268,20260528,5668,278.33,Credit Card
10269,PAY010269,20260625,5668,7010.37,Bank Transfer
10270,PAY010270,20230628,5669,41428.33,Credit Card
10271,PAY010271,20260318,5670,7732.0,Bank Transfer
10272,PAY010272,20241130,5671,8521.91,Credit Card
10273,PAY010273,20230823,5672,5485.2,Credit Card
10274,PAY010274,20230630,5673,1571.81,Bank Transfer
10275,PAY010275,20260403,5674,10012.2,Cash
10276,PAY010276,20250217,5675,1248.53,Credit Card
10277,PAY010277,20250822,5676,117853.28,SADAD
10278,PAY010278,20250922,5676,92765.62,Credit Card
10279,PAY010279,20241201,5677,6736.95,Credit Card
10280,PAY010280,20240501,5678,111731.24,SADAD
10281,PAY010281,20230717,5679,5752.29,Credit Card
10282,PAY010282,20240619,5680,3398.85,Cash
10283,PAY010283,20231210,5681,3991.33,Bank Transfer
10284,PAY010284,20240301,5682,8036.09,Bank Transfer
10285,PAY010285,20230502,5683,49966.78,Bank Transfer
10286,PAY010286,20230606,5683,50569.78,Bank Transfer
10287,PAY010287,20230706,5683,90789.47,Cash
10288,PAY010288,20230803,5683,11578.7,SADAD
10289,PAY010289,20230620,5684,15504.86,Bank Transfer
10290,PAY010290,20221209,5685,779.98,Bank Transfer
10291,PAY010291,20250823,5686,2158.72,Cash
10292,PAY010292,20250320,5687,12080.24,Bank Transfer
10293,PAY010293,20250424,5687,2051.85,Cash
10294,PAY010294,20250223,5688,11452.84,Cash
10295,PAY010295,20250325,5688,24967.7,Credit Card
10296,PAY010296,20230617,5689,4916.92,SADAD
10297,PAY010297,20230906,5690,7783.29,Cash
10298,PAY010298,20250119,5691,1537.37,Cash
10299,PAY010299,20250219,5691,1702.11,Cash
10300,PAY010300,20260522,5692,10473.95,Cash
10301,PAY010301,20240201,5693,4570.9,SADAD
10302,PAY010302,20240303,5693,949.29,Bank Transfer
10303,PAY010303,20240403,5693,2556.53,SADAD
10304,PAY010304,20240501,5693,2604.29,SADAD
10305,PAY010305,20230714,5694,4940.08,Bank Transfer
10306,PAY010306,20250430,5695,10829.32,SADAD
10307,PAY010307,20221022,5696,2109.96,Bank Transfer
10308,PAY010308,20260317,5697,748.06,Credit Card
10309,PAY010309,20260416,5697,242.8,SADAD
10310,PAY010310,20260516,5697,392.29,Credit Card
10311,PAY010311,20260616,5697,430.05,Credit Card
10312,PAY010312,20251011,5698,2178.75,Credit Card
10313,PAY010313,20250924,5699,643.89,Cash
10314,PAY010314,20251024,5699,514.33,Credit Card
10315,PAY010315,20250222,5700,7265.25,SADAD
10316,PAY010316,20250320,5700,1511.53,Bank Transfer
10317,PAY010317,20250830,5701,14327.45,Bank Transfer
10318,PAY010318,20230302,5702,22162.78,Bank Transfer
10319,PAY010319,20240711,5703,458.75,SADAD
10320,PAY010320,20240814,5703,6536.47,SADAD
10321,PAY010321,20240913,5703,724.94,Bank Transfer
10322,PAY010322,20241013,5703,816.95,SADAD
10323,PAY010323,20231018,5704,678.25,Cash
10324,PAY010324,20231114,5704,150.39,Credit Card
10325,PAY010325,20240729,5705,10712.49,Credit Card
10326,PAY010326,20240914,5706,12989.19,Cash
10327,PAY010327,20260101,5707,2731.66,Bank Transfer
10328,PAY010328,20260202,5707,2397.87,Cash
10329,PAY010329,20260305,5707,13955.11,SADAD
10330,PAY010330,20260331,5707,384.29,SADAD
10331,PAY010331,20251028,5708,8222.38,SADAD
10332,PAY010332,20240116,5709,8023.95,Cash
10333,PAY010333,20231228,5710,22960.98,Credit Card
10334,PAY010334,20240126,5710,1201.48,Cash
10335,PAY010335,20241106,5711,1299.06,Bank Transfer
10336,PAY010336,20241202,5711,588.13,Cash
10337,PAY010337,20250101,5711,1719.03,SADAD
10338,PAY010338,20250205,5711,4724.1,Credit Card
10339,PAY010339,20230207,5712,6778.17,Credit Card
10340,PAY010340,20230205,5713,2498.15,SADAD
10341,PAY010341,20230311,5713,7013.61,Cash
10342,PAY010342,20250530,5714,35200.29,Bank Transfer
10343,PAY010343,20240312,5715,599.86,SADAD
10344,PAY010344,20240410,5715,2647.41,Bank Transfer
10345,PAY010345,20260527,5716,661.27,Credit Card
10346,PAY010346,20260629,5716,7508.9,Bank Transfer
10347,PAY010347,20260104,5717,4825.88,Cash
10348,PAY010348,20260129,5717,3502.08,SADAD
10349,PAY010349,20240630,5718,56797.29,SADAD
10350,PAY010350,20240316,5719,297.59,Credit Card
10351,PAY010351,20240415,5719,339.44,SADAD
10352,PAY010352,20240511,5719,589.28,Bank Transfer
10353,PAY010353,20240614,5719,9.59,Bank Transfer
10354,PAY010354,20250721,5720,12096.7,Cash
10355,PAY010355,20231110,5721,1675.69,SADAD
10356,PAY010356,20231206,5721,1220.98,Credit Card
10357,PAY010357,20240109,5721,1364.54,Cash
10358,PAY010358,20240203,5721,405.22,SADAD
10359,PAY010359,20230604,5722,1128.36,SADAD
10360,PAY010360,20230702,5722,2788.08,Credit Card
10361,PAY010361,20230801,5722,503.82,SADAD
10362,PAY010362,20230831,5722,4458.97,SADAD
10363,PAY010363,20250331,5723,13165.12,Credit Card
10364,PAY010364,20250716,5724,598.21,SADAD
10365,PAY010365,20250815,5724,521.09,Bank Transfer
10366,PAY010366,20250911,5724,115.12,Cash
10367,PAY010367,20251014,5724,378.92,SADAD
10368,PAY010368,20250829,5725,14893.42,Credit Card
10369,PAY010369,20250428,5726,5408.37,Credit Card
10370,PAY010370,20250526,5726,601.93,Credit Card
10371,PAY010371,20250630,5726,631.25,Credit Card
10372,PAY010372,20250725,5726,6160.5,SADAD
10373,PAY010373,20240118,5727,3686.32,Cash
10374,PAY010374,20250523,5728,2412.73,SADAD
10375,PAY010375,20220726,5729,22737.24,Cash
10376,PAY010376,20250524,5730,684.18,Bank Transfer
10377,PAY010377,20250623,5730,3587.53,Bank Transfer
10378,PAY010378,20250726,5730,1479.16,SADAD
10379,PAY010379,20250821,5730,600.55,Bank Transfer
10380,PAY010380,20251129,5731,326.11,Cash
10381,PAY010381,20260102,5731,368.16,Bank Transfer
10382,PAY010382,20241129,5732,4110.52,Cash
10383,PAY010383,20241227,5732,3106.14,SADAD
10384,PAY010384,20250628,5733,14113.33,Cash
10385,PAY010385,20250729,5733,21014.22,Credit Card
10386,PAY010386,20250828,5733,14266.13,SADAD
10387,PAY010387,20251001,5733,16815.22,Credit Card
10388,PAY010388,20240718,5734,1730.9,Cash
10389,PAY010389,20250727,5735,7679.33,SADAD
10390,PAY010390,20240128,5736,613.83,Cash
10391,PAY010391,20230923,5737,3290.59,SADAD
10392,PAY010392,20240111,5738,2092.51,Credit Card
10393,PAY010393,20240212,5738,82.72,Bank Transfer
10394,PAY010394,20240313,5738,239.89,Cash
10395,PAY010395,20240407,5738,2110.34,SADAD
10396,PAY010396,20241125,5739,772.21,SADAD
10397,PAY010397,20241228,5739,3.37,SADAD
10398,PAY010398,20250124,5739,8.53,Bank Transfer
10399,PAY010399,20250224,5739,245.41,SADAD
10400,PAY010400,20251103,5740,3834.95,Bank Transfer
10401,PAY010401,20250519,5741,6060.98,Bank Transfer
10402,PAY010402,20260421,5742,720.54,SADAD
10403,PAY010403,20260525,5742,2206.46,SADAD
10404,PAY010404,20220802,5743,24044.97,SADAD
10405,PAY010405,20230519,5744,20711.41,SADAD
10406,PAY010406,20250203,5745,3056.57,Credit Card
10407,PAY010407,20250304,5745,1890.18,Credit Card
10408,PAY010408,20250930,5746,4078.34,SADAD
10409,PAY010409,20260602,5747,7452.3,Credit Card
10410,PAY010410,20251027,5748,24635.6,SADAD
10411,PAY010411,20251126,5748,6992.81,Cash
10412,PAY010412,20260514,5749,32273.02,Cash
10413,PAY010413,20260613,5749,12468.41,Cash
10414,PAY010414,20260714,5749,4332.18,Bank Transfer
10415,PAY010415,20260809,5749,8362.5,Cash
10416,PAY010416,20260215,5750,6440.25,SADAD
10417,PAY010417,20250307,5751,611.58,Credit Card
10418,PAY010418,20260120,5752,20439.19,SADAD
10419,PAY010419,20240428,5753,2367.45,Cash
10420,PAY010420,20240528,5753,1803.27,SADAD
10421,PAY010421,20240624,5753,4015.89,Cash
10422,PAY010422,20240727,5753,5428.02,Cash
10423,PAY010423,20240109,5754,2980.72,Bank Transfer
10424,PAY010424,20231110,5755,16449.54,Bank Transfer
10425,PAY010425,20250105,5756,376.83,Credit Card
10426,PAY010426,20250206,5756,185.46,SADAD
10427,PAY010427,20250308,5756,1265.02,SADAD
10428,PAY010428,20250403,5756,113.78,Bank Transfer
10429,PAY010429,20260820,5757,6560.91,Cash
10430,PAY010430,20241130,5758,4405.88,Cash
10431,PAY010431,20240304,5759,28365.49,SADAD
10432,PAY010432,20231028,5760,7763.18,Credit Card
10433,PAY010433,20260726,5761,601.58,Credit Card
10434,PAY010434,20260824,5761,1083.75,Cash
10435,PAY010435,20251113,5762,122274.95,Cash
10436,PAY010436,20251211,5762,700.18,Cash
10437,PAY010437,20230601,5763,615.51,SADAD
10438,PAY010438,20230702,5763,405.39,SADAD
10439,PAY010439,20230731,5763,439.34,Credit Card
10440,PAY010440,20230831,5763,1793.3,Cash
10441,PAY010441,20230114,5764,819.9,Credit Card
10442,PAY010442,20230215,5764,724.87,SADAD
10443,PAY010443,20230319,5764,2568.21,SADAD
10444,PAY010444,20230416,5764,966.03,Credit Card
10445,PAY010445,20240702,5765,88.92,Cash
10446,PAY010446,20240730,5765,118.88,SADAD
10447,PAY010447,20240828,5765,53.62,Cash
10448,PAY010448,20240929,5765,18.73,Bank Transfer
10449,PAY010449,20221023,5766,7929.23,SADAD
10450,PAY010450,20240716,5767,29400.85,Bank Transfer
10451,PAY010451,20240815,5767,18436.87,Bank Transfer
10452,PAY010452,20240914,5767,84267.69,SADAD
10453,PAY010453,20241017,5767,32529.94,Cash
10454,PAY010454,20251218,5768,74.71,SADAD
10455,PAY010455,20260118,5768,371.53,Credit Card
10456,PAY010456,20260216,5768,602.36,Bank Transfer
10457,PAY010457,20260323,5768,295.62,SADAD
10458,PAY010458,20240518,5769,545.01,Bank Transfer
10459,PAY010459,20240614,5769,3632.35,Cash
10460,PAY010460,20240716,5769,1447.29,Cash
10461,PAY010461,20240816,5769,2532.05,Credit Card
10462,PAY010462,20241230,5770,7124.95,SADAD
10463,PAY010463,20260305,5771,8442.33,SADAD
10464,PAY010464,20260330,5771,2816.96,Cash
10465,PAY010465,20220922,5772,4212.79,Cash
10466,PAY010466,20260518,5773,34862.99,SADAD
10467,PAY010467,20260201,5774,990.92,Credit Card
10468,PAY010468,20250805,5775,596.06,SADAD
10469,PAY010469,20250831,5775,1359.75,Credit Card
10470,PAY010470,20250930,5775,847.7,Bank Transfer
10471,PAY010471,20251101,5775,663.16,Credit Card
10472,PAY010472,20220418,5776,1658.0,SADAD
10473,PAY010473,20220516,5776,585.08,Cash
10474,PAY010474,20230210,5777,1339.6,SADAD
10475,PAY010475,20230316,5777,4954.55,SADAD
10476,PAY010476,20241226,5778,2150.33,Credit Card
10477,PAY010477,20250321,5779,7182.22,Bank Transfer
10478,PAY010478,20241229,5780,3057.68,Bank Transfer
10479,PAY010479,20250126,5780,3144.42,Bank Transfer
10480,PAY010480,20250226,5780,840.81,Bank Transfer
10481,PAY010481,20250327,5780,689.71,SADAD
10482,PAY010482,20260307,5781,12051.85,Credit Card
10483,PAY010483,20230331,5782,446.92,Bank Transfer
10484,PAY010484,20230409,5783,2003.22,Credit Card
10485,PAY010485,20241110,5784,6071.66,Credit Card
10486,PAY010486,20260207,5785,2671.81,SADAD
10487,PAY010487,20260311,5785,9120.49,SADAD
10488,PAY010488,20251002,5786,16413.05,Credit Card
10489,PAY010489,20251031,5786,4274.1,Bank Transfer
10490,PAY010490,20241210,5787,1514.65,SADAD
10491,PAY010491,20250108,5787,4425.75,Credit Card
10492,PAY010492,20250211,5787,7157.41,Credit Card
10493,PAY010493,20250310,5787,855.04,Cash
10494,PAY010494,20230402,5788,1210.04,Cash
10495,PAY010495,20230501,5788,650.88,Bank Transfer
10496,PAY010496,20230527,5788,4067.4,Credit Card
10497,PAY010497,20230626,5788,344.13,Credit Card
10498,PAY010498,20240218,5789,6328.84,Credit Card
10499,PAY010499,20250206,5790,685.29,Credit Card
10500,PAY010500,20250305,5790,427.27,Cash
10501,PAY010501,20250407,5790,2466.38,Credit Card
10502,PAY010502,20250509,5790,3863.62,Credit Card
10503,PAY010503,20251114,5791,72.89,Bank Transfer
10504,PAY010504,20251218,5791,1038.54,Bank Transfer
10505,PAY010505,20260115,5791,417.56,Cash
10506,PAY010506,20260217,5791,2755.65,SADAD
10507,PAY010507,20260130,5792,464.48,SADAD
10508,PAY010508,20260302,5792,2350.77,Credit Card
10509,PAY010509,20260402,5792,2855.06,Credit Card
10510,PAY010510,20260505,5792,628.1,Bank Transfer
10511,PAY010511,20250425,5793,3323.59,Bank Transfer
10512,PAY010512,20250525,5793,1814.63,SADAD
10513,PAY010513,20241204,5794,3662.79,Cash
10514,PAY010514,20250102,5794,1271.6,Bank Transfer
10515,PAY010515,20250204,5794,2618.97,Cash
10516,PAY010516,20250307,5794,350.67,Credit Card
10517,PAY010517,20251117,5795,7586.99,Credit Card
10518,PAY010518,20260615,5796,1559.39,Bank Transfer
10519,PAY010519,20240710,5797,1779.36,Credit Card
10520,PAY010520,20240806,5797,155.95,Cash
10521,PAY010521,20240503,5798,7300.24,Cash
10522,PAY010522,20221213,5799,3285.1,Credit Card
10523,PAY010523,20250607,5800,14980.81,Cash
10524,PAY010524,20231004,5801,4992.99,SADAD
10525,PAY010525,20231010,5802,4137.66,Bank Transfer
10526,PAY010526,20240428,5803,10228.12,Cash
10527,PAY010527,20250622,5804,28097.8,Bank Transfer
10528,PAY010528,20260408,5805,3108.28,Bank Transfer
10529,PAY010529,20260509,5805,4308.3,Bank Transfer
10530,PAY010530,20220429,5806,3733.09,SADAD
10531,PAY010531,20220528,5806,1896.45,Cash
10532,PAY010532,20220629,5806,2520.42,SADAD
10533,PAY010533,20220729,5806,320.78,Bank Transfer
10534,PAY010534,20231208,5807,3848.17,Cash
10535,PAY010535,20260723,5808,5196.05,Cash
10536,PAY010536,20260822,5808,5117.64,Cash
10537,PAY010537,20260613,5809,8677.99,Cash
10538,PAY010538,20251128,5810,2865.8,SADAD
10539,PAY010539,20221202,5811,3277.88,Bank Transfer
10540,PAY010540,20230103,5811,423.21,Bank Transfer
10541,PAY010541,20230709,5812,881.16,Cash
10542,PAY010542,20230804,5812,276.25,Bank Transfer
10543,PAY010543,20230904,5812,367.83,Bank Transfer
10544,PAY010544,20231005,5812,756.73,Bank Transfer
10545,PAY010545,20260424,5813,1317.54,Bank Transfer
10546,PAY010546,20260522,5813,118.39,Credit Card
10547,PAY010547,20250107,5814,1411.65,Credit Card
10548,PAY010548,20250207,5814,770.38,Cash
10549,PAY010549,20260205,5815,7672.24,Cash
10550,PAY010550,20240715,5816,95.88,Credit Card
10551,PAY010551,20240811,5816,4719.41,Credit Card
10552,PAY010552,20260527,5817,855.52,Credit Card
10553,PAY010553,20240821,5818,248531.75,Credit Card
10554,PAY010554,20231209,5819,7609.25,Cash
10555,PAY010555,20230827,5820,83.57,Bank Transfer
10556,PAY010556,20231001,5820,526.94,Credit Card
10557,PAY010557,20231029,5820,3002.11,Credit Card
10558,PAY010558,20231125,5820,1730.09,Credit Card
10559,PAY010559,20221208,5821,22480.7,Credit Card
10560,PAY010560,20240605,5822,6318.45,Credit Card
10561,PAY010561,20240522,5823,2581.44,Credit Card
10562,PAY010562,20240619,5823,1023.1,Credit Card
10563,PAY010563,20250923,5824,2022.31,Credit Card
10564,PAY010564,20251022,5824,1711.74,Bank Transfer
10565,PAY010565,20251118,5824,2515.17,Cash
10566,PAY010566,20251221,5824,5346.61,Credit Card
10567,PAY010567,20220930,5825,2253.32,Cash
10568,PAY010568,20221103,5825,6898.25,Credit Card
10569,PAY010569,20240621,5826,1315.3,Credit Card
10570,PAY010570,20240723,5826,2374.88,Credit Card
10571,PAY010571,20240821,5826,1930.4,Cash
10572,PAY010572,20240919,5826,2825.35,Bank Transfer
10573,PAY010573,20240724,5827,6525.65,Credit Card
10574,PAY010574,20251212,5828,3444.89,Cash
10575,PAY010575,20250223,5829,52635.28,Cash
10576,PAY010576,20240105,5830,4965.88,Credit Card
10577,PAY010577,20221111,5831,8515.65,Cash
10578,PAY010578,20260423,5832,1731.07,SADAD
10579,PAY010579,20230421,5833,2935.79,SADAD
10580,PAY010580,20230522,5833,7501.36,SADAD
10581,PAY010581,20250909,5834,1252.49,SADAD
10582,PAY010582,20260102,5835,197324.88,Cash
10583,PAY010583,20240815,5836,1630.0,Credit Card
10584,PAY010584,20240911,5836,6245.81,SADAD
10585,PAY010585,20230123,5837,1123.47,Bank Transfer
10586,PAY010586,20230224,5837,430.47,Credit Card
10587,PAY010587,20230326,5837,514.78,Bank Transfer
10588,PAY010588,20230420,5837,329.31,Cash
10589,PAY010589,20221231,5838,3375.72,Bank Transfer
10590,PAY010590,20230201,5838,901.02,Credit Card
10591,PAY010591,20230301,5838,67.52,Cash
10592,PAY010592,20230402,5838,243.41,Bank Transfer
10593,PAY010593,20251125,5839,3783.17,Credit Card
10594,PAY010594,20250112,5840,6056.96,SADAD
10595,PAY010595,20250211,5840,4078.64,Bank Transfer
10596,PAY010596,20221220,5841,3065.01,Cash
10597,PAY010597,20250614,5842,14070.04,Credit Card
10598,PAY010598,20260709,5843,455.95,Cash
10599,PAY010599,20260808,5843,209.5,Credit Card
10600,PAY010600,20250109,5844,15654.18,Credit Card
10601,PAY010601,20241205,5845,38878.05,SADAD
10602,PAY010602,20260425,5846,19122.84,Bank Transfer
10603,PAY010603,20231114,5847,930.39,Cash
10604,PAY010604,20231213,5847,1758.85,Credit Card
10605,PAY010605,20241105,5848,1621.8,SADAD
10606,PAY010606,20241124,5849,5148.24,Cash
10607,PAY010607,20240121,5850,4367.19,SADAD
10608,PAY010608,20230103,5851,3047.66,SADAD
10609,PAY010609,20230201,5851,2932.63,Credit Card
10610,PAY010610,20230724,5852,117933.65,Bank Transfer
10611,PAY010611,20250326,5853,369.2,Cash
10612,PAY010612,20250428,5853,1976.95,SADAD
10613,PAY010613,20231104,5854,173.07,SADAD
10614,PAY010614,20231204,5854,8155.05,Credit Card
10615,PAY010615,20231215,5855,4500.34,SADAD
10616,PAY010616,20240119,5856,10431.41,SADAD
10617,PAY010617,20240217,5856,21460.56,Bank Transfer
10618,PAY010618,20260205,5857,4501.42,Cash
10619,PAY010619,20260309,5857,959.37,Bank Transfer
10620,PAY010620,20250511,5858,55.79,Bank Transfer
10621,PAY010621,20250606,5858,3571.87,SADAD
10622,PAY010622,20241125,5859,111042.02,Cash
10623,PAY010623,20250908,5860,5716.96,Credit Card
10624,PAY010624,20240812,5861,8321.15,Credit Card
10625,PAY010625,20251202,5862,7451.13,Cash
10626,PAY010626,20240112,5863,6537.11,SADAD
10627,PAY010627,20251116,5864,1829.54,Bank Transfer
10628,PAY010628,20251216,5864,14888.64,Bank Transfer
10629,PAY010629,20221231,5865,2999.2,Cash
10630,PAY010630,20230131,5865,717.95,Bank Transfer
10631,PAY010631,20250902,5866,1698.06,Bank Transfer
10632,PAY010632,20251001,5866,3853.85,Bank Transfer
10633,PAY010633,20250619,5867,5503.8,Credit Card
10634,PAY010634,20250718,5867,362.45,SADAD
10635,PAY010635,20231018,5868,441.52,Credit Card
10636,PAY010636,20231116,5868,719.63,Credit Card
10637,PAY010637,20250523,5869,1218.47,Credit Card
10638,PAY010638,20250430,5870,5414.71,Bank Transfer
10639,PAY010639,20260505,5871,73850.64,SADAD
10640,PAY010640,20260201,5872,945.84,SADAD
10641,PAY010641,20260227,5872,3012.9,SADAD
10642,PAY010642,20260330,5872,8228.54,SADAD
10643,PAY010643,20260501,5872,3109.84,SADAD
10644,PAY010644,20250704,5873,5100.05,Cash
10645,PAY010645,20250804,5873,1249.3,Cash
10646,PAY010646,20250903,5873,329.45,Credit Card
10647,PAY010647,20251002,5873,523.64,Cash
10648,PAY010648,20240825,5874,8520.57,Credit Card
10649,PAY010649,20260415,5875,8089.81,Bank Transfer
10650,PAY010650,20230713,5876,17954.49,Cash
10651,PAY010651,20230807,5876,5360.98,SADAD
10652,PAY010652,20250224,5877,1479.62,Bank Transfer
10653,PAY010653,20241231,5878,58.45,Credit Card
10654,PAY010654,20250130,5878,3814.06,SADAD
10655,PAY010655,20250227,5878,2309.64,Credit Card
10656,PAY010656,20250329,5878,2018.91,Credit Card
10657,PAY010657,20240111,5879,8277.19,Credit Card
10658,PAY010658,20230801,5880,895.25,Cash
10659,PAY010659,20230830,5880,1081.93,Bank Transfer
10660,PAY010660,20230426,5881,779.54,Cash
10661,PAY010661,20240410,5882,2888.91,Credit Card
10662,PAY010662,20240507,5882,2460.23,SADAD
10663,PAY010663,20240522,5883,2392.99,Bank Transfer
10664,PAY010664,20240820,5884,2078.19,SADAD
10665,PAY010665,20251020,5885,1225.28,Cash
10666,PAY010666,20240924,5886,1716.73,Bank Transfer
10667,PAY010667,20221219,5887,19301.88,Cash
10668,PAY010668,20250623,5888,5249.17,SADAD
10669,PAY010669,20240409,5889,510.88,Bank Transfer
10670,PAY010670,20240509,5889,1372.84,SADAD
10671,PAY010671,20250207,5890,44880.64,Bank Transfer
10672,PAY010672,20231215,5891,4581.95,Bank Transfer
10673,PAY010673,20251001,5892,801.94,SADAD
10674,PAY010674,20251030,5892,713.58,Cash
10675,PAY010675,20251129,5892,373.54,SADAD
10676,PAY010676,20251229,5892,823.98,Bank Transfer
10677,PAY010677,20250321,5893,7864.91,SADAD
10678,PAY010678,20250604,5894,940.51,Cash
10679,PAY010679,20250707,5894,5928.2,SADAD
10680,PAY010680,20241108,5895,1403.86,SADAD
10681,PAY010681,20241210,5895,158.16,SADAD
10682,PAY010682,20250107,5895,3999.21,SADAD
10683,PAY010683,20250204,5895,2676.71,Bank Transfer
10684,PAY010684,20260112,5896,4617.72,Cash
10685,PAY010685,20241122,5897,11364.51,Cash
10686,PAY010686,20240907,5898,45.72,Credit Card
10687,PAY010687,20241005,5898,183.58,Bank Transfer
10688,PAY010688,20241105,5898,208.59,SADAD
10689,PAY010689,20241208,5898,1444.97,SADAD
10690,PAY010690,20250616,5899,345.79,Bank Transfer
10691,PAY010691,20250718,5899,1066.86,Credit Card
10692,PAY010692,20250819,5899,669.52,Credit Card
10693,PAY010693,20250917,5899,4272.26,SADAD
10694,PAY010694,20230903,5900,5467.76,SADAD
10695,PAY010695,20250313,5901,7801.56,Cash
10696,PAY010696,20250422,5902,3124.26,SADAD
10697,PAY010697,20250521,5902,15278.08,Credit Card
10698,PAY010698,20250620,5902,6114.35,SADAD
10699,PAY010699,20250725,5902,1698.82,SADAD
10700,PAY010700,20231011,5903,7232.83,Cash
10701,PAY010701,20230109,5904,1663.7,SADAD
10702,PAY010702,20230210,5904,6772.88,Cash
10703,PAY010703,20230310,5904,279.32,SADAD
10704,PAY010704,20230406,5904,7051.24,Credit Card
10705,PAY010705,20250728,5905,898.15,Cash
10706,PAY010706,20250827,5905,814.16,Credit Card
10707,PAY010707,20250928,5905,1167.65,Credit Card
10708,PAY010708,20251025,5905,812.86,Bank Transfer
10709,PAY010709,20241211,5906,2119.29,Credit Card
10710,PAY010710,20250111,5906,2517.42,Credit Card
10711,PAY010711,20231122,5907,111330.93,SADAD
10712,PAY010712,20230620,5908,6244.18,Credit Card
10713,PAY010713,20250327,5909,5942.31,Cash
10714,PAY010714,20250825,5910,3954.04,Credit Card
10715,PAY010715,20231102,5911,6396.21,Cash
10716,PAY010716,20250516,5912,4350.64,SADAD
10717,PAY010717,20250617,5912,3618.86,Credit Card
10718,PAY010718,20240528,5913,2064.71,Cash
10719,PAY010719,20240505,5914,2644.29,Cash
10720,PAY010720,20240604,5914,3451.28,Cash
10721,PAY010721,20251027,5915,9142.72,SADAD
10722,PAY010722,20251126,5915,2198.69,Cash
10723,PAY010723,20240726,5916,6229.4,Credit Card
10724,PAY010724,20250418,5917,6689.59,Cash
10725,PAY010725,20221207,5918,3086.34,Credit Card
10726,PAY010726,20230106,5918,4203.02,SADAD
10727,PAY010727,20230202,5918,617.02,Cash
10728,PAY010728,20230308,5918,1829.57,Credit Card
10729,PAY010729,20241105,5919,14876.9,SADAD
10730,PAY010730,20260211,5920,7312.93,Cash
10731,PAY010731,20260309,5920,6788.19,Credit Card
10732,PAY010732,20250726,5921,12546.94,Bank Transfer
10733,PAY010733,20250825,5921,7440.64,Credit Card
10734,PAY010734,20230708,5922,5715.01,Cash
10735,PAY010735,20260402,5923,2492.68,Cash
10736,PAY010736,20260427,5923,385.12,Credit Card
10737,PAY010737,20260109,5924,91891.47,Credit Card
10738,PAY010738,20240618,5925,78498.29,Cash
10739,PAY010739,20240715,5925,86416.43,SADAD
10740,PAY010740,20230707,5926,4865.69,Credit Card
10741,PAY010741,20250607,5927,14010.31,Credit Card
10742,PAY010742,20230109,5928,9045.67,Cash
10743,PAY010743,20221122,5929,1755.56,SADAD
10744,PAY010744,20221223,5929,565.81,Credit Card
10745,PAY010745,20251130,5930,2305.39,Cash
10746,PAY010746,20260101,5930,1087.71,Bank Transfer
10747,PAY010747,20260129,5930,869.55,Bank Transfer
10748,PAY010748,20260302,5930,1139.62,Bank Transfer
10749,PAY010749,20220425,5931,9019.08,SADAD
10750,PAY010750,20230725,5932,929.31,Bank Transfer
10751,PAY010751,20230824,5932,7907.91,Credit Card
10752,PAY010752,20241119,5933,4837.11,Bank Transfer
10753,PAY010753,20250428,5934,8474.4,Bank Transfer
10754,PAY010754,20220314,5935,4150.71,Cash
10755,PAY010755,20220413,5935,2990.66,Bank Transfer
10756,PAY010756,20230702,5936,5776.13,Bank Transfer
10757,PAY010757,20230815,5937,4050.99,SADAD
10758,PAY010758,20230818,5938,2145.04,SADAD
10759,PAY010759,20260307,5939,407.64,SADAD
10760,PAY010760,20260405,5939,964.04,Cash
10761,PAY010761,20260503,5939,3888.39,Cash
10762,PAY010762,20260605,5939,3523.2,Credit Card
10763,PAY010763,20230801,5940,3295.55,Credit Card
10764,PAY010764,20251212,5941,56854.34,SADAD
10765,PAY010765,20221122,5942,23889.84,Cash
10766,PAY010766,20220823,5943,1962.31,Credit Card
10767,PAY010767,20220919,5943,4416.98,SADAD
10768,PAY010768,20260723,5944,622.63,SADAD
10769,PAY010769,20260821,5944,1749.53,Bank Transfer
10770,PAY010770,20230511,5945,20333.58,Cash
10771,PAY010771,20230612,5945,939.44,SADAD
10772,PAY010772,20250110,5946,838.76,Bank Transfer
10773,PAY010773,20250207,5946,1453.53,Credit Card
10774,PAY010774,20241130,5947,1726.61,Cash
10775,PAY010775,20250101,5947,1330.74,Cash
10776,PAY010776,20250112,5948,247590.23,Cash
10777,PAY010777,20260802,5949,941.51,Bank Transfer
10778,PAY010778,20250516,5950,40.98,Credit Card
10779,PAY010779,20250614,5950,297.94,Cash
10780,PAY010780,20250715,5950,106.64,Cash
10781,PAY010781,20250814,5950,215.24,Credit Card
10782,PAY010782,20260325,5951,511.14,Bank Transfer
10783,PAY010783,20260426,5951,1757.55,Cash
10784,PAY010784,20260523,5951,684.47,Bank Transfer
10785,PAY010785,20260622,5951,4789.43,Credit Card
10786,PAY010786,20240810,5952,11050.05,Bank Transfer
10787,PAY010787,20240209,5953,2176.71,SADAD
10788,PAY010788,20240310,5953,285.37,Bank Transfer
10789,PAY010789,20241017,5954,11427.29,SADAD
10790,PAY010790,20230122,5955,2125.12,Cash
10791,PAY010791,20221225,5956,2965.5,Cash
10792,PAY010792,20230126,5956,539.16,Credit Card
10793,PAY010793,20230223,5956,239.68,Bank Transfer
10794,PAY010794,20230328,5956,13327.09,Credit Card
10795,PAY010795,20240919,5957,1995.42,SADAD
10796,PAY010796,20260108,5958,9949.45,Cash
10797,PAY010797,20240219,5959,5570.11,Cash
10798,PAY010798,20240318,5959,682.79,SADAD
10799,PAY010799,20260110,5960,9006.41,Cash
10800,PAY010800,20260204,5961,168757.52,Bank Transfer
10801,PAY010801,20230726,5962,7231.88,Credit Card
10802,PAY010802,20230826,5962,3099.44,SADAD
10803,PAY010803,20260111,5963,1179.02,SADAD
10804,PAY010804,20260210,5963,42.65,Credit Card
10805,PAY010805,20260314,5963,19.01,Credit Card
10806,PAY010806,20260412,5963,96.31,Credit Card
10807,PAY010807,20221229,5964,2078.72,Bank Transfer
10808,PAY010808,20251217,5965,1293.04,Bank Transfer
10809,PAY010809,20260117,5965,25.77,Credit Card
10810,PAY010810,20260216,5965,931.87,Bank Transfer
10811,PAY010811,20260317,5965,464.51,SADAD
10812,PAY010812,20250903,5966,1397.24,SADAD
10813,PAY010813,20251003,5966,2812.23,Credit Card
10814,PAY010814,20260112,5967,3597.06,Bank Transfer
10815,PAY010815,20230808,5968,23.45,Credit Card
10816,PAY010816,20230907,5968,1032.29,Credit Card
10817,PAY010817,20240811,5969,721.06,Cash
10818,PAY010818,20240907,5969,1453.78,SADAD
10819,PAY010819,20240221,5970,5550.85,Cash
10820,PAY010820,20240903,5971,1661.65,Credit Card
10821,PAY010821,20241006,5971,657.96,Cash
10822,PAY010822,20260407,5972,301.23,SADAD
10823,PAY010823,20260508,5972,1611.14,Bank Transfer
10824,PAY010824,20260610,5972,74.79,Credit Card
10825,PAY010825,20260707,5972,449.66,Credit Card
10826,PAY010826,20260423,5973,13166.86,Bank Transfer
10827,PAY010827,20251211,5974,395.21,Cash
10828,PAY010828,20260109,5974,3521.17,Cash
10829,PAY010829,20250123,5975,331.73,Cash
10830,PAY010830,20250224,5975,3058.84,SADAD
10831,PAY010831,20251206,5976,8886.11,Bank Transfer
10832,PAY010832,20250907,5977,6768.9,Credit Card
10833,PAY010833,20241019,5978,9101.3,Credit Card
10834,PAY010834,20260212,5979,20446.38,SADAD
10835,PAY010835,20240303,5980,12712.24,Cash
10836,PAY010836,20240130,5981,5368.75,SADAD
10837,PAY010837,20240301,5981,4255.23,Bank Transfer
10838,PAY010838,20240330,5981,4762.02,Bank Transfer
10839,PAY010839,20240501,5981,12618.11,SADAD
10840,PAY010840,20250617,5982,312.25,Credit Card
10841,PAY010841,20250720,5982,753.69,SADAD
10842,PAY010842,20250819,5982,807.07,SADAD
10843,PAY010843,20250918,5982,322.35,SADAD
10844,PAY010844,20250509,5983,6534.33,Cash
10845,PAY010845,20250606,5983,1770.06,Credit Card
10846,PAY010846,20250705,5983,467.28,Bank Transfer
10847,PAY010847,20250805,5983,3133.02,SADAD
10848,PAY010848,20231213,5984,33175.52,Credit Card
10849,PAY010849,20221105,5985,57835.19,Cash
10850,PAY010850,20250119,5986,15899.65,Cash
10851,PAY010851,20260520,5987,237476.63,SADAD
10852,PAY010852,20240919,5988,6478.64,Cash
10853,PAY010853,20241017,5988,12467.73,Cash
10854,PAY010854,20231026,5989,20885.16,Bank Transfer
10855,PAY010855,20250907,5990,6653.18,Credit Card
10856,PAY010856,20240929,5991,7337.41,Bank Transfer
10857,PAY010857,20241103,5991,8228.4,Cash
10858,PAY010858,20250518,5992,239.69,SADAD
10859,PAY010859,20250618,5992,8143.19,Cash
10860,PAY010860,20250821,5993,5413.13,SADAD
10861,PAY010861,20260619,5994,79.73,Cash
10862,PAY010862,20260716,5994,177.77,Bank Transfer
10863,PAY010863,20260814,5994,72.97,Credit Card
10864,PAY010864,20250926,5995,586.72,SADAD
10865,PAY010865,20251026,5995,6255.7,Cash
10866,PAY010866,20231016,5996,4174.05,Cash
10867,PAY010867,20251128,5997,198022.88,Credit Card
10868,PAY010868,20251231,5997,42008.27,Cash
10869,PAY010869,20250601,5998,808.69,SADAD
10870,PAY010870,20250702,5998,46.11,Cash
10871,PAY010871,20250208,5999,17227.02,Cash
10872,PAY010872,20250313,5999,11658.12,SADAD
10873,PAY010873,20250707,6000,1144.21,Cash
10874,PAY010874,20250807,6000,20282.24,Bank Transfer
10875,PAY010875,20250524,6001,69156.74,Credit Card
10876,PAY010876,20250625,6001,24446.79,Bank Transfer
10877,PAY010877,20260422,6002,1589.41,Credit Card
10878,PAY010878,20260523,6002,5729.54,Cash
10879,PAY010879,20230221,6003,45005.02,Bank Transfer
10880,PAY010880,20250912,6004,10865.23,Bank Transfer
10881,PAY010881,20251013,6004,77466.47,SADAD
10882,PAY010882,20251109,6004,60868.93,Cash
10883,PAY010883,20251214,6004,54166.49,Bank Transfer
10884,PAY010884,20230916,6005,612.65,Credit Card
10885,PAY010885,20231016,6005,325.9,Credit Card
10886,PAY010886,20231114,6005,679.63,Cash
10887,PAY010887,20231212,6005,579.69,Bank Transfer
10888,PAY010888,20250524,6006,5298.53,Credit Card
10889,PAY010889,20241130,6007,1387.9,Bank Transfer
10890,PAY010890,20250102,6007,9042.02,SADAD
10891,PAY010891,20250725,6008,3320.28,Bank Transfer
10892,PAY010892,20250319,6009,212.62,Bank Transfer
10893,PAY010893,20250419,6009,517.85,Bank Transfer
10894,PAY010894,20250518,6009,836.86,Cash
10895,PAY010895,20250618,6009,977.83,Credit Card
10896,PAY010896,20240229,6010,5795.83,Credit Card
10897,PAY010897,20251202,6011,10914.91,SADAD
10898,PAY010898,20250101,6012,11140.64,Credit Card
10899,PAY010899,20220312,6013,70080.4,Cash
10900,PAY010900,20220412,6013,77683.91,Credit Card
10901,PAY010901,20240525,6014,24071.96,Bank Transfer
10902,PAY010902,20240811,6015,3085.87,Credit Card
10903,PAY010903,20231210,6016,1999.92,Bank Transfer
10904,PAY010904,20251014,6017,7990.63,Credit Card
10905,PAY010905,20251113,6017,610.65,Bank Transfer
10906,PAY010906,20220828,6018,1277.79,Cash
10907,PAY010907,20220922,6018,4478.37,Credit Card
10908,PAY010908,20221025,6018,290.19,Bank Transfer
10909,PAY010909,20221125,6018,1726.43,Credit Card
10910,PAY010910,20240304,6019,2288.03,Bank Transfer
10911,PAY010911,20240403,6019,6293.5,SADAD
10912,PAY010912,20260814,6020,749.23,SADAD
10913,PAY010913,20230226,6021,138.01,Bank Transfer
10914,PAY010914,20230331,6021,1714.54,Credit Card
10915,PAY010915,20230429,6021,169.82,Cash
10916,PAY010916,20230527,6021,359.6,Cash
10917,PAY010917,20250903,6022,33.47,SADAD
10918,PAY010918,20251006,6022,7424.77,SADAD
10919,PAY010919,20230522,6023,2100.55,SADAD
10920,PAY010920,20230411,6024,422.37,SADAD
10921,PAY010921,20230508,6024,449.0,Bank Transfer
10922,PAY010922,20230612,6024,2784.12,Cash
10923,PAY010923,20230709,6024,3973.47,SADAD
10924,PAY010924,20221019,6025,2387.43,Credit Card
10925,PAY010925,20221117,6025,657.57,Credit Card
10926,PAY010926,20221130,6026,1102.25,Bank Transfer
10927,PAY010927,20221231,6026,5071.44,Bank Transfer
10928,PAY010928,20260505,6027,2539.1,Bank Transfer
10929,PAY010929,20240320,6028,2410.49,Credit Card
10930,PAY010930,20240420,6028,713.98,Credit Card
10931,PAY010931,20250219,6029,1149.61,SADAD
10932,PAY010932,20250318,6029,4156.15,SADAD
10933,PAY010933,20250415,6029,852.07,Cash
10934,PAY010934,20250517,6029,58.83,Bank Transfer
10935,PAY010935,20260608,6030,2710.26,Bank Transfer
10936,PAY010936,20260729,6031,5191.21,Bank Transfer
10937,PAY010937,20250808,6032,9098.08,Bank Transfer
10938,PAY010938,20250120,6033,1989.58,Cash
10939,PAY010939,20231223,6034,20022.95,Cash
10940,PAY010940,20260309,6035,440.49,Cash
10941,PAY010941,20260404,6035,303.97,SADAD
10942,PAY010942,20240321,6036,631.3,SADAD
10943,PAY010943,20240423,6036,652.54,SADAD
10944,PAY010944,20240524,6036,1152.63,Credit Card
10945,PAY010945,20240624,6036,2856.68,Cash
10946,PAY010946,20250706,6037,455.42,Cash
10947,PAY010947,20250802,6037,622.71,Bank Transfer
10948,PAY010948,20250903,6037,727.81,Cash
10949,PAY010949,20251003,6037,871.58,Bank Transfer
10950,PAY010950,20240612,6038,80848.55,Bank Transfer
10951,PAY010951,20250823,6039,20271.21,Credit Card
10952,PAY010952,20250922,6039,15790.31,Credit Card
10953,PAY010953,20250525,6040,3331.74,SADAD
10954,PAY010954,20241124,6041,12304.75,Bank Transfer
10955,PAY010955,20230407,6042,7082.21,Cash
10956,PAY010956,20230509,6042,9342.56,Bank Transfer
10957,PAY010957,20230603,6042,2052.98,SADAD
10958,PAY010958,20230708,6042,5211.24,Cash
10959,PAY010959,20250118,6043,87160.42,SADAD
10960,PAY010960,20250217,6043,114673.23,Credit Card
10961,PAY010961,20251109,6044,924.91,Credit Card
10962,PAY010962,20231123,6045,1428.72,Bank Transfer
10963,PAY010963,20231220,6045,282.34,Cash
10964,PAY010964,20240121,6045,739.07,SADAD
10965,PAY010965,20240217,6045,6334.88,Cash
10966,PAY010966,20260108,6046,7005.62,Credit Card
10967,PAY010967,20251217,6047,8988.72,Cash
10968,PAY010968,20250925,6048,3681.8,Bank Transfer
10969,PAY010969,20251028,6048,9425.18,Cash
10970,PAY010970,20251127,6048,8992.76,Cash
10971,PAY010971,20251227,6048,1184.19,Bank Transfer
10972,PAY010972,20251216,6049,11528.71,Credit Card
10973,PAY010973,20260214,6050,2209.7,SADAD
10974,PAY010974,20260317,6050,3691.88,Credit Card
10975,PAY010975,20260411,6050,214.34,Bank Transfer
10976,PAY010976,20260514,6050,709.33,Credit Card
10977,PAY010977,20220318,6051,134831.41,Cash
10978,PAY010978,20250806,6052,1450.37,Credit Card
10979,PAY010979,20230613,6053,3328.68,Credit Card
10980,PAY010980,20230718,6053,160.42,Cash
10981,PAY010981,20250609,6054,242.83,SADAD
10982,PAY010982,20250712,6054,582.66,Cash
10983,PAY010983,20260601,6055,16732.82,SADAD
10984,PAY010984,20260704,6055,2257.41,SADAD
10985,PAY010985,20260803,6055,1932.92,Bank Transfer
10986,PAY010986,20221013,6056,20923.19,Credit Card
10987,PAY010987,20221110,6056,32695.32,Credit Card
10988,PAY010988,20250322,6057,173750.41,Credit Card
10989,PAY010989,20260319,6058,651.7,SADAD
10990,PAY010990,20241229,6059,792.65,Credit Card
10991,PAY010991,20240711,6060,9110.64,Credit Card
10992,PAY010992,20250430,6061,2564.0,Bank Transfer
10993,PAY010993,20250907,6062,1484.21,Bank Transfer
10994,PAY010994,20260610,6063,4574.8,Cash
10995,PAY010995,20260707,6063,2942.84,Bank Transfer
10996,PAY010996,20220728,6064,294.12,Bank Transfer
10997,PAY010997,20220824,6064,1284.51,SADAD
10998,PAY010998,20220923,6064,2738.55,SADAD
10999,PAY010999,20221026,6064,17.51,Credit Card
11000,PAY011000,20260305,6065,5130.14,Bank Transfer
11001,PAY011001,20260307,6066,339.98,Cash
11002,PAY011002,20260404,6066,260.64,Credit Card
11003,PAY011003,20260503,6066,6594.73,Cash
11004,PAY011004,20260605,6066,861.43,SADAD
11005,PAY011005,20250104,6067,287.23,Credit Card
11006,PAY011006,20250131,6067,401.75,Credit Card
11007,PAY011007,20250305,6067,57.72,Bank Transfer
11008,PAY011008,20250402,6067,47.71,Cash
11009,PAY011009,20240909,6068,18437.79,Bank Transfer
11010,PAY011010,20241108,6069,3497.17,Cash
11011,PAY011011,20221125,6070,5581.17,Credit Card
11012,PAY011012,20221222,6070,247.53,Cash
11013,PAY011013,20250612,6071,10875.91,Cash
11014,PAY011014,20250823,6072,2056.01,Bank Transfer
11015,PAY011015,20251102,6073,3048.59,Bank Transfer
11016,PAY011016,20230723,6074,8750.94,Cash
11017,PAY011017,20230818,6074,1402.65,SADAD
11018,PAY011018,20241229,6075,1890.88,Credit Card
11019,PAY011019,20250123,6075,205.48,SADAD
11020,PAY011020,20250621,6076,1229.32,Bank Transfer
11021,PAY011021,20250718,6076,836.36,Bank Transfer
11022,PAY011022,20241226,6077,2655.04,Cash
11023,PAY011023,20230825,6078,12095.13,Bank Transfer
11024,PAY011024,20230925,6078,1947.73,Credit Card
11025,PAY011025,20231023,6078,274.53,Bank Transfer
11026,PAY011026,20231125,6078,622.57,Bank Transfer
11027,PAY011027,20220418,6079,28126.31,SADAD
11028,PAY011028,20221116,6080,11582.15,SADAD
11029,PAY011029,20231218,6081,1896.86,Cash
11030,PAY011030,20240119,6081,1688.49,Credit Card
11031,PAY011031,20240217,6081,2261.09,Credit Card
11032,PAY011032,20240318,6081,891.71,Cash
11033,PAY011033,20221215,6082,4595.66,SADAD
11034,PAY011034,20230114,6082,3331.6,Bank Transfer
11035,PAY011035,20250719,6083,6532.6,Credit Card
11036,PAY011036,20250818,6083,1621.95,SADAD
11037,PAY011037,20240311,6084,32614.04,Cash
11038,PAY011038,20231013,6085,10609.52,Credit Card
11039,PAY011039,20250519,6086,7984.02,SADAD
11040,PAY011040,20221225,6087,6492.52,SADAD
11041,PAY011041,20230127,6087,179.5,Cash
11042,PAY011042,20230604,6088,1422.66,Credit Card
11043,PAY011043,20230705,6088,345.58,Cash
11044,PAY011044,20260603,6089,3228.56,Cash
11045,PAY011045,20260701,6089,7009.15,Bank Transfer
11046,PAY011046,20250113,6090,9443.98,Bank Transfer
11047,PAY011047,20240614,6091,1450.28,Cash
11048,PAY011048,20240717,6091,1882.16,Cash
11049,PAY011049,20240815,6091,4765.58,Bank Transfer
11050,PAY011050,20240916,6091,4120.04,Bank Transfer
11051,PAY011051,20230627,6092,6766.87,Bank Transfer
11052,PAY011052,20260106,6093,5294.17,Bank Transfer
11053,PAY011053,20250217,6094,10012.77,Bank Transfer
11054,PAY011054,20241111,6095,1158.39,Bank Transfer
11055,PAY011055,20241210,6095,18922.1,Cash
11056,PAY011056,20250113,6095,14520.02,SADAD
11057,PAY011057,20250210,6095,71242.96,Cash
11058,PAY011058,20230510,6096,10428.87,Credit Card
11059,PAY011059,20251108,6097,1267.77,Bank Transfer
11060,PAY011060,20260607,6098,64504.53,Bank Transfer
11061,PAY011061,20260710,6098,9195.99,Bank Transfer
11062,PAY011062,20250522,6099,8209.7,Credit Card
11063,PAY011063,20251105,6100,18924.89,SADAD
11064,PAY011064,20250709,6101,7048.27,Bank Transfer
11065,PAY011065,20260314,6102,1482.38,Credit Card
11066,PAY011066,20260409,6102,31.7,SADAD
11067,PAY011067,20260512,6102,14865.87,SADAD
11068,PAY011068,20260612,6102,13305.57,Credit Card
11069,PAY011069,20230515,6103,17929.5,Bank Transfer
11070,PAY011070,20250602,6104,14479.68,Cash
11071,PAY011071,20250702,6104,66973.79,Cash
11072,PAY011072,20251102,6105,5284.59,Cash
11073,PAY011073,20241222,6106,5924.35,SADAD
11074,PAY011074,20250512,6107,494.79,Bank Transfer
11075,PAY011075,20250609,6107,1547.97,SADAD
11076,PAY011076,20231106,6108,166.68,Credit Card
11077,PAY011077,20231209,6108,386.14,Bank Transfer
11078,PAY011078,20240105,6108,1192.34,Bank Transfer
11079,PAY011079,20240204,6108,1255.42,Bank Transfer
11080,PAY011080,20250923,6109,6081.41,Credit Card
11081,PAY011081,20240130,6110,10157.01,Cash
11082,PAY011082,20240228,6110,648.32,SADAD
11083,PAY011083,20251016,6111,12994.49,SADAD
11084,PAY011084,20230916,6112,6894.66,Bank Transfer
11085,PAY011085,20231016,6112,36673.71,Credit Card
11086,PAY011086,20231117,6112,9712.59,Credit Card
11087,PAY011087,20231217,6112,2710.23,Credit Card
11088,PAY011088,20240504,6113,5510.19,Cash
11089,PAY011089,20240603,6113,1144.5,SADAD
11090,PAY011090,20251024,6114,6470.65,Credit Card
11091,PAY011091,20251124,6114,30973.43,SADAD
11092,PAY011092,20251027,6115,80544.08,Cash
11093,PAY011093,20251201,6115,16109.46,Bank Transfer
11094,PAY011094,20251228,6115,21278.6,Bank Transfer
11095,PAY011095,20260129,6115,26402.9,Bank Transfer
11096,PAY011096,20240831,6116,4729.04,SADAD
11097,PAY011097,20250318,6117,1268.29,Credit Card
11098,PAY011098,20250417,6117,2027.34,Credit Card
11099,PAY011099,20250514,6117,1088.71,Bank Transfer
11100,PAY011100,20250614,6117,3571.64,Bank Transfer
11101,PAY011101,20231224,6118,1215.93,SADAD
11102,PAY011102,20240128,6118,6861.18,Cash
11103,PAY011103,20230929,6119,2685.41,SADAD
11104,PAY011104,20241017,6120,7354.46,Bank Transfer
11105,PAY011105,20241114,6120,205.19,Credit Card
11106,PAY011106,20251012,6121,1100.45,Cash
11107,PAY011107,20260605,6122,6474.39,Bank Transfer
11108,PAY011108,20260704,6122,2979.34,SADAD
11109,PAY011109,20230821,6123,300.33,SADAD
11110,PAY011110,20230917,6123,5902.11,SADAD
11111,PAY011111,20260106,6124,781.35,Cash
11112,PAY011112,20260205,6124,3113.68,SADAD
11113,PAY011113,20260306,6124,1316.92,Bank Transfer
11114,PAY011114,20260405,6124,2957.71,Cash
11115,PAY011115,20250916,6125,4352.1,Cash
11116,PAY011116,20260513,6126,2202.19,SADAD
11117,PAY011117,20230623,6127,1547.51,Credit Card
11118,PAY011118,20230721,6127,2012.43,Credit Card
11119,PAY011119,20230824,6127,2244.03,Bank Transfer
11120,PAY011120,20230922,6127,2923.95,Cash
11121,PAY011121,20221106,6128,1967.14,SADAD
11122,PAY011122,20241128,6129,5537.2,Cash
11123,PAY011123,20241224,6129,3314.47,Credit Card
11124,PAY011124,20240115,6130,2133.1,Credit Card
11125,PAY011125,20230827,6131,1828.38,Credit Card
11126,PAY011126,20230927,6131,3180.13,SADAD
11127,PAY011127,20240323,6132,2879.25,Bank Transfer
11128,PAY011128,20240422,6132,4680.14,SADAD
11129,PAY011129,20231106,6133,4512.77,Cash
11130,PAY011130,20231208,6133,836.55,Bank Transfer
11131,PAY011131,20231125,6134,2809.49,Bank Transfer
11132,PAY011132,20231226,6134,3142.57,Bank Transfer
11133,PAY011133,20240128,6134,1762.0,Cash
11134,PAY011134,20240225,6134,1370.36,Cash
11135,PAY011135,20230706,6135,2354.11,Credit Card
11136,PAY011136,20240924,6136,5081.89,SADAD
11137,PAY011137,20251025,6137,18129.56,Credit Card
11138,PAY011138,20250624,6138,11853.77,Credit Card
11139,PAY011139,20241120,6139,18206.71,SADAD
11140,PAY011140,20260317,6140,8443.64,Bank Transfer
11141,PAY011141,20260726,6141,1822.84,Cash
11142,PAY011142,20260824,6141,10118.53,Cash
11143,PAY011143,20240926,6142,34081.87,SADAD
11144,PAY011144,20230427,6143,17.82,SADAD
11145,PAY011145,20230527,6143,370.22,Credit Card
11146,PAY011146,20251219,6144,10704.23,SADAD
11147,PAY011147,20240603,6145,6343.25,Cash
11148,PAY011148,20240704,6145,1340.57,Cash
11149,PAY011149,20240710,6146,1913.25,SADAD
11150,PAY011150,20240807,6146,3036.4,Credit Card
11151,PAY011151,20240909,6146,2483.85,SADAD
11152,PAY011152,20241010,6146,1547.4,SADAD
11153,PAY011153,20260811,6147,2455.65,Credit Card
11154,PAY011154,20230126,6148,220113.74,SADAD
11155,PAY011155,20250618,6149,1035.59,Bank Transfer
11156,PAY011156,20250721,6149,9829.87,Credit Card
11157,PAY011157,20230515,6150,18522.17,Bank Transfer
11158,PAY011158,20241229,6151,7321.52,Cash
11159,PAY011159,20250124,6151,3293.37,Cash
11160,PAY011160,20250226,6151,782.94,Bank Transfer
11161,PAY011161,20250328,6151,1507.28,Cash
11162,PAY011162,20250608,6152,1930.66,Credit Card
11163,PAY011163,20250712,6152,1381.12,Cash
11164,PAY011164,20250808,6152,2513.64,SADAD
11165,PAY011165,20250908,6152,3750.51,Bank Transfer
11166,PAY011166,20260131,6153,7545.69,SADAD
11167,PAY011167,20251113,6154,483.21,Credit Card
11168,PAY011168,20251218,6154,577.77,Cash
11169,PAY011169,20231218,6155,8037.06,Credit Card
11170,PAY011170,20240116,6155,1953.5,Cash
11171,PAY011171,20240220,6155,2215.23,Credit Card
11172,PAY011172,20240317,6155,18.77,Cash
11173,PAY011173,20220320,6156,3725.99,Cash
11174,PAY011174,20220416,6156,4853.15,Credit Card
11175,PAY011175,20250517,6157,581.46,SADAD
11176,PAY011176,20250619,6157,1652.06,SADAD
11177,PAY011177,20250716,6157,1766.27,Credit Card
11178,PAY011178,20250815,6157,1381.71,Credit Card
11179,PAY011179,20250228,6158,1577.17,Cash
11180,PAY011180,20250329,6158,2134.47,Bank Transfer
11181,PAY011181,20230901,6159,5003.57,Bank Transfer
11182,PAY011182,20231005,6159,5.89,Bank Transfer
11183,PAY011183,20250725,6160,22705.92,Cash
11184,PAY011184,20250613,6161,60.09,Cash
11185,PAY011185,20250709,6161,14.35,Credit Card
11186,PAY011186,20250807,6161,275.04,Cash
11187,PAY011187,20250908,6161,544.29,SADAD
11188,PAY011188,20260325,6162,25630.77,Credit Card
11189,PAY011189,20240404,6163,3929.93,Bank Transfer
11190,PAY011190,20250420,6164,368.13,Credit Card
11191,PAY011191,20250516,6164,521.19,Bank Transfer
11192,PAY011192,20250617,6164,217.15,Credit Card
11193,PAY011193,20250718,6164,166.92,Cash
11194,PAY011194,20220831,6165,10880.58,Bank Transfer
11195,PAY011195,20260124,6166,10654.71,Credit Card
11196,PAY011196,20260614,6167,11239.36,Cash
11197,PAY011197,20230503,6168,10945.71,Cash
11198,PAY011198,20230601,6168,11718.67,Credit Card
11199,PAY011199,20230609,6169,1239.58,SADAD
11200,PAY011200,20230709,6169,327.03,Cash
11201,PAY011201,20230805,6169,1281.64,Cash
11202,PAY011202,20230904,6169,903.82,Bank Transfer
11203,PAY011203,20240903,6170,7930.46,SADAD
11204,PAY011204,20241004,6170,101.28,Bank Transfer
11205,PAY011205,20241103,6170,157.39,Cash
11206,PAY011206,20241202,6170,2916.53,Credit Card
11207,PAY011207,20250129,6171,11171.09,SADAD
11208,PAY011208,20240129,6172,763.14,SADAD
11209,PAY011209,20230126,6173,4439.09,SADAD
11210,PAY011210,20230225,6173,739.98,Cash
11211,PAY011211,20251125,6174,3799.86,Credit Card
11212,PAY011212,20231118,6175,14350.33,Cash
11213,PAY011213,20240224,6176,14334.64,SADAD
11214,PAY011214,20260423,6177,2073.35,Bank Transfer
11215,PAY011215,20230718,6178,4460.74,Bank Transfer
11216,PAY011216,20230819,6178,1233.58,Credit Card
11217,PAY011217,20230917,6178,728.65,Bank Transfer
11218,PAY011218,20231019,6178,288.87,SADAD
11219,PAY011219,20230906,6179,4966.76,Cash
11220,PAY011220,20240906,6180,70.29,Cash
11221,PAY011221,20241003,6180,432.46,Bank Transfer
11222,PAY011222,20241102,6180,2652.45,Cash
11223,PAY011223,20241203,6180,235.95,SADAD
11224,PAY011224,20251225,6181,2481.55,Bank Transfer
11225,PAY011225,20260125,6181,9243.6,Bank Transfer
11226,PAY011226,20231213,6182,4628.33,Credit Card
11227,PAY011227,20260202,6183,5882.8,Cash
11228,PAY011228,20260307,6183,365.44,Cash
11229,PAY011229,20260406,6183,5760.17,SADAD
11230,PAY011230,20260505,6183,2682.59,Bank Transfer
11231,PAY011231,20251210,6184,1727.2,SADAD
11232,PAY011232,20260108,6184,1921.64,Bank Transfer
11233,PAY011233,20260207,6184,598.04,Cash
11234,PAY011234,20260309,6184,12010.56,Bank Transfer
11235,PAY011235,20231027,6185,15852.49,SADAD
11236,PAY011236,20250331,6186,3609.63,Cash
11237,PAY011237,20250501,6186,14734.65,SADAD
11238,PAY011238,20230813,6187,1688.04,Credit Card
11239,PAY011239,20230915,6187,1290.43,SADAD
11240,PAY011240,20230909,6188,13489.45,Bank Transfer
11241,PAY011241,20231012,6188,5600.95,SADAD
11242,PAY011242,20250926,6189,5171.55,Credit Card
11243,PAY011243,20250702,6190,322.04,Bank Transfer
11244,PAY011244,20250804,6190,320.82,Bank Transfer
11245,PAY011245,20250904,6190,159.33,SADAD
11246,PAY011246,20250929,6190,67.91,Bank Transfer
11247,PAY011247,20251125,6191,1880.18,Cash
11248,PAY011248,20220911,6192,1703.64,Credit Card
11249,PAY011249,20221010,6192,3478.87,Credit Card
11250,PAY011250,20230119,6193,200.84,Cash
11251,PAY011251,20230214,6193,776.25,SADAD
11252,PAY011252,20230317,6193,731.08,Cash
11253,PAY011253,20230420,6193,98.99,Credit Card
11254,PAY011254,20231128,6194,6385.95,Cash
11255,PAY011255,20220628,6195,4007.97,Credit Card
11256,PAY011256,20220730,6195,3703.15,SADAD
11257,PAY011257,20220829,6195,2178.59,Cash
11258,PAY011258,20220924,6195,291.42,Credit Card
11259,PAY011259,20240228,6196,2021.77,SADAD
11260,PAY011260,20250417,6197,1100.92,Cash
11261,PAY011261,20250513,6198,1555.44,Cash
11262,PAY011262,20250101,6199,7027.91,Bank Transfer
11263,PAY011263,20251110,6200,20154.01,Cash
11264,PAY011264,20240918,6201,1266.64,Bank Transfer
11265,PAY011265,20241021,6201,700.09,Credit Card
11266,PAY011266,20241120,6201,7873.6,Bank Transfer
11267,PAY011267,20241216,6201,1681.24,SADAD
11268,PAY011268,20240911,6202,582.0,Bank Transfer
11269,PAY011269,20241009,6202,7892.23,SADAD
11270,PAY011270,20231004,6203,18652.67,Credit Card
11271,PAY011271,20231027,6204,344.8,Bank Transfer
11272,PAY011272,20231125,6204,3182.4,Bank Transfer
11273,PAY011273,20250905,6205,3071.56,Bank Transfer
11274,PAY011274,20251005,6205,2794.04,Cash
11275,PAY011275,20251104,6205,4247.1,SADAD
11276,PAY011276,20251202,6205,410.9,SADAD
11277,PAY011277,20250626,6206,5985.87,Credit Card
11278,PAY011278,20250723,6206,1034.22,Credit Card
11279,PAY011279,20241223,6207,22056.08,SADAD
11280,PAY011280,20240324,6208,20374.66,SADAD
11281,PAY011281,20240423,6208,160.57,Cash
11282,PAY011282,20240521,6208,2055.43,Credit Card
11283,PAY011283,20240622,6208,2772.8,Cash
11284,PAY011284,20260311,6209,7909.29,Bank Transfer
11285,PAY011285,20260422,6210,868.58,Bank Transfer
11286,PAY011286,20260522,6210,63.24,SADAD
11287,PAY011287,20260624,6210,6.18,Bank Transfer
11288,PAY011288,20260722,6210,65.89,SADAD
11289,PAY011289,20250914,6211,6775.6,SADAD
11290,PAY011290,20251016,6211,15936.81,Cash
11291,PAY011291,20230103,6212,66456.1,Bank Transfer
11292,PAY011292,20260208,6213,49020.36,Bank Transfer
11293,PAY011293,20230531,6214,77080.02,SADAD
11294,PAY011294,20241214,6215,218.59,Credit Card
11295,PAY011295,20250115,6215,170.56,Credit Card
11296,PAY011296,20250210,6215,750.67,Credit Card
11297,PAY011297,20250317,6215,632.57,SADAD
11298,PAY011298,20240701,6216,73516.45,Bank Transfer
11299,PAY011299,20260530,6217,2159.99,SADAD
11300,PAY011300,20260625,6217,8069.89,Cash
11301,PAY011301,20251201,6218,8040.4,Credit Card
11302,PAY011302,20250117,6219,64760.93,Credit Card
11303,PAY011303,20250310,6220,19778.71,Bank Transfer
11304,PAY011304,20260127,6221,7579.45,SADAD
11305,PAY011305,20230912,6222,469.25,Credit Card
11306,PAY011306,20231012,6222,1.1,Credit Card
11307,PAY011307,20231109,6222,88.24,Cash
11308,PAY011308,20231208,6222,164.08,Credit Card
11309,PAY011309,20251209,6223,6435.97,Cash
11310,PAY011310,20260308,6224,21833.25,Bank Transfer
11311,PAY011311,20240712,6225,4108.02,Credit Card
11312,PAY011312,20240106,6226,5885.2,Credit Card
11313,PAY011313,20240203,6226,3235.13,SADAD
11314,PAY011314,20240308,6226,3866.22,Cash
11315,PAY011315,20240407,6226,674.32,SADAD
11316,PAY011316,20241216,6227,24307.06,SADAD
11317,PAY011317,20260430,6228,466.91,Bank Transfer
11318,PAY011318,20260530,6228,1198.64,Credit Card
11319,PAY011319,20241021,6229,38314.62,Bank Transfer
11320,PAY011320,20250606,6230,64.95,Bank Transfer
11321,PAY011321,20250703,6230,450.77,SADAD
11322,PAY011322,20250803,6230,112.76,SADAD
11323,PAY011323,20250904,6230,1227.89,SADAD
11324,PAY011324,20251010,6231,1416.28,SADAD
11325,PAY011325,20251112,6231,3998.19,Bank Transfer
11326,PAY011326,20260120,6232,10329.59,Bank Transfer
11327,PAY011327,20260220,6232,1767.3,Bank Transfer
11328,PAY011328,20260323,6232,1779.76,Credit Card
11329,PAY011329,20260422,6232,2734.73,Credit Card
11330,PAY011330,20231217,6233,7807.51,SADAD
11331,PAY011331,20240117,6233,846.3,Cash
11332,PAY011332,20250815,6234,1236.43,Cash
11333,PAY011333,20250928,6235,428.36,SADAD
11334,PAY011334,20251025,6235,1193.43,Cash
11335,PAY011335,20260714,6236,191.5,SADAD
11336,PAY011336,20260813,6236,3339.98,Bank Transfer
11337,PAY011337,20250106,6237,7244.92,Cash
11338,PAY011338,20240215,6238,8712.58,Cash
11339,PAY011339,20240606,6239,2921.48,SADAD
11340,PAY011340,20240704,6239,1009.22,Credit Card
11341,PAY011341,20240803,6239,3423.24,Credit Card
11342,PAY011342,20240902,6239,9070.75,SADAD
11343,PAY011343,20240407,6240,9144.62,Credit Card
11344,PAY011344,20240508,6240,1636.09,Bank Transfer
11345,PAY011345,20230727,6241,2814.05,Credit Card
11346,PAY011346,20250108,6242,1542.1,Cash
11347,PAY011347,20250523,6243,2497.01,SADAD
11348,PAY011348,20250627,6243,20452.13,Bank Transfer
11349,PAY011349,20260314,6244,16900.4,Credit Card
11350,PAY011350,20241024,6245,6258.97,Cash
11351,PAY011351,20221207,6246,11429.42,Bank Transfer
11352,PAY011352,20251211,6247,65023.89,Cash
11353,PAY011353,20251012,6248,4700.16,Cash
11354,PAY011354,20251109,6248,379.98,Cash
11355,PAY011355,20240623,6249,10838.35,Credit Card
11356,PAY011356,20260402,6250,10320.05,SADAD
11357,PAY011357,20220701,6251,1514.12,Cash
11358,PAY011358,20220728,6251,2540.16,Bank Transfer
11359,PAY011359,20221101,6252,13752.4,SADAD
11360,PAY011360,20260622,6253,3653.61,Cash
11361,PAY011361,20230701,6254,13507.22,Bank Transfer
11362,PAY011362,20240725,6255,238175.59,Credit Card
11363,PAY011363,20230918,6256,11283.36,Bank Transfer
11364,PAY011364,20260721,6257,10730.42,Credit Card
11365,PAY011365,20240610,6258,11261.67,SADAD
11366,PAY011366,20241203,6259,2026.27,Credit Card
11367,PAY011367,20250813,6260,7888.05,SADAD
11368,PAY011368,20260425,6261,351.77,Bank Transfer
11369,PAY011369,20260522,6261,113.16,Cash
11370,PAY011370,20260626,6261,108.05,Credit Card
11371,PAY011371,20260725,6261,828.02,SADAD
11372,PAY011372,20251218,6262,10115.7,Cash
11373,PAY011373,20240622,6263,1055.65,Bank Transfer
11374,PAY011374,20240723,6263,236.42,Credit Card
11375,PAY011375,20240824,6263,91.21,SADAD
11376,PAY011376,20240923,6263,974.02,Credit Card
11377,PAY011377,20240226,6264,4532.55,Cash
11378,PAY011378,20230613,6265,2510.59,Credit Card
11379,PAY011379,20250321,6266,5392.35,Cash
11380,PAY011380,20260511,6267,5779.51,Bank Transfer
11381,PAY011381,20260613,6267,1995.58,SADAD
11382,PAY011382,20260711,6267,1267.2,Cash
11383,PAY011383,20260812,6267,11215.37,SADAD
11384,PAY011384,20230307,6268,3579.5,Cash
11385,PAY011385,20230409,6268,4083.12,Bank Transfer
11386,PAY011386,20240524,6269,3867.02,Credit Card
11387,PAY011387,20240624,6269,2604.03,Bank Transfer
11388,PAY011388,20240518,6270,1922.98,Credit Card
11389,PAY011389,20240616,6270,8090.24,Cash
11390,PAY011390,20240720,6270,1227.1,Credit Card
11391,PAY011391,20240818,6270,3472.65,Credit Card
11392,PAY011392,20260628,6271,6983.41,Credit Card
11393,PAY011393,20220518,6272,1452.16,Bank Transfer
11394,PAY011394,20220616,6272,3408.32,Credit Card
11395,PAY011395,20250919,6273,1737.49,Bank Transfer
11396,PAY011396,20240416,6274,114.36,Cash
11397,PAY011397,20240516,6274,134.61,SADAD
11398,PAY011398,20240916,6275,1951.64,Bank Transfer
11399,PAY011399,20241016,6275,109.38,Bank Transfer
11400,PAY011400,20231216,6276,1527.09,SADAD
11401,PAY011401,20240111,6276,36634.45,SADAD
11402,PAY011402,20240215,6276,22344.48,Bank Transfer
11403,PAY011403,20240312,6276,14068.33,Bank Transfer
11404,PAY011404,20260524,6277,3748.17,Bank Transfer
11405,PAY011405,20260624,6277,2308.86,SADAD
11406,PAY011406,20230414,6278,5935.05,Bank Transfer
11407,PAY011407,20250530,6279,35939.04,Credit Card
11408,PAY011408,20251229,6280,19697.44,Bank Transfer
11409,PAY011409,20260128,6280,9077.58,Credit Card
11410,PAY011410,20250402,6281,3449.54,Credit Card
11411,PAY011411,20241101,6282,1472.93,Cash
11412,PAY011412,20230103,6283,4045.14,SADAD
11413,PAY011413,20230201,6283,4825.39,Bank Transfer
11414,PAY011414,20240506,6284,19111.79,Credit Card
11415,PAY011415,20250701,6285,18447.94,Bank Transfer
11416,PAY011416,20240416,6286,3489.66,Credit Card
11417,PAY011417,20250920,6287,3540.96,Bank Transfer
11418,PAY011418,20231028,6288,15416.41,Credit Card
11419,PAY011419,20250425,6289,4220.43,SADAD
11420,PAY011420,20260126,6290,3243.63,Bank Transfer
11421,PAY011421,20221106,6291,7165.18,Bank Transfer
11422,PAY011422,20260101,6292,9845.82,Credit Card
11423,PAY011423,20221211,6293,1048.3,Credit Card
11424,PAY011424,20260327,6294,6885.99,Bank Transfer
11425,PAY011425,20250810,6295,1524.08,Credit Card
11426,PAY011426,20251030,6296,3044.95,Bank Transfer
11427,PAY011427,20251128,6296,12825.79,Credit Card
11428,PAY011428,20251108,6297,6763.02,Bank Transfer
11429,PAY011429,20251207,6297,672.22,Credit Card
11430,PAY011430,20221027,6298,2016.99,Credit Card
11431,PAY011431,20250719,6299,2121.61,Bank Transfer
11432,PAY011432,20250925,6300,50625.83,Cash
11433,PAY011433,20230118,6301,5978.18,Credit Card
11434,PAY011434,20260605,6302,4288.29,Cash
11435,PAY011435,20260705,6302,1505.2,Cash
11436,PAY011436,20240929,6303,2062.15,Cash
11437,PAY011437,20260524,6304,13861.78,Bank Transfer
11438,PAY011438,20250227,6305,453.28,Credit Card
11439,PAY011439,20250327,6305,51.42,Credit Card
11440,PAY011440,20250427,6305,60.91,Cash
11441,PAY011441,20250528,6305,445.15,SADAD
11442,PAY011442,20250603,6306,139.17,Cash
11443,PAY011443,20250701,6306,9027.52,Cash
11444,PAY011444,20250803,6306,465.23,Bank Transfer
11445,PAY011445,20250902,6306,1498.94,SADAD
11446,PAY011446,20230325,6307,472.4,Cash
11447,PAY011447,20230424,6307,9631.89,Cash
11448,PAY011448,20230918,6308,2418.96,Credit Card
11449,PAY011449,20231014,6308,2053.48,Cash
11450,PAY011450,20231115,6308,452.56,Bank Transfer
11451,PAY011451,20231212,6308,2336.48,Cash
11452,PAY011452,20251129,6309,8132.47,Credit Card
11453,PAY011453,20251229,6309,86936.44,Credit Card
11454,PAY011454,20260613,6310,2285.22,Bank Transfer
11455,PAY011455,20260712,6310,1823.17,Bank Transfer
11456,PAY011456,20230715,6311,8757.36,Credit Card
11457,PAY011457,20250405,6312,2254.17,Credit Card
11458,PAY011458,20260707,6313,18732.98,Credit Card
11459,PAY011459,20260614,6314,5762.55,Bank Transfer
11460,PAY011460,20240808,6315,1175.31,Credit Card
11461,PAY011461,20240904,6315,198.94,Cash
11462,PAY011462,20231007,6316,11421.54,Credit Card
11463,PAY011463,20230424,6317,9738.02,Bank Transfer
11464,PAY011464,20230528,6317,9949.16,Cash
11465,PAY011465,20260331,6318,240.33,Bank Transfer
11466,PAY011466,20260430,6318,301.99,Bank Transfer
11467,PAY011467,20260529,6318,3451.81,Credit Card
11468,PAY011468,20260629,6318,2435.56,Cash
11469,PAY011469,20230718,6319,756.86,Bank Transfer
11470,PAY011470,20230815,6319,19.14,Credit Card
11471,PAY011471,20230915,6319,3855.04,Cash
11472,PAY011472,20231011,6319,6254.27,Bank Transfer
11473,PAY011473,20230823,6320,424.13,Cash
11474,PAY011474,20230920,6320,11.03,SADAD
11475,PAY011475,20231023,6320,563.86,Cash
11476,PAY011476,20231119,6320,1078.05,Bank Transfer
11477,PAY011477,20260225,6321,2163.69,Cash
11478,PAY011478,20240928,6322,561.44,SADAD
11479,PAY011479,20241024,6322,157.56,SADAD
11480,PAY011480,20241122,6322,598.17,SADAD
11481,PAY011481,20241227,6322,1243.36,Cash
11482,PAY011482,20251227,6323,2013.54,Cash
11483,PAY011483,20260129,6323,4908.6,Credit Card
11484,PAY011484,20230206,6324,3164.82,Credit Card
11485,PAY011485,20250720,6325,280.57,Credit Card
11486,PAY011486,20250816,6325,1767.6,Credit Card
11487,PAY011487,20250918,6325,339.72,Credit Card
11488,PAY011488,20251019,6325,1109.62,SADAD
11489,PAY011489,20231020,6326,1108.93,Credit Card
11490,PAY011490,20260125,6327,2030.08,Credit Card
11491,PAY011491,20220929,6328,400.94,Credit Card
11492,PAY011492,20221025,6328,699.61,Bank Transfer
11493,PAY011493,20221126,6328,705.68,SADAD
11494,PAY011494,20221229,6328,83.94,Bank Transfer
11495,PAY011495,20240921,6329,10935.68,Credit Card
11496,PAY011496,20251101,6330,9325.24,Cash
11497,PAY011497,20250728,6331,30068.56,Credit Card
11498,PAY011498,20230403,6332,2763.45,Cash
11499,PAY011499,20240215,6333,9057.62,Cash
11500,PAY011500,20240104,6334,13985.2,Cash
11501,PAY011501,20240131,6334,636.35,Credit Card
11502,PAY011502,20250101,6335,1490.05,Bank Transfer
11503,PAY011503,20250720,6336,5283.75,Bank Transfer
11504,PAY011504,20230816,6337,339.68,Credit Card
11505,PAY011505,20230915,6337,1247.97,SADAD
11506,PAY011506,20231017,6337,255.57,SADAD
11507,PAY011507,20231117,6337,1621.86,Cash
11508,PAY011508,20240902,6338,7036.32,SADAD
11509,PAY011509,20240815,6339,23227.7,Credit Card
11510,PAY011510,20231126,6340,258.57,Bank Transfer
11511,PAY011511,20240410,6341,206.96,Bank Transfer
11512,PAY011512,20240512,6341,2977.55,SADAD
11513,PAY011513,20240613,6341,3790.54,SADAD
11514,PAY011514,20240711,6341,694.74,Credit Card
11515,PAY011515,20250805,6342,9043.25,Credit Card
11516,PAY011516,20250710,6343,686.66,Credit Card
11517,PAY011517,20230407,6344,404.48,SADAD
11518,PAY011518,20230507,6344,460.82,SADAD
11519,PAY011519,20240712,6345,18589.87,Cash
11520,PAY011520,20240813,6345,15179.97,Cash
11521,PAY011521,20250520,6346,6564.51,Bank Transfer
11522,PAY011522,20250717,6347,58.29,SADAD
11523,PAY011523,20250818,6347,530.34,SADAD
11524,PAY011524,20250912,6347,3111.37,SADAD
11525,PAY011525,20251014,6347,24.64,Bank Transfer
11526,PAY011526,20250118,6348,2384.02,SADAD
11527,PAY011527,20260215,6349,5627.53,SADAD
11528,PAY011528,20240905,6350,810.41,Credit Card
11529,PAY011529,20241002,6350,170.89,Cash
11530,PAY011530,20241105,6350,676.02,SADAD
11531,PAY011531,20241201,6350,1243.74,Credit Card
11532,PAY011532,20230503,6351,22825.5,Cash
11533,PAY011533,20230602,6351,7799.66,Cash
11534,PAY011534,20260319,6352,350.71,SADAD
11535,PAY011535,20260417,6352,1044.26,SADAD
11536,PAY011536,20241002,6353,1670.53,Bank Transfer
11537,PAY011537,20230417,6354,8626.6,SADAD
11538,PAY011538,20231113,6355,14950.91,SADAD
11539,PAY011539,20260719,6356,3832.61,Credit Card
11540,PAY011540,20260817,6356,3479.8,Cash
11541,PAY011541,20240219,6357,2268.52,SADAD
11542,PAY011542,20250323,6358,8437.22,SADAD
11543,PAY011543,20230916,6359,2161.7,Credit Card
11544,PAY011544,20250130,6360,2270.68,Bank Transfer
11545,PAY011545,20250228,6360,2411.67,Cash
11546,PAY011546,20250330,6360,2087.97,SADAD
11547,PAY011547,20250430,6360,7306.19,Credit Card
11548,PAY011548,20260408,6361,171.39,Cash
11549,PAY011549,20260513,6361,1675.14,Credit Card
11550,PAY011550,20260610,6361,1194.1,Credit Card
11551,PAY011551,20260709,6361,579.18,Cash
11552,PAY011552,20230104,6362,8407.07,Bank Transfer
11553,PAY011553,20241119,6363,22591.18,Cash
11554,PAY011554,20241221,6363,13401.54,Bank Transfer
11555,PAY011555,20250531,6364,19592.54,Bank Transfer
11556,PAY011556,20230121,6365,7833.18,Credit Card
11557,PAY011557,20230223,6365,486.8,Bank Transfer
11558,PAY011558,20250316,6366,5215.11,Credit Card
11559,PAY011559,20250417,6366,3480.63,Bank Transfer
11560,PAY011560,20240926,6367,3023.53,Cash
11561,PAY011561,20260316,6368,2305.3,Cash
11562,PAY011562,20260411,6368,3820.33,Cash
11563,PAY011563,20260515,6368,2286.05,Credit Card
11564,PAY011564,20260611,6368,4243.26,SADAD
11565,PAY011565,20250924,6369,1199.22,Bank Transfer
11566,PAY011566,20251021,6369,1559.28,Credit Card
11567,PAY011567,20251121,6369,1315.23,Credit Card
11568,PAY011568,20251220,6369,3297.54,SADAD
11569,PAY011569,20230205,6370,4643.62,Bank Transfer
11570,PAY011570,20230306,6370,1331.77,Credit Card
11571,PAY011571,20250501,6371,6907.96,Credit Card
11572,PAY011572,20241006,6372,17835.1,SADAD
11573,PAY011573,20241105,6372,1774.04,Bank Transfer
11574,PAY011574,20260724,6373,151.47,Cash
11575,PAY011575,20260824,6373,367.26,SADAD
11576,PAY011576,20251010,6374,501.5,Cash
11577,PAY011577,20251112,6374,1531.28,Credit Card
11578,PAY011578,20250821,6375,4902.34,Credit Card
11579,PAY011579,20240728,6376,13191.91,Cash
11580,PAY011580,20240828,6376,15370.05,Cash
11581,PAY011581,20240822,6377,2375.58,Bank Transfer
11582,PAY011582,20240919,6377,3772.29,Credit Card
11583,PAY011583,20250925,6378,212484.41,Credit Card
11584,PAY011584,20250918,6379,743.27,Credit Card
11585,PAY011585,20251023,6379,4051.51,Bank Transfer
11586,PAY011586,20251120,6379,482.39,SADAD
11587,PAY011587,20251217,6379,3239.54,SADAD
11588,PAY011588,20230823,6380,790.68,Bank Transfer
11589,PAY011589,20230920,6380,1222.95,Cash
11590,PAY011590,20231022,6380,12551.88,Bank Transfer
11591,PAY011591,20231121,6380,724.65,Bank Transfer
11592,PAY011592,20240617,6381,8117.27,Bank Transfer
11593,PAY011593,20240716,6381,1560.88,Bank Transfer
11594,PAY011594,20240813,6381,3152.95,Bank Transfer
11595,PAY011595,20240914,6381,2165.78,Bank Transfer
11596,PAY011596,20260111,6382,1003.73,Bank Transfer
11597,PAY011597,20260208,6382,1613.0,Credit Card
11598,PAY011598,20260313,6382,627.91,SADAD
11599,PAY011599,20260409,6382,1933.52,Bank Transfer
11600,PAY011600,20260410,6383,20823.37,Bank Transfer
11601,PAY011601,20230725,6384,1790.52,Credit Card
11602,PAY011602,20220513,6385,3300.23,SADAD
11603,PAY011603,20220614,6385,322.98,Bank Transfer
11604,PAY011604,20220716,6385,2147.02,Bank Transfer
11605,PAY011605,20220811,6385,3106.0,SADAD
11606,PAY011606,20230121,6386,10635.93,SADAD
11607,PAY011607,20230224,6386,6580.95,Credit Card
11608,PAY011608,20240217,6387,2346.62,SADAD
11609,PAY011609,20240316,6387,7501.65,Bank Transfer
11610,PAY011610,20240415,6387,2788.87,Credit Card
11611,PAY011611,20240512,6387,2845.34,Credit Card
11612,PAY011612,20250124,6388,7648.67,Credit Card
11613,PAY011613,20241201,6389,1672.48,SADAD
11614,PAY011614,20251014,6390,2275.24,SADAD
11615,PAY011615,20260322,6391,3209.06,Credit Card
11616,PAY011616,20231121,6392,312.56,Cash
11617,PAY011617,20231219,6392,777.29,Bank Transfer
11618,PAY011618,20240119,6392,433.47,Credit Card
11619,PAY011619,20240219,6392,510.71,Bank Transfer
11620,PAY011620,20250122,6393,4394.17,SADAD
11621,PAY011621,20260418,6394,8142.32,SADAD
11622,PAY011622,20240625,6395,6305.27,Credit Card
11623,PAY011623,20240726,6395,550.4,Cash
11624,PAY011624,20240609,6396,6321.02,Bank Transfer
11625,PAY011625,20240713,6396,17039.35,Credit Card
11626,PAY011626,20250911,6397,16785.01,SADAD
11627,PAY011627,20250806,6398,38433.27,Bank Transfer
11628,PAY011628,20250904,6398,107835.79,Bank Transfer
11629,PAY011629,20240726,6399,6413.56,SADAD
11630,PAY011630,20250801,6400,186920.08,SADAD
11631,PAY011631,20250827,6400,42457.14,Cash
11632,PAY011632,20260309,6401,1410.92,Credit Card
11633,PAY011633,20221117,6402,8706.66,SADAD
11634,PAY011634,20260202,6403,3799.9,SADAD
11635,PAY011635,20260304,6403,69.29,Bank Transfer
11636,PAY011636,20260401,6403,5754.32,Cash
11637,PAY011637,20260430,6403,1961.2,Bank Transfer
11638,PAY011638,20231213,6404,1243.62,Bank Transfer
11639,PAY011639,20240110,6404,1014.69,Cash
11640,PAY011640,20241010,6405,1750.32,Cash
11641,PAY011641,20241112,6405,5831.9,SADAD
11642,PAY011642,20241017,6406,988.91,Bank Transfer
11643,PAY011643,20241115,6406,3344.4,SADAD
11644,PAY011644,20241218,6406,994.66,Cash
11645,PAY011645,20250113,6406,595.74,SADAD
11646,PAY011646,20231016,6407,1045.01,Bank Transfer
11647,PAY011647,20231115,6407,1766.82,Credit Card
11648,PAY011648,20260306,6408,1850.61,Cash
11649,PAY011649,20230707,6409,2886.22,Cash
11650,PAY011650,20251020,6410,3189.86,Credit Card
11651,PAY011651,20250210,6411,796.57,Bank Transfer
11652,PAY011652,20250313,6411,892.61,SADAD
11653,PAY011653,20250820,6412,5150.28,Cash
11654,PAY011654,20250413,6413,7200.59,Credit Card
11655,PAY011655,20240713,6414,592.65,Credit Card
11656,PAY011656,20240813,6414,19469.55,Bank Transfer
11657,PAY011657,20240913,6414,4011.94,Cash
11658,PAY011658,20241012,6414,597.3,SADAD
11659,PAY011659,20220515,6415,1891.75,Credit Card
11660,PAY011660,20220612,6415,2340.26,SADAD
11661,PAY011661,20240924,6416,3103.54,SADAD
11662,PAY011662,20221231,6417,927.92,SADAD
11663,PAY011663,20230203,6417,80.4,Bank Transfer
11664,PAY011664,20260610,6418,14916.11,Credit Card
11665,PAY011665,20260715,6418,1104.46,SADAD
11666,PAY011666,20251215,6419,54852.13,SADAD
11667,PAY011667,20260408,6420,1923.44,Cash
11668,PAY011668,20260509,6420,2083.08,Credit Card
11669,PAY011669,20260606,6420,377.87,SADAD
11670,PAY011670,20260705,6420,3840.68,Cash
11671,PAY011671,20260725,6421,4327.85,Cash
11672,PAY011672,20250221,6422,26249.61,Cash
11673,PAY011673,20220610,6423,3294.4,Credit Card
11674,PAY011674,20220710,6423,1249.47,Cash
11675,PAY011675,20220811,6423,4700.28,Cash
11676,PAY011676,20220908,6423,898.74,Bank Transfer
11677,PAY011677,20251210,6424,1210.97,Cash
11678,PAY011678,20260104,6424,3085.78,Credit Card
11679,PAY011679,20221207,6425,5296.82,Credit Card
11680,PAY011680,20251202,6426,9449.28,Cash
11681,PAY011681,20251203,6427,3485.55,Credit Card
11682,PAY011682,20240812,6428,4457.12,Cash
11683,PAY011683,20250104,6429,63325.76,Credit Card
11684,PAY011684,20250203,6429,2667.69,Credit Card
11685,PAY011685,20250305,6429,7577.69,Bank Transfer
11686,PAY011686,20250406,6429,5089.24,SADAD
11687,PAY011687,20240505,6430,1231.29,Bank Transfer
11688,PAY011688,20240605,6430,1104.0,Bank Transfer
11689,PAY011689,20250528,6431,719.23,Cash
11690,PAY011690,20250628,6431,556.05,SADAD
11691,PAY011691,20220814,6432,513.64,Cash
11692,PAY011692,20220915,6432,7980.67,Cash
11693,PAY011693,20221010,6432,966.15,Bank Transfer
11694,PAY011694,20221109,6432,2081.82,Cash
11695,PAY011695,20240517,6433,3674.28,Bank Transfer
11696,PAY011696,20240620,6433,3273.17,Credit Card
11697,PAY011697,20250314,6434,804.23,Credit Card
11698,PAY011698,20250415,6434,1220.84,SADAD
11699,PAY011699,20220907,6435,53092.2,SADAD
11700,PAY011700,20241112,6436,12104.95,Cash
11701,PAY011701,20241213,6436,3678.74,Bank Transfer
11702,PAY011702,20251225,6437,1000.77,Cash
11703,PAY011703,20241006,6438,9113.43,Credit Card
11704,PAY011704,20241103,6438,25115.77,Credit Card
11705,PAY011705,20240917,6439,9294.47,Bank Transfer
11706,PAY011706,20230628,6440,5552.15,Cash
11707,PAY011707,20230712,6441,2653.04,SADAD
11708,PAY011708,20241007,6442,5703.09,Credit Card
11709,PAY011709,20260706,6443,39433.86,Bank Transfer
11710,PAY011710,20230825,6444,8656.87,SADAD
11711,PAY011711,20230922,6444,1009.85,Bank Transfer
11712,PAY011712,20220908,6445,28188.55,SADAD
11713,PAY011713,20251010,6446,4681.29,Cash
11714,PAY011714,20251112,6446,778.86,Bank Transfer
11715,PAY011715,20251212,6446,700.98,Credit Card
11716,PAY011716,20260112,6446,2787.65,Cash
11717,PAY011717,20231207,6447,2394.05,Bank Transfer
11718,PAY011718,20260618,6448,9836.75,Credit Card
11719,PAY011719,20260717,6448,18687.42,Cash
11720,PAY011720,20260818,6448,4991.9,SADAD
11721,PAY011721,20241031,6449,2825.22,SADAD
11722,PAY011722,20250818,6450,42578.9,Cash
11723,PAY011723,20251030,6451,5619.77,Credit Card
11724,PAY011724,20250215,6452,16675.36,Cash
11725,PAY011725,20230503,6453,9090.54,Bank Transfer
11726,PAY011726,20240101,6454,41.21,Credit Card
11727,PAY011727,20240130,6454,1250.62,SADAD
11728,PAY011728,20240228,6454,1643.06,SADAD
11729,PAY011729,20240403,6454,590.66,Bank Transfer
11730,PAY011730,20250307,6455,387.23,Bank Transfer
11731,PAY011731,20250411,6455,225.27,SADAD
11732,PAY011732,20260729,6456,313.41,Bank Transfer
11733,PAY011733,20240908,6457,273.96,SADAD
11734,PAY011734,20241005,6457,330.49,Bank Transfer
11735,PAY011735,20241106,6457,578.32,Bank Transfer
11736,PAY011736,20241205,6457,321.74,Cash
11737,PAY011737,20230414,6458,109.97,SADAD
11738,PAY011738,20230513,6458,609.7,Credit Card
11739,PAY011739,20230617,6458,253.55,Cash
11740,PAY011740,20230717,6458,449.91,Bank Transfer
11741,PAY011741,20241031,6459,17647.71,SADAD
11742,PAY011742,20260504,6460,19739.31,Credit Card
11743,PAY011743,20231130,6461,2207.51,Credit Card
11744,PAY011744,20231222,6462,1929.01,Credit Card
11745,PAY011745,20240118,6462,3069.59,Cash
11746,PAY011746,20240218,6462,1745.89,Bank Transfer
11747,PAY011747,20240321,6462,5116.18,Cash
11748,PAY011748,20250328,6463,11092.18,Cash
11749,PAY011749,20250424,6463,60076.11,Bank Transfer
11750,PAY011750,20250928,6464,1437.67,SADAD
11751,PAY011751,20251026,6464,1803.27,SADAD
11752,PAY011752,20251125,6464,621.17,Credit Card
11753,PAY011753,20251225,6464,1464.76,Cash
11754,PAY011754,20250403,6465,6160.39,Cash
11755,PAY011755,20250703,6466,7816.55,Cash
11756,PAY011756,20250801,6466,732.44,SADAD
11757,PAY011757,20250901,6466,1043.64,Cash
11758,PAY011758,20251003,6466,3849.31,Credit Card
11759,PAY011759,20250923,6467,2480.62,Credit Card
11760,PAY011760,20250421,6468,1192.7,Cash
11761,PAY011761,20250522,6468,45.67,Bank Transfer
11762,PAY011762,20250620,6468,13.63,Credit Card
11763,PAY011763,20250720,6468,245.91,SADAD
11764,PAY011764,20240116,6469,1538.26,SADAD
11765,PAY011765,20220825,6470,4708.29,Credit Card
11766,PAY011766,20250316,6471,8110.93,SADAD
11767,PAY011767,20250416,6471,5983.8,Credit Card
11768,PAY011768,20240212,6472,3652.31,Cash
11769,PAY011769,20260217,6473,2532.21,Cash
11770,PAY011770,20260530,6474,2873.42,SADAD
11771,PAY011771,20241125,6475,832.06,SADAD
11772,PAY011772,20251206,6476,7423.4,SADAD
11773,PAY011773,20250812,6477,2815.67,Credit Card
11774,PAY011774,20250910,6477,16.62,Cash
11775,PAY011775,20231013,6478,2188.54,Credit Card
11776,PAY011776,20240405,6479,8761.91,Credit Card
11777,PAY011777,20220516,6480,69.95,Bank Transfer
11778,PAY011778,20220613,6480,279.96,SADAD
11779,PAY011779,20220711,6480,1096.69,Cash
11780,PAY011780,20220815,6480,341.8,Bank Transfer
11781,PAY011781,20240408,6481,3655.19,SADAD
11782,PAY011782,20241024,6482,204065.36,Credit Card
11783,PAY011783,20240423,6483,6813.45,Cash
11784,PAY011784,20240525,6483,1432.36,SADAD
11785,PAY011785,20230611,6484,2446.38,SADAD
11786,PAY011786,20230707,6484,541.55,SADAD
11787,PAY011787,20240618,6485,15030.0,Cash
11788,PAY011788,20240719,6485,16007.97,Credit Card
11789,PAY011789,20240818,6485,2102.58,Cash
11790,PAY011790,20240914,6485,2424.33,Bank Transfer
11791,PAY011791,20250417,6486,937.15,Bank Transfer
11792,PAY011792,20250518,6486,1556.94,Bank Transfer
11793,PAY011793,20250619,6486,1703.73,Credit Card
11794,PAY011794,20250716,6486,282.49,SADAD
11795,PAY011795,20260713,6487,853.84,SADAD
11796,PAY011796,20240101,6488,6580.33,SADAD
11797,PAY011797,20250101,6489,312.24,Cash
11798,PAY011798,20250203,6489,1592.99,Credit Card
11799,PAY011799,20230506,6490,1116.77,Bank Transfer
11800,PAY011800,20230609,6490,382.06,Bank Transfer
11801,PAY011801,20230710,6490,2229.9,Credit Card
11802,PAY011802,20230809,6490,1336.95,SADAD
11803,PAY011803,20240313,6491,587.22,Credit Card
11804,PAY011804,20240411,6491,2849.1,SADAD
11805,PAY011805,20240511,6491,11833.71,Credit Card
11806,PAY011806,20240611,6491,4699.83,SADAD
11807,PAY011807,20250131,6492,2464.65,SADAD
11808,PAY011808,20250227,6492,265.01,Bank Transfer
11809,PAY011809,20250402,6492,2761.78,Credit Card
11810,PAY011810,20250429,6492,119.33,SADAD
11811,PAY011811,20231117,6493,559.39,SADAD
11812,PAY011812,20231217,6493,103.9,Credit Card
11813,PAY011813,20220411,6494,5754.84,Cash
11814,PAY011814,20220512,6494,189.66,Credit Card
11815,PAY011815,20251024,6495,4865.54,Bank Transfer
11816,PAY011816,20230809,6496,108.13,Bank Transfer
11817,PAY011817,20230909,6496,398.87,Credit Card
11818,PAY011818,20231009,6496,1167.61,Credit Card
11819,PAY011819,20231106,6496,3139.38,SADAD
11820,PAY011820,20260127,6497,8504.57,Credit Card
11821,PAY011821,20230907,6498,1002.39,Cash
11822,PAY011822,20231006,6498,1287.97,SADAD
11823,PAY011823,20231107,6498,87.92,SADAD
11824,PAY011824,20231206,6498,355.01,Bank Transfer
11825,PAY011825,20221029,6499,11380.89,Cash
11826,PAY011826,20230905,6500,2216.71,Credit Card
11827,PAY011827,20231006,6500,8872.14,Credit Card
11828,PAY011828,20250810,6501,1270.4,Credit Card
11829,PAY011829,20250906,6501,313.01,SADAD
11830,PAY011830,20250124,6502,3410.53,Cash
11831,PAY011831,20260410,6503,12745.04,Credit Card
11832,PAY011832,20260205,6504,2546.66,Bank Transfer
11833,PAY011833,20260310,6504,1719.71,Cash
11834,PAY011834,20240609,6505,7262.11,SADAD
11835,PAY011835,20250618,6506,9196.6,Bank Transfer
11836,PAY011836,20230401,6507,48.43,SADAD
11837,PAY011837,20230505,6507,1484.07,SADAD
11838,PAY011838,20260410,6508,8189.13,Cash
11839,PAY011839,20221207,6509,7027.87,Cash
11840,PAY011840,20230106,6509,1710.92,SADAD
11841,PAY011841,20250117,6510,20143.21,SADAD
11842,PAY011842,20250113,6511,343.83,Credit Card
11843,PAY011843,20250213,6511,1991.59,SADAD
11844,PAY011844,20250312,6511,5482.38,SADAD
11845,PAY011845,20250411,6511,351.6,Bank Transfer
11846,PAY011846,20240216,6512,26577.11,Cash
11847,PAY011847,20260626,6513,5586.0,Bank Transfer
11848,PAY011848,20240603,6514,1171.67,Cash
11849,PAY011849,20221229,6515,23158.69,Cash
11850,PAY011850,20240825,6516,3524.18,Credit Card
11851,PAY011851,20240923,6516,776.41,Bank Transfer
11852,PAY011852,20240312,6517,141137.2,SADAD
11853,PAY011853,20220917,6518,3595.77,Credit Card
11854,PAY011854,20221022,6518,2554.53,Bank Transfer
11855,PAY011855,20231221,6519,6894.45,SADAD
11856,PAY011856,20251112,6520,8684.58,Credit Card
11857,PAY011857,20251213,6520,93.43,SADAD
11858,PAY011858,20240410,6521,8949.47,Cash
11859,PAY011859,20240505,6521,826.0,Cash
11860,PAY011860,20250826,6522,801.87,Credit Card
11861,PAY011861,20250929,6522,2136.62,SADAD
11862,PAY011862,20251029,6522,93.29,Credit Card
11863,PAY011863,20251128,6522,1466.22,Bank Transfer
11864,PAY011864,20230917,6523,26901.81,Cash
11865,PAY011865,20220717,6524,473.25,Credit Card
11866,PAY011866,20220819,6524,3795.73,Bank Transfer
11867,PAY011867,20240926,6525,48973.32,Credit Card
11868,PAY011868,20250506,6526,8994.52,Bank Transfer
11869,PAY011869,20251121,6527,2402.35,Credit Card
11870,PAY011870,20230114,6528,86.46,Credit Card
11871,PAY011871,20230214,6528,879.4,Credit Card
11872,PAY011872,20241112,6529,11991.79,Credit Card
11873,PAY011873,20250104,6530,30577.79,Cash
11874,PAY011874,20240716,6531,6949.91,SADAD
11875,PAY011875,20240815,6531,5254.82,SADAD
11876,PAY011876,20240811,6532,535.97,Credit Card
11877,PAY011877,20240908,6532,794.07,Credit Card
11878,PAY011878,20250501,6533,32484.14,Bank Transfer
11879,PAY011879,20230201,6534,2502.17,Cash
11880,PAY011880,20230305,6534,2085.22,Cash
11881,PAY011881,20240627,6535,842.29,Cash
11882,PAY011882,20240728,6535,509.85,Cash
11883,PAY011883,20240822,6535,611.07,Bank Transfer
11884,PAY011884,20240922,6535,1563.54,Bank Transfer
11885,PAY011885,20250915,6536,28013.26,SADAD
11886,PAY011886,20250404,6537,2175.53,Bank Transfer
11887,PAY011887,20240524,6538,2318.75,Cash
11888,PAY011888,20231110,6539,27425.91,Cash
11889,PAY011889,20241201,6540,42252.76,Cash
11890,PAY011890,20240407,6541,34090.79,SADAD
11891,PAY011891,20240628,6542,4557.07,Bank Transfer
11892,PAY011892,20240726,6542,8408.07,SADAD
11893,PAY011893,20240826,6542,248.68,Credit Card
11894,PAY011894,20240924,6542,1674.36,Credit Card
11895,PAY011895,20260330,6543,436.56,Credit Card
11896,PAY011896,20260504,6543,157.95,Bank Transfer
11897,PAY011897,20260529,6543,286.86,SADAD
11898,PAY011898,20260703,6543,643.05,Cash
11899,PAY011899,20231023,6544,5075.62,SADAD
11900,PAY011900,20240908,6545,19446.99,SADAD
11901,PAY011901,20241223,6546,3132.13,Cash
11902,PAY011902,20250122,6546,0.15,SADAD
11903,PAY011903,20250223,6546,133.78,SADAD
11904,PAY011904,20250323,6546,605.3,SADAD
11905,PAY011905,20251223,6547,19039.81,Credit Card
11906,PAY011906,20240815,6548,11263.38,Cash
11907,PAY011907,20240916,6548,12258.22,SADAD
11908,PAY011908,20241019,6548,123.73,Bank Transfer
11909,PAY011909,20241118,6548,13309.94,Cash
11910,PAY011910,20230703,6549,12554.18,Bank Transfer
11911,PAY011911,20230804,6549,529.75,Credit Card
11912,PAY011912,20250128,6550,259.72,SADAD
11913,PAY011913,20250301,6550,293.17,SADAD
11914,PAY011914,20250328,6550,262.64,Cash
11915,PAY011915,20250429,6550,37.18,Bank Transfer
11916,PAY011916,20250616,6551,1634.05,SADAD
11917,PAY011917,20250720,6551,229.11,Cash
11918,PAY011918,20250818,6551,60.95,Bank Transfer
11919,PAY011919,20250918,6551,350.25,Bank Transfer
11920,PAY011920,20220406,6552,29781.17,SADAD
11921,PAY011921,20260719,6553,2533.47,Credit Card
11922,PAY011922,20231214,6554,2034.43,Credit Card
11923,PAY011923,20260222,6555,7196.21,Bank Transfer
11924,PAY011924,20240409,6556,1710.1,Credit Card
11925,PAY011925,20251016,6557,1348.92,Cash
11926,PAY011926,20250224,6558,577.44,SADAD
11927,PAY011927,20260325,6559,1667.77,SADAD
11928,PAY011928,20260424,6559,715.95,Cash
11929,PAY011929,20260522,6559,83.98,Cash
11930,PAY011930,20260625,6559,1004.2,Bank Transfer
11931,PAY011931,20250127,6560,2260.09,Credit Card
11932,PAY011932,20260114,6561,26316.08,Credit Card
11933,PAY011933,20260428,6562,1417.2,Cash
11934,PAY011934,20250903,6563,1378.69,Bank Transfer
11935,PAY011935,20251005,6563,1699.0,Credit Card
11936,PAY011936,20251031,6563,64.9,Bank Transfer
11937,PAY011937,20251201,6563,159.33,SADAD
11938,PAY011938,20260302,6564,6364.19,Cash
11939,PAY011939,20240707,6565,6179.59,Cash
11940,PAY011940,20230517,6566,4882.21,SADAD
11941,PAY011941,20231026,6567,9077.71,SADAD
11942,PAY011942,20240630,6568,8318.52,Credit Card
11943,PAY011943,20251218,6569,2742.02,Credit Card
11944,PAY011944,20230924,6570,367.74,Cash
11945,PAY011945,20231025,6570,7076.3,Credit Card
11946,PAY011946,20250307,6571,13531.02,SADAD
11947,PAY011947,20231019,6572,309.28,Credit Card
11948,PAY011948,20231118,6572,21513.22,Cash
11949,PAY011949,20230508,6573,39627.94,Bank Transfer
11950,PAY011950,20250628,6574,3501.08,Bank Transfer
11951,PAY011951,20250801,6574,3588.96,Bank Transfer
11952,PAY011952,20241229,6575,7120.75,Cash
11953,PAY011953,20250201,6575,1271.28,Cash
11954,PAY011954,20230919,6576,8535.04,Bank Transfer
11955,PAY011955,20231019,6576,25903.3,SADAD
11956,PAY011956,20251009,6577,123078.99,Credit Card
11957,PAY011957,20230804,6578,1359.09,Credit Card
11958,PAY011958,20230829,6578,1196.98,Cash
11959,PAY011959,20231003,6578,684.78,Credit Card
11960,PAY011960,20231102,6578,1432.84,Credit Card
11961,PAY011961,20231021,6579,133.97,SADAD
11962,PAY011962,20231121,6579,388.55,Credit Card
11963,PAY011963,20231218,6579,457.84,Bank Transfer
11964,PAY011964,20240115,6579,847.94,Credit Card
11965,PAY011965,20230808,6580,292.19,SADAD
11966,PAY011966,20230907,6580,356.91,SADAD
11967,PAY011967,20241113,6581,1206.52,SADAD
11968,PAY011968,20241208,6581,2205.46,Bank Transfer
11969,PAY011969,20250109,6581,633.47,SADAD
11970,PAY011970,20250207,6581,123.26,Bank Transfer
11971,PAY011971,20230604,6582,594.26,Credit Card
11972,PAY011972,20230701,6582,537.77,Bank Transfer
11973,PAY011973,20241025,6583,9932.37,Bank Transfer
11974,PAY011974,20230626,6584,168088.45,Cash
11975,PAY011975,20260414,6585,16031.71,Cash
11976,PAY011976,20241203,6586,36627.77,Bank Transfer
11977,PAY011977,20230403,6587,2019.1,Cash
11978,PAY011978,20230502,6587,1851.11,Credit Card
11979,PAY011979,20240710,6588,1878.31,Credit Card
11980,PAY011980,20240812,6588,4419.16,SADAD
11981,PAY011981,20240911,6588,2954.17,SADAD
11982,PAY011982,20241009,6588,449.8,Bank Transfer
11983,PAY011983,20231226,6589,32.77,Bank Transfer
11984,PAY011984,20240129,6589,19.55,Credit Card
11985,PAY011985,20240228,6589,502.1,Bank Transfer
11986,PAY011986,20240325,6589,62.77,Bank Transfer
11987,PAY011987,20250910,6590,18809.22,Credit Card
11988,PAY011988,20240922,6591,5456.07,Bank Transfer
11989,PAY011989,20241020,6591,219.98,Bank Transfer
11990,PAY011990,20250525,6592,1516.9,Credit Card
11991,PAY011991,20230810,6593,7997.13,Cash
11992,PAY011992,20260609,6594,42545.79,Credit Card
11993,PAY011993,20260709,6594,170283.36,Bank Transfer
11994,PAY011994,20250406,6595,852.15,Bank Transfer
11995,PAY011995,20250507,6595,5425.94,SADAD
11996,PAY011996,20250603,6595,3340.67,SADAD
11997,PAY011997,20250701,6595,1787.37,Cash
11998,PAY011998,20260314,6596,4032.0,Bank Transfer
11999,PAY011999,20260415,6596,30176.81,Credit Card
12000,PAY012000,20250819,6597,1210.85,SADAD
12001,PAY012001,20250918,6597,670.06,SADAD
12002,PAY012002,20251207,6598,993.06,Bank Transfer
12003,PAY012003,20260506,6599,87.1,Cash
12004,PAY012004,20260607,6599,1451.07,Credit Card
12005,PAY012005,20260610,6600,1123.86,Bank Transfer
12006,PAY012006,20260708,6600,2730.28,Credit Card
12007,PAY012007,20260807,6600,8744.57,Bank Transfer
12008,PAY012008,20250325,6601,1106.94,SADAD
12009,PAY012009,20250420,6601,4551.91,SADAD
12010,PAY012010,20251215,6602,569.93,SADAD
12011,PAY012011,20260113,6602,1342.8,Credit Card
12012,PAY012012,20260209,6602,11726.31,Cash
12013,PAY012013,20260313,6602,407.39,Cash
12014,PAY012014,20251116,6603,1396.9,SADAD
12015,PAY012015,20251216,6603,1706.18,SADAD
12016,PAY012016,20240805,6604,20901.92,Credit Card
12017,PAY012017,20240710,6605,3317.06,SADAD
12018,PAY012018,20240811,6605,24581.32,SADAD
12019,PAY012019,20240910,6605,38995.52,SADAD
12020,PAY012020,20241007,6605,10986.07,Credit Card
12021,PAY012021,20241018,6606,9935.42,Cash
12022,PAY012022,20220608,6607,2884.83,Credit Card
12023,PAY012023,20240204,6608,5696.6,Cash
12024,PAY012024,20260522,6609,1084.94,Cash
12025,PAY012025,20260620,6609,474.66,Cash
12026,PAY012026,20220420,6610,5374.94,Cash
12027,PAY012027,20220517,6610,13918.93,SADAD
12028,PAY012028,20220615,6610,57373.19,Credit Card
12029,PAY012029,20220716,6610,62026.01,Cash
12030,PAY012030,20250206,6611,15571.97,Cash
12031,PAY012031,20251230,6612,6488.15,Bank Transfer
12032,PAY012032,20240730,6613,13524.05,Bank Transfer
12033,PAY012033,20240829,6613,4473.37,Credit Card
12034,PAY012034,20240928,6613,1271.32,Cash
12035,PAY012035,20241027,6613,891.83,SADAD
12036,PAY012036,20230801,6614,8359.31,SADAD
12037,PAY012037,20250211,6615,13235.75,Cash
12038,PAY012038,20230713,6616,1134.75,Credit Card
12039,PAY012039,20230811,6616,1015.3,Bank Transfer
12040,PAY012040,20230912,6617,13134.4,Credit Card
12041,PAY012041,20241225,6618,7092.91,Bank Transfer
12042,PAY012042,20230130,6619,655.51,Credit Card
12043,PAY012043,20241231,6620,23697.14,Credit Card
12044,PAY012044,20251221,6621,2589.57,SADAD
12045,PAY012045,20260118,6621,2271.61,Bank Transfer
12046,PAY012046,20230126,6622,4609.94,Credit Card
12047,PAY012047,20230225,6623,1813.29,Cash
12048,PAY012048,20230227,6624,6207.65,Bank Transfer
12049,PAY012049,20251206,6625,13807.53,Credit Card
12050,PAY012050,20231220,6626,215.18,Bank Transfer
12051,PAY012051,20240117,6626,5406.28,SADAD
12052,PAY012052,20250811,6627,2457.95,Bank Transfer
12053,PAY012053,20250908,6627,734.71,SADAD
12054,PAY012054,20251118,6628,6021.11,Cash
12055,PAY012055,20230327,6629,668.89,SADAD
12056,PAY012056,20230423,6629,542.55,SADAD
12057,PAY012057,20230527,6629,248.05,SADAD
12058,PAY012058,20230625,6629,66.84,Cash
12059,PAY012059,20231219,6630,7682.19,Credit Card
12060,PAY012060,20240119,6630,1951.17,Credit Card
12061,PAY012061,20250809,6631,6125.99,Cash
12062,PAY012062,20230428,6632,446.99,SADAD
12063,PAY012063,20230531,6632,1129.61,Credit Card
12064,PAY012064,20230702,6632,56.15,Cash
12065,PAY012065,20230730,6632,445.33,Credit Card
12066,PAY012066,20241012,6633,973.01,Bank Transfer
12067,PAY012067,20241114,6633,3828.2,SADAD
12068,PAY012068,20241215,6633,262.28,Credit Card
12069,PAY012069,20250112,6633,1675.03,SADAD
12070,PAY012070,20241128,6634,4970.26,Bank Transfer
12071,PAY012071,20241005,6635,1198.14,Cash
12072,PAY012072,20251121,6636,6648.22,Bank Transfer
12073,PAY012073,20250826,6637,127.41,Bank Transfer
12074,PAY012074,20250924,6637,29661.05,Credit Card
12075,PAY012075,20251028,6637,3291.98,Bank Transfer
12076,PAY012076,20251126,6637,2922.54,Cash
12077,PAY012077,20260809,6638,24710.76,SADAD
12078,PAY012078,20231118,6639,2399.35,Cash
12079,PAY012079,20240214,6640,2807.51,Credit Card
12080,PAY012080,20240311,6640,17489.67,Credit Card
12081,PAY012081,20240414,6640,4220.88,SADAD
12082,PAY012082,20240514,6640,5201.21,Bank Transfer
12083,PAY012083,20240324,6641,1090.5,Credit Card
12084,PAY012084,20240427,6641,296.7,Bank Transfer
12085,PAY012085,20240525,6641,159.64,Credit Card
12086,PAY012086,20240622,6641,38.22,SADAD
12087,PAY012087,20250907,6642,2520.55,Cash
12088,PAY012088,20251007,6642,11721.29,Bank Transfer
12089,PAY012089,20251108,6642,4989.39,Credit Card
12090,PAY012090,20251205,6642,7906.62,Bank Transfer
12091,PAY012091,20221106,6643,7848.85,Cash
12092,PAY012092,20230118,6644,11872.24,Cash
12093,PAY012093,20250305,6645,1062.09,Credit Card
12094,PAY012094,20250108,6646,329.53,Credit Card
12095,PAY012095,20250206,6646,1160.58,Cash
12096,PAY012096,20250307,6646,319.37,Credit Card
12097,PAY012097,20250406,6646,453.7,Cash
12098,PAY012098,20260606,6647,69355.52,Credit Card
12099,PAY012099,20230307,6648,8177.21,Credit Card
12100,PAY012100,20250223,6649,25457.42,SADAD
12101,PAY012101,20251027,6650,2402.19,Bank Transfer
12102,PAY012102,20251124,6650,12178.8,Bank Transfer
12103,PAY012103,20241015,6651,5584.6,Bank Transfer
12104,PAY012104,20241118,6651,1453.41,Bank Transfer
12105,PAY012105,20250810,6652,251.13,Credit Card
12106,PAY012106,20250912,6652,2450.02,Cash
12107,PAY012107,20240501,6653,1942.39,Cash
12108,PAY012108,20260323,6654,12972.89,Bank Transfer
12109,PAY012109,20260420,6654,8963.01,Credit Card
12110,PAY012110,20230214,6655,8951.6,Credit Card
12111,PAY012111,20230316,6655,2259.34,Credit Card
12112,PAY012112,20240629,6656,369.57,Credit Card
12113,PAY012113,20240728,6656,2162.48,SADAD
12114,PAY012114,20240501,6657,2101.83,Credit Card
12115,PAY012115,20221117,6658,131216.72,Cash
12116,PAY012116,20250916,6659,2084.8,Cash
12117,PAY012117,20250809,6660,1676.5,Cash
12118,PAY012118,20260121,6661,76040.34,Credit Card
12119,PAY012119,20221021,6662,6721.92,Cash
12120,PAY012120,20260203,6663,15641.48,Cash
12121,PAY012121,20260226,6664,26755.45,Cash
12122,PAY012122,20260314,6665,4913.6,Credit Card
12123,PAY012123,20230724,6666,992.04,SADAD
12124,PAY012124,20230824,6666,743.76,Credit Card
12125,PAY012125,20260819,6667,52788.04,Bank Transfer
12126,PAY012126,20260616,6668,7892.25,SADAD
12127,PAY012127,20240614,6669,1481.54,Bank Transfer
12128,PAY012128,20240710,6669,958.11,SADAD
12129,PAY012129,20241010,6670,1196.97,Cash
12130,PAY012130,20250820,6671,2411.59,SADAD
12131,PAY012131,20250919,6671,27.86,Credit Card
12132,PAY012132,20251019,6671,1637.87,Bank Transfer
12133,PAY012133,20251121,6671,5533.99,Credit Card
12134,PAY012134,20230317,6672,25583.34,Credit Card
12135,PAY012135,20240714,6673,1147.84,Cash
12136,PAY012136,20240816,6673,310.84,Cash
12137,PAY012137,20240915,6673,6603.26,Cash
12138,PAY012138,20241016,6673,1261.45,SADAD
12139,PAY012139,20250228,6674,16318.27,SADAD
12140,PAY012140,20250426,6675,1444.07,SADAD
12141,PAY012141,20250527,6675,13431.1,Cash
12142,PAY012142,20260429,6676,341.23,Credit Card
12143,PAY012143,20260525,6676,4260.4,SADAD
12144,PAY012144,20240821,6677,1965.21,Credit Card
12145,PAY012145,20260313,6678,20.4,Cash
12146,PAY012146,20260412,6678,205.44,Bank Transfer
12147,PAY012147,20260513,6678,45.51,Cash
12148,PAY012148,20260608,6678,1136.63,SADAD
12149,PAY012149,20250403,6679,2252.9,Bank Transfer
12150,PAY012150,20260402,6680,5552.76,Credit Card
12151,PAY012151,20240206,6681,3887.7,SADAD
12152,PAY012152,20231213,6682,29592.37,Cash
12153,PAY012153,20240328,6683,5587.3,Credit Card
12154,PAY012154,20260621,6684,81123.61,SADAD
12155,PAY012155,20250628,6685,2484.57,Bank Transfer
12156,PAY012156,20251022,6686,4328.8,SADAD
12157,PAY012157,20251119,6686,11720.21,Bank Transfer
12158,PAY012158,20250311,6687,202.59,Bank Transfer
12159,PAY012159,20250414,6687,64.3,Cash
12160,PAY012160,20250515,6687,898.19,Cash
12161,PAY012161,20250613,6687,986.59,Cash
12162,PAY012162,20260401,6688,18333.23,SADAD
12163,PAY012163,20230801,6689,7182.59,Bank Transfer
12164,PAY012164,20250708,6690,10275.28,Bank Transfer
12165,PAY012165,20250807,6690,4022.03,Credit Card
12166,PAY012166,20240916,6691,29832.4,Bank Transfer
12167,PAY012167,20241017,6691,7864.5,SADAD
12168,PAY012168,20241117,6691,4975.69,Cash
12169,PAY012169,20241218,6691,25041.56,Cash
12170,PAY012170,20220425,6692,2835.77,Credit Card
12171,PAY012171,20220524,6692,29.66,Cash
12172,PAY012172,20220619,6692,1210.78,Cash
12173,PAY012173,20220721,6692,443.54,Cash
12174,PAY012174,20240730,6693,1683.91,Bank Transfer
12175,PAY012175,20240828,6693,25984.25,Cash
12176,PAY012176,20220401,6694,5557.72,Credit Card
12177,PAY012177,20251119,6695,2378.04,Bank Transfer
12178,PAY012178,20231025,6696,222010.51,Credit Card
12179,PAY012179,20240106,6697,26982.79,Bank Transfer
12180,PAY012180,20240205,6697,20320.68,Credit Card
12181,PAY012181,20240828,6698,12813.61,Bank Transfer
12182,PAY012182,20240924,6698,11629.84,Cash
12183,PAY012183,20240211,6699,3351.53,Bank Transfer
12184,PAY012184,20230801,6700,1810.4,Bank Transfer
12185,PAY012185,20260613,6701,688.21,Credit Card
12186,PAY012186,20260710,6701,177.79,SADAD
12187,PAY012187,20260813,6701,158.07,SADAD
12188,PAY012188,20240317,6702,2343.16,Cash
12189,PAY012189,20250218,6703,222.38,Bank Transfer
12190,PAY012190,20250320,6703,5746.03,SADAD
12191,PAY012191,20240324,6704,28994.21,Credit Card
12192,PAY012192,20260802,6705,12460.18,Cash
12193,PAY012193,20220708,6706,1371.11,Cash
12194,PAY012194,20230907,6707,54.16,Credit Card
12195,PAY012195,20231011,6707,743.92,Bank Transfer
12196,PAY012196,20230412,6708,25249.01,Credit Card
12197,PAY012197,20260515,6709,23608.29,Bank Transfer
12198,PAY012198,20230715,6710,14749.79,Bank Transfer
12199,PAY012199,20230817,6710,1461.03,Cash
12200,PAY012200,20230911,6710,1702.97,Credit Card
12201,PAY012201,20231014,6710,1116.48,SADAD
12202,PAY012202,20250309,6711,7367.16,SADAD
12203,PAY012203,20260418,6712,4614.45,Credit Card
12204,PAY012204,20260521,6712,8112.66,SADAD
12205,PAY012205,20241201,6713,4676.01,SADAD
12206,PAY012206,20251112,6714,2424.67,Credit Card
12207,PAY012207,20260524,6715,4139.17,Credit Card
12208,PAY012208,20260627,6715,3600.15,Cash
12209,PAY012209,20250826,6716,10387.87,Bank Transfer
12210,PAY012210,20250930,6717,9238.05,Credit Card
12211,PAY012211,20251030,6717,1167.92,Cash
12212,PAY012212,20251201,6717,776.93,Cash
12213,PAY012213,20251226,6717,4440.07,Cash
12214,PAY012214,20240411,6718,215097.11,Cash
12215,PAY012215,20241205,6719,15356.41,SADAD
12216,PAY012216,20251021,6720,27426.96,Bank Transfer
12217,PAY012217,20220304,6721,8059.4,SADAD
12218,PAY012218,20240831,6722,1645.57,Bank Transfer
12219,PAY012219,20240929,6722,6620.64,Credit Card
12220,PAY012220,20250407,6723,2968.89,Credit Card
12221,PAY012221,20250512,6723,3221.0,Bank Transfer
12222,PAY012222,20250606,6723,45.11,Bank Transfer
12223,PAY012223,20250710,6723,1107.36,Credit Card
12224,PAY012224,20250502,6724,7106.24,Bank Transfer
12225,PAY012225,20260110,6725,16485.69,Cash
12226,PAY012226,20250329,6726,2018.95,Bank Transfer
12227,PAY012227,20250430,6726,13402.95,Cash
12228,PAY012228,20260713,6727,2324.35,Credit Card
12229,PAY012229,20240116,6728,7629.56,Bank Transfer
12230,PAY012230,20240215,6728,5366.85,Credit Card
12231,PAY012231,20240314,6728,2836.56,SADAD
12232,PAY012232,20240415,6728,5522.8,Credit Card
12233,PAY012233,20251217,6729,276.85,SADAD
12234,PAY012234,20260116,6729,600.22,SADAD
12235,PAY012235,20250630,6730,4951.28,SADAD
12236,PAY012236,20240220,6731,1282.75,Cash
12237,PAY012237,20240326,6731,3594.65,SADAD
12238,PAY012238,20240303,6732,2292.18,Bank Transfer
12239,PAY012239,20240401,6732,349.46,SADAD
12240,PAY012240,20230912,6733,7131.08,Bank Transfer
12241,PAY012241,20231012,6733,4448.73,Bank Transfer
12242,PAY012242,20221116,6734,52.97,Credit Card
12243,PAY012243,20221214,6734,562.99,Credit Card
12244,PAY012244,20250411,6735,1560.51,Cash
12245,PAY012245,20250508,6735,3013.22,Bank Transfer
12246,PAY012246,20250605,6735,420.45,Cash
12247,PAY012247,20250708,6735,1640.55,Credit Card
12248,PAY012248,20250314,6736,2080.96,Bank Transfer
12249,PAY012249,20260810,6737,3621.99,Bank Transfer
12250,PAY012250,20260104,6738,1735.93,Cash
12251,PAY012251,20260131,6738,468.49,Credit Card
12252,PAY012252,20260305,6738,3356.47,Credit Card
12253,PAY012253,20260330,6738,351.34,Bank Transfer
12254,PAY012254,20231008,6739,902.3,Bank Transfer
12255,PAY012255,20230701,6740,2284.34,Cash
12256,PAY012256,20230731,6740,404.4,Cash
12257,PAY012257,20230901,6740,1690.24,SADAD
12258,PAY012258,20231001,6740,34.61,SADAD
12259,PAY012259,20230803,6741,8697.0,Credit Card
12260,PAY012260,20250103,6742,2280.83,Bank Transfer
12261,PAY012261,20250203,6742,2914.03,Credit Card
12262,PAY012262,20250307,6742,5404.74,SADAD
12263,PAY012263,20250401,6742,2121.82,Cash
12264,PAY012264,20230706,6743,4229.87,Credit Card
12265,PAY012265,20251219,6744,339.99,Cash
12266,PAY012266,20260121,6744,554.29,Credit Card
12267,PAY012267,20260221,6744,6261.86,Bank Transfer
12268,PAY012268,20260318,6744,930.3,Cash
12269,PAY012269,20240129,6745,1202.74,Credit Card
12270,PAY012270,20240229,6745,899.9,Credit Card
12271,PAY012271,20251006,6746,2249.83,Credit Card
12272,PAY012272,20251031,6746,903.77,Bank Transfer
12273,PAY012273,20240902,6747,1438.52,SADAD
12274,PAY012274,20241001,6747,1100.87,Bank Transfer
12275,PAY012275,20241103,6747,1073.73,Credit Card
12276,PAY012276,20241205,6747,664.07,Bank Transfer
12277,PAY012277,20230113,6748,1044.1,Cash
12278,PAY012278,20260107,6749,11690.41,SADAD
12279,PAY012279,20231201,6750,9634.91,Cash
12280,PAY012280,20250401,6751,18492.25,SADAD
12281,PAY012281,20241005,6752,718.25,SADAD
12282,PAY012282,20260308,6753,708.65,Bank Transfer
12283,PAY012283,20260408,6753,1084.69,Credit Card
12284,PAY012284,20240411,6754,7380.35,Cash
12285,PAY012285,20240515,6754,15303.06,Credit Card
12286,PAY012286,20221115,6755,9146.29,SADAD
12287,PAY012287,20240831,6756,34287.18,SADAD
12288,PAY012288,20240528,6757,14567.66,Bank Transfer
12289,PAY012289,20231127,6758,67808.04,Credit Card
12290,PAY012290,20250809,6759,7155.86,Credit Card
12291,PAY012291,20260209,6760,565.78,Credit Card
12292,PAY012292,20260312,6760,4485.44,Cash
12293,PAY012293,20250917,6761,23624.57,Bank Transfer
12294,PAY012294,20251016,6761,13267.86,Bank Transfer
12295,PAY012295,20221230,6762,1059.64,Credit Card
12296,PAY012296,20230127,6762,143.74,Bank Transfer
12297,PAY012297,20230228,6762,1936.77,Cash
12298,PAY012298,20230330,6762,165.45,Cash
12299,PAY012299,20240317,6763,290.77,Cash
12300,PAY012300,20240415,6763,775.11,Credit Card
12301,PAY012301,20220702,6764,2410.76,Credit Card
12302,PAY012302,20220803,6764,339.47,Bank Transfer
12303,PAY012303,20230306,6765,6453.52,Bank Transfer
12304,PAY012304,20240720,6766,761.78,SADAD
12305,PAY012305,20240817,6766,19.62,Credit Card
12306,PAY012306,20260121,6767,4769.45,Bank Transfer
12307,PAY012307,20240427,6768,2837.41,SADAD
12308,PAY012308,20230715,6769,116.7,Cash
12309,PAY012309,20230809,6769,4802.9,SADAD
12310,PAY012310,20230909,6769,274.37,Cash
12311,PAY012311,20231009,6769,785.57,Cash
12312,PAY012312,20240218,6770,2385.64,Cash
12313,PAY012313,20240320,6770,8792.77,Credit Card
12314,PAY012314,20230710,6771,3980.89,SADAD
12315,PAY012315,20240928,6772,5278.75,Credit Card
12316,PAY012316,20240731,6773,2932.67,Credit Card
12317,PAY012317,20240903,6773,429.18,Credit Card
12318,PAY012318,20241004,6773,4869.59,SADAD
12319,PAY012319,20241031,6773,69.87,Cash
12320,PAY012320,20251202,6774,1598.92,Cash
12321,PAY012321,20251229,6774,302.11,Cash
12322,PAY012322,20260129,6774,1468.66,SADAD
12323,PAY012323,20260226,6774,1776.17,Cash
12324,PAY012324,20241118,6775,1088.96,SADAD
12325,PAY012325,20241214,6775,733.18,Credit Card
12326,PAY012326,20241112,6776,396.81,Cash
12327,PAY012327,20241209,6776,56.29,Bank Transfer
12328,PAY012328,20250110,6776,1068.08,Credit Card
12329,PAY012329,20250209,6776,82.96,Credit Card
12330,PAY012330,20241125,6777,2432.23,SADAD
12331,PAY012331,20231020,6778,1763.92,Cash
12332,PAY012332,20250505,6779,419.88,SADAD
12333,PAY012333,20250607,6779,15560.64,SADAD
12334,PAY012334,20260224,6780,1914.13,Cash
12335,PAY012335,20241112,6781,3687.86,Bank Transfer
12336,PAY012336,20230216,6782,2045.04,SADAD
12337,PAY012337,20230317,6782,8073.47,Bank Transfer
12338,PAY012338,20241107,6783,3030.44,Cash
12339,PAY012339,20220605,6784,1000.06,Credit Card
12340,PAY012340,20220704,6784,2810.95,Cash
12341,PAY012341,20260807,6785,1137.72,Bank Transfer
12342,PAY012342,20240229,6786,2494.82,Cash
12343,PAY012343,20231019,6787,3406.49,SADAD
12344,PAY012344,20231117,6787,2637.57,Cash
12345,PAY012345,20231007,6788,2354.04,SADAD
12346,PAY012346,20240130,6789,7716.03,SADAD
12347,PAY012347,20250324,6790,8612.45,SADAD
12348,PAY012348,20250426,6790,59328.21,SADAD
12349,PAY012349,20240426,6791,959.59,Bank Transfer
12350,PAY012350,20250406,6792,181.25,SADAD
12351,PAY012351,20250501,6792,308.91,Credit Card
12352,PAY012352,20250603,6792,407.27,SADAD
12353,PAY012353,20250705,6792,61.64,Credit Card
12354,PAY012354,20230102,6793,664.41,Bank Transfer
12355,PAY012355,20230129,6793,1531.23,SADAD
12356,PAY012356,20230303,6793,3782.57,SADAD
12357,PAY012357,20230331,6793,1171.44,Credit Card
12358,PAY012358,20240712,6794,1292.39,Bank Transfer
12359,PAY012359,20250303,6795,5461.5,SADAD
12360,PAY012360,20241027,6796,646.99,Bank Transfer
12361,PAY012361,20241129,6796,185.4,SADAD
12362,PAY012362,20241228,6796,865.62,Credit Card
12363,PAY012363,20250127,6796,372.43,Credit Card
12364,PAY012364,20241022,6797,2593.76,SADAD
12365,PAY012365,20260428,6798,6123.31,SADAD
12366,PAY012366,20260529,6798,751.81,Credit Card
12367,PAY012367,20260629,6798,795.65,Cash
12368,PAY012368,20260801,6798,6078.43,Credit Card
12369,PAY012369,20241013,6799,5884.46,Credit Card
12370,PAY012370,20240217,6800,2634.86,SADAD
12371,PAY012371,20240315,6800,624.2,Cash
12372,PAY012372,20240415,6800,1197.38,Cash
12373,PAY012373,20240514,6800,2103.64,SADAD
12374,PAY012374,20240327,6801,80516.22,Cash
12375,PAY012375,20240427,6801,52370.14,Bank Transfer
12376,PAY012376,20240527,6801,5804.94,Cash
12377,PAY012377,20240622,6801,55472.11,Credit Card
12378,PAY012378,20240905,6802,536.65,Bank Transfer
12379,PAY012379,20241007,6802,179.91,Bank Transfer
12380,PAY012380,20250627,6803,2273.79,Cash
12381,PAY012381,20250722,6803,2554.43,SADAD
12382,PAY012382,20221203,6804,30600.49,Credit Card
12383,PAY012383,20230614,6805,1684.32,Bank Transfer
12384,PAY012384,20251010,6806,4.71,SADAD
12385,PAY012385,20251105,6806,932.57,Cash
12386,PAY012386,20251209,6806,193.52,Credit Card
12387,PAY012387,20260106,6806,113.09,Credit Card
12388,PAY012388,20241226,6807,3052.6,Bank Transfer
12389,PAY012389,20250126,6807,203.94,SADAD
12390,PAY012390,20250224,6807,541.37,Cash
12391,PAY012391,20250328,6807,2021.59,Bank Transfer
12392,PAY012392,20260815,6808,3307.14,Credit Card
12393,PAY012393,20241031,6809,1848.51,Credit Card
12394,PAY012394,20251013,6810,12179.13,SADAD
12395,PAY012395,20250309,6811,1885.43,Credit Card
12396,PAY012396,20250407,6811,1056.82,SADAD
12397,PAY012397,20260414,6812,20575.33,Credit Card
12398,PAY012398,20250930,6813,2213.25,Credit Card
12399,PAY012399,20231117,6814,1525.21,SADAD
12400,PAY012400,20231217,6814,2.25,Bank Transfer
12401,PAY012401,20230803,6815,301.09,Cash
12402,PAY012402,20230901,6815,4550.84,Cash
12403,PAY012403,20251126,6816,20538.1,Credit Card
12404,PAY012404,20250402,6817,7333.73,Bank Transfer
12405,PAY012405,20251220,6818,608.9,Bank Transfer
12406,PAY012406,20260119,6818,28136.05,SADAD
12407,PAY012407,20231218,6819,8715.84,Credit Card
12408,PAY012408,20250603,6820,6532.8,Credit Card
12409,PAY012409,20250701,6820,2549.18,Cash
12410,PAY012410,20250730,6820,5217.85,Cash
12411,PAY012411,20250831,6820,531.43,Bank Transfer
12412,PAY012412,20250324,6821,267.08,SADAD
12413,PAY012413,20250422,6821,39.16,Credit Card
12414,PAY012414,20250526,6821,4.68,SADAD
12415,PAY012415,20250622,6821,101.75,Cash
12416,PAY012416,20240623,6822,7906.56,Cash
12417,PAY012417,20231226,6823,4344.51,SADAD
12418,PAY012418,20251031,6824,29927.68,Credit Card
12419,PAY012419,20260405,6825,2244.26,Bank Transfer
12420,PAY012420,20220815,6826,1050.39,Bank Transfer
12421,PAY012421,20220916,6826,1175.52,Bank Transfer
12422,PAY012422,20251029,6827,4588.56,Cash
12423,PAY012423,20251126,6827,3376.61,Credit Card
12424,PAY012424,20251231,6828,7911.88,Bank Transfer
12425,PAY012425,20251012,6829,18508.06,Credit Card
12426,PAY012426,20230428,6830,907.93,Bank Transfer
12427,PAY012427,20260205,6831,3901.64,Bank Transfer
12428,PAY012428,20260310,6831,1445.66,SADAD
12429,PAY012429,20220222,6832,1553.73,Cash
12430,PAY012430,20220321,6832,272.44,Cash
12431,PAY012431,20230115,6833,236.01,SADAD
12432,PAY012432,20230216,6833,1617.89,SADAD
12433,PAY012433,20230515,6834,5612.19,SADAD
12434,PAY012434,20220906,6835,3693.11,Cash
12435,PAY012435,20221006,6835,1589.55,Bank Transfer
12436,PAY012436,20221106,6835,3559.51,SADAD
12437,PAY012437,20221205,6835,4444.37,SADAD
12438,PAY012438,20221223,6836,1923.78,Cash
12439,PAY012439,20260520,6837,4.24,Bank Transfer
12440,PAY012440,20260618,6837,26.32,SADAD
12441,PAY012441,20260719,6837,20.06,Bank Transfer
12442,PAY012442,20260820,6837,77.32,Bank Transfer
12443,PAY012443,20241119,6838,13817.54,Bank Transfer
12444,PAY012444,20250214,6839,816.19,Credit Card
12445,PAY012445,20250318,6839,152.57,Credit Card
12446,PAY012446,20240606,6840,2825.05,SADAD
12447,PAY012447,20251122,6841,4642.32,SADAD
12448,PAY012448,20230725,6842,1034.32,SADAD
12449,PAY012449,20240304,6843,5733.05,Cash
12450,PAY012450,20240406,6843,7951.82,SADAD
12451,PAY012451,20240601,6844,883.4,SADAD
12452,PAY012452,20240705,6844,1799.83,Credit Card
12453,PAY012453,20251111,6845,2090.09,Bank Transfer
12454,PAY012454,20240214,6846,1731.25,Credit Card
12455,PAY012455,20240414,6847,118094.44,Bank Transfer
12456,PAY012456,20240511,6847,104378.44,Bank Transfer
12457,PAY012457,20251230,6848,6389.17,Bank Transfer
12458,PAY012458,20230123,6849,13042.99,SADAD
12459,PAY012459,20260607,6850,21244.88,SADAD
12460,PAY012460,20230724,6851,52.38,Credit Card
12461,PAY012461,20230818,6851,373.78,Cash
12462,PAY012462,20260703,6852,25998.06,SADAD
12463,PAY012463,20230910,6853,8888.04,Bank Transfer
12464,PAY012464,20260414,6854,3068.13,Credit Card
12465,PAY012465,20250918,6855,1441.44,SADAD
12466,PAY012466,20251016,6855,2186.11,Bank Transfer
12467,PAY012467,20240523,6856,9939.55,SADAD
12468,PAY012468,20250905,6857,1662.91,SADAD
12469,PAY012469,20251003,6857,549.04,Bank Transfer
12470,PAY012470,20250323,6858,17447.69,Cash
12471,PAY012471,20250423,6858,6254.63,Bank Transfer
12472,PAY012472,20250914,6859,2188.9,SADAD
12473,PAY012473,20251017,6859,646.84,Bank Transfer
12474,PAY012474,20250531,6860,1881.55,SADAD
12475,PAY012475,20250704,6860,502.39,Cash
12476,PAY012476,20250801,6860,1856.61,SADAD
12477,PAY012477,20250901,6860,859.7,SADAD
12478,PAY012478,20250814,6861,2608.48,Credit Card
12479,PAY012479,20230405,6862,9277.3,Bank Transfer
12480,PAY012480,20260126,6863,1387.4,Bank Transfer
12481,PAY012481,20260227,6863,6618.76,Bank Transfer
12482,PAY012482,20250106,6864,798.3,Cash
12483,PAY012483,20250204,6864,1224.68,Cash
12484,PAY012484,20250302,6864,454.2,Credit Card
12485,PAY012485,20250405,6864,312.6,Cash
12486,PAY012486,20260517,6865,2309.84,SADAD
12487,PAY012487,20260612,6865,9368.08,SADAD
12488,PAY012488,20220713,6866,2979.14,Bank Transfer
12489,PAY012489,20220812,6866,2833.54,Credit Card
12490,PAY012490,20260604,6867,2766.82,SADAD
12491,PAY012491,20260706,6867,10019.39,Cash
12492,PAY012492,20230414,6868,860.69,Cash
12493,PAY012493,20230517,6868,127.73,Credit Card
12494,PAY012494,20250330,6869,1106.53,Credit Card
12495,PAY012495,20250430,6869,3420.69,Bank Transfer
12496,PAY012496,20260327,6870,755.75,Credit Card
12497,PAY012497,20260425,6870,1651.37,Credit Card
12498,PAY012498,20221014,6871,21382.23,Bank Transfer
12499,PAY012499,20221113,6871,2685.49,Cash
12500,PAY012500,20240623,6872,1736.24,Credit Card
12501,PAY012501,20230916,6873,3566.43,Bank Transfer
12502,PAY012502,20231011,6873,72.52,Bank Transfer
12503,PAY012503,20231115,6873,11707.3,SADAD
12504,PAY012504,20231212,6873,1998.38,Bank Transfer
12505,PAY012505,20250421,6874,382.27,Bank Transfer
12506,PAY012506,20250523,6874,110.86,SADAD
12507,PAY012507,20250623,6874,922.42,Credit Card
12508,PAY012508,20250722,6874,136.92,Credit Card
12509,PAY012509,20230811,6875,36219.81,SADAD
12510,PAY012510,20230911,6875,39682.51,Credit Card
12511,PAY012511,20230907,6876,8301.94,Cash
12512,PAY012512,20241030,6877,3956.78,SADAD
12513,PAY012513,20241130,6877,6759.71,SADAD
12514,PAY012514,20250314,6878,233646.88,Credit Card
12515,PAY012515,20241109,6879,1497.14,Credit Card
12516,PAY012516,20241013,6880,3038.19,Bank Transfer
12517,PAY012517,20240522,6881,218.87,Cash
12518,PAY012518,20260823,6882,159.76,Cash
12519,PAY012519,20250316,6883,3880.77,SADAD
12520,PAY012520,20250415,6883,7588.79,Bank Transfer
12521,PAY012521,20250726,6884,4950.65,Cash
12522,PAY012522,20250910,6885,4036.47,Bank Transfer
12523,PAY012523,20251007,6885,608.57,Credit Card
12524,PAY012524,20251105,6885,63.04,Credit Card
12525,PAY012525,20251209,6885,951.35,Bank Transfer
12526,PAY012526,20260712,6886,754.12,Bank Transfer
12527,PAY012527,20230824,6887,16586.78,Credit Card
12528,PAY012528,20250907,6888,1275.83,SADAD
12529,PAY012529,20251010,6888,409.95,SADAD
12530,PAY012530,20250526,6889,17020.0,SADAD
12531,PAY012531,20250328,6890,6538.54,Bank Transfer
12532,PAY012532,20260401,6891,21.12,Bank Transfer
12533,PAY012533,20260430,6891,635.43,SADAD
12534,PAY012534,20260529,6891,1001.03,Credit Card
12535,PAY012535,20260629,6891,2227.94,Credit Card
12536,PAY012536,20251029,6892,19127.1,Cash
12537,PAY012537,20241208,6893,4898.73,Cash
12538,PAY012538,20250106,6894,3165.47,Cash
12539,PAY012539,20230515,6895,1081.5,Cash
12540,PAY012540,20240304,6896,10478.95,Credit Card
12541,PAY012541,20250720,6897,13263.68,Credit Card
12542,PAY012542,20250725,6898,545.36,Bank Transfer
12543,PAY012543,20250824,6898,6876.95,SADAD
12544,PAY012544,20250325,6899,8582.04,Credit Card
12545,PAY012545,20230918,6900,4238.06,SADAD
12546,PAY012546,20231020,6900,1521.09,SADAD
12547,PAY012547,20240507,6901,5511.38,Cash
12548,PAY012548,20240520,6902,3030.82,SADAD
12549,PAY012549,20240621,6902,80.74,Cash
12550,PAY012550,20240716,6902,289.13,Cash
12551,PAY012551,20240817,6902,418.97,Bank Transfer
12552,PAY012552,20230828,6903,4375.43,Bank Transfer
12553,PAY012553,20240127,6904,5036.56,SADAD
12554,PAY012554,20240228,6904,3499.29,SADAD
12555,PAY012555,20241017,6905,143765.08,SADAD
12556,PAY012556,20241025,6906,11241.66,Credit Card
12557,PAY012557,20260729,6907,119.31,Cash
12558,PAY012558,20240302,6908,1036.44,SADAD
12559,PAY012559,20240404,6908,8140.44,Bank Transfer
12560,PAY012560,20220713,6909,614.69,Bank Transfer
12561,PAY012561,20220813,6909,122.75,Bank Transfer
12562,PAY012562,20220911,6909,2185.84,Credit Card
12563,PAY012563,20221011,6909,2028.5,SADAD
12564,PAY012564,20240622,6910,6861.19,Credit Card
12565,PAY012565,20230815,6911,23099.15,Cash
12566,PAY012566,20220701,6912,1113.77,SADAD
12567,PAY012567,20220801,6912,1786.21,Credit Card
12568,PAY012568,20220902,6912,8748.43,Bank Transfer
12569,PAY012569,20220930,6912,3142.53,Credit Card
12570,PAY012570,20240808,6913,7218.3,Cash
12571,PAY012571,20240906,6913,564.59,Credit Card
12572,PAY012572,20241203,6914,28325.26,Cash
12573,PAY012573,20230217,6915,5369.79,SADAD
12574,PAY012574,20240819,6916,1839.07,Credit Card
12575,PAY012575,20240419,6917,2229.16,Credit Card
12576,PAY012576,20240520,6917,3182.52,Cash
12577,PAY012577,20240622,6917,1104.36,Cash
12578,PAY012578,20240718,6917,168.75,Credit Card
12579,PAY012579,20260310,6918,5141.34,SADAD
12580,PAY012580,20250223,6919,3637.78,Credit Card
12581,PAY012581,20230128,6920,712.14,Bank Transfer
12582,PAY012582,20230304,6920,2437.44,Cash
12583,PAY012583,20260515,6921,27926.46,Credit Card
12584,PAY012584,20260320,6922,9081.48,Credit Card
12585,PAY012585,20240712,6923,748.03,Credit Card
12586,PAY012586,20220825,6924,2014.25,Bank Transfer
12587,PAY012587,20220929,6924,902.7,Bank Transfer
12588,PAY012588,20221029,6924,457.1,Cash
12589,PAY012589,20221127,6924,62.57,Credit Card
12590,PAY012590,20250422,6925,6978.47,Credit Card
12591,PAY012591,20250527,6925,12226.97,SADAD
12592,PAY012592,20251215,6926,21474.93,Bank Transfer
12593,PAY012593,20260114,6926,48630.59,Credit Card
12594,PAY012594,20250529,6927,21668.95,Bank Transfer
12595,PAY012595,20250627,6927,4780.66,Bank Transfer
12596,PAY012596,20230911,6928,5704.87,Bank Transfer
12597,PAY012597,20240314,6929,2976.39,SADAD
12598,PAY012598,20250114,6930,1657.21,Bank Transfer
12599,PAY012599,20250214,6930,1666.82,Bank Transfer
12600,PAY012600,20250320,6930,2244.18,SADAD
12601,PAY012601,20250417,6930,4571.2,Credit Card
12602,PAY012602,20250626,6931,1080.53,Bank Transfer
12603,PAY012603,20250723,6931,3588.54,Credit Card
12604,PAY012604,20250827,6931,260.35,Bank Transfer
12605,PAY012605,20250925,6931,2125.55,SADAD
12606,PAY012606,20240701,6932,14126.78,SADAD
12607,PAY012607,20240419,6933,3684.9,SADAD
12608,PAY012608,20240520,6933,1505.62,Bank Transfer
12609,PAY012609,20250725,6934,69925.54,SADAD
12610,PAY012610,20260707,6935,60754.02,SADAD
12611,PAY012611,20250628,6936,2463.23,SADAD
12612,PAY012612,20250728,6936,6634.69,Cash
12613,PAY012613,20250216,6937,14699.47,Bank Transfer
12614,PAY012614,20260201,6938,4516.83,Cash
12615,PAY012615,20260307,6938,3984.78,SADAD
12616,PAY012616,20260401,6938,2113.84,Cash
12617,PAY012617,20260501,6938,732.5,Bank Transfer
12618,PAY012618,20231120,6939,9372.5,Bank Transfer
12619,PAY012619,20250203,6940,192742.52,Cash
12620,PAY012620,20250220,6941,1279.81,SADAD
12621,PAY012621,20260403,6942,12503.85,Credit Card
12622,PAY012622,20240629,6943,7967.86,Bank Transfer
12623,PAY012623,20230110,6944,9185.38,SADAD
12624,PAY012624,20250409,6945,986.92,SADAD
12625,PAY012625,20250509,6945,265.82,Credit Card
12626,PAY012626,20241010,6946,11109.9,Bank Transfer
12627,PAY012627,20241129,6947,3263.03,Bank Transfer
12628,PAY012628,20230315,6948,3106.9,Credit Card
12629,PAY012629,20230411,6948,2911.13,Bank Transfer
12630,PAY012630,20220703,6949,32739.01,Bank Transfer
12631,PAY012631,20250218,6950,2098.9,Bank Transfer
12632,PAY012632,20250320,6950,7748.63,Cash
12633,PAY012633,20241210,6951,3357.91,Bank Transfer
12634,PAY012634,20250109,6951,2321.38,Cash
12635,PAY012635,20221004,6952,19155.87,Bank Transfer
12636,PAY012636,20241102,6953,235292.39,SADAD
12637,PAY012637,20240808,6954,5633.84,Credit Card
12638,PAY012638,20240816,6955,10754.46,Bank Transfer
12639,PAY012639,20240914,6955,3174.3,Bank Transfer
12640,PAY012640,20260703,6956,2265.57,Cash
12641,PAY012641,20240628,6957,5.66,Cash
12642,PAY012642,20240723,6957,1452.72,Cash
12643,PAY012643,20230705,6958,837.42,SADAD
12644,PAY012644,20250529,6959,1148.79,SADAD
12645,PAY012645,20240521,6960,64814.13,Credit Card
12646,PAY012646,20250504,6961,873.06,Credit Card
12647,PAY012647,20250604,6961,6800.44,Bank Transfer
12648,PAY012648,20250905,6962,1588.21,Cash
12649,PAY012649,20230513,6963,2200.72,Credit Card
12650,PAY012650,20230614,6963,2439.27,SADAD
12651,PAY012651,20250930,6964,387.48,SADAD
12652,PAY012652,20251103,6964,1450.83,Cash
12653,PAY012653,20251129,6964,2291.97,Credit Card
12654,PAY012654,20251229,6964,74.5,Bank Transfer
12655,PAY012655,20260413,6965,4855.66,SADAD
12656,PAY012656,20250627,6966,585.06,Cash
12657,PAY012657,20250729,6966,521.9,Credit Card
12658,PAY012658,20250827,6966,366.35,Credit Card
12659,PAY012659,20250929,6966,334.19,SADAD
12660,PAY012660,20240916,6967,3378.91,SADAD
12661,PAY012661,20231024,6968,50407.15,SADAD
12662,PAY012662,20241213,6969,715.6,Credit Card
12663,PAY012663,20250112,6969,9335.93,Cash
12664,PAY012664,20250212,6969,3214.16,Cash
12665,PAY012665,20250314,6969,4631.87,Bank Transfer
12666,PAY012666,20221017,6970,23283.84,Cash
12667,PAY012667,20230123,6971,633.91,Bank Transfer
12668,PAY012668,20230225,6971,847.61,Credit Card
12669,PAY012669,20230326,6971,5857.69,Bank Transfer
12670,PAY012670,20230425,6971,406.73,Cash
12671,PAY012671,20250105,6972,1888.6,Bank Transfer
12672,PAY012672,20250101,6973,2420.77,Cash
12673,PAY012673,20250201,6973,4721.12,Credit Card
12674,PAY012674,20230403,6974,8412.97,Bank Transfer
12675,PAY012675,20240202,6975,1433.82,Credit Card
12676,PAY012676,20240305,6975,5222.77,Cash
12677,PAY012677,20240402,6975,13540.56,Cash
12678,PAY012678,20240430,6975,8559.13,Credit Card
12679,PAY012679,20250113,6976,238.21,Credit Card
12680,PAY012680,20250216,6976,3910.9,SADAD
12681,PAY012681,20250226,6977,111938.31,Cash
12682,PAY012682,20230212,6978,516.48,Credit Card
12683,PAY012683,20230310,6978,1496.48,Bank Transfer
12684,PAY012684,20260213,6979,1064.58,SADAD
12685,PAY012685,20260311,6979,297.47,Bank Transfer
12686,PAY012686,20260409,6979,1568.92,Cash
12687,PAY012687,20260509,6979,4938.81,Bank Transfer
12688,PAY012688,20230203,6980,6147.98,SADAD
12689,PAY012689,20230302,6980,1788.66,Cash
12690,PAY012690,20230406,6980,5321.94,SADAD
12691,PAY012691,20230503,6980,4597.15,Bank Transfer
12692,PAY012692,20231004,6981,978.12,Cash
12693,PAY012693,20231101,6981,3323.19,Bank Transfer
12694,PAY012694,20260119,6982,2908.85,Credit Card
12695,PAY012695,20260219,6982,2083.63,Credit Card
12696,PAY012696,20260318,6982,1047.18,SADAD
12697,PAY012697,20260419,6982,83.41,Credit Card
12698,PAY012698,20250909,6983,4892.66,SADAD
12699,PAY012699,20251006,6983,1414.49,Cash
12700,PAY012700,20251104,6983,840.04,Credit Card
12701,PAY012701,20251204,6983,4170.01,Bank Transfer
12702,PAY012702,20241028,6984,5018.8,SADAD
12703,PAY012703,20241128,6984,5301.67,Cash
12704,PAY012704,20251004,6985,367.74,Bank Transfer
12705,PAY012705,20251101,6985,657.76,Bank Transfer
12706,PAY012706,20251204,6985,1159.88,Cash
12707,PAY012707,20260104,6985,46.65,Bank Transfer
12708,PAY012708,20230629,6986,552.16,Credit Card
12709,PAY012709,20230730,6986,695.48,SADAD
12710,PAY012710,20230828,6986,597.53,Credit Card
12711,PAY012711,20230925,6986,102.97,Bank Transfer
12712,PAY012712,20240428,6987,18164.11,Cash
12713,PAY012713,20240529,6987,28580.54,SADAD
12714,PAY012714,20251224,6988,20525.68,Bank Transfer
12715,PAY012715,20260126,6988,9410.06,Cash
12716,PAY012716,20260223,6988,2505.76,Cash
12717,PAY012717,20260326,6988,20172.07,SADAD
12718,PAY012718,20240925,6989,7820.63,Cash
12719,PAY012719,20260521,6990,2509.08,Credit Card
12720,PAY012720,20250512,6991,2523.55,SADAD
12721,PAY012721,20250612,6991,6165.25,Cash
12722,PAY012722,20240909,6992,10033.64,Bank Transfer
12723,PAY012723,20260106,6993,2850.3,Credit Card
12724,PAY012724,20260131,6993,3252.07,Bank Transfer
12725,PAY012725,20260511,6994,2613.58,Bank Transfer
12726,PAY012726,20260612,6994,5246.49,SADAD
12727,PAY012727,20250325,6995,1755.56,Bank Transfer
12728,PAY012728,20250425,6995,623.95,Cash
12729,PAY012729,20250712,6996,1168.47,SADAD
12730,PAY012730,20250811,6996,8369.8,Credit Card
12731,PAY012731,20240912,6997,14244.93,SADAD
12732,PAY012732,20241008,6997,4741.95,SADAD
12733,PAY012733,20260412,6998,4537.68,Bank Transfer
12734,PAY012734,20260510,6998,23617.48,Cash
12735,PAY012735,20220713,6999,8633.96,Credit Card
12736,PAY012736,20220813,6999,771.74,Cash
12737,PAY012737,20220909,6999,18540.98,Bank Transfer
12738,PAY012738,20221010,6999,270.54,SADAD
12739,PAY012739,20260410,7000,560.57,Credit Card
12740,PAY012740,20260514,7000,389.83,Cash
12741,PAY012741,20240609,7001,17531.93,Credit Card
12742,PAY012742,20240711,7001,5015.6,Cash
12743,PAY012743,20230601,7002,2375.16,Bank Transfer
12744,PAY012744,20240906,7003,5292.09,Credit Card
12745,PAY012745,20241003,7003,4236.72,SADAD
12746,PAY012746,20240211,7004,7432.08,Cash
12747,PAY012747,20230917,7005,7466.25,Bank Transfer
12748,PAY012748,20230615,7006,16282.53,SADAD
12749,PAY012749,20230716,7006,278.93,Bank Transfer
12750,PAY012750,20240824,7007,3487.74,Bank Transfer
12751,PAY012751,20250714,7008,468.9,Bank Transfer
12752,PAY012752,20250813,7008,1130.06,Bank Transfer
12753,PAY012753,20250915,7008,508.89,Credit Card
12754,PAY012754,20251015,7008,535.61,Credit Card
12755,PAY012755,20230924,7009,34624.98,Credit Card
12756,PAY012756,20231025,7009,1605.18,Cash
12757,PAY012757,20231123,7009,15469.5,Credit Card
12758,PAY012758,20231222,7009,5940.63,SADAD
12759,PAY012759,20250602,7010,241.5,Bank Transfer
12760,PAY012760,20250701,7010,118.51,SADAD
12761,PAY012761,20250803,7010,775.32,Bank Transfer
12762,PAY012762,20250831,7010,238.43,Bank Transfer
12763,PAY012763,20240814,7011,8455.45,Bank Transfer
12764,PAY012764,20240914,7011,10585.42,SADAD
12765,PAY012765,20250806,7012,23063.72,SADAD
12766,PAY012766,20250904,7012,4018.53,Credit Card
12767,PAY012767,20240722,7013,5211.49,SADAD
12768,PAY012768,20240820,7013,404.84,SADAD
12769,PAY012769,20240921,7013,2645.16,Cash
12770,PAY012770,20241023,7013,4905.1,Bank Transfer
12771,PAY012771,20230706,7014,4624.07,SADAD
12772,PAY012772,20230806,7014,1114.98,SADAD
12773,PAY012773,20241116,7015,1747.73,Cash
12774,PAY012774,20260813,7016,2831.35,Bank Transfer
12775,PAY012775,20230821,7017,10144.72,Bank Transfer
12776,PAY012776,20260414,7018,5153.82,SADAD
12777,PAY012777,20251230,7019,4853.99,SADAD
12778,PAY012778,20250308,7020,75.11,Bank Transfer
12779,PAY012779,20250410,7020,988.48,Credit Card
12780,PAY012780,20250508,7020,796.26,Cash
12781,PAY012781,20250610,7020,777.75,Cash
12782,PAY012782,20250718,7021,695.71,Bank Transfer
12783,PAY012783,20240525,7022,8745.46,SADAD
12784,PAY012784,20251005,7023,4566.02,Bank Transfer
12785,PAY012785,20250929,7024,16595.6,SADAD
12786,PAY012786,20251026,7024,21226.24,SADAD
12787,PAY012787,20251125,7024,2312.05,Cash
12788,PAY012788,20251229,7024,7559.38,SADAD
12789,PAY012789,20260323,7025,19246.5,Cash
12790,PAY012790,20230428,7026,11854.86,Credit Card
12791,PAY012791,20260126,7027,6923.23,SADAD
12792,PAY012792,20231221,7028,9437.4,Credit Card
12793,PAY012793,20240831,7029,5459.18,Credit Card
12794,PAY012794,20250726,7030,131.49,Cash
12795,PAY012795,20250820,7030,81.98,SADAD
12796,PAY012796,20250924,7030,59.08,Credit Card
12797,PAY012797,20251021,7030,427.22,SADAD
12798,PAY012798,20241110,7031,3308.18,Cash
12799,PAY012799,20250913,7032,5100.27,Credit Card
12800,PAY012800,20250607,7033,14142.21,Cash
12801,PAY012801,20230916,7034,24053.99,Credit Card
12802,PAY012802,20231016,7034,18143.27,Bank Transfer
12803,PAY012803,20231117,7034,5629.09,SADAD
12804,PAY012804,20231214,7034,12154.0,Bank Transfer
12805,PAY012805,20240624,7035,2714.01,Bank Transfer
12806,PAY012806,20240726,7035,448.97,SADAD
12807,PAY012807,20240827,7035,4093.94,Cash
12808,PAY012808,20240922,7035,480.75,Credit Card
12809,PAY012809,20240328,7036,101.15,Cash
12810,PAY012810,20240501,7036,107.14,Credit Card
12811,PAY012811,20240529,7036,295.32,Bank Transfer
12812,PAY012812,20240627,7036,935.67,Bank Transfer
12813,PAY012813,20250519,7037,885.6,SADAD
12814,PAY012814,20260505,7038,11197.42,Credit Card
12815,PAY012815,20240207,7039,29258.57,SADAD
12816,PAY012816,20230910,7040,873.57,SADAD
12817,PAY012817,20250716,7041,4094.8,Cash
12818,PAY012818,20231010,7042,588.08,Cash
12819,PAY012819,20231105,7042,2369.09,Credit Card
12820,PAY012820,20231204,7042,2540.03,Cash
12821,PAY012821,20240103,7042,894.82,Credit Card
12822,PAY012822,20250518,7043,5216.91,Bank Transfer
12823,PAY012823,20250620,7043,4583.64,Credit Card
12824,PAY012824,20250720,7043,91.9,SADAD
12825,PAY012825,20250816,7043,10691.89,Bank Transfer
12826,PAY012826,20250113,7044,310.77,Credit Card
12827,PAY012827,20250212,7044,104.71,Cash
12828,PAY012828,20250315,7044,645.96,SADAD
12829,PAY012829,20250416,7044,807.33,Cash
12830,PAY012830,20230809,7045,4281.65,Bank Transfer
12831,PAY012831,20230910,7045,2953.4,Credit Card
12832,PAY012832,20220624,7046,5712.33,Bank Transfer
12833,PAY012833,20220729,7046,4636.86,Cash
12834,PAY012834,20220827,7046,4404.14,Bank Transfer
12835,PAY012835,20220927,7046,11189.66,Bank Transfer
12836,PAY012836,20240923,7047,10341.26,Cash
12837,PAY012837,20260508,7048,11583.7,SADAD
12838,PAY012838,20230830,7049,3025.38,Bank Transfer
12839,PAY012839,20250919,7050,1076.52,Credit Card
12840,PAY012840,20251020,7050,192.06,Cash
12841,PAY012841,20251119,7050,1748.3,Credit Card
12842,PAY012842,20251223,7050,950.29,Bank Transfer
12843,PAY012843,20250911,7051,8558.64,Credit Card
12844,PAY012844,20230603,7052,1263.5,Bank Transfer
12845,PAY012845,20230702,7052,466.22,Credit Card
12846,PAY012846,20231108,7053,3467.05,Credit Card
12847,PAY012847,20231203,7053,3280.65,Bank Transfer
12848,PAY012848,20230906,7054,691.48,Bank Transfer
12849,PAY012849,20231008,7054,1834.98,SADAD
12850,PAY012850,20231106,7054,281.19,Bank Transfer
12851,PAY012851,20231207,7054,469.46,Cash
12852,PAY012852,20230820,7055,1743.6,SADAD
12853,PAY012853,20230918,7055,1308.51,SADAD
12854,PAY012854,20231017,7055,3240.47,Credit Card
12855,PAY012855,20231116,7055,4468.17,Bank Transfer
12856,PAY012856,20250508,7056,2708.24,Bank Transfer
12857,PAY012857,20260104,7057,7692.84,Credit Card
12858,PAY012858,20251109,7058,3471.76,Bank Transfer
12859,PAY012859,20250417,7059,17105.21,Cash
12860,PAY012860,20250523,7060,1425.21,Bank Transfer
12861,PAY012861,20251211,7061,2855.03,Credit Card
12862,PAY012862,20250821,7062,5321.8,Credit Card
12863,PAY012863,20231220,7063,2825.94,SADAD
12864,PAY012864,20240120,7063,25128.48,Credit Card
12865,PAY012865,20260720,7064,1566.79,Credit Card
12866,PAY012866,20220823,7065,10432.95,Bank Transfer
12867,PAY012867,20220920,7065,6482.66,Credit Card
12868,PAY012868,20250408,7066,4880.43,Bank Transfer
12869,PAY012869,20240326,7067,1735.22,Cash
12870,PAY012870,20240325,7068,8390.42,SADAD
12871,PAY012871,20240419,7068,8165.3,Bank Transfer
12872,PAY012872,20260417,7069,3210.19,Credit Card
12873,PAY012873,20260519,7069,978.67,Credit Card
12874,PAY012874,20260614,7069,918.31,SADAD
12875,PAY012875,20260713,7069,3512.24,Cash
12876,PAY012876,20240615,7070,6265.75,Bank Transfer
12877,PAY012877,20231223,7071,1924.43,Credit Card
12878,PAY012878,20240120,7071,947.14,Credit Card
12879,PAY012879,20230401,7072,116.11,Credit Card
12880,PAY012880,20230504,7072,771.27,Bank Transfer
12881,PAY012881,20251115,7073,7505.03,Cash
12882,PAY012882,20251216,7073,2991.94,Credit Card
12883,PAY012883,20250203,7074,11010.9,Cash
12884,PAY012884,20250828,7075,171250.63,Cash
12885,PAY012885,20250110,7076,9240.71,Cash
12886,PAY012886,20260623,7077,29220.22,SADAD
12887,PAY012887,20221120,7078,7930.56,Bank Transfer
12888,PAY012888,20250504,7079,1187.66,Bank Transfer
12889,PAY012889,20250607,7079,860.68,Bank Transfer
12890,PAY012890,20220605,7080,6591.78,SADAD
12891,PAY012891,20220707,7080,6958.38,Cash
12892,PAY012892,20240706,7081,1079.75,Credit Card
12893,PAY012893,20240731,7081,7378.92,SADAD
12894,PAY012894,20250910,7082,17310.6,Credit Card
12895,PAY012895,20260105,7083,893.05,SADAD
12896,PAY012896,20260204,7083,2316.31,Cash
12897,PAY012897,20250822,7084,6339.83,Bank Transfer
12898,PAY012898,20250921,7084,1667.14,Bank Transfer
12899,PAY012899,20251023,7084,17865.62,Credit Card
12900,PAY012900,20251121,7084,1242.42,Cash
12901,PAY012901,20260124,7085,5194.8,Cash
12902,PAY012902,20260221,7085,8599.22,Credit Card
12903,PAY012903,20260323,7085,9332.89,Cash
12904,PAY012904,20260419,7085,2130.69,SADAD
12905,PAY012905,20250828,7086,1774.36,SADAD
12906,PAY012906,20260410,7087,312.8,SADAD
12907,PAY012907,20260513,7087,5733.24,Cash
12908,PAY012908,20260612,7087,1304.82,Bank Transfer
12909,PAY012909,20260712,7087,716.92,Credit Card
12910,PAY012910,20240504,7088,36810.6,Credit Card
12911,PAY012911,20230329,7089,422.86,Credit Card
12912,PAY012912,20230428,7089,2698.7,Bank Transfer
12913,PAY012913,20230525,7089,726.67,Credit Card
12914,PAY012914,20230626,7089,2513.06,Bank Transfer
12915,PAY012915,20250302,7090,16.32,Bank Transfer
12916,PAY012916,20250405,7090,400.38,Cash
12917,PAY012917,20250501,7090,3459.45,Cash
12918,PAY012918,20250604,7090,4486.21,Credit Card
12919,PAY012919,20251125,7091,130.42,SADAD
12920,PAY012920,20251227,7091,2654.11,Credit Card
12921,PAY012921,20230826,7092,283.3,Cash
12922,PAY012922,20230926,7092,1432.22,Cash
12923,PAY012923,20250311,7093,5870.47,Cash
12924,PAY012924,20240502,7094,3652.19,SADAD
12925,PAY012925,20241011,7095,3204.69,Credit Card
12926,PAY012926,20230930,7096,15457.98,Cash
12927,PAY012927,20241030,7097,102432.77,SADAD
12928,PAY012928,20241129,7097,10134.33,SADAD
12929,PAY012929,20240512,7098,3927.14,SADAD
12930,PAY012930,20240615,7098,250.92,SADAD
12931,PAY012931,20240713,7098,2502.95,Credit Card
12932,PAY012932,20240813,7098,2037.71,Credit Card
12933,PAY012933,20260623,7099,6186.03,Credit Card
12934,PAY012934,20240430,7100,3220.14,Credit Card
12935,PAY012935,20240601,7100,1473.78,SADAD
12936,PAY012936,20260511,7101,44.08,SADAD
12937,PAY012937,20260605,7101,283.03,SADAD
12938,PAY012938,20260709,7101,182.28,Credit Card
12939,PAY012939,20260809,7101,180.16,Bank Transfer
12940,PAY012940,20240624,7102,2223.57,Credit Card
12941,PAY012941,20240129,7103,2264.07,Cash
12942,PAY012942,20230824,7104,10796.1,Bank Transfer
12943,PAY012943,20230925,7104,176149.86,Credit Card
12944,PAY012944,20230108,7105,4873.67,SADAD
12945,PAY012945,20230208,7105,5152.53,Cash
12946,PAY012946,20250103,7106,8973.44,Bank Transfer
12947,PAY012947,20250428,7107,122538.88,Credit Card
12948,PAY012948,20250529,7107,19665.85,Credit Card
12949,PAY012949,20230904,7108,9134.67,Bank Transfer
12950,PAY012950,20251006,7109,3277.33,SADAD
12951,PAY012951,20251106,7109,5026.35,Cash
12952,PAY012952,20251204,7109,41684.62,SADAD
12953,PAY012953,20260104,7109,20753.74,Bank Transfer
12954,PAY012954,20250913,7110,6079.57,Cash
12955,PAY012955,20251014,7110,42.49,Cash
12956,PAY012956,20240613,7111,10871.47,SADAD
12957,PAY012957,20260411,7112,132.35,SADAD
12958,PAY012958,20260509,7112,61.69,Credit Card
12959,PAY012959,20220208,7113,3587.47,SADAD
12960,PAY012960,20220311,7113,6306.88,Credit Card
12961,PAY012961,20220407,7113,4453.42,Cash
12962,PAY012962,20220509,7113,459.17,SADAD
12963,PAY012963,20230430,7114,1211.72,Bank Transfer
12964,PAY012964,20250324,7115,24585.55,Bank Transfer
12965,PAY012965,20240422,7116,1661.99,Bank Transfer
12966,PAY012966,20220629,7117,4385.63,Bank Transfer
12967,PAY012967,20220728,7117,348.61,SADAD
12968,PAY012968,20240228,7118,13359.87,SADAD
12969,PAY012969,20251020,7119,2318.57,Credit Card
12970,PAY012970,20251115,7119,1381.26,SADAD
12971,PAY012971,20250801,7120,900.85,Cash
12972,PAY012972,20250902,7120,457.46,SADAD
12973,PAY012973,20250930,7120,464.76,Credit Card
12974,PAY012974,20251030,7120,1342.32,Credit Card
12975,PAY012975,20241208,7121,373.57,Cash
12976,PAY012976,20250106,7121,167.38,Cash
12977,PAY012977,20250206,7121,330.61,SADAD
12978,PAY012978,20250310,7121,148.97,Cash
12979,PAY012979,20240713,7122,8.36,SADAD
12980,PAY012980,20240810,7122,145.47,Bank Transfer
12981,PAY012981,20240910,7122,88.93,Bank Transfer
12982,PAY012982,20241006,7122,47.43,SADAD
12983,PAY012983,20241003,7123,8721.42,Bank Transfer
12984,PAY012984,20230803,7124,3094.73,Credit Card
12985,PAY012985,20260210,7125,3553.57,Cash
12986,PAY012986,20230718,7126,443.74,Cash
12987,PAY012987,20230816,7126,384.43,SADAD
12988,PAY012988,20230914,7126,3709.53,Credit Card
12989,PAY012989,20231017,7126,11536.17,Bank Transfer
12990,PAY012990,20230828,7127,16625.31,Credit Card
12991,PAY012991,20231104,7128,1142.11,SADAD
12992,PAY012992,20260307,7129,662.41,Cash
12993,PAY012993,20260405,7129,450.87,SADAD
12994,PAY012994,20230209,7130,572.25,SADAD
12995,PAY012995,20230309,7130,1234.45,SADAD
12996,PAY012996,20260111,7131,4026.92,Bank Transfer
12997,PAY012997,20250803,7132,8322.65,SADAD
12998,PAY012998,20260111,7133,741.72,SADAD
12999,PAY012999,20260211,7133,71.94,SADAD
13000,PAY013000,20260312,7133,453.43,Credit Card
13001,PAY013001,20260409,7133,53.17,SADAD
13002,PAY013002,20260624,7134,2607.69,Bank Transfer
13003,PAY013003,20260719,7134,235.29,Cash
13004,PAY013004,20230131,7135,8118.58,Credit Card
13005,PAY013005,20250711,7136,99.78,Credit Card
13006,PAY013006,20250812,7136,142.46,Cash
13007,PAY013007,20250911,7136,8.68,Bank Transfer
13008,PAY013008,20251013,7136,195.37,Credit Card
13009,PAY013009,20220708,7137,1053.02,Bank Transfer
13010,PAY013010,20220802,7137,11770.78,Cash
13011,PAY013011,20220924,7138,307.14,Bank Transfer
13012,PAY013012,20221028,7138,82.4,SADAD
13013,PAY013013,20221127,7138,19.28,Credit Card
13014,PAY013014,20221225,7138,29.8,Bank Transfer
13015,PAY013015,20240114,7139,1540.24,Cash
13016,PAY013016,20230618,7140,5735.63,Credit Card
13017,PAY013017,20230717,7140,101.94,SADAD
13018,PAY013018,20250616,7141,21377.55,SADAD
13019,PAY013019,20251202,7142,21621.63,Credit Card
13020,PAY013020,20260211,7143,11988.47,SADAD
13021,PAY013021,20260309,7143,13005.52,Bank Transfer
13022,PAY013022,20250306,7144,1331.83,Credit Card
13023,PAY013023,20250102,7145,7482.03,Cash
13024,PAY013024,20230614,7146,1887.81,SADAD
13025,PAY013025,20230715,7146,739.03,Cash
13026,PAY013026,20230812,7146,566.98,Credit Card
13027,PAY013027,20230911,7146,74.78,Bank Transfer
13028,PAY013028,20230710,7147,2452.07,Bank Transfer
13029,PAY013029,20240520,7148,57.01,Credit Card
13030,PAY013030,20240617,7148,710.16,Bank Transfer
13031,PAY013031,20240718,7148,252.81,Bank Transfer
13032,PAY013032,20240815,7148,3105.74,Credit Card
13033,PAY013033,20250703,7149,1852.83,Cash
13034,PAY013034,20260223,7150,18491.55,SADAD
13035,PAY013035,20240305,7151,254.85,Cash
13036,PAY013036,20240402,7151,1735.84,Credit Card
13037,PAY013037,20231228,7152,108049.55,Bank Transfer
13038,PAY013038,20260617,7153,1787.51,Bank Transfer
13039,PAY013039,20260717,7153,2303.34,Cash
13040,PAY013040,20251207,7154,9576.6,SADAD
13041,PAY013041,20250820,7155,4917.9,Cash
13042,PAY013042,20240509,7156,850.4,Bank Transfer
13043,PAY013043,20240604,7156,207.14,SADAD
13044,PAY013044,20240704,7156,1361.47,Bank Transfer
13045,PAY013045,20240802,7156,8566.63,Bank Transfer
13046,PAY013046,20251001,7157,17406.44,Bank Transfer
13047,PAY013047,20251027,7157,18353.89,SADAD
13048,PAY013048,20240206,7158,755.06,Credit Card
13049,PAY013049,20240305,7158,1511.07,Cash
13050,PAY013050,20240405,7158,1734.83,Bank Transfer
13051,PAY013051,20240506,7158,4493.52,Credit Card
13052,PAY013052,20250426,7159,2220.91,Cash
13053,PAY013053,20260714,7160,2586.07,Cash
13054,PAY013054,20251125,7161,20639.03,Cash
13055,PAY013055,20240118,7162,3562.46,Bank Transfer
13056,PAY013056,20260318,7163,1367.79,Bank Transfer
13057,PAY013057,20251129,7164,1142.37,Bank Transfer
13058,PAY013058,20251229,7164,1067.79,Credit Card
13059,PAY013059,20231109,7165,2603.33,Cash
13060,PAY013060,20241023,7166,661.4,Cash
13061,PAY013061,20241124,7166,4423.62,Credit Card
13062,PAY013062,20260802,7167,109.7,Credit Card
13063,PAY013063,20260501,7168,1017.74,Cash
13064,PAY013064,20260531,7168,1570.84,SADAD
13065,PAY013065,20260702,7168,281.98,Bank Transfer
13066,PAY013066,20260729,7168,412.27,SADAD
13067,PAY013067,20260409,7169,3997.97,SADAD
13068,PAY013068,20241020,7170,607.4,SADAD
13069,PAY013069,20241122,7170,25.87,Credit Card
13070,PAY013070,20260329,7171,26949.69,Credit Card
13071,PAY013071,20240902,7172,1026.72,Cash
13072,PAY013072,20240930,7172,485.54,Cash
13073,PAY013073,20241028,7172,1678.26,SADAD
13074,PAY013074,20241126,7172,95.6,Bank Transfer
13075,PAY013075,20250606,7173,10039.24,Cash
13076,PAY013076,20250128,7174,5276.88,Credit Card
13077,PAY013077,20230504,7175,89064.89,SADAD
13078,PAY013078,20230531,7175,144230.9,Bank Transfer
13079,PAY013079,20250118,7176,64.41,Credit Card
13080,PAY013080,20250221,7176,1132.81,Credit Card
13081,PAY013081,20250323,7176,4605.33,Cash
13082,PAY013082,20250419,7176,1272.79,Bank Transfer
13083,PAY013083,20231207,7177,168.99,SADAD
13084,PAY013084,20240106,7177,1071.33,Credit Card
13085,PAY013085,20240206,7177,6782.38,SADAD
13086,PAY013086,20240306,7177,3152.34,Credit Card
13087,PAY013087,20230531,7178,304.12,Bank Transfer
13088,PAY013088,20230630,7178,324.79,Credit Card
13089,PAY013089,20220418,7179,1595.29,Bank Transfer
13090,PAY013090,20240421,7180,584.19,Credit Card
13091,PAY013091,20240521,7180,8019.71,Credit Card
13092,PAY013092,20250615,7181,6844.26,Bank Transfer
13093,PAY013093,20250714,7181,857.77,SADAD
13094,PAY013094,20250821,7182,1763.93,Bank Transfer
13095,PAY013095,20250923,7182,1447.62,SADAD
13096,PAY013096,20251020,7182,818.84,Bank Transfer
13097,PAY013097,20251121,7182,1344.4,Cash
13098,PAY013098,20230531,7183,1194.74,Bank Transfer
13099,PAY013099,20230630,7183,474.99,Bank Transfer
13100,PAY013100,20250615,7184,13547.43,SADAD
13101,PAY013101,20230514,7185,79290.19,Credit Card
13102,PAY013102,20240917,7186,2278.97,Credit Card
13103,PAY013103,20260125,7187,3383.2,Cash
13104,PAY013104,20250523,7188,24269.18,Credit Card
13105,PAY013105,20241004,7189,459.26,Credit Card
13106,PAY013106,20241031,7189,148.71,Cash
13107,PAY013107,20241120,7190,9325.25,Bank Transfer
13108,PAY013108,20250214,7191,2113.8,Credit Card
13109,PAY013109,20250120,7192,1380.05,Bank Transfer
13110,PAY013110,20250220,7192,2107.79,Bank Transfer
13111,PAY013111,20260418,7193,2012.18,Credit Card
13112,PAY013112,20260518,7193,7228.54,Credit Card
13113,PAY013113,20260618,7193,441.93,Bank Transfer
13114,PAY013114,20260721,7193,598.52,Credit Card
13115,PAY013115,20230813,7194,8531.15,Credit Card
13116,PAY013116,20230912,7194,830.99,SADAD
13117,PAY013117,20240825,7195,5172.51,Credit Card
13118,PAY013118,20240715,7196,36341.03,SADAD
13119,PAY013119,20240926,7197,8724.44,Cash
13120,PAY013120,20241026,7197,3517.29,Bank Transfer
13121,PAY013121,20250405,7198,7911.93,Cash
13122,PAY013122,20250506,7198,4404.25,Credit Card
13123,PAY013123,20250603,7198,4227.24,Bank Transfer
13124,PAY013124,20250630,7198,2083.66,Cash
13125,PAY013125,20250924,7199,7134.74,Bank Transfer
13126,PAY013126,20230204,7200,23401.72,Credit Card
13127,PAY013127,20250619,7201,10361.34,Cash
13128,PAY013128,20260628,7202,1247.59,Credit Card
13129,PAY013129,20221122,7203,227.66,Cash
13130,PAY013130,20260403,7204,2758.08,Cash
13131,PAY013131,20260504,7204,4058.43,Credit Card
13132,PAY013132,20260604,7204,1984.59,Cash
13133,PAY013133,20260704,7204,2916.49,SADAD
13134,PAY013134,20241024,7205,20712.26,Credit Card
13135,PAY013135,20230831,7206,984.32,Cash
13136,PAY013136,20231001,7206,1062.31,Credit Card
13137,PAY013137,20241124,7207,3816.39,Cash
13138,PAY013138,20240308,7208,4658.78,Bank Transfer
13139,PAY013139,20220929,7209,23107.43,Credit Card
13140,PAY013140,20260210,7210,6537.96,Cash
13141,PAY013141,20230429,7211,3761.25,SADAD
13142,PAY013142,20260428,7212,2020.79,Bank Transfer
13143,PAY013143,20230831,7213,3014.53,SADAD
13144,PAY013144,20230929,7213,1337.44,Bank Transfer
13145,PAY013145,20260314,7214,431.57,Bank Transfer
13146,PAY013146,20260418,7214,166.43,Cash
13147,PAY013147,20260513,7214,72.73,Bank Transfer
13148,PAY013148,20260616,7214,110.61,Bank Transfer
13149,PAY013149,20241121,7215,1541.84,Cash
13150,PAY013150,20251114,7216,64767.7,Bank Transfer
13151,PAY013151,20250918,7217,3397.62,Credit Card
13152,PAY013152,20251022,7217,846.19,Bank Transfer
13153,PAY013153,20231103,7218,2841.43,Bank Transfer
13154,PAY013154,20260416,7219,9689.18,Bank Transfer
13155,PAY013155,20260512,7219,21819.68,Credit Card
13156,PAY013156,20250826,7220,2172.57,SADAD
13157,PAY013157,20250524,7221,6562.47,Bank Transfer
13158,PAY013158,20240220,7222,6540.21,Cash
13159,PAY013159,20240309,7223,873.75,Credit Card
13160,PAY013160,20230505,7224,119278.84,Bank Transfer
13161,PAY013161,20251222,7225,1716.7,Credit Card
13162,PAY013162,20260120,7225,1731.6,Cash
13163,PAY013163,20260220,7225,1732.15,Credit Card
13164,PAY013164,20260321,7225,126.74,Bank Transfer
13165,PAY013165,20230220,7226,2544.0,Bank Transfer
13166,PAY013166,20250825,7227,9034.73,Cash
13167,PAY013167,20250728,7228,1651.87,SADAD
13168,PAY013168,20230404,7229,110.99,Cash
13169,PAY013169,20230501,7229,2495.69,Bank Transfer
13170,PAY013170,20260816,7230,8122.42,Credit Card
13171,PAY013171,20260731,7231,9577.71,SADAD
13172,PAY013172,20250406,7232,1257.36,SADAD
13173,PAY013173,20250505,7232,939.4,Credit Card
13174,PAY013174,20250603,7232,517.13,SADAD
13175,PAY013175,20250701,7232,2811.98,Cash
13176,PAY013176,20240830,7233,10610.16,Cash
13177,PAY013177,20260120,7234,5761.4,Credit Card
13178,PAY013178,20260214,7234,294.53,Credit Card
13179,PAY013179,20240902,7235,1143.84,Credit Card
13180,PAY013180,20241005,7235,1177.91,Credit Card
13181,PAY013181,20250215,7236,7257.13,SADAD
13182,PAY013182,20250603,7237,3604.44,Bank Transfer
13183,PAY013183,20250629,7237,3832.5,Credit Card
13184,PAY013184,20241207,7238,23259.69,Cash
13185,PAY013185,20250130,7239,7237.78,Credit Card
13186,PAY013186,20260517,7240,2248.18,Bank Transfer
13187,PAY013187,20260618,7240,2223.87,SADAD
13188,PAY013188,20260718,7240,4618.22,Cash
13189,PAY013189,20260812,7240,2349.79,SADAD
13190,PAY013190,20230517,7241,6366.15,SADAD
13191,PAY013191,20250226,7242,12772.13,Credit Card
13192,PAY013192,20250602,7243,10284.75,SADAD
13193,PAY013193,20220410,7244,3900.17,Bank Transfer
13194,PAY013194,20230810,7245,142.82,SADAD
13195,PAY013195,20230907,7245,2257.11,Cash
13196,PAY013196,20231011,7245,442.6,Credit Card
13197,PAY013197,20231106,7245,280.76,Cash
13198,PAY013198,20251122,7246,3599.35,Bank Transfer
13199,PAY013199,20251218,7246,586.43,Credit Card
13200,PAY013200,20220422,7247,26430.73,Cash
13201,PAY013201,20250719,7248,26070.6,Credit Card
13202,PAY013202,20250225,7249,70.96,SADAD
13203,PAY013203,20250329,7249,452.69,Cash
13204,PAY013204,20250429,7249,269.36,Credit Card
13205,PAY013205,20250527,7249,1018.07,Credit Card
13206,PAY013206,20230102,7250,8.09,Cash
13207,PAY013207,20230203,7250,15.43,Bank Transfer
13208,PAY013208,20230305,7250,14.57,Bank Transfer
13209,PAY013209,20230401,7250,76.33,SADAD
13210,PAY013210,20220808,7251,303.06,SADAD
13211,PAY013211,20220908,7251,1302.24,Cash
13212,PAY013212,20251219,7252,12579.49,Credit Card
13213,PAY013213,20250922,7253,5963.31,Bank Transfer
13214,PAY013214,20260314,7254,944.33,Cash
13215,PAY013215,20260415,7254,68.71,Credit Card
13216,PAY013216,20260515,7254,45.37,Bank Transfer
13217,PAY013217,20260614,7254,316.44,Bank Transfer
13218,PAY013218,20260415,7255,400.55,Credit Card
13219,PAY013219,20260518,7255,2023.23,Cash
13220,PAY013220,20230330,7256,33.78,Cash
13221,PAY013221,20230427,7256,235.34,Cash
13222,PAY013222,20230530,7256,98.77,Bank Transfer
13223,PAY013223,20230626,7256,417.22,Cash
13224,PAY013224,20250415,7257,1841.57,Credit Card
13225,PAY013225,20220826,7258,1212.81,Credit Card
13226,PAY013226,20220924,7258,348.61,Bank Transfer
13227,PAY013227,20251011,7259,221.05,SADAD
13228,PAY013228,20251110,7259,1724.99,Cash
13229,PAY013229,20251208,7259,1417.04,Credit Card
13230,PAY013230,20260106,7259,248.55,Cash
13231,PAY013231,20240422,7260,1925.66,SADAD
13232,PAY013232,20250801,7261,44372.41,Bank Transfer
13233,PAY013233,20241024,7262,144.73,Credit Card
13234,PAY013234,20241127,7262,273.36,Credit Card
13235,PAY013235,20241225,7262,47.78,Credit Card
13236,PAY013236,20250125,7262,683.75,Bank Transfer
13237,PAY013237,20250818,7263,118299.05,Credit Card
13238,PAY013238,20250918,7263,84609.75,Cash
13239,PAY013239,20260624,7264,118.23,SADAD
13240,PAY013240,20260720,7264,8.71,Cash
13241,PAY013241,20260820,7264,2123.63,Credit Card
13242,PAY013242,20241211,7265,5894.95,SADAD
13243,PAY013243,20250110,7265,853.92,SADAD
13244,PAY013244,20231227,7266,631.34,SADAD
13245,PAY013245,20250805,7267,1903.97,Cash
13246,PAY013246,20260514,7268,17493.15,Credit Card
13247,PAY013247,20250109,7269,37433.51,Credit Card
13248,PAY013248,20260408,7270,123.86,Cash
13249,PAY013249,20260513,7270,1780.93,SADAD
13250,PAY013250,20240314,7271,7400.39,SADAD
13251,PAY013251,20251120,7272,1094.49,Credit Card
13252,PAY013252,20260418,7273,1559.24,Cash
13253,PAY013253,20240323,7274,1309.25,Credit Card
13254,PAY013254,20250823,7275,4063.82,Cash
13255,PAY013255,20231117,7276,7240.82,Credit Card
13256,PAY013256,20230423,7277,29834.86,SADAD
13257,PAY013257,20240101,7278,509.32,Cash
13258,PAY013258,20240203,7278,85.18,Cash
13259,PAY013259,20240229,7278,1151.48,Credit Card
13260,PAY013260,20240331,7278,2079.99,Bank Transfer
13261,PAY013261,20241125,7279,6257.65,Credit Card
13262,PAY013262,20241226,7279,2418.88,Bank Transfer
13263,PAY013263,20260522,7280,3723.81,Cash
13264,PAY013264,20250208,7281,6279.65,Credit Card
13265,PAY013265,20230517,7282,1741.9,Bank Transfer
13266,PAY013266,20230617,7282,507.89,SADAD
13267,PAY013267,20241117,7283,3951.26,Cash
13268,PAY013268,20241221,7283,1394.07,Bank Transfer
13269,PAY013269,20250414,7284,4608.56,Credit Card
13270,PAY013270,20250517,7284,6799.0,Credit Card
13271,PAY013271,20241203,7285,1989.35,Bank Transfer
13272,PAY013272,20241221,7286,23853.82,SADAD
13273,PAY013273,20250102,7287,1473.29,Cash
13274,PAY013274,20250826,7288,4157.41,Credit Card
13275,PAY013275,20250924,7288,1604.95,Credit Card
13276,PAY013276,20251022,7288,11031.14,Credit Card
13277,PAY013277,20251119,7288,156.17,Cash
13278,PAY013278,20240102,7289,7908.02,Cash
13279,PAY013279,20240127,7289,27.73,Bank Transfer
13280,PAY013280,20240324,7290,11998.91,SADAD
13281,PAY013281,20251120,7291,1735.52,SADAD
13282,PAY013282,20250219,7292,29088.72,Cash
13283,PAY013283,20250321,7292,676.36,SADAD
13284,PAY013284,20241221,7293,28733.38,Credit Card
13285,PAY013285,20260314,7294,8218.43,Cash
13286,PAY013286,20230905,7295,7183.54,Credit Card
13287,PAY013287,20251207,7296,904.1,Bank Transfer
13288,PAY013288,20260106,7296,127.41,Bank Transfer
13289,PAY013289,20260202,7296,1528.2,Bank Transfer
13290,PAY013290,20260307,7296,1765.33,SADAD
13291,PAY013291,20250102,7297,14359.13,SADAD
13292,PAY013292,20231024,7298,1135.66,Cash
13293,PAY013293,20231128,7298,1044.59,Credit Card
13294,PAY013294,20231124,7299,83332.21,SADAD
13295,PAY013295,20260519,7300,4980.38,SADAD
13296,PAY013296,20250910,7301,2414.19,Bank Transfer
13297,PAY013297,20230515,7302,1761.99,Bank Transfer
13298,PAY013298,20230613,7302,508.32,Credit Card
13299,PAY013299,20240404,7303,351.62,Cash
13300,PAY013300,20240429,7303,116.48,Credit Card
13301,PAY013301,20240530,7303,2653.75,Bank Transfer
13302,PAY013302,20240701,7303,1417.9,Credit Card
13303,PAY013303,20231118,7304,468.0,Cash
13304,PAY013304,20230918,7305,6949.73,Bank Transfer
13305,PAY013305,20231015,7305,1283.47,Credit Card
13306,PAY013306,20240429,7306,2017.13,Credit Card
13307,PAY013307,20240529,7306,1773.62,SADAD
13308,PAY013308,20260504,7307,4835.97,Cash
13309,PAY013309,20241007,7308,4163.27,Bank Transfer
13310,PAY013310,20221117,7309,37910.07,Bank Transfer
13311,PAY013311,20221221,7309,19499.35,Cash
13312,PAY013312,20230117,7309,18047.56,Cash
13313,PAY013313,20230217,7309,785.75,Credit Card
13314,PAY013314,20260328,7310,2169.68,SADAD
13315,PAY013315,20260212,7311,9623.17,Bank Transfer
13316,PAY013316,20230303,7312,10251.05,Cash
13317,PAY013317,20250427,7313,201.81,Bank Transfer
13318,PAY013318,20250528,7313,47.14,SADAD
13319,PAY013319,20250624,7313,707.51,Credit Card
13320,PAY013320,20250722,7313,806.94,Cash
13321,PAY013321,20231129,7314,8185.94,SADAD
13322,PAY013322,20231227,7314,857.67,SADAD
13323,PAY013323,20240412,7315,22308.44,Credit Card
13324,PAY013324,20260113,7316,677.04,Cash
13325,PAY013325,20260317,7317,3833.43,Bank Transfer
13326,PAY013326,20260428,7318,23551.48,Credit Card
13327,PAY013327,20251101,7319,614.66,Cash
13328,PAY013328,20251130,7319,2056.98,Bank Transfer
13329,PAY013329,20250516,7320,15640.86,Credit Card
13330,PAY013330,20251001,7321,1376.75,Cash
13331,PAY013331,20251030,7321,508.79,SADAD
13332,PAY013332,20251130,7321,3483.56,Bank Transfer
13333,PAY013333,20251230,7321,835.32,Bank Transfer
13334,PAY013334,20220624,7322,2641.43,Cash
13335,PAY013335,20260511,7323,570.02,Bank Transfer
13336,PAY013336,20260607,7323,1303.6,SADAD
13337,PAY013337,20240114,7324,2147.85,Cash
13338,PAY013338,20240215,7324,887.75,SADAD
13339,PAY013339,20250225,7325,1173.66,Credit Card
13340,PAY013340,20240420,7326,6919.36,Bank Transfer
13341,PAY013341,20260302,7327,228.49,Credit Card
13342,PAY013342,20260404,7327,62.9,Credit Card
13343,PAY013343,20260506,7327,825.25,Bank Transfer
13344,PAY013344,20260531,7327,1009.42,Credit Card
13345,PAY013345,20250921,7328,12088.39,Bank Transfer
13346,PAY013346,20251016,7328,1427.79,Cash
13347,PAY013347,20251116,7328,16896.78,SADAD
13348,PAY013348,20251216,7328,5294.09,Cash
13349,PAY013349,20230622,7329,2203.11,Bank Transfer
13350,PAY013350,20250518,7330,4149.87,Credit Card
13351,PAY013351,20260227,7331,20924.28,SADAD
13352,PAY013352,20240425,7332,6241.66,SADAD
13353,PAY013353,20250115,7333,1511.76,Bank Transfer
13354,PAY013354,20230802,7334,6319.71,Bank Transfer
13355,PAY013355,20230801,7335,11443.69,Cash
13356,PAY013356,20250725,7336,80.62,Credit Card
13357,PAY013357,20250826,7336,450.5,Cash
13358,PAY013358,20250926,7336,1096.7,Bank Transfer
13359,PAY013359,20251025,7336,1216.76,Credit Card
13360,PAY013360,20241217,7337,163.17,Credit Card
13361,PAY013361,20250113,7337,953.33,Bank Transfer
13362,PAY013362,20250215,7337,233.83,Bank Transfer
13363,PAY013363,20250313,7337,243.74,Credit Card
13364,PAY013364,20260527,7338,6129.35,Bank Transfer
13365,PAY013365,20241016,7339,621.29,Credit Card
13366,PAY013366,20240803,7340,13732.95,Credit Card
13367,PAY013367,20240719,7341,17676.45,Credit Card
13368,PAY013368,20250815,7342,10355.89,Credit Card
13369,PAY013369,20250914,7342,2877.83,SADAD
13370,PAY013370,20260601,7343,819.99,Bank Transfer
13371,PAY013371,20260702,7343,218.14,Bank Transfer
13372,PAY013372,20231206,7344,1181.42,Bank Transfer
13373,PAY013373,20221003,7345,7137.25,Credit Card
13374,PAY013374,20231018,7346,102.1,Cash
13375,PAY013375,20231117,7346,206.24,Cash
13376,PAY013376,20231219,7346,860.32,Credit Card
13377,PAY013377,20240119,7346,12.9,Cash
13378,PAY013378,20241025,7347,13239.21,SADAD
13379,PAY013379,20240909,7348,1696.93,SADAD
13380,PAY013380,20221219,7349,248.34,Cash
13381,PAY013381,20230117,7349,437.88,Credit Card
13382,PAY013382,20230221,7349,1419.89,Credit Card
13383,PAY013383,20230322,7349,458.89,SADAD
13384,PAY013384,20250127,7350,992.01,Credit Card
13385,PAY013385,20250227,7350,1010.38,Cash
13386,PAY013386,20260622,7351,20662.09,Bank Transfer
13387,PAY013387,20260212,7352,8087.08,Cash
13388,PAY013388,20250116,7353,345.89,Cash
13389,PAY013389,20250219,7353,1924.43,SADAD
13390,PAY013390,20250321,7353,285.69,Bank Transfer
13391,PAY013391,20250420,7353,3928.51,SADAD
13392,PAY013392,20260531,7354,957.15,Bank Transfer
13393,PAY013393,20260628,7354,5887.84,Credit Card
13394,PAY013394,20260729,7354,749.27,Cash
13395,PAY013395,20230522,7355,169.41,SADAD
13396,PAY013396,20230619,7355,2180.28,Bank Transfer
13397,PAY013397,20230721,7355,1103.22,Credit Card
13398,PAY013398,20230823,7355,997.34,Bank Transfer
13399,PAY013399,20251207,7356,2283.84,Credit Card
13400,PAY013400,20250413,7357,6321.02,Bank Transfer
13401,PAY013401,20250513,7357,5502.0,Cash
13402,PAY013402,20260103,7358,6973.67,Credit Card
13403,PAY013403,20230701,7359,5102.13,SADAD
13404,PAY013404,20260527,7360,160.75,Bank Transfer
13405,PAY013405,20260629,7360,3.16,Credit Card
13406,PAY013406,20250717,7361,2500.15,Cash
13407,PAY013407,20250816,7361,3211.33,SADAD
13408,PAY013408,20260601,7362,1947.45,Credit Card
13409,PAY013409,20260629,7362,4808.74,Credit Card
13410,PAY013410,20260802,7362,1340.4,Cash
13411,PAY013411,20260121,7363,1010.66,SADAD
13412,PAY013412,20240911,7364,8578.99,Credit Card
13413,PAY013413,20250218,7365,1217.94,Bank Transfer
13414,PAY013414,20250512,7366,308.82,Credit Card
13415,PAY013415,20250610,7366,305.91,Credit Card
13416,PAY013416,20260718,7367,966.45,Credit Card
13417,PAY013417,20260819,7367,252.86,Credit Card
13418,PAY013418,20250621,7368,17249.97,Bank Transfer
13419,PAY013419,20260226,7369,821.01,Cash
13420,PAY013420,20260326,7369,23130.62,Cash
13421,PAY013421,20251107,7370,13169.2,SADAD
13422,PAY013422,20230113,7371,419.78,SADAD
13423,PAY013423,20230211,7371,538.27,Bank Transfer
13424,PAY013424,20230312,7371,201.11,Credit Card
13425,PAY013425,20230409,7371,1256.92,Bank Transfer
13426,PAY013426,20241204,7372,4982.32,Bank Transfer
13427,PAY013427,20231210,7373,430.76,Cash
13428,PAY013428,20240108,7373,501.15,SADAD
13429,PAY013429,20240209,7373,6311.27,SADAD
13430,PAY013430,20240312,7373,1350.15,Cash
13431,PAY013431,20240129,7374,1938.07,Cash
13432,PAY013432,20241231,7375,135.65,Cash
13433,PAY013433,20250128,7375,1421.14,Cash
13434,PAY013434,20230827,7376,108839.77,Cash
13435,PAY013435,20230926,7376,51668.93,Credit Card
13436,PAY013436,20250425,7377,13400.98,Credit Card
13437,PAY013437,20260717,7378,15214.3,Credit Card
13438,PAY013438,20240412,7379,7149.42,SADAD
13439,PAY013439,20250901,7380,2074.76,Cash
13440,PAY013440,20240507,7381,7906.7,Cash
13441,PAY013441,20241218,7382,6226.78,Cash
13442,PAY013442,20250113,7382,4247.67,Bank Transfer
13443,PAY013443,20240902,7383,1356.2,Cash
13444,PAY013444,20241003,7383,788.94,Cash
13445,PAY013445,20260110,7384,2176.39,Credit Card
13446,PAY013446,20230220,7385,808.85,Bank Transfer
13447,PAY013447,20230324,7385,4345.65,Bank Transfer
13448,PAY013448,20251030,7386,2916.77,Bank Transfer
13449,PAY013449,20260430,7387,5229.22,Credit Card
13450,PAY013450,20240814,7388,27096.77,Credit Card
13451,PAY013451,20240917,7388,8791.18,SADAD
13452,PAY013452,20241017,7388,4397.26,Credit Card
13453,PAY013453,20241111,7388,12192.04,Credit Card
13454,PAY013454,20250619,7389,10686.18,Bank Transfer
13455,PAY013455,20240421,7390,3719.33,Bank Transfer
13456,PAY013456,20240116,7391,12763.73,SADAD
13457,PAY013457,20260716,7392,13399.45,SADAD
13458,PAY013458,20260327,7393,2421.1,Cash
13459,PAY013459,20260426,7393,7840.75,Credit Card
13460,PAY013460,20260527,7393,10104.53,Bank Transfer
13461,PAY013461,20260627,7393,3025.77,Credit Card
13462,PAY013462,20230314,7394,2392.21,Cash
13463,PAY013463,20230415,7394,2153.95,Credit Card
13464,PAY013464,20241230,7395,2250.62,SADAD
13465,PAY013465,20230720,7396,1812.53,Bank Transfer
13466,PAY013466,20230820,7396,1542.38,Credit Card
13467,PAY013467,20230920,7396,3448.68,Credit Card
13468,PAY013468,20231019,7396,843.81,SADAD
13469,PAY013469,20220607,7397,7652.63,Credit Card
13470,PAY013470,20250503,7398,1837.71,Cash
13471,PAY013471,20260812,7399,5867.51,Cash
13472,PAY013472,20241112,7400,21721.31,Cash
13473,PAY013473,20240729,7401,3109.51,Bank Transfer
13474,PAY013474,20230710,7402,22114.43,Bank Transfer
13475,PAY013475,20230811,7402,7966.06,Credit Card
13476,PAY013476,20230908,7402,14105.0,Credit Card
13477,PAY013477,20231009,7402,27751.71,SADAD
13478,PAY013478,20231101,7403,2800.8,SADAD
13479,PAY013479,20231201,7403,841.75,SADAD
13480,PAY013480,20250117,7404,6928.03,SADAD
13481,PAY013481,20260317,7405,66298.27,Credit Card
13482,PAY013482,20240508,7406,15316.55,Credit Card
13483,PAY013483,20240604,7406,47807.89,SADAD
13484,PAY013484,20250611,7407,1915.12,SADAD
13485,PAY013485,20221005,7408,134898.49,SADAD
13486,PAY013486,20240229,7409,415.1,Cash
13487,PAY013487,20240515,7410,2182.88,Bank Transfer
13488,PAY013488,20250323,7411,1410.77,Cash
13489,PAY013489,20250424,7411,112.25,Credit Card
13490,PAY013490,20250520,7411,5499.94,Credit Card
13491,PAY013491,20250621,7411,492.25,Credit Card
13492,PAY013492,20240404,7412,140.16,Bank Transfer
13493,PAY013493,20240507,7412,714.75,Credit Card
13494,PAY013494,20260426,7413,17047.42,Cash
13495,PAY013495,20250410,7414,20195.04,Bank Transfer
13496,PAY013496,20260313,7415,2931.76,Credit Card
13497,PAY013497,20260308,7416,1062.82,Cash
13498,PAY013498,20260407,7416,2011.2,Credit Card
13499,PAY013499,20250710,7417,8034.21,Credit Card
13500,PAY013500,20260213,7418,4619.53,Credit Card
13501,PAY013501,20260320,7418,4888.26,Bank Transfer
13502,PAY013502,20240428,7419,4813.62,Credit Card
13503,PAY013503,20240531,7419,3840.8,SADAD
13504,PAY013504,20220425,7420,20776.99,SADAD
13505,PAY013505,20230807,7421,9372.17,Bank Transfer
13506,PAY013506,20260413,7422,3283.64,SADAD
13507,PAY013507,20221226,7423,8139.37,SADAD
13508,PAY013508,20250606,7424,691.8,Credit Card
13509,PAY013509,20250706,7424,31.19,SADAD
13510,PAY013510,20250802,7424,4772.86,Cash
13511,PAY013511,20250902,7424,908.93,Bank Transfer
13512,PAY013512,20241126,7425,7884.29,Cash
13513,PAY013513,20260119,7426,20219.05,Bank Transfer
13514,PAY013514,20260217,7426,43682.45,SADAD
13515,PAY013515,20250114,7427,620.27,Cash
13516,PAY013516,20260207,7428,3325.99,Cash
13517,PAY013517,20260422,7429,79989.89,Cash
13518,PAY013518,20260522,7429,113595.81,Bank Transfer
13519,PAY013519,20250515,7430,2511.32,Bank Transfer
13520,PAY013520,20250613,7430,121.79,Cash
13521,PAY013521,20250714,7430,3087.64,Bank Transfer
13522,PAY013522,20250813,7430,998.04,Bank Transfer
13523,PAY013523,20230720,7431,8248.19,Cash
13524,PAY013524,20230818,7431,548.44,Credit Card
13525,PAY013525,20230915,7431,340.37,Bank Transfer
13526,PAY013526,20231017,7431,1783.7,Credit Card
13527,PAY013527,20241105,7432,448.7,Bank Transfer
13528,PAY013528,20241202,7432,10660.74,Credit Card
13529,PAY013529,20251215,7433,6008.11,Credit Card
13530,PAY013530,20260427,7434,7161.68,Cash
13531,PAY013531,20250314,7435,1223.51,SADAD
13532,PAY013532,20241117,7436,491.43,Bank Transfer
13533,PAY013533,20241221,7436,2798.17,Cash
13534,PAY013534,20240322,7437,2475.16,Credit Card
13535,PAY013535,20240620,7438,14462.72,Cash
13536,PAY013536,20240717,7438,5289.9,Credit Card
13537,PAY013537,20241124,7439,413.26,Credit Card
13538,PAY013538,20241221,7439,54.95,Cash
13539,PAY013539,20250119,7439,29.86,Cash
13540,PAY013540,20250217,7439,196.66,Bank Transfer
13541,PAY013541,20240130,7440,10042.36,SADAD
13542,PAY013542,20230308,7441,288.22,Bank Transfer
13543,PAY013543,20230408,7441,376.08,SADAD
13544,PAY013544,20230507,7441,288.9,Credit Card
13545,PAY013545,20230606,7441,92.7,Bank Transfer
13546,PAY013546,20240319,7442,1024.72,Credit Card
13547,PAY013547,20240905,7443,2386.04,SADAD
13548,PAY013548,20241003,7443,26355.96,Credit Card
13549,PAY013549,20230122,7444,3412.74,Bank Transfer
13550,PAY013550,20230220,7444,4485.58,SADAD
13551,PAY013551,20260522,7445,5615.6,SADAD
13552,PAY013552,20231205,7446,964.08,SADAD
13553,PAY013553,20240104,7446,1299.22,Credit Card
13554,PAY013554,20240204,7446,3435.87,Cash
13555,PAY013555,20240303,7446,2329.53,Bank Transfer
13556,PAY013556,20240524,7447,730.24,Credit Card
13557,PAY013557,20240622,7447,0.92,Credit Card
13558,PAY013558,20250330,7448,3757.71,SADAD
13559,PAY013559,20250427,7448,5213.26,Cash
13560,PAY013560,20240406,7449,275.69,Credit Card
13561,PAY013561,20240506,7449,86.71,Credit Card
13562,PAY013562,20240604,7449,1083.05,Credit Card
13563,PAY013563,20240706,7449,229.89,Bank Transfer
13564,PAY013564,20230228,7450,8369.63,Bank Transfer
13565,PAY013565,20230330,7450,1842.17,Credit Card
13566,PAY013566,20251224,7451,19021.92,SADAD
13567,PAY013567,20221230,7452,18063.38,Cash
13568,PAY013568,20230202,7452,11388.39,Credit Card
13569,PAY013569,20230312,7453,2211.02,SADAD
13570,PAY013570,20230414,7453,1829.7,Credit Card
13571,PAY013571,20241207,7454,13254.31,SADAD
13572,PAY013572,20250531,7455,2468.55,Credit Card
13573,PAY013573,20250625,7455,125.99,Credit Card
13574,PAY013574,20240315,7456,3247.91,SADAD
13575,PAY013575,20240806,7457,1748.67,SADAD
13576,PAY013576,20240906,7457,5911.95,SADAD
13577,PAY013577,20240201,7458,52.02,Credit Card
13578,PAY013578,20240229,7458,824.06,Credit Card
13579,PAY013579,20240402,7458,6.74,SADAD
13580,PAY013580,20240430,7458,1226.22,Bank Transfer
13581,PAY013581,20231117,7459,24960.38,Credit Card
13582,PAY013582,20250531,7460,11205.41,Bank Transfer
13583,PAY013583,20230218,7461,3049.91,SADAD
13584,PAY013584,20230924,7462,194305.06,Credit Card
13585,PAY013585,20260204,7463,13622.25,Bank Transfer
13586,PAY013586,20230325,7464,2507.8,Credit Card
13587,PAY013587,20230420,7464,4019.26,Bank Transfer
13588,PAY013588,20230524,7465,11676.29,Bank Transfer
13589,PAY013589,20230622,7465,15532.98,Bank Transfer
13590,PAY013590,20230718,7465,3738.68,Cash
13591,PAY013591,20230819,7465,1646.23,Credit Card
13592,PAY013592,20231104,7466,7195.52,Cash
13593,PAY013593,20231202,7466,2190.84,SADAD
13594,PAY013594,20230727,7467,2953.32,Bank Transfer
13595,PAY013595,20230827,7467,9699.75,SADAD
13596,PAY013596,20230925,7467,6652.77,Cash
13597,PAY013597,20231025,7467,747.65,SADAD
13598,PAY013598,20231209,7468,2272.2,Bank Transfer
13599,PAY013599,20240110,7468,1536.69,Credit Card
13600,PAY013600,20251212,7469,2099.65,Bank Transfer
13601,PAY013601,20231102,7470,14167.53,Credit Card
13602,PAY013602,20250820,7471,16.16,Bank Transfer
13603,PAY013603,20250916,7471,1364.52,Credit Card
13604,PAY013604,20260527,7472,8383.52,Bank Transfer
13605,PAY013605,20260625,7472,3606.45,Cash
13606,PAY013606,20230816,7473,191.86,Cash
13607,PAY013607,20230916,7473,148.28,SADAD
13608,PAY013608,20231016,7473,299.23,Bank Transfer
13609,PAY013609,20231115,7473,2809.56,Bank Transfer
13610,PAY013610,20250824,7474,8337.79,Credit Card
13611,PAY013611,20251111,7475,328.22,Credit Card
13612,PAY013612,20251212,7475,285.67,Credit Card
13613,PAY013613,20260112,7475,76.66,Cash
13614,PAY013614,20260211,7475,177.29,Cash
13615,PAY013615,20220824,7476,673.7,Bank Transfer
13616,PAY013616,20220922,7476,2236.22,Cash
13617,PAY013617,20221022,7476,2131.79,Bank Transfer
13618,PAY013618,20221125,7476,1272.57,Cash
13619,PAY013619,20240512,7477,170.88,Cash
13620,PAY013620,20240614,7477,1001.26,SADAD
13621,PAY013621,20240714,7477,2939.74,Bank Transfer
13622,PAY013622,20240812,7477,1124.95,Bank Transfer
13623,PAY013623,20240911,7478,13037.8,SADAD
13624,PAY013624,20241222,7479,2130.15,Credit Card
13625,PAY013625,20260116,7480,1783.17,SADAD
13626,PAY013626,20251001,7481,1423.89,SADAD
13627,PAY013627,20231016,7482,840.88,Credit Card
13628,PAY013628,20240222,7483,4827.33,Cash
13629,PAY013629,20240320,7483,1755.7,Bank Transfer
13630,PAY013630,20240927,7484,472.89,Cash
13631,PAY013631,20241023,7484,2037.8,Cash
13632,PAY013632,20250216,7485,895.22,Bank Transfer
13633,PAY013633,20250318,7485,6059.42,SADAD
13634,PAY013634,20250417,7485,11772.98,SADAD
13635,PAY013635,20250515,7485,4831.3,SADAD
13636,PAY013636,20260206,7486,7975.84,Credit Card
13637,PAY013637,20250718,7487,2962.46,SADAD
13638,PAY013638,20250212,7488,7924.96,Bank Transfer
13639,PAY013639,20250317,7488,520.31,Cash
13640,PAY013640,20251111,7489,1123.46,SADAD
13641,PAY013641,20251210,7489,837.6,Bank Transfer
13642,PAY013642,20230514,7490,106.85,SADAD
13643,PAY013643,20230611,7490,1066.04,Credit Card
13644,PAY013644,20240818,7491,20367.92,Cash
13645,PAY013645,20240921,7491,17710.68,Credit Card
13646,PAY013646,20241020,7491,2438.96,SADAD
13647,PAY013647,20241116,7491,49.03,Cash
13648,PAY013648,20240405,7492,1892.43,SADAD
13649,PAY013649,20240505,7492,1213.95,Credit Card
13650,PAY013650,20240531,7492,1304.87,SADAD
13651,PAY013651,20240702,7492,30.15,SADAD
13652,PAY013652,20260429,7493,1096.39,Credit Card
13653,PAY013653,20230916,7494,19725.95,Bank Transfer
13654,PAY013654,20231014,7494,2360.37,Credit Card
13655,PAY013655,20250313,7495,861.51,Bank Transfer
13656,PAY013656,20250412,7495,3765.67,Bank Transfer
13657,PAY013657,20250513,7495,714.89,SADAD
13658,PAY013658,20250614,7495,625.52,Bank Transfer
13659,PAY013659,20260124,7496,4797.34,Cash
13660,PAY013660,20240810,7497,7375.35,SADAD
13661,PAY013661,20240911,7497,647.36,SADAD
13662,PAY013662,20220518,7498,2310.65,Bank Transfer
13663,PAY013663,20220615,7498,728.75,Cash
13664,PAY013664,20220717,7498,824.25,Cash
13665,PAY013665,20220818,7498,436.37,Bank Transfer
13666,PAY013666,20240903,7499,8966.5,Bank Transfer
13667,PAY013667,20251010,7500,31454.11,Bank Transfer
13668,PAY013668,20251113,7500,9040.44,Bank Transfer
13669,PAY013669,20250526,7501,964.55,Cash
13670,PAY013670,20241023,7502,1393.95,Bank Transfer
13671,PAY013671,20241204,7503,11524.24,Bank Transfer
13672,PAY013672,20250105,7503,2772.51,Credit Card
13673,PAY013673,20250205,7503,8675.13,Bank Transfer
13674,PAY013674,20250304,7503,21533.82,Cash
13675,PAY013675,20250908,7504,3074.97,Bank Transfer
13676,PAY013676,20251010,7504,462.24,Credit Card
13677,PAY013677,20251107,7504,109.0,SADAD
13678,PAY013678,20251207,7504,3097.82,SADAD
13679,PAY013679,20241002,7505,3408.48,SADAD
13680,PAY013680,20240323,7506,29330.72,Credit Card
13681,PAY013681,20240619,7507,688.85,Bank Transfer
13682,PAY013682,20260604,7508,1790.84,SADAD
13683,PAY013683,20260705,7508,5078.58,SADAD
13684,PAY013684,20230829,7509,1541.09,Cash
13685,PAY013685,20251006,7510,4097.94,Cash
13686,PAY013686,20251108,7510,2840.86,SADAD
13687,PAY013687,20250204,7511,8594.89,SADAD
13688,PAY013688,20241116,7512,4586.65,Cash
13689,PAY013689,20260805,7513,3629.13,Bank Transfer
13690,PAY013690,20250829,7514,5493.5,Bank Transfer
13691,PAY013691,20251002,7514,1315.09,SADAD
13692,PAY013692,20240823,7515,3254.15,SADAD
13693,PAY013693,20240919,7515,2261.47,SADAD
13694,PAY013694,20240918,7516,6504.9,SADAD
13695,PAY013695,20241021,7516,2596.46,SADAD
13696,PAY013696,20241119,7516,31523.61,SADAD
13697,PAY013697,20241217,7516,13106.73,Cash
13698,PAY013698,20220505,7517,1866.35,Cash
13699,PAY013699,20220604,7517,3911.67,Credit Card
13700,PAY013700,20220705,7517,3014.1,Bank Transfer
13701,PAY013701,20220804,7517,1597.2,Bank Transfer
13702,PAY013702,20250812,7518,211957.02,Bank Transfer
13703,PAY013703,20250129,7519,4020.0,Credit Card
13704,PAY013704,20250301,7519,4809.04,Cash
13705,PAY013705,20241219,7520,4060.04,Bank Transfer
13706,PAY013706,20250116,7520,1266.98,Credit Card
13707,PAY013707,20260313,7521,5024.96,SADAD
13708,PAY013708,20250713,7522,7578.73,Cash
13709,PAY013709,20221112,7523,59151.41,Credit Card
13710,PAY013710,20240909,7524,4.2,Bank Transfer
13711,PAY013711,20241010,7524,79.84,Credit Card
13712,PAY013712,20241107,7524,126.59,Credit Card
13713,PAY013713,20241204,7524,466.72,Bank Transfer
13714,PAY013714,20250602,7525,1562.34,Credit Card
13715,PAY013715,20250630,7525,366.81,Bank Transfer
13716,PAY013716,20250802,7525,4182.05,Cash
13717,PAY013717,20250830,7525,165.91,Cash
13718,PAY013718,20241219,7526,5755.13,Credit Card
13719,PAY013719,20250117,7526,216.58,Cash
13720,PAY013720,20250217,7526,674.68,Credit Card
13721,PAY013721,20250317,7526,3490.41,SADAD
13722,PAY013722,20260309,7527,6563.39,SADAD
13723,PAY013723,20260219,7528,625.73,Cash
13724,PAY013724,20260322,7528,905.47,Bank Transfer
13725,PAY013725,20260421,7528,8.99,Bank Transfer
13726,PAY013726,20260522,7528,33.08,Bank Transfer
13727,PAY013727,20250617,7529,3549.04,Cash
13728,PAY013728,20240120,7530,181.57,SADAD
13729,PAY013729,20240223,7530,478.23,Credit Card
13730,PAY013730,20240320,7530,95.17,Bank Transfer
13731,PAY013731,20240419,7530,102.76,Bank Transfer
13732,PAY013732,20241223,7531,505.28,SADAD
13733,PAY013733,20250120,7531,1783.9,Bank Transfer
13734,PAY013734,20250220,7531,864.57,Credit Card
13735,PAY013735,20250321,7531,1853.04,Cash
13736,PAY013736,20230608,7532,109.36,SADAD
13737,PAY013737,20230703,7532,2411.44,SADAD
13738,PAY013738,20230807,7532,159.48,Bank Transfer
13739,PAY013739,20230904,7532,108.5,SADAD
13740,PAY013740,20221030,7533,142446.62,SADAD
13741,PAY013741,20231223,7534,760.89,Cash
13742,PAY013742,20241011,7535,7767.91,Cash
13743,PAY013743,20250328,7536,8089.8,Cash
13744,PAY013744,20240306,7537,2922.92,Credit Card
13745,PAY013745,20250329,7538,2067.19,Bank Transfer
13746,PAY013746,20221203,7539,1236.09,Credit Card
13747,PAY013747,20230102,7539,902.44,Credit Card
13748,PAY013748,20230131,7539,3689.07,SADAD
13749,PAY013749,20230303,7539,594.74,Bank Transfer
13750,PAY013750,20260528,7540,5933.27,Bank Transfer
13751,PAY013751,20241004,7541,7372.88,Credit Card
13752,PAY013752,20250619,7542,8419.69,Credit Card
13753,PAY013753,20250722,7542,389.98,Credit Card
13754,PAY013754,20231115,7543,2247.72,Cash
13755,PAY013755,20231214,7543,8006.72,Cash
13756,PAY013756,20240112,7543,2065.2,Bank Transfer
13757,PAY013757,20240211,7543,8800.77,SADAD
13758,PAY013758,20250917,7544,305.31,Bank Transfer
13759,PAY013759,20251018,7544,40.38,SADAD
13760,PAY013760,20251119,7544,1671.97,Bank Transfer
13761,PAY013761,20251215,7544,258.13,Cash
13762,PAY013762,20221123,7545,5423.65,Cash
13763,PAY013763,20230307,7546,1033.07,Credit Card
13764,PAY013764,20230406,7546,324.03,SADAD
13765,PAY013765,20230507,7546,567.3,Bank Transfer
13766,PAY013766,20230605,7546,1322.4,Credit Card
13767,PAY013767,20230507,7547,5040.5,Credit Card
13768,PAY013768,20230606,7547,9856.59,Bank Transfer
13769,PAY013769,20230704,7547,8680.86,Cash
13770,PAY013770,20230805,7547,270.02,Cash
13771,PAY013771,20241011,7548,10970.08,Credit Card
13772,PAY013772,20241109,7548,2190.7,Bank Transfer
13773,PAY013773,20230927,7549,4745.48,SADAD
13774,PAY013774,20250625,7550,5373.4,Bank Transfer
13775,PAY013775,20230903,7551,5789.15,Credit Card
13776,PAY013776,20231001,7551,620.05,Bank Transfer
13777,PAY013777,20231031,7551,702.5,Bank Transfer
13778,PAY013778,20231129,7551,1361.81,Cash
13779,PAY013779,20260512,7552,1107.1,Cash
13780,PAY013780,20260611,7552,221.39,Bank Transfer
13781,PAY013781,20260712,7552,769.48,SADAD
13782,PAY013782,20260808,7552,244.87,SADAD
13783,PAY013783,20260220,7553,71394.77,Cash
13784,PAY013784,20251215,7554,16974.07,Bank Transfer
13785,PAY013785,20260113,7554,7415.8,Cash
13786,PAY013786,20220425,7555,157.22,SADAD
13787,PAY013787,20220523,7555,784.61,Cash
13788,PAY013788,20220624,7555,4455.72,SADAD
13789,PAY013789,20220726,7555,1526.51,SADAD
13790,PAY013790,20230524,7556,6499.99,Cash
13791,PAY013791,20230626,7556,350.0,Bank Transfer
13792,PAY013792,20230722,7556,138.37,SADAD
13793,PAY013793,20230822,7556,1257.23,Cash
13794,PAY013794,20231216,7557,63126.54,Cash
13795,PAY013795,20250920,7558,3549.9,Cash
13796,PAY013796,20260324,7559,170.67,Credit Card
13797,PAY013797,20260425,7559,7063.28,Credit Card
13798,PAY013798,20240616,7560,4590.82,SADAD
13799,PAY013799,20240714,7560,130.07,SADAD
13800,PAY013800,20240321,7561,7644.72,SADAD
13801,PAY013801,20240419,7561,4803.28,Credit Card
13802,PAY013802,20260117,7562,31878.09,Bank Transfer
13803,PAY013803,20260218,7562,7967.11,Cash
13804,PAY013804,20260303,7563,11038.9,Bank Transfer
13805,PAY013805,20220825,7564,37097.82,SADAD
13806,PAY013806,20221210,7565,4524.05,SADAD
13807,PAY013807,20230110,7565,3461.08,Bank Transfer
13808,PAY013808,20240810,7566,18551.05,Credit Card
13809,PAY013809,20260228,7567,1966.3,Cash
13810,PAY013810,20260329,7567,3821.19,Credit Card
13811,PAY013811,20260812,7568,906.26,SADAD
13812,PAY013812,20260217,7569,2184.95,Cash
13813,PAY013813,20251220,7570,6106.59,Cash
13814,PAY013814,20240215,7571,14707.87,Cash
13815,PAY013815,20260704,7572,3867.26,Bank Transfer
13816,PAY013816,20230627,7573,1401.18,Credit Card
13817,PAY013817,20230724,7573,18634.6,Credit Card
13818,PAY013818,20240208,7574,21790.94,Credit Card
13819,PAY013819,20220707,7575,2112.73,Bank Transfer
13820,PAY013820,20220803,7575,5869.69,Credit Card
13821,PAY013821,20220902,7575,367.88,SADAD
13822,PAY013822,20221001,7575,6363.44,Bank Transfer
13823,PAY013823,20230223,7576,1690.55,Credit Card
13824,PAY013824,20230321,7576,3090.27,SADAD
13825,PAY013825,20230421,7576,1977.25,Credit Card
13826,PAY013826,20230524,7576,4056.29,Cash
13827,PAY013827,20240614,7577,871.59,SADAD
13828,PAY013828,20250105,7578,3981.08,Cash
13829,PAY013829,20230426,7579,3026.47,Cash
13830,PAY013830,20230304,7580,6867.9,Cash
13831,PAY013831,20260219,7581,3373.0,Credit Card
13832,PAY013832,20260412,7582,4128.53,SADAD
13833,PAY013833,20231121,7583,2109.15,Cash
13834,PAY013834,20231217,7583,2765.16,Credit Card
13835,PAY013835,20220519,7584,6106.75,Bank Transfer
13836,PAY013836,20240925,7585,3387.28,Credit Card
13837,PAY013837,20240410,7586,35130.35,SADAD
13838,PAY013838,20231202,7587,16728.68,Bank Transfer
13839,PAY013839,20231231,7587,5628.71,Bank Transfer
13840,PAY013840,20240128,7587,20530.73,Credit Card
13841,PAY013841,20240227,7587,5922.04,Bank Transfer
13842,PAY013842,20240602,7588,4664.42,Bank Transfer
13843,PAY013843,20240818,7589,5354.74,SADAD
13844,PAY013844,20230403,7590,2146.48,Credit Card
13845,PAY013845,20220708,7591,8271.46,Bank Transfer
13846,PAY013846,20220811,7591,4862.77,Credit Card
13847,PAY013847,20221224,7592,787.8,SADAD
13848,PAY013848,20231218,7593,3706.99,Credit Card
13849,PAY013849,20240120,7593,2283.02,Cash
13850,PAY013850,20241113,7594,3437.24,Bank Transfer
13851,PAY013851,20250303,7595,1125.19,Credit Card
13852,PAY013852,20260302,7596,508.23,SADAD
13853,PAY013853,20260401,7596,818.15,SADAD
13854,PAY013854,20260429,7596,1446.54,Credit Card
13855,PAY013855,20260530,7596,2835.69,Cash
13856,PAY013856,20241005,7597,3041.19,Bank Transfer
13857,PAY013857,20241009,7598,6127.09,SADAD
13858,PAY013858,20241104,7598,10598.45,SADAD
13859,PAY013859,20250515,7599,4165.42,SADAD
13860,PAY013860,20230703,7600,1201.88,SADAD
13861,PAY013861,20230801,7600,122.72,Cash
13862,PAY013862,20230831,7600,520.62,Credit Card
13863,PAY013863,20231003,7600,2294.71,Bank Transfer
13864,PAY013864,20220922,7601,8116.54,SADAD
13865,PAY013865,20221019,7601,15242.31,SADAD
13866,PAY013866,20230930,7602,6999.44,SADAD
13867,PAY013867,20240505,7603,4374.85,Cash
13868,PAY013868,20240531,7603,1280.11,SADAD
13869,PAY013869,20250515,7604,5484.16,Bank Transfer
13870,PAY013870,20250111,7605,2446.42,Credit Card
13871,PAY013871,20250209,7605,2348.32,Credit Card
13872,PAY013872,20221019,7606,18505.68,Cash
13873,PAY013873,20221117,7606,2695.62,Credit Card
13874,PAY013874,20230814,7607,3905.08,Credit Card
13875,PAY013875,20251230,7608,4881.82,SADAD
13876,PAY013876,20260203,7608,264.74,Bank Transfer
13877,PAY013877,20260305,7609,4496.92,Bank Transfer
13878,PAY013878,20260403,7609,380.03,Bank Transfer
13879,PAY013879,20230217,7610,5823.59,SADAD
13880,PAY013880,20260413,7611,1350.29,Credit Card
13881,PAY013881,20260514,7611,3971.87,Bank Transfer
13882,PAY013882,20250331,7612,139731.83,SADAD
13883,PAY013883,20240617,7613,10547.27,SADAD
13884,PAY013884,20231219,7614,3609.08,Credit Card
13885,PAY013885,20240114,7614,474.46,Cash
13886,PAY013886,20240215,7614,2420.41,Bank Transfer
13887,PAY013887,20240317,7614,1128.09,Cash
13888,PAY013888,20220924,7615,5533.63,SADAD
13889,PAY013889,20260225,7616,13362.81,Credit Card
13890,PAY013890,20250125,7617,1436.64,SADAD
13891,PAY013891,20260606,7618,14282.53,Credit Card
13892,PAY013892,20250215,7619,1636.34,Credit Card
13893,PAY013893,20250318,7619,1908.99,Bank Transfer
13894,PAY013894,20250418,7619,74.34,SADAD
13895,PAY013895,20250517,7619,2855.35,Cash
13896,PAY013896,20241129,7620,7701.13,Credit Card
13897,PAY013897,20250906,7621,7879.82,Cash
13898,PAY013898,20220816,7622,13316.85,Bank Transfer
13899,PAY013899,20240819,7623,24.07,Bank Transfer
13900,PAY013900,20240920,7623,283.55,Bank Transfer
13901,PAY013901,20241017,7623,145.73,Cash
13902,PAY013902,20241116,7623,90.14,Cash
13903,PAY013903,20250419,7624,2041.73,SADAD
13904,PAY013904,20240424,7625,7825.44,Cash
13905,PAY013905,20240523,7625,13910.73,SADAD
13906,PAY013906,20240619,7625,3644.52,Credit Card
13907,PAY013907,20240718,7625,13563.64,Bank Transfer
13908,PAY013908,20240201,7626,971.87,Bank Transfer
13909,PAY013909,20220513,7627,6633.41,Cash
13910,PAY013910,20260319,7628,1844.6,Bank Transfer
13911,PAY013911,20250430,7629,3953.56,Cash
13912,PAY013912,20241205,7630,4703.25,SADAD
13913,PAY013913,20250405,7631,22740.51,Cash
13914,PAY013914,20240219,7632,8914.06,SADAD
13915,PAY013915,20240112,7633,7456.19,Cash
13916,PAY013916,20240207,7633,1250.49,Bank Transfer
13917,PAY013917,20240307,7633,3200.76,Credit Card
13918,PAY013918,20240410,7633,2143.96,Credit Card
13919,PAY013919,20250816,7634,3233.46,SADAD
13920,PAY013920,20250915,7634,1286.96,Cash
13921,PAY013921,20251015,7634,761.93,Credit Card
13922,PAY013922,20251113,7634,630.27,Credit Card
13923,PAY013923,20221114,7635,2273.94,Credit Card
13924,PAY013924,20240204,7636,8149.1,Credit Card
13925,PAY013925,20250514,7637,10104.17,Bank Transfer
13926,PAY013926,20250819,7638,7148.21,Credit Card
13927,PAY013927,20250914,7638,2675.11,Credit Card
13928,PAY013928,20251015,7638,3128.84,Cash
13929,PAY013929,20251114,7638,6991.61,Credit Card
13930,PAY013930,20240301,7639,2018.82,Credit Card
13931,PAY013931,20250514,7640,2348.51,Cash
13932,PAY013932,20250430,7641,5297.57,Bank Transfer
13933,PAY013933,20250327,7642,12325.28,SADAD
13934,PAY013934,20241122,7643,3813.28,SADAD
13935,PAY013935,20241110,7644,1595.68,Cash
13936,PAY013936,20241212,7644,3535.43,SADAD
13937,PAY013937,20250109,7644,1126.52,SADAD
13938,PAY013938,20250206,7644,7939.51,SADAD
13939,PAY013939,20241213,7645,2514.21,SADAD
13940,PAY013940,20240901,7646,9435.01,Credit Card
13941,PAY013941,20241002,7646,5402.26,Credit Card
13942,PAY013942,20241220,7647,3988.04,Bank Transfer
13943,PAY013943,20250115,7647,1266.26,Cash
13944,PAY013944,20250215,7647,301.54,Credit Card
13945,PAY013945,20250319,7647,23289.74,Cash
13946,PAY013946,20250804,7648,16586.25,Credit Card
13947,PAY013947,20250317,7649,4165.58,Credit Card
13948,PAY013948,20250420,7649,1884.82,Credit Card
13949,PAY013949,20240208,7650,6665.54,Cash
13950,PAY013950,20240204,7651,22721.39,Bank Transfer
13951,PAY013951,20250413,7652,1754.0,Bank Transfer
13952,PAY013952,20250518,7652,7862.12,Cash
13953,PAY013953,20250612,7652,2759.74,Cash
13954,PAY013954,20250716,7652,301.26,Bank Transfer
13955,PAY013955,20260115,7653,34310.26,SADAD
13956,PAY013956,20230407,7654,1255.94,Credit Card
13957,PAY013957,20230507,7654,1942.0,Cash
13958,PAY013958,20221117,7655,7896.58,Credit Card
13959,PAY013959,20221222,7655,5413.39,Cash
13960,PAY013960,20221213,7656,17517.12,Cash
13961,PAY013961,20221106,7657,13.62,Cash
13962,PAY013962,20221205,7657,470.81,Bank Transfer
13963,PAY013963,20230107,7657,1024.06,SADAD
13964,PAY013964,20230204,7657,277.7,Cash
13965,PAY013965,20241210,7658,75940.8,SADAD
13966,PAY013966,20251110,7659,224.07,SADAD
13967,PAY013967,20251209,7659,803.26,Bank Transfer
13968,PAY013968,20260107,7659,1335.78,Cash
13969,PAY013969,20260206,7659,753.96,SADAD
13970,PAY013970,20240712,7660,4926.91,SADAD
13971,PAY013971,20260208,7661,1369.19,SADAD
13972,PAY013972,20250225,7662,3327.54,Cash
13973,PAY013973,20250504,7663,52164.42,Bank Transfer
13974,PAY013974,20250605,7663,19153.77,Credit Card
13975,PAY013975,20250704,7663,6259.29,SADAD
13976,PAY013976,20250801,7663,14335.53,Credit Card
13977,PAY013977,20250710,7664,1154.71,SADAD
13978,PAY013978,20250808,7664,178.31,Credit Card
13979,PAY013979,20250904,7664,1644.97,Cash
13980,PAY013980,20251006,7664,450.12,Bank Transfer
13981,PAY013981,20250822,7665,4906.1,Bank Transfer
13982,PAY013982,20250920,7665,29654.91,Credit Card
13983,PAY013983,20251023,7665,7771.36,Credit Card
13984,PAY013984,20251123,7665,26786.37,Credit Card
13985,PAY013985,20231224,7666,1464.31,SADAD
13986,PAY013986,20240126,7666,987.8,Credit Card
13987,PAY013987,20240423,7667,57305.62,Credit Card
13988,PAY013988,20260419,7668,1423.63,SADAD
13989,PAY013989,20260520,7668,1041.89,Bank Transfer
13990,PAY013990,20220829,7669,511.52,Cash
13991,PAY013991,20220924,7669,235.44,Bank Transfer
13992,PAY013992,20221026,7669,1097.91,Cash
13993,PAY013993,20221126,7669,267.19,Bank Transfer
13994,PAY013994,20250128,7670,9216.88,Credit Card
13995,PAY013995,20230928,7671,817.8,SADAD
13996,PAY013996,20231030,7671,898.41,Bank Transfer
13997,PAY013997,20230606,7672,7380.89,Bank Transfer
13998,PAY013998,20231030,7673,2094.59,Cash
13999,PAY013999,20230116,7674,1956.43,Cash
14000,PAY014000,20230214,7674,5997.65,Bank Transfer
14001,PAY014001,20230318,7674,1775.67,Credit Card
14002,PAY014002,20230413,7674,4426.08,SADAD
14003,PAY014003,20240415,7675,75.29,Credit Card
14004,PAY014004,20240516,7675,335.34,Credit Card
14005,PAY014005,20240616,7675,462.03,Credit Card
14006,PAY014006,20240712,7675,307.68,Cash
14007,PAY014007,20250513,7676,2322.96,Cash
14008,PAY014008,20250914,7677,3362.49,SADAD
14009,PAY014009,20240514,7678,9164.24,Credit Card
14010,PAY014010,20240615,7678,1214.9,Bank Transfer
14011,PAY014011,20220926,7679,3484.23,Credit Card
14012,PAY014012,20251020,7680,353.16,Bank Transfer
14013,PAY014013,20251124,7680,3709.62,Cash
14014,PAY014014,20251219,7680,313.57,SADAD
14015,PAY014015,20260122,7680,3355.98,SADAD
14016,PAY014016,20240215,7681,3572.9,Cash
14017,PAY014017,20240313,7681,4569.02,Cash
14018,PAY014018,20260423,7682,13098.84,SADAD
14019,PAY014019,20241020,7683,1507.38,Cash
14020,PAY014020,20241121,7683,1490.98,Cash
14021,PAY014021,20240209,7684,9846.82,SADAD
14022,PAY014022,20250608,7685,2125.65,Credit Card
14023,PAY014023,20231101,7686,2898.2,SADAD
14024,PAY014024,20231130,7686,1181.72,Cash
14025,PAY014025,20241220,7687,6389.84,Cash
14026,PAY014026,20251127,7688,1475.85,Cash
14027,PAY014027,20221204,7689,29604.49,SADAD
14028,PAY014028,20230104,7689,31596.5,Credit Card
14029,PAY014029,20250607,7690,7669.43,Cash
14030,PAY014030,20251203,7691,78513.49,Bank Transfer
14031,PAY014031,20251005,7692,418.37,Bank Transfer
14032,PAY014032,20251102,7692,2733.35,Cash
14033,PAY014033,20251202,7692,2207.18,Bank Transfer
14034,PAY014034,20260105,7692,468.19,Cash
14035,PAY014035,20260225,7693,1554.35,Bank Transfer
14036,PAY014036,20230626,7694,8867.22,Credit Card
14037,PAY014037,20230809,7695,538.09,SADAD
14038,PAY014038,20230909,7695,2337.13,Credit Card
14039,PAY014039,20231010,7695,618.93,Credit Card
14040,PAY014040,20231111,7695,171.08,Bank Transfer
14041,PAY014041,20260803,7696,7832.07,Bank Transfer
14042,PAY014042,20220904,7697,1990.42,Cash
14043,PAY014043,20221105,7698,66137.92,Cash
14044,PAY014044,20251031,7699,11867.85,Cash
14045,PAY014045,20231017,7700,2812.04,Bank Transfer
14046,PAY014046,20260124,7701,773.8,Credit Card
14047,PAY014047,20260224,7701,20.31,Cash
14048,PAY014048,20260327,7701,322.5,Cash
14049,PAY014049,20260425,7701,390.51,Bank Transfer
14050,PAY014050,20230830,7702,447.84,SADAD
14051,PAY014051,20230930,7702,7146.42,SADAD
14052,PAY014052,20240201,7703,11165.24,SADAD
14053,PAY014053,20230304,7704,3904.86,Credit Card
14054,PAY014054,20230405,7704,2559.6,SADAD
14055,PAY014055,20230501,7704,85.36,Bank Transfer
14056,PAY014056,20230601,7704,3865.2,Bank Transfer
14057,PAY014057,20240618,7705,2899.06,Credit Card
14058,PAY014058,20240720,7705,80.31,Cash
14059,PAY014059,20240131,7706,9645.15,SADAD
14060,PAY014060,20240302,7706,6262.41,SADAD
14061,PAY014061,20240302,7707,8734.01,Credit Card
14062,PAY014062,20250712,7708,8811.06,Bank Transfer
14063,PAY014063,20250808,7708,21949.62,SADAD
14064,PAY014064,20240112,7709,1214.41,Bank Transfer
14065,PAY014065,20241110,7710,79392.98,SADAD
14066,PAY014066,20231018,7711,13707.83,SADAD
14067,PAY014067,20250205,7712,1805.91,Cash
14068,PAY014068,20250311,7712,39780.54,Cash
14069,PAY014069,20260406,7713,43739.97,Cash
14070,PAY014070,20260507,7713,11738.37,SADAD
14071,PAY014071,20231218,7714,7478.65,SADAD
14072,PAY014072,20230531,7715,12038.61,Bank Transfer
14073,PAY014073,20220910,7716,28784.11,Credit Card
14074,PAY014074,20221009,7716,7832.53,Credit Card
14075,PAY014075,20221107,7716,16448.57,Credit Card
14076,PAY014076,20221210,7716,6606.19,Cash
14077,PAY014077,20221130,7717,180706.07,Credit Card
14078,PAY014078,20251121,7718,7747.87,Credit Card
14079,PAY014079,20260728,7719,1733.76,Bank Transfer
14080,PAY014080,20260712,7720,9190.29,Credit Card
14081,PAY014081,20241008,7721,2513.2,Bank Transfer
14082,PAY014082,20260203,7722,1251.2,Credit Card
14083,PAY014083,20231027,7723,4327.23,Credit Card
14084,PAY014084,20231127,7723,13676.2,Bank Transfer
14085,PAY014085,20260108,7724,531.67,Bank Transfer
14086,PAY014086,20260206,7724,3762.08,Cash
14087,PAY014087,20260307,7724,1172.95,Bank Transfer
14088,PAY014088,20260405,7724,5301.81,SADAD
14089,PAY014089,20250624,7725,1477.96,Credit Card
14090,PAY014090,20250822,7726,19385.32,SADAD
14091,PAY014091,20250921,7726,8767.33,Bank Transfer
14092,PAY014092,20240106,7727,4648.46,Cash
14093,PAY014093,20240205,7727,20003.99,SADAD
14094,PAY014094,20260308,7728,17859.34,Credit Card
14095,PAY014095,20260210,7729,2439.71,Credit Card
14096,PAY014096,20260313,7729,595.66,Bank Transfer
14097,PAY014097,20260414,7729,1640.5,Cash
14098,PAY014098,20260510,7729,2647.22,SADAD
14099,PAY014099,20230923,7730,192.91,Credit Card
14100,PAY014100,20231023,7730,615.33,Credit Card
14101,PAY014101,20231120,7730,195.9,SADAD
14102,PAY014102,20231218,7730,1941.75,Credit Card
14103,PAY014103,20221003,7731,3.38,Bank Transfer
14104,PAY014104,20221103,7731,521.59,Credit Card
14105,PAY014105,20221202,7731,1014.0,Cash
14106,PAY014106,20221230,7731,686.09,Bank Transfer
14107,PAY014107,20260312,7732,4099.43,Bank Transfer
14108,PAY014108,20240819,7733,13042.69,Cash
14109,PAY014109,20260315,7734,386.84,Cash
14110,PAY014110,20260418,7734,1255.71,SADAD
14111,PAY014111,20260518,7734,6232.42,SADAD
14112,PAY014112,20260615,7734,1993.84,Cash
14113,PAY014113,20240912,7735,22195.82,Credit Card
14114,PAY014114,20230212,7736,31975.69,SADAD
14115,PAY014115,20230313,7736,3543.39,Credit Card
14116,PAY014116,20230708,7737,2107.95,Credit Card
14117,PAY014117,20240724,7738,12852.06,Bank Transfer
14118,PAY014118,20230825,7739,5934.51,Credit Card
14119,PAY014119,20231030,7740,6193.41,Credit Card
14120,PAY014120,20231201,7740,2823.03,Cash
14121,PAY014121,20230705,7741,2551.03,Cash
14122,PAY014122,20230803,7741,12302.45,Cash
14123,PAY014123,20240520,7742,43050.7,SADAD
14124,PAY014124,20240620,7742,79915.09,Cash
14125,PAY014125,20250329,7743,4756.94,Credit Card
14126,PAY014126,20220907,7744,10124.76,Bank Transfer
14127,PAY014127,20221009,7744,533.07,Cash
14128,PAY014128,20230211,7745,23620.91,SADAD
14129,PAY014129,20230829,7746,6859.86,Cash
14130,PAY014130,20230926,7746,4225.08,SADAD
14131,PAY014131,20250321,7747,15446.92,Bank Transfer
14132,PAY014132,20231020,7748,25856.43,Cash
14133,PAY014133,20251013,7749,10050.75,Cash
14134,PAY014134,20251109,7749,6460.6,Bank Transfer
14135,PAY014135,20230312,7750,11705.16,SADAD
14136,PAY014136,20250604,7751,262.81,Credit Card
14137,PAY014137,20250702,7751,464.09,Bank Transfer
14138,PAY014138,20250803,7751,298.99,Credit Card
14139,PAY014139,20250902,7751,544.98,Cash
14140,PAY014140,20250504,7752,436.83,Bank Transfer
14141,PAY014141,20250605,7752,1552.93,Cash
14142,PAY014142,20250706,7752,569.24,Cash
14143,PAY014143,20250807,7752,335.99,Cash
14144,PAY014144,20230804,7753,4677.94,SADAD
14145,PAY014145,20250815,7754,2448.81,Credit Card
14146,PAY014146,20250912,7754,1657.44,Cash
14147,PAY014147,20251010,7754,3987.41,Credit Card
14148,PAY014148,20251108,7754,63.32,SADAD
14149,PAY014149,20241222,7755,5187.12,Credit Card
14150,PAY014150,20221023,7756,67077.78,Cash
14151,PAY014151,20241028,7757,1620.71,Bank Transfer
14152,PAY014152,20221216,7758,596.67,SADAD
14153,PAY014153,20230116,7758,246.78,Cash
14154,PAY014154,20230218,7758,61.93,Bank Transfer
14155,PAY014155,20230316,7758,1414.83,Credit Card
14156,PAY014156,20250312,7759,3984.85,Bank Transfer
14157,PAY014157,20260430,7760,145120.74,Credit Card
14158,PAY014158,20250722,7761,112.13,Cash
14159,PAY014159,20250819,7761,3328.81,Cash
14160,PAY014160,20251204,7762,140.96,SADAD
14161,PAY014161,20260103,7762,87.78,Cash
14162,PAY014162,20260205,7762,329.76,SADAD
14163,PAY014163,20260304,7762,537.63,SADAD
14164,PAY014164,20251113,7763,18543.76,Bank Transfer
14165,PAY014165,20251216,7764,3637.81,Cash
14166,PAY014166,20251104,7765,4736.66,SADAD
14167,PAY014167,20251203,7765,1930.78,Bank Transfer
14168,PAY014168,20240329,7766,24633.66,SADAD
14169,PAY014169,20250125,7767,1500.7,Bank Transfer
14170,PAY014170,20241207,7768,1350.28,Cash
14171,PAY014171,20250104,7768,217.12,Credit Card
14172,PAY014172,20250201,7768,79.77,Credit Card
14173,PAY014173,20250302,7768,116.15,Cash
14174,PAY014174,20241109,7769,7037.8,Cash
14175,PAY014175,20250824,7770,4659.74,SADAD
14176,PAY014176,20250709,7771,20773.93,Bank Transfer
14177,PAY014177,20250811,7771,3129.81,SADAD
14178,PAY014178,20241120,7772,3762.88,Cash
14179,PAY014179,20241221,7772,26955.87,SADAD
14180,PAY014180,20260522,7773,2492.58,Bank Transfer
14181,PAY014181,20260623,7773,8653.47,SADAD
14182,PAY014182,20250814,7774,12480.11,SADAD
14183,PAY014183,20250728,7775,504.35,Bank Transfer
14184,PAY014184,20250827,7775,6.57,SADAD
14185,PAY014185,20250927,7775,944.89,Credit Card
14186,PAY014186,20251025,7775,2662.19,Credit Card
14187,PAY014187,20260311,7776,266.75,Bank Transfer
14188,PAY014188,20260410,7776,825.15,Cash
14189,PAY014189,20260512,7776,106.03,Credit Card
14190,PAY014190,20260608,7776,473.49,SADAD
14191,PAY014191,20221029,7777,4815.58,Bank Transfer
14192,PAY014192,20260219,7778,370.44,Credit Card
14193,PAY014193,20260319,7778,6628.72,Cash
14194,PAY014194,20260421,7778,3016.51,Credit Card
14195,PAY014195,20260520,7778,6097.67,Bank Transfer
14196,PAY014196,20240122,7779,791.73,Credit Card
14197,PAY014197,20250425,7780,30292.62,Credit Card
14198,PAY014198,20240306,7781,24575.03,Cash
14199,PAY014199,20220702,7782,625.24,Cash
14200,PAY014200,20220730,7782,1565.97,Bank Transfer
14201,PAY014201,20220827,7783,255.81,Bank Transfer
14202,PAY014202,20220926,7783,1343.89,Cash
14203,PAY014203,20221026,7783,131.25,SADAD
14204,PAY014204,20221126,7783,2.61,Credit Card
14205,PAY014205,20240310,7784,813.22,Credit Card
14206,PAY014206,20230908,7785,8414.18,Bank Transfer
14207,PAY014207,20231007,7785,3171.64,Bank Transfer
14208,PAY014208,20231105,7785,6845.68,Bank Transfer
14209,PAY014209,20231205,7785,1660.16,Bank Transfer
14210,PAY014210,20250514,7786,7559.72,Bank Transfer
14211,PAY014211,20251029,7787,10846.49,Credit Card
14212,PAY014212,20240211,7788,1220.02,SADAD
14213,PAY014213,20240831,7789,182.5,Cash
14214,PAY014214,20240930,7789,108.32,Cash
14215,PAY014215,20241027,7789,104.83,Bank Transfer
14216,PAY014216,20241201,7789,149.21,Credit Card
14217,PAY014217,20240901,7790,6190.16,Credit Card
14218,PAY014218,20260529,7791,411.22,Credit Card
14219,PAY014219,20260630,7791,2053.36,Cash
14220,PAY014220,20260726,7791,748.76,Credit Card
14221,PAY014221,20241119,7792,7212.65,Cash
14222,PAY014222,20230601,7793,290.95,Credit Card
14223,PAY014223,20230703,7793,3359.67,Cash
14224,PAY014224,20230731,7793,1563.65,Bank Transfer
14225,PAY014225,20230831,7793,1364.44,Credit Card
14226,PAY014226,20251014,7794,11502.46,Credit Card
14227,PAY014227,20250524,7795,384.55,Cash
14228,PAY014228,20250621,7795,3452.91,Bank Transfer
14229,PAY014229,20250721,7795,9.6,Credit Card
14230,PAY014230,20250823,7795,36.64,Cash
14231,PAY014231,20240227,7796,935.35,Cash
14232,PAY014232,20240420,7797,22908.31,Bank Transfer
14233,PAY014233,20240521,7797,43682.24,Cash
14234,PAY014234,20250522,7798,3482.98,Credit Card
14235,PAY014235,20260327,7799,13897.36,SADAD
14236,PAY014236,20241222,7800,1149.35,Bank Transfer
14237,PAY014237,20250117,7800,797.68,SADAD
14238,PAY014238,20230714,7801,3441.71,Credit Card
14239,PAY014239,20241119,7802,2547.12,SADAD
14240,PAY014240,20241220,7802,4275.66,SADAD
14241,PAY014241,20250410,7803,460.34,SADAD
14242,PAY014242,20250514,7803,483.7,Cash
14243,PAY014243,20251215,7804,5947.57,SADAD
14244,PAY014244,20260807,7805,2367.87,Credit Card
14245,PAY014245,20251023,7806,2074.44,SADAD
14246,PAY014246,20260624,7807,1792.57,SADAD
14247,PAY014247,20260724,7807,324.37,SADAD
14248,PAY014248,20260122,7808,13266.97,Cash
14249,PAY014249,20240909,7809,7121.25,Cash
14250,PAY014250,20241014,7809,5244.02,Bank Transfer
14251,PAY014251,20250809,7810,10619.72,Credit Card
14252,PAY014252,20250507,7811,5944.52,Cash
14253,PAY014253,20250603,7811,188.9,Bank Transfer
14254,PAY014254,20230508,7812,2008.38,SADAD
14255,PAY014255,20250703,7813,63002.95,SADAD
14256,PAY014256,20231026,7814,316.43,SADAD
14257,PAY014257,20231128,7814,724.72,SADAD
14258,PAY014258,20231226,7814,1054.22,Credit Card
14259,PAY014259,20240123,7814,1169.44,Bank Transfer
14260,PAY014260,20231101,7815,2957.84,Credit Card
14261,PAY014261,20260215,7816,2257.51,Cash
14262,PAY014262,20250625,7817,3592.83,SADAD
14263,PAY014263,20250729,7817,232.5,SADAD
14264,PAY014264,20250826,7817,2510.68,SADAD
14265,PAY014265,20250923,7817,2224.16,Cash
14266,PAY014266,20240221,7818,11882.2,Bank Transfer
14267,PAY014267,20251008,7819,1467.1,SADAD
14268,PAY014268,20250615,7820,1587.39,Credit Card
14269,PAY014269,20250715,7820,821.02,Credit Card
14270,PAY014270,20260616,7821,2789.28,Bank Transfer
14271,PAY014271,20260715,7821,533.29,SADAD
14272,PAY014272,20250801,7822,10237.61,Bank Transfer
14273,PAY014273,20260209,7823,5197.11,SADAD
14274,PAY014274,20260227,7824,3171.6,Bank Transfer
14275,PAY014275,20260402,7824,27225.92,Cash
14276,PAY014276,20250530,7825,3014.98,Bank Transfer
14277,PAY014277,20250101,7826,18403.79,Bank Transfer
14278,PAY014278,20250709,7827,29677.16,SADAD
14279,PAY014279,20250809,7827,9079.05,Credit Card
14280,PAY014280,20230422,7828,1769.08,Bank Transfer
14281,PAY014281,20241207,7829,15133.34,Cash
14282,PAY014282,20250104,7829,1504.7,Credit Card
14283,PAY014283,20250207,7829,2767.63,Bank Transfer
14284,PAY014284,20250307,7829,891.74,SADAD
14285,PAY014285,20250417,7830,8160.47,Credit Card
14286,PAY014286,20230314,7831,458.11,Cash
14287,PAY014287,20230415,7831,81.82,Cash
14288,PAY014288,20230512,7831,208.27,Bank Transfer
14289,PAY014289,20230616,7831,995.77,Cash
14290,PAY014290,20241015,7832,1792.14,Bank Transfer
14291,PAY014291,20241114,7832,3686.65,Cash
14292,PAY014292,20231031,7833,5063.07,Bank Transfer
14293,PAY014293,20260130,7834,1344.61,Bank Transfer
14294,PAY014294,20260302,7834,5706.23,Cash
14295,PAY014295,20260328,7834,11542.73,Credit Card
14296,PAY014296,20260427,7834,2783.88,Bank Transfer
14297,PAY014297,20260615,7835,4168.05,Credit Card
14298,PAY014298,20230807,7836,8182.77,Cash
14299,PAY014299,20230414,7837,13644.15,Cash
14300,PAY014300,20260607,7838,11034.31,Bank Transfer
14301,PAY014301,20240922,7839,11087.22,Credit Card
14302,PAY014302,20240801,7840,11018.63,Cash
14303,PAY014303,20250622,7841,587.09,SADAD
14304,PAY014304,20250720,7841,1181.3,SADAD
14305,PAY014305,20250819,7841,447.88,Credit Card
14306,PAY014306,20250921,7841,680.08,Credit Card
14307,PAY014307,20250901,7842,7418.05,Bank Transfer
14308,PAY014308,20240202,7843,720.44,Cash
14309,PAY014309,20250327,7844,401.36,Bank Transfer
14310,PAY014310,20250425,7844,3509.17,Cash
14311,PAY014311,20250528,7844,2099.05,Credit Card
14312,PAY014312,20250626,7844,2607.83,SADAD
14313,PAY014313,20250502,7845,5600.39,Credit Card
14314,PAY014314,20250827,7846,22798.68,SADAD
14315,PAY014315,20250520,7847,2770.45,SADAD
14316,PAY014316,20241230,7848,3081.63,Credit Card
14317,PAY014317,20260323,7849,6512.05,Cash
14318,PAY014318,20250804,7850,19947.77,Bank Transfer
14319,PAY014319,20230511,7851,4332.34,Cash
14320,PAY014320,20230607,7851,19152.52,Bank Transfer
14321,PAY014321,20250208,7852,27.94,Credit Card
14322,PAY014322,20250309,7852,514.56,Credit Card
14323,PAY014323,20250407,7852,5.9,Bank Transfer
14324,PAY014324,20250510,7852,0.61,Credit Card
14325,PAY014325,20250418,7853,1802.16,Bank Transfer
14326,PAY014326,20250515,7853,1902.96,Bank Transfer
14327,PAY014327,20250615,7853,806.48,Credit Card
14328,PAY014328,20250718,7853,1037.28,SADAD
14329,PAY014329,20241112,7854,38929.22,Cash
14330,PAY014330,20251209,7855,19895.86,Bank Transfer
14331,PAY014331,20240214,7856,1798.21,Bank Transfer
14332,PAY014332,20251129,7857,7114.3,Credit Card
14333,PAY014333,20251227,7857,3142.23,Cash
14334,PAY014334,20241129,7858,63.37,Bank Transfer
14335,PAY014335,20241229,7858,29.57,SADAD
14336,PAY014336,20250128,7858,365.29,SADAD
14337,PAY014337,20250222,7858,36.99,Cash
14338,PAY014338,20250609,7859,5112.72,Cash
14339,PAY014339,20250709,7859,2844.38,SADAD
14340,PAY014340,20230201,7860,944.08,Bank Transfer
14341,PAY014341,20230302,7860,211.54,SADAD
14342,PAY014342,20250316,7861,2510.25,SADAD
14343,PAY014343,20250415,7861,2201.95,Credit Card
14344,PAY014344,20250823,7862,2838.28,Credit Card
14345,PAY014345,20240103,7863,8884.83,Cash
14346,PAY014346,20260120,7864,3762.88,Credit Card
14347,PAY014347,20240813,7865,369.58,Cash
14348,PAY014348,20240911,7865,530.1,Cash
14349,PAY014349,20241008,7865,1206.25,Bank Transfer
14350,PAY014350,20241111,7865,282.67,SADAD
14351,PAY014351,20260422,7866,5654.41,Bank Transfer
14352,PAY014352,20240716,7867,6082.3,SADAD
14353,PAY014353,20231106,7868,1055.16,Credit Card
14354,PAY014354,20241217,7869,5249.77,Credit Card
14355,PAY014355,20250913,7870,57.7,Cash
14356,PAY014356,20251012,7870,3639.25,Cash
14357,PAY014357,20240830,7871,1147.48,SADAD
14358,PAY014358,20240831,7872,137.92,Cash
14359,PAY014359,20240926,7872,527.77,Credit Card
14360,PAY014360,20260417,7873,2109.3,Credit Card
14361,PAY014361,20260514,7873,6218.41,Cash
14362,PAY014362,20230220,7874,13671.06,Credit Card
14363,PAY014363,20260428,7875,11322.39,SADAD
14364,PAY014364,20260119,7876,28250.35,Cash
14365,PAY014365,20240119,7877,2885.3,Cash
14366,PAY014366,20240219,7877,8085.61,Bank Transfer
14367,PAY014367,20230503,7878,14591.91,SADAD
14368,PAY014368,20250129,7879,16574.13,Credit Card
14369,PAY014369,20230506,7880,740.71,Bank Transfer
14370,PAY014370,20230605,7880,457.76,Cash
14371,PAY014371,20230703,7880,5174.45,Cash
14372,PAY014372,20230804,7880,1140.37,Bank Transfer
14373,PAY014373,20240630,7881,11000.82,Cash
14374,PAY014374,20260314,7882,4854.1,SADAD
14375,PAY014375,20251125,7883,2839.05,SADAD
14376,PAY014376,20251229,7883,582.83,Bank Transfer
14377,PAY014377,20250711,7884,2302.68,Cash
14378,PAY014378,20250811,7884,4182.62,Credit Card
14379,PAY014379,20241023,7885,2760.36,Bank Transfer
14380,PAY014380,20241122,7885,33.4,Credit Card
14381,PAY014381,20241222,7885,1510.79,Credit Card
14382,PAY014382,20250116,7885,1731.43,Bank Transfer
14383,PAY014383,20250828,7886,2204.34,SADAD
14384,PAY014384,20250725,7887,63715.95,Cash
14385,PAY014385,20240322,7888,2004.36,Credit Card
14386,PAY014386,20240424,7888,736.46,SADAD
14387,PAY014387,20260616,7889,104.3,Credit Card
14388,PAY014388,20260716,7889,7943.39,Bank Transfer
14389,PAY014389,20260819,7889,1671.62,Bank Transfer
14390,PAY014390,20260714,7890,6557.58,SADAD
14391,PAY014391,20260808,7890,6432.6,Bank Transfer
14392,PAY014392,20260818,7891,352.29,Credit Card
14393,PAY014393,20240930,7892,88.28,SADAD
14394,PAY014394,20241028,7892,259.88,SADAD
14395,PAY014395,20241128,7892,3.69,Bank Transfer
14396,PAY014396,20241228,7892,393.41,Cash
14397,PAY014397,20230907,7893,1319.5,Credit Card
14398,PAY014398,20231007,7893,1712.0,Cash
14399,PAY014399,20241228,7894,1120.47,Cash
14400,PAY014400,20250125,7894,211.82,Bank Transfer
14401,PAY014401,20250225,7894,762.3,Credit Card
14402,PAY014402,20250329,7894,638.33,SADAD
14403,PAY014403,20241114,7895,11132.74,Cash
14404,PAY014404,20241212,7895,726.82,Cash
14405,PAY014405,20250113,7895,495.74,Cash
14406,PAY014406,20250210,7895,414.77,Bank Transfer
14407,PAY014407,20260315,7896,5691.7,Credit Card
14408,PAY014408,20230412,7897,543.28,SADAD
14409,PAY014409,20230510,7897,6450.79,Credit Card
14410,PAY014410,20250314,7898,6441.36,Credit Card
14411,PAY014411,20250416,7898,5213.7,Cash
14412,PAY014412,20250515,7898,6179.71,Cash
14413,PAY014413,20250615,7898,10996.99,Credit Card
14414,PAY014414,20241001,7899,15720.31,Bank Transfer
14415,PAY014415,20241030,7899,7406.29,Credit Card
14416,PAY014416,20230516,7900,14349.08,SADAD
14417,PAY014417,20260408,7901,699.42,Cash
14418,PAY014418,20260508,7901,101.21,Bank Transfer
14419,PAY014419,20260609,7901,325.74,Credit Card
14420,PAY014420,20260707,7901,256.61,Cash
14421,PAY014421,20260120,7902,1035.72,Credit Card
14422,PAY014422,20260220,7902,210.07,Cash
14423,PAY014423,20260321,7902,168.25,Bank Transfer
14424,PAY014424,20260420,7902,103.28,SADAD
14425,PAY014425,20260108,7903,32565.54,Bank Transfer
14426,PAY014426,20250127,7904,2165.34,Bank Transfer
14427,PAY014427,20250225,7904,1858.41,SADAD
14428,PAY014428,20250328,7904,3221.64,Bank Transfer
14429,PAY014429,20250424,7904,2931.13,Cash
14430,PAY014430,20250801,7905,6715.74,Bank Transfer
14431,PAY014431,20230426,7906,472.34,Credit Card
14432,PAY014432,20230527,7906,219.18,Bank Transfer
14433,PAY014433,20230627,7906,598.82,Bank Transfer
14434,PAY014434,20230723,7906,453.15,Bank Transfer
14435,PAY014435,20240611,7907,3943.7,Bank Transfer
14436,PAY014436,20230903,7908,3948.45,Credit Card
14437,PAY014437,20240202,7909,65.18,Credit Card
14438,PAY014438,20240301,7909,1558.08,Bank Transfer
14439,PAY014439,20260309,7910,2349.85,SADAD
14440,PAY014440,20260409,7910,535.94,Cash
14441,PAY014441,20251024,7911,1354.05,Cash
14442,PAY014442,20240319,7912,72190.07,Cash
14443,PAY014443,20240423,7912,18017.38,Credit Card
14444,PAY014444,20240520,7912,46731.15,Bank Transfer
14445,PAY014445,20240620,7912,43687.03,SADAD
14446,PAY014446,20240614,7913,530.69,Bank Transfer
14447,PAY014447,20240718,7913,14.86,Bank Transfer
14448,PAY014448,20240814,7913,856.85,Credit Card
14449,PAY014449,20240916,7913,3438.42,Cash
14450,PAY014450,20221020,7914,6362.84,Bank Transfer
14451,PAY014451,20231108,7915,10485.69,Credit Card
14452,PAY014452,20231209,7915,2319.15,Cash
14453,PAY014453,20230810,7916,119124.2,SADAD
14454,PAY014454,20240705,7917,38935.7,SADAD
14455,PAY014455,20260613,7918,548.35,SADAD
14456,PAY014456,20260605,7919,58.38,Bank Transfer
14457,PAY014457,20260706,7919,738.08,Bank Transfer
14458,PAY014458,20260805,7919,847.34,SADAD
14459,PAY014459,20221030,7920,2123.76,Bank Transfer
14460,PAY014460,20230602,7921,1662.52,Credit Card
14461,PAY014461,20230628,7921,1510.7,SADAD
14462,PAY014462,20231122,7922,941.04,Cash
14463,PAY014463,20231220,7922,310.2,SADAD
14464,PAY014464,20250916,7923,12068.87,Bank Transfer
14465,PAY014465,20251012,7923,3676.68,Bank Transfer
14466,PAY014466,20250813,7924,12225.69,Cash
14467,PAY014467,20250913,7924,44790.17,Credit Card
14468,PAY014468,20260810,7925,4173.7,Credit Card
14469,PAY014469,20230921,7926,14370.99,Bank Transfer
14470,PAY014470,20240202,7927,1513.98,Bank Transfer
14471,PAY014471,20230226,7928,3629.2,Bank Transfer
14472,PAY014472,20250226,7929,2524.3,Bank Transfer
14473,PAY014473,20250328,7929,1913.8,SADAD
14474,PAY014474,20231029,7930,413.73,Credit Card
14475,PAY014475,20231128,7930,832.43,SADAD
14476,PAY014476,20240721,7931,5957.74,Credit Card
14477,PAY014477,20230503,7932,2486.11,Bank Transfer
14478,PAY014478,20260415,7933,3655.63,Credit Card
14479,PAY014479,20260516,7933,7884.04,Cash
14480,PAY014480,20260616,7933,2953.84,Bank Transfer
14481,PAY014481,20260712,7933,14883.9,SADAD
14482,PAY014482,20240420,7934,6094.09,SADAD
14483,PAY014483,20240521,7934,5118.75,Credit Card
14484,PAY014484,20240617,7934,1690.3,Bank Transfer
14485,PAY014485,20240718,7934,1981.9,Credit Card
14486,PAY014486,20250920,7935,1894.85,Bank Transfer
14487,PAY014487,20251024,7935,900.03,SADAD
14488,PAY014488,20251122,7935,784.59,SADAD
14489,PAY014489,20251222,7935,395.03,SADAD
14490,PAY014490,20230725,7936,407.01,Credit Card
14491,PAY014491,20230824,7936,6991.87,SADAD
14492,PAY014492,20260219,7937,16180.99,SADAD
14493,PAY014493,20260321,7937,225263.37,SADAD
14494,PAY014494,20250512,7938,3823.42,Bank Transfer
14495,PAY014495,20250921,7939,8097.98,SADAD
14496,PAY014496,20260524,7940,8368.13,Credit Card
14497,PAY014497,20251211,7941,4411.8,Cash
14498,PAY014498,20240414,7942,7002.73,Credit Card
14499,PAY014499,20260614,7943,694.38,Credit Card
14500,PAY014500,20240313,7944,1375.44,SADAD
14501,PAY014501,20240410,7944,1217.96,Bank Transfer
14502,PAY014502,20240510,7944,3221.79,Cash
14503,PAY014503,20240612,7944,1452.83,Bank Transfer
14504,PAY014504,20260406,7945,1000.52,Cash
14505,PAY014505,20240825,7946,4624.27,SADAD
14506,PAY014506,20230728,7947,4886.47,Credit Card
14507,PAY014507,20230827,7947,341.81,Credit Card
14508,PAY014508,20230928,7947,712.87,Bank Transfer
14509,PAY014509,20231027,7947,100.86,Cash
14510,PAY014510,20250723,7948,4.56,Credit Card
14511,PAY014511,20250821,7948,499.55,SADAD
14512,PAY014512,20250923,7948,2945.26,Bank Transfer
14513,PAY014513,20251022,7948,1307.53,SADAD
14514,PAY014514,20250711,7949,11349.91,Credit Card
14515,PAY014515,20250808,7949,5566.42,SADAD
14516,PAY014516,20231026,7950,26545.29,Cash
14517,PAY014517,20241220,7951,3293.89,SADAD
14518,PAY014518,20250119,7952,147.66,Cash
14519,PAY014519,20250217,7952,2957.6,Cash
14520,PAY014520,20250317,7952,2511.91,Credit Card
14521,PAY014521,20250416,7952,1964.69,SADAD
14522,PAY014522,20250110,7953,1971.48,Cash
14523,PAY014523,20250212,7953,233.37,Bank Transfer
14524,PAY014524,20250312,7953,896.79,Bank Transfer
14525,PAY014525,20250414,7953,1606.2,SADAD
14526,PAY014526,20240102,7954,2811.4,Bank Transfer
14527,PAY014527,20231011,7955,402.04,Cash
14528,PAY014528,20231112,7955,9246.65,Cash
14529,PAY014529,20231212,7955,2308.7,Bank Transfer
14530,PAY014530,20240106,7955,3215.31,Credit Card
14531,PAY014531,20241112,7956,8488.12,Cash
14532,PAY014532,20241207,7956,45931.03,Cash
14533,PAY014533,20240806,7957,10806.14,Bank Transfer
14534,PAY014534,20240726,7958,135411.0,SADAD
14535,PAY014535,20230810,7959,9811.92,SADAD
14536,PAY014536,20230907,7959,1199.32,Cash
14537,PAY014537,20250622,7960,1097.83,Bank Transfer
14538,PAY014538,20250722,7960,4948.77,Bank Transfer
14539,PAY014539,20251214,7961,647.74,Bank Transfer
14540,PAY014540,20260228,7962,8789.7,Bank Transfer
14541,PAY014541,20251007,7963,18316.89,Credit Card
14542,PAY014542,20240317,7964,4467.1,Cash
14543,PAY014543,20250214,7965,188156.33,Bank Transfer
14544,PAY014544,20251027,7966,12383.33,SADAD
14545,PAY014545,20250927,7967,415.67,Bank Transfer
14546,PAY014546,20251026,7967,567.39,Credit Card
14547,PAY014547,20240825,7968,12719.07,SADAD
14548,PAY014548,20240927,7968,11407.23,Credit Card
14549,PAY014549,20251212,7969,933.56,SADAD
14550,PAY014550,20260111,7969,555.0,SADAD
14551,PAY014551,20260208,7969,648.12,SADAD
14552,PAY014552,20260314,7969,837.72,Credit Card
14553,PAY014553,20230401,7970,9863.68,Bank Transfer
14554,PAY014554,20260822,7971,11608.43,Bank Transfer
14555,PAY014555,20231215,7972,1944.35,SADAD
14556,PAY014556,20250311,7973,12051.17,SADAD
14557,PAY014557,20220511,7974,6033.14,Credit Card
14558,PAY014558,20220606,7974,1246.69,SADAD
14559,PAY014559,20220705,7974,508.28,SADAD
14560,PAY014560,20220808,7974,656.27,SADAD
14561,PAY014561,20250217,7975,3243.79,Cash
14562,PAY014562,20250322,7975,1578.22,Bank Transfer
14563,PAY014563,20250420,7975,3156.41,SADAD
14564,PAY014564,20250519,7975,120.63,Bank Transfer
14565,PAY014565,20250316,7976,58532.32,Cash
14566,PAY014566,20251220,7977,2115.3,Cash
14567,PAY014567,20260115,7977,6694.86,Bank Transfer
14568,PAY014568,20250131,7978,13889.7,SADAD
14569,PAY014569,20240430,7979,38348.37,Cash
14570,PAY014570,20240531,7979,118836.8,Credit Card
14571,PAY014571,20240919,7980,16072.42,Cash
14572,PAY014572,20240601,7981,4132.22,Bank Transfer
14573,PAY014573,20230319,7982,728.69,Cash
14574,PAY014574,20230901,7983,13561.4,Credit Card
14575,PAY014575,20230624,7984,6561.57,Credit Card
14576,PAY014576,20250225,7985,22494.88,Bank Transfer
14577,PAY014577,20250506,7986,11266.89,Bank Transfer
14578,PAY014578,20250327,7987,580.04,Credit Card
14579,PAY014579,20250428,7987,3263.2,Bank Transfer
14580,PAY014580,20240912,7988,2899.24,Cash
14581,PAY014581,20250907,7989,343.51,SADAD
14582,PAY014582,20251007,7989,425.37,Bank Transfer
14583,PAY014583,20251108,7989,85.11,Cash
14584,PAY014584,20251203,7989,321.23,Credit Card
14585,PAY014585,20250612,7990,3653.13,Bank Transfer
14586,PAY014586,20250714,7990,441.68,Credit Card
14587,PAY014587,20220407,7991,1205.96,SADAD
14588,PAY014588,20250206,7992,5922.13,Bank Transfer
14589,PAY014589,20240423,7993,834.53,Credit Card
14590,PAY014590,20240520,7993,102.78,SADAD
14591,PAY014591,20240620,7993,6562.94,Credit Card
14592,PAY014592,20240719,7993,6080.11,Credit Card
14593,PAY014593,20260607,7994,4957.75,SADAD
14594,PAY014594,20260618,7995,6654.62,Bank Transfer
14595,PAY014595,20240910,7996,39391.04,Credit Card
14596,PAY014596,20240803,7997,697.05,SADAD
14597,PAY014597,20240831,7997,4171.05,Cash
14598,PAY014598,20221207,7998,1341.64,Bank Transfer
14599,PAY014599,20230105,7998,5008.94,SADAD
14600,PAY014600,20260725,7999,1204.03,Credit Card
14601,PAY014601,20240815,8000,690.77,Bank Transfer
14602,PAY014602,20240912,8000,1974.88,SADAD
14603,PAY014603,20241010,8000,373.21,Bank Transfer
14604,PAY014604,20241112,8000,385.45,Credit Card
14605,PAY014605,20240227,8001,3080.93,SADAD
14606,PAY014606,20240326,8001,4814.28,SADAD
14607,PAY014607,20240424,8001,2910.36,Credit Card
14608,PAY014608,20240526,8001,1592.92,Bank Transfer
14609,PAY014609,20240901,8002,558.56,Bank Transfer
14610,PAY014610,20241004,8002,368.17,Credit Card
14611,PAY014611,20241030,8002,643.47,Bank Transfer
14612,PAY014612,20241201,8002,193.32,Bank Transfer
14613,PAY014613,20250325,8003,1246.54,SADAD
14614,PAY014614,20250423,8003,371.02,Credit Card
14615,PAY014615,20260609,8004,199617.15,SADAD
14616,PAY014616,20250914,8005,1215.44,SADAD
14617,PAY014617,20260409,8006,4378.03,Credit Card
14618,PAY014618,20260507,8006,6500.13,Bank Transfer
14619,PAY014619,20260608,8006,3157.89,SADAD
14620,PAY014620,20260710,8006,1708.09,Bank Transfer
14621,PAY014621,20240618,8007,20819.75,SADAD
14622,PAY014622,20230215,8008,8596.07,SADAD
14623,PAY014623,20260109,8009,694.7,SADAD
14624,PAY014624,20240603,8010,1423.02,Bank Transfer
14625,PAY014625,20240701,8010,11058.2,Cash
14626,PAY014626,20260412,8011,18463.22,SADAD
14627,PAY014627,20250318,8012,15535.95,Bank Transfer
14628,PAY014628,20250418,8012,15952.76,Cash
14629,PAY014629,20250515,8012,4357.49,SADAD
14630,PAY014630,20250614,8012,15254.59,Bank Transfer
14631,PAY014631,20260117,8013,1433.57,SADAD
14632,PAY014632,20251031,8014,10061.16,Cash
14633,PAY014633,20251202,8014,60854.71,Bank Transfer
14634,PAY014634,20260127,8015,4240.56,SADAD
14635,PAY014635,20240424,8016,7874.76,SADAD
14636,PAY014636,20260226,8017,3453.22,Credit Card
14637,PAY014637,20260323,8017,1735.06,Bank Transfer
14638,PAY014638,20240930,8018,1631.06,Cash
14639,PAY014639,20230529,8019,720.48,SADAD
14640,PAY014640,20230804,8020,7646.42,SADAD
14641,PAY014641,20230905,8020,3145.69,Credit Card
14642,PAY014642,20260617,8021,843.76,Credit Card
14643,PAY014643,20240304,8022,5860.44,Credit Card
14644,PAY014644,20240407,8022,976.63,Cash
14645,PAY014645,20240706,8023,41939.39,Credit Card
14646,PAY014646,20240808,8023,19100.95,SADAD
14647,PAY014647,20240510,8024,10581.68,Credit Card
14648,PAY014648,20251120,8025,4464.3,SADAD
14649,PAY014649,20231221,8026,965.11,Credit Card
14650,PAY014650,20240119,8026,809.02,Cash
14651,PAY014651,20240219,8026,886.6,SADAD
14652,PAY014652,20240320,8026,732.37,Bank Transfer
14653,PAY014653,20250405,8027,55770.73,Bank Transfer
14654,PAY014654,20230718,8028,4138.19,Credit Card
14655,PAY014655,20240929,8029,4075.68,Cash
14656,PAY014656,20241031,8029,1940.38,Credit Card
14657,PAY014657,20250308,8030,2965.28,SADAD
14658,PAY014658,20220918,8031,3181.7,Cash
14659,PAY014659,20221022,8031,2690.88,Cash
14660,PAY014660,20221119,8031,2143.38,Bank Transfer
14661,PAY014661,20221216,8031,89.43,Credit Card
14662,PAY014662,20250319,8032,8855.44,Cash
14663,PAY014663,20240819,8033,373.3,Cash
14664,PAY014664,20240919,8033,967.51,SADAD
14665,PAY014665,20241021,8033,232.47,SADAD
14666,PAY014666,20241121,8033,2844.92,Cash
14667,PAY014667,20250317,8034,1137.69,Credit Card
14668,PAY014668,20250417,8034,325.34,Credit Card
14669,PAY014669,20250518,8034,2419.06,Bank Transfer
14670,PAY014670,20250618,8034,7559.25,Cash
14671,PAY014671,20251119,8035,474.35,Credit Card
14672,PAY014672,20251217,8035,2617.03,Cash
14673,PAY014673,20260117,8035,2380.35,Credit Card
14674,PAY014674,20260215,8035,1561.57,Cash
14675,PAY014675,20230920,8036,7926.69,Bank Transfer
14676,PAY014676,20240908,8037,6311.98,Cash
14677,PAY014677,20220515,8038,1623.44,Cash
14678,PAY014678,20241225,8039,155.95,Credit Card
14679,PAY014679,20250121,8039,1847.68,SADAD
14680,PAY014680,20250220,8039,1143.95,Bank Transfer
14681,PAY014681,20250325,8039,410.58,Cash
14682,PAY014682,20260330,8040,3269.31,Cash
14683,PAY014683,20240918,8041,4842.75,Bank Transfer
14684,PAY014684,20240306,8042,3535.52,Cash
14685,PAY014685,20250228,8043,6856.93,Bank Transfer
14686,PAY014686,20250328,8043,585.07,SADAD
14687,PAY014687,20260525,8044,9568.6,Credit Card
14688,PAY014688,20260620,8044,1954.17,Bank Transfer
14689,PAY014689,20260720,8044,3426.65,Credit Card
14690,PAY014690,20260818,8044,4484.81,Bank Transfer
14691,PAY014691,20250618,8045,4296.74,Bank Transfer
14692,PAY014692,20250109,8046,5500.45,Bank Transfer
14693,PAY014693,20260314,8047,3659.53,SADAD
14694,PAY014694,20240621,8048,2608.14,Credit Card
14695,PAY014695,20240719,8048,1016.29,Cash
14696,PAY014696,20240820,8048,4446.53,Credit Card
14697,PAY014697,20240914,8048,2568.38,Cash
14698,PAY014698,20230107,8049,134888.25,SADAD
14699,PAY014699,20240713,8050,3311.35,Bank Transfer
14700,PAY014700,20240815,8050,4389.81,SADAD
14701,PAY014701,20240505,8051,8895.0,Cash
14702,PAY014702,20240727,8052,17706.64,Cash
14703,PAY014703,20240826,8052,1534.72,Credit Card
14704,PAY014704,20230716,8053,6718.99,Bank Transfer
14705,PAY014705,20240123,8054,1261.22,Bank Transfer
14706,PAY014706,20250705,8055,13590.86,Credit Card
14707,PAY014707,20250804,8055,338.6,Bank Transfer
14708,PAY014708,20230110,8056,6860.38,SADAD
14709,PAY014709,20260408,8057,529.15,Credit Card
14710,PAY014710,20260503,8057,821.27,Credit Card
14711,PAY014711,20260606,8057,60.69,Cash
14712,PAY014712,20260705,8057,1103.95,Credit Card
14713,PAY014713,20220809,8058,3956.86,Cash
14714,PAY014714,20220909,8058,601.21,Bank Transfer
14715,PAY014715,20240121,8059,2522.26,SADAD
14716,PAY014716,20241226,8060,9756.21,Credit Card
14717,PAY014717,20260505,8061,10305.68,SADAD
14718,PAY014718,20250303,8062,2012.87,Bank Transfer
14719,PAY014719,20240817,8063,2365.68,Cash
14720,PAY014720,20220607,8064,5467.01,Bank Transfer
14721,PAY014721,20231120,8065,1784.57,Cash
14722,PAY014722,20260522,8066,4433.71,Cash
14723,PAY014723,20260623,8066,523.01,SADAD
14724,PAY014724,20260721,8066,87.31,SADAD
14725,PAY014725,20260824,8066,2255.74,Cash
14726,PAY014726,20260223,8067,1940.1,Credit Card
14727,PAY014727,20240430,8068,2115.52,Bank Transfer
14728,PAY014728,20230406,8069,9959.38,Credit Card
14729,PAY014729,20240218,8070,139.71,Cash
14730,PAY014730,20240321,8070,804.52,Credit Card
14731,PAY014731,20240417,8070,1383.98,Credit Card
14732,PAY014732,20240520,8070,96.27,Credit Card
14733,PAY014733,20250517,8071,1737.12,Cash
14734,PAY014734,20250114,8072,329.06,Bank Transfer
14735,PAY014735,20250213,8072,1417.14,SADAD
14736,PAY014736,20250312,8072,2948.59,Bank Transfer
14737,PAY014737,20250414,8072,6601.91,Credit Card
14738,PAY014738,20230905,8073,893.25,SADAD
14739,PAY014739,20231002,8073,746.35,Credit Card
14740,PAY014740,20250618,8074,55.21,Cash
14741,PAY014741,20250716,8074,6071.95,Credit Card
14742,PAY014742,20230815,8075,3733.24,SADAD
14743,PAY014743,20230916,8075,4388.1,SADAD
14744,PAY014744,20240807,8076,1536.85,Credit Card
14745,PAY014745,20240903,8076,702.99,Credit Card
14746,PAY014746,20241002,8076,1137.11,Cash
14747,PAY014747,20241105,8076,4217.68,Cash
14748,PAY014748,20260614,8077,72359.58,Credit Card
14749,PAY014749,20240602,8078,4336.38,Credit Card
14750,PAY014750,20240703,8078,738.09,Bank Transfer
14751,PAY014751,20260201,8079,2331.57,Bank Transfer
14752,PAY014752,20250706,8080,74926.53,Cash
14753,PAY014753,20251208,8081,5796.64,Cash
14754,PAY014754,20260110,8081,3047.86,SADAD
14755,PAY014755,20240621,8082,1033.58,Credit Card
14756,PAY014756,20240718,8082,5428.63,SADAD
14757,PAY014757,20250923,8083,11312.77,Bank Transfer
14758,PAY014758,20251004,8084,4225.33,Cash
14759,PAY014759,20251107,8084,4244.42,Bank Transfer
14760,PAY014760,20250324,8085,17640.85,SADAD
14761,PAY014761,20241024,8086,47599.03,Bank Transfer
14762,PAY014762,20241125,8086,3394.32,Credit Card
14763,PAY014763,20241227,8086,49972.35,Bank Transfer
14764,PAY014764,20250121,8086,7404.84,Cash
14765,PAY014765,20230620,8087,1499.8,SADAD
14766,PAY014766,20250808,8088,850.08,SADAD
14767,PAY014767,20250906,8088,52.96,Credit Card
14768,PAY014768,20260326,8089,253.59,Cash
14769,PAY014769,20260124,8090,1018.84,SADAD
14770,PAY014770,20250824,8091,212.61,Credit Card
14771,PAY014771,20250926,8091,1352.9,Credit Card
14772,PAY014772,20220227,8092,2664.23,Cash
14773,PAY014773,20250427,8093,19188.5,Credit Card
14774,PAY014774,20250805,8094,11498.55,SADAD
14775,PAY014775,20230317,8095,7911.59,Cash
14776,PAY014776,20221031,8096,2796.88,Credit Card
14777,PAY014777,20260109,8097,1291.83,Bank Transfer
14778,PAY014778,20260208,8097,1882.2,Bank Transfer
14779,PAY014779,20260312,8097,565.03,Credit Card
14780,PAY014780,20260412,8097,579.1,Cash
14781,PAY014781,20241127,8098,129.81,Bank Transfer
14782,PAY014782,20241225,8098,1705.46,Credit Card
14783,PAY014783,20250124,8098,529.59,SADAD
14784,PAY014784,20250225,8098,22.92,Credit Card
14785,PAY014785,20230927,8099,3949.98,Cash
14786,PAY014786,20231030,8099,6619.9,Bank Transfer
14787,PAY014787,20231125,8099,2252.1,Credit Card
14788,PAY014788,20231228,8099,1070.11,Bank Transfer
14789,PAY014789,20251028,8100,3395.58,SADAD
14790,PAY014790,20230314,8101,21257.99,Cash
14791,PAY014791,20231218,8102,23837.22,SADAD
14792,PAY014792,20251027,8103,3181.22,Bank Transfer
14793,PAY014793,20240501,8104,816.13,Credit Card
14794,PAY014794,20240531,8104,1787.09,Cash
14795,PAY014795,20240630,8104,3999.81,Credit Card
14796,PAY014796,20240731,8104,624.63,Cash
14797,PAY014797,20250624,8105,53.74,SADAD
14798,PAY014798,20250721,8105,881.57,Credit Card
14799,PAY014799,20250824,8105,6425.94,Bank Transfer
14800,PAY014800,20250921,8105,958.48,SADAD
14801,PAY014801,20221213,8106,37220.24,SADAD
14802,PAY014802,20220615,8107,4454.78,Cash
14803,PAY014803,20220716,8107,4578.87,Credit Card
14804,PAY014804,20220815,8107,880.74,SADAD
14805,PAY014805,20220916,8107,174.88,SADAD
14806,PAY014806,20260325,8108,5907.33,Credit Card
14807,PAY014807,20260424,8108,237.11,Credit Card
14808,PAY014808,20230508,8109,5615.6,Bank Transfer
14809,PAY014809,20250602,8110,2150.09,Cash
14810,PAY014810,20230223,8111,7658.48,Cash
14811,PAY014811,20230323,8111,11165.34,Cash
14812,PAY014812,20260407,8112,4120.19,Credit Card
14813,PAY014813,20251221,8113,11881.52,Bank Transfer
14814,PAY014814,20240921,8114,2125.94,SADAD
14815,PAY014815,20241019,8114,4249.14,Bank Transfer
14816,PAY014816,20241119,8114,12293.87,Cash
14817,PAY014817,20241218,8114,29.52,SADAD
14818,PAY014818,20260411,8115,19407.55,Cash
14819,PAY014819,20260512,8115,16221.37,Cash
14820,PAY014820,20260609,8115,100.83,Bank Transfer
14821,PAY014821,20260710,8115,21351.49,SADAD
14822,PAY014822,20250322,8116,723.79,Credit Card
14823,PAY014823,20251108,8117,2784.52,Credit Card
14824,PAY014824,20251206,8117,3704.15,Cash
14825,PAY014825,20250326,8118,14532.29,Cash
14826,PAY014826,20231201,8119,3267.21,Cash
14827,PAY014827,20251105,8120,1484.14,SADAD
14828,PAY014828,20251204,8120,28469.18,SADAD
14829,PAY014829,20250503,8121,78687.84,Credit Card
14830,PAY014830,20260522,8122,369.75,Credit Card
14831,PAY014831,20260618,8122,3496.43,Cash
14832,PAY014832,20260720,8122,1031.57,Cash
14833,PAY014833,20260817,8122,14324.79,Bank Transfer
14834,PAY014834,20260520,8123,1067.66,Bank Transfer
14835,PAY014835,20260618,8123,375.97,Credit Card
14836,PAY014836,20251207,8124,2479.65,Credit Card
14837,PAY014837,20240612,8125,7685.12,Cash
14838,PAY014838,20231209,8126,983.38,Bank Transfer
14839,PAY014839,20230831,8127,1433.34,Credit Card
14840,PAY014840,20241214,8128,16066.65,Cash
14841,PAY014841,20240618,8129,1231.38,SADAD
14842,PAY014842,20240715,8129,5138.32,Cash
14843,PAY014843,20250309,8130,2420.66,Bank Transfer
14844,PAY014844,20250409,8130,94.55,Cash
14845,PAY014845,20250506,8130,701.01,Cash
14846,PAY014846,20250607,8130,1367.88,SADAD
14847,PAY014847,20260502,8131,2958.8,Credit Card
14848,PAY014848,20240512,8132,59.18,Credit Card
14849,PAY014849,20240610,8132,3791.13,Cash
14850,PAY014850,20240717,8133,6278.13,Credit Card
14851,PAY014851,20260723,8134,5449.25,SADAD
14852,PAY014852,20260822,8134,9548.32,Credit Card
14853,PAY014853,20250911,8135,3091.83,Bank Transfer
14854,PAY014854,20231228,8136,844.24,Cash
14855,PAY014855,20240124,8136,243.55,Credit Card
14856,PAY014856,20240226,8136,257.72,Cash
14857,PAY014857,20240328,8136,1117.6,Cash
14858,PAY014858,20240802,8137,3259.45,Cash
14859,PAY014859,20240828,8137,5663.44,SADAD
14860,PAY014860,20241001,8137,4152.69,Credit Card
14861,PAY014861,20241027,8137,4312.76,Cash
14862,PAY014862,20251230,8138,1310.99,SADAD
14863,PAY014863,20260125,8138,2422.48,Credit Card
14864,PAY014864,20260224,8138,2418.7,Bank Transfer
14865,PAY014865,20260329,8138,1982.37,Bank Transfer
14866,PAY014866,20250314,8139,5730.39,Bank Transfer
14867,PAY014867,20250411,8139,2488.02,Cash
14868,PAY014868,20251017,8140,2109.14,Cash
14869,PAY014869,20251121,8140,1374.12,SADAD
14870,PAY014870,20251221,8140,366.81,Cash
14871,PAY014871,20260115,8140,1030.1,Credit Card
14872,PAY014872,20250703,8141,276.19,Credit Card
14873,PAY014873,20250729,8141,442.06,Credit Card
14874,PAY014874,20240918,8142,16412.04,Cash
14875,PAY014875,20220317,8143,5346.97,Bank Transfer
14876,PAY014876,20220417,8143,623.87,Credit Card
14877,PAY014877,20230424,8144,14516.82,Bank Transfer
14878,PAY014878,20250617,8145,396.53,SADAD
14879,PAY014879,20250718,8145,604.81,Cash
14880,PAY014880,20250816,8145,947.84,Credit Card
14881,PAY014881,20250915,8145,844.1,Credit Card
14882,PAY014882,20240621,8146,10363.06,Credit Card
14883,PAY014883,20240719,8146,7667.17,Credit Card
14884,PAY014884,20240817,8146,10014.67,Credit Card
14885,PAY014885,20240915,8146,4080.67,SADAD
14886,PAY014886,20240223,8147,316.25,Credit Card
14887,PAY014887,20240320,8147,26394.51,Bank Transfer
14888,PAY014888,20260708,8148,4147.26,Credit Card
14889,PAY014889,20260106,8149,88577.57,Bank Transfer
14890,PAY014890,20240104,8150,32634.01,Cash
14891,PAY014891,20251029,8151,6096.02,Credit Card
14892,PAY014892,20251127,8151,10342.26,SADAD
14893,PAY014893,20260621,8152,1052.53,Credit Card
14894,PAY014894,20260725,8152,2127.94,Cash
14895,PAY014895,20241012,8153,1566.1,Credit Card
14896,PAY014896,20241112,8153,299.08,Bank Transfer
14897,PAY014897,20241215,8153,19376.13,Credit Card
14898,PAY014898,20250112,8153,3971.8,Cash
14899,PAY014899,20260204,8154,579.37,Bank Transfer
14900,PAY014900,20260302,8154,881.56,Bank Transfer
14901,PAY014901,20260406,8154,126.64,Credit Card
14902,PAY014902,20260504,8154,1998.52,Credit Card
14903,PAY014903,20240309,8155,1146.86,Credit Card
14904,PAY014904,20240411,8155,3208.11,Cash
14905,PAY014905,20250210,8156,8657.82,Credit Card
14906,PAY014906,20250313,8156,229.34,Credit Card
14907,PAY014907,20260328,8157,6006.24,Cash
14908,PAY014908,20241205,8158,2369.97,SADAD
14909,PAY014909,20230105,8159,132777.0,Cash
14910,PAY014910,20240403,8160,100.71,Bank Transfer
14911,PAY014911,20240502,8160,77.14,Cash
14912,PAY014912,20240529,8160,861.02,Cash
14913,PAY014913,20240701,8160,985.5,Credit Card
14914,PAY014914,20240623,8161,10802.52,SADAD
14915,PAY014915,20240527,8162,8768.83,Bank Transfer
14916,PAY014916,20250412,8163,24656.66,Credit Card
14917,PAY014917,20240801,8164,6981.68,Credit Card
14918,PAY014918,20240303,8165,5649.43,Bank Transfer
14919,PAY014919,20240829,8166,8890.88,Credit Card
14920,PAY014920,20251026,8167,353.73,SADAD
14921,PAY014921,20251125,8167,8080.93,Credit Card
14922,PAY014922,20251108,8168,5875.22,Bank Transfer
14923,PAY014923,20230416,8169,4725.36,SADAD
14924,PAY014924,20240902,8170,27698.63,Credit Card
14925,PAY014925,20241002,8170,43502.58,Bank Transfer
14926,PAY014926,20250707,8171,1493.06,Credit Card
14927,PAY014927,20250801,8171,1887.31,Bank Transfer
14928,PAY014928,20250902,8171,132.72,Cash
14929,PAY014929,20251001,8171,545.39,SADAD
14930,PAY014930,20220707,8172,6829.37,Credit Card
14931,PAY014931,20250322,8173,5177.85,Cash
14932,PAY014932,20250219,8174,5337.56,Bank Transfer
14933,PAY014933,20250319,8174,2975.5,SADAD
14934,PAY014934,20250418,8174,245.06,Cash
14935,PAY014935,20250523,8174,2492.83,Bank Transfer
14936,PAY014936,20250810,8175,1776.45,SADAD
14937,PAY014937,20260529,8176,13340.48,Credit Card
14938,PAY014938,20231209,8177,4530.57,SADAD
14939,PAY014939,20240418,8178,3539.36,Credit Card
14940,PAY014940,20240520,8178,1925.49,Cash
14941,PAY014941,20240618,8178,2462.51,Bank Transfer
14942,PAY014942,20240722,8178,11675.99,Bank Transfer
14943,PAY014943,20230930,8179,875.48,SADAD
14944,PAY014944,20230828,8180,7424.13,Cash
14945,PAY014945,20260204,8181,8514.52,Cash
14946,PAY014946,20230609,8182,30965.24,Bank Transfer
14947,PAY014947,20250829,8183,3843.31,SADAD
14948,PAY014948,20240306,8184,528.24,SADAD
14949,PAY014949,20240407,8184,1031.4,Credit Card
14950,PAY014950,20260131,8185,145819.79,Bank Transfer
14951,PAY014951,20260306,8185,33602.61,SADAD
14952,PAY014952,20241013,8186,2776.55,Credit Card
14953,PAY014953,20241109,8186,3044.83,Credit Card
14954,PAY014954,20241207,8186,10200.11,Bank Transfer
14955,PAY014955,20250111,8186,12952.93,Bank Transfer
14956,PAY014956,20260114,8187,5806.97,Credit Card
14957,PAY014957,20250219,8188,19313.31,Credit Card
14958,PAY014958,20260531,8189,8568.03,SADAD
14959,PAY014959,20250320,8190,1778.9,Credit Card
14960,PAY014960,20260204,8191,779.3,SADAD
14961,PAY014961,20260309,8191,789.77,SADAD
14962,PAY014962,20251017,8192,922.45,Bank Transfer
14963,PAY014963,20251118,8192,461.95,Credit Card
14964,PAY014964,20230221,8193,3582.61,SADAD
14965,PAY014965,20230414,8194,12786.48,Bank Transfer
14966,PAY014966,20230514,8194,2828.05,Cash
14967,PAY014967,20250107,8195,3325.55,Bank Transfer
14968,PAY014968,20240828,8196,6636.46,SADAD
14969,PAY014969,20240926,8196,1687.06,Bank Transfer
14970,PAY014970,20220403,8197,18512.29,Credit Card
14971,PAY014971,20251227,8198,5684.02,SADAD
14972,PAY014972,20240828,8199,13189.88,Bank Transfer
14973,PAY014973,20240913,8200,5677.49,Bank Transfer
14974,PAY014974,20241012,8200,4770.57,Bank Transfer
14975,PAY014975,20241115,8200,526.13,Bank Transfer
14976,PAY014976,20241211,8200,1703.1,Bank Transfer
14977,PAY014977,20240221,8201,1612.49,Bank Transfer
14978,PAY014978,20240319,8201,2014.27,Credit Card
14979,PAY014979,20260206,8202,5959.32,Bank Transfer
14980,PAY014980,20230809,8203,25465.61,SADAD
14981,PAY014981,20230908,8203,126006.06,SADAD
14982,PAY014982,20230722,8204,6508.1,Credit Card
14983,PAY014983,20240914,8205,7988.04,Cash
14984,PAY014984,20230522,8206,1901.82,Cash
14985,PAY014985,20230511,8207,752.83,Credit Card
14986,PAY014986,20230610,8207,1141.65,Bank Transfer
14987,PAY014987,20241007,8208,1663.06,Cash
14988,PAY014988,20241104,8208,3227.94,SADAD
14989,PAY014989,20240318,8209,3686.21,Credit Card
14990,PAY014990,20250208,8210,433.09,Cash
14991,PAY014991,20250314,8210,671.24,SADAD
14992,PAY014992,20250204,8211,591.34,Credit Card
14993,PAY014993,20250305,8211,1135.91,Cash
14994,PAY014994,20250409,8211,4.48,Cash
14995,PAY014995,20250508,8211,897.6,Credit Card
14996,PAY014996,20230116,8212,2874.33,Cash
14997,PAY014997,20230214,8212,6223.64,SADAD
14998,PAY014998,20250330,8213,422.35,Credit Card
14999,PAY014999,20250429,8213,2566.5,Bank Transfer
15000,PAY015000,20250528,8213,468.44,Cash
15001,PAY015001,20250624,8213,1563.0,Credit Card
15002,PAY015002,20240311,8214,495.15,SADAD
15003,PAY015003,20240409,8214,2272.72,Cash
15004,PAY015004,20230714,8215,33945.47,Cash
15005,PAY015005,20220806,8216,1527.66,Bank Transfer
15006,PAY015006,20240907,8217,2046.29,Credit Card
15007,PAY015007,20240310,8218,8288.06,Bank Transfer
15008,PAY015008,20231031,8219,6320.21,Credit Card
15009,PAY015009,20231130,8219,1109.12,Bank Transfer
15010,PAY015010,20241222,8220,20680.87,Bank Transfer
15011,PAY015011,20230325,8221,17716.89,Cash
15012,PAY015012,20241208,8222,1534.39,Credit Card
15013,PAY015013,20241015,8223,1363.31,SADAD
15014,PAY015014,20241109,8223,2031.49,Credit Card
15015,PAY015015,20260514,8224,100183.87,Bank Transfer
15016,PAY015016,20251018,8225,16919.92,SADAD
15017,PAY015017,20251112,8225,59708.1,Cash
15018,PAY015018,20240722,8226,4243.6,Cash
15019,PAY015019,20260704,8227,1219.43,SADAD
15020,PAY015020,20260804,8227,606.56,Bank Transfer
15021,PAY015021,20240726,8228,1122.98,Credit Card
15022,PAY015022,20240822,8228,903.94,Bank Transfer
15023,PAY015023,20260728,8229,14416.22,Cash
15024,PAY015024,20230813,8230,661.45,Cash
15025,PAY015025,20251004,8231,7120.73,Credit Card
15026,PAY015026,20250820,8232,11405.59,Credit Card
15027,PAY015027,20221124,8233,6439.07,SADAD
15028,PAY015028,20221221,8233,31011.38,Cash
15029,PAY015029,20231008,8234,2046.49,SADAD
15030,PAY015030,20231107,8234,4046.67,Credit Card
15031,PAY015031,20231209,8234,5025.63,Credit Card
15032,PAY015032,20240109,8234,2323.32,SADAD
15033,PAY015033,20231230,8235,9403.98,Bank Transfer
15034,PAY015034,20241111,8236,2196.62,Cash
15035,PAY015035,20250331,8237,631.88,Cash
15036,PAY015036,20250214,8238,15738.36,Credit Card
15037,PAY015037,20250930,8239,21177.33,Cash
15038,PAY015038,20250912,8240,24315.2,Cash
15039,PAY015039,20230902,8241,4051.93,SADAD
15040,PAY015040,20250307,8242,565.81,SADAD
15041,PAY015041,20250408,8242,144.85,SADAD
15042,PAY015042,20230202,8243,101.87,Credit Card
15043,PAY015043,20230305,8243,661.56,Credit Card
15044,PAY015044,20250318,8244,3654.17,Cash
15045,PAY015045,20250107,8245,18764.92,Bank Transfer
15046,PAY015046,20240318,8246,3942.55,Credit Card
15047,PAY015047,20240406,8247,24892.69,Credit Card
15048,PAY015048,20240506,8247,821.88,SADAD
15049,PAY015049,20250411,8248,3584.69,Cash
15050,PAY015050,20230503,8249,8170.87,SADAD
15051,PAY015051,20230601,8249,10323.23,SADAD
15052,PAY015052,20250603,8250,570.45,Credit Card
15053,PAY015053,20250708,8251,13429.89,Bank Transfer
15054,PAY015054,20250805,8251,5012.13,Bank Transfer
15055,PAY015055,20250216,8252,232311.43,Bank Transfer
15056,PAY015056,20250520,8253,2888.04,Bank Transfer
15057,PAY015057,20230405,8254,3747.18,SADAD
15058,PAY015058,20230506,8254,5282.35,Bank Transfer
15059,PAY015059,20230605,8254,6116.27,SADAD
15060,PAY015060,20230704,8254,4832.46,Bank Transfer
15061,PAY015061,20260726,8255,7161.09,Bank Transfer
15062,PAY015062,20260617,8256,605.77,SADAD
15063,PAY015063,20260717,8256,1487.73,SADAD
15064,PAY015064,20260215,8257,10930.35,Cash
15065,PAY015065,20251214,8258,34223.09,Cash
15066,PAY015066,20240803,8259,13872.15,Credit Card
15067,PAY015067,20260817,8260,3791.45,Credit Card
15068,PAY015068,20240510,8261,430.91,Bank Transfer
15069,PAY015069,20240610,8261,29.07,Credit Card
15070,PAY015070,20240710,8261,357.57,Cash
15071,PAY015071,20240807,8261,969.65,Credit Card
15072,PAY015072,20230512,8262,1433.1,Bank Transfer
15073,PAY015073,20250409,8263,2396.9,Cash
15074,PAY015074,20250512,8263,20346.96,Bank Transfer
15075,PAY015075,20250612,8263,7509.46,Credit Card
15076,PAY015076,20250713,8263,6810.96,Bank Transfer
15077,PAY015077,20241106,8264,84431.04,SADAD
15078,PAY015078,20260310,8265,28255.67,SADAD
15079,PAY015079,20251001,8266,7777.17,Credit Card
15080,PAY015080,20251102,8266,587.47,Bank Transfer
15081,PAY015081,20251203,8266,1479.58,Cash
15082,PAY015082,20251230,8266,3569.99,Credit Card
15083,PAY015083,20240519,8267,7182.04,Cash
15084,PAY015084,20241217,8268,1262.32,Bank Transfer
15085,PAY015085,20250706,8269,6984.7,Bank Transfer
15086,PAY015086,20250808,8269,12769.62,Credit Card
15087,PAY015087,20240328,8270,408.71,Bank Transfer
15088,PAY015088,20240424,8270,1456.12,SADAD
15089,PAY015089,20240525,8270,924.03,SADAD
15090,PAY015090,20240628,8270,2225.62,Credit Card
15091,PAY015091,20240818,8271,971.47,Bank Transfer
15092,PAY015092,20240919,8271,178.98,Bank Transfer
15093,PAY015093,20230702,8272,10814.19,Bank Transfer
15094,PAY015094,20230805,8273,5664.6,Cash
15095,PAY015095,20230901,8273,13944.0,SADAD
15096,PAY015096,20230930,8273,221.92,Bank Transfer
15097,PAY015097,20231030,8273,9416.88,Credit Card
15098,PAY015098,20260106,8274,7473.15,SADAD
15099,PAY015099,20260707,8275,2360.5,Credit Card
15100,PAY015100,20240227,8276,2871.74,Bank Transfer
15101,PAY015101,20260330,8277,28904.99,Bank Transfer
15102,PAY015102,20260429,8277,14653.08,Bank Transfer
15103,PAY015103,20260215,8278,10143.53,Credit Card
15104,PAY015104,20241220,8279,2045.92,Cash
15105,PAY015105,20240322,8280,5776.68,Bank Transfer
15106,PAY015106,20240210,8281,3583.81,Bank Transfer
15107,PAY015107,20240316,8281,11861.61,Cash
15108,PAY015108,20251025,8282,4802.57,Bank Transfer
15109,PAY015109,20251124,8282,5366.72,SADAD
15110,PAY015110,20251228,8282,10793.54,SADAD
15111,PAY015111,20260125,8282,9527.02,Bank Transfer
15112,PAY015112,20240307,8283,4970.04,Cash
15113,PAY015113,20240404,8283,514.05,Credit Card
15114,PAY015114,20260315,8284,14064.6,SADAD
15115,PAY015115,20220926,8285,3434.9,SADAD
15116,PAY015116,20231026,8286,599.47,Cash
15117,PAY015117,20231123,8286,5128.83,Cash
15118,PAY015118,20251215,8287,5945.1,Bank Transfer
15119,PAY015119,20260116,8287,1859.04,Credit Card
15120,PAY015120,20230326,8288,183.62,SADAD
15121,PAY015121,20230424,8288,15.53,Credit Card
15122,PAY015122,20230522,8288,1036.18,SADAD
15123,PAY015123,20230623,8288,568.81,Bank Transfer
15124,PAY015124,20251211,8289,408.78,Cash
15125,PAY015125,20260112,8289,697.61,Bank Transfer
15126,PAY015126,20260209,8289,777.91,Cash
15127,PAY015127,20260314,8289,290.11,Cash
15128,PAY015128,20230415,8290,3601.15,SADAD
15129,PAY015129,20240902,8291,3296.73,Credit Card
15130,PAY015130,20241004,8291,4914.61,Bank Transfer
15131,PAY015131,20251111,8292,23899.65,Credit Card
15132,PAY015132,20260812,8293,6164.85,Credit Card
15133,PAY015133,20251008,8294,165.16,Credit Card
15134,PAY015134,20251107,8294,4600.59,Cash
15135,PAY015135,20251208,8294,1959.47,Credit Card
15136,PAY015136,20260102,8294,3980.98,SADAD
15137,PAY015137,20241228,8295,11719.24,Bank Transfer
15138,PAY015138,20240812,8296,1100.44,Cash
15139,PAY015139,20250604,8297,15414.82,Bank Transfer
15140,PAY015140,20220324,8298,9906.33,Bank Transfer
15141,PAY015141,20260309,8299,141.24,Bank Transfer
15142,PAY015142,20231019,8300,2222.18,Cash
15143,PAY015143,20231120,8300,118.93,Bank Transfer
15144,PAY015144,20231221,8300,2305.71,SADAD
15145,PAY015145,20240119,8300,758.1,SADAD
15146,PAY015146,20241113,8301,8657.98,Credit Card
15147,PAY015147,20240702,8302,5829.81,SADAD
15148,PAY015148,20251027,8303,3539.49,Credit Card
15149,PAY015149,20241219,8304,3175.08,Bank Transfer
15150,PAY015150,20250119,8304,928.06,Credit Card
15151,PAY015151,20250217,8304,1909.07,Bank Transfer
15152,PAY015152,20250317,8304,979.92,Credit Card
15153,PAY015153,20251024,8305,7869.78,Cash
15154,PAY015154,20260330,8306,17185.77,Bank Transfer
15155,PAY015155,20230116,8307,17225.14,Bank Transfer
15156,PAY015156,20230219,8307,1313.66,Cash
15157,PAY015157,20230321,8307,5586.9,Cash
15158,PAY015158,20230416,8307,1607.95,Bank Transfer
15159,PAY015159,20260617,8308,1231.74,Credit Card
15160,PAY015160,20230622,8309,1276.95,Credit Card
15161,PAY015161,20260707,8310,3492.7,SADAD
15162,PAY015162,20231211,8311,6587.79,Credit Card
15163,PAY015163,20250627,8312,7664.68,SADAD
15164,PAY015164,20250722,8312,1486.95,Credit Card
15165,PAY015165,20220811,8313,610.46,Credit Card
15166,PAY015166,20220911,8313,365.03,SADAD
15167,PAY015167,20221013,8313,1659.35,Bank Transfer
15168,PAY015168,20221112,8313,206.62,SADAD
15169,PAY015169,20240823,8314,1804.29,Cash
15170,PAY015170,20240920,8314,7066.81,Bank Transfer
15171,PAY015171,20240920,8315,20573.64,Bank Transfer
15172,PAY015172,20241018,8315,5699.39,SADAD
15173,PAY015173,20241119,8315,860.69,Cash
15174,PAY015174,20241219,8315,4498.0,Bank Transfer
15175,PAY015175,20251117,8316,407.08,SADAD
15176,PAY015176,20251218,8316,1649.88,Credit Card
15177,PAY015177,20260115,8316,2691.45,SADAD
15178,PAY015178,20260218,8316,1719.04,Bank Transfer
15179,PAY015179,20260701,8317,1986.45,Credit Card
15180,PAY015180,20220821,8318,1754.33,Cash
15181,PAY015181,20220921,8318,5303.38,Cash
15182,PAY015182,20241220,8319,3388.3,Bank Transfer
15183,PAY015183,20250707,8320,8285.15,SADAD
15184,PAY015184,20250806,8320,4991.08,Cash
15185,PAY015185,20220603,8321,3892.8,Bank Transfer
15186,PAY015186,20220704,8321,3279.67,Credit Card
15187,PAY015187,20240622,8322,765.27,Bank Transfer
15188,PAY015188,20240720,8322,2148.12,Cash
15189,PAY015189,20240520,8323,12325.87,SADAD
15190,PAY015190,20240524,8324,765.12,Credit Card
15191,PAY015191,20240624,8324,53.77,Bank Transfer
15192,PAY015192,20231217,8325,5477.68,Cash
15193,PAY015193,20250618,8326,1147.83,Cash
15194,PAY015194,20250123,8327,10572.84,Credit Card
15195,PAY015195,20240209,8328,2416.74,Credit Card
15196,PAY015196,20240630,8329,14604.54,SADAD
15197,PAY015197,20230111,8330,11254.23,Cash
15198,PAY015198,20260126,8331,22065.52,Credit Card
15199,PAY015199,20260224,8331,63879.81,SADAD
15200,PAY015200,20240617,8332,6790.15,Credit Card
15201,PAY015201,20251213,8333,24349.98,Bank Transfer
15202,PAY015202,20250110,8334,5983.52,Bank Transfer
15203,PAY015203,20240219,8335,3141.22,SADAD
15204,PAY015204,20260427,8336,105.32,Credit Card
15205,PAY015205,20260526,8336,515.1,Bank Transfer
15206,PAY015206,20260628,8336,405.86,SADAD
15207,PAY015207,20260725,8336,120.67,SADAD
15208,PAY015208,20230822,8337,5338.14,SADAD
15209,PAY015209,20240127,8338,4573.09,Cash
15210,PAY015210,20250318,8339,7985.83,Credit Card
15211,PAY015211,20240209,8340,6184.39,Bank Transfer
15212,PAY015212,20221110,8341,5695.98,Bank Transfer
15213,PAY015213,20221209,8341,284.59,Bank Transfer
15214,PAY015214,20230109,8341,19.07,SADAD
15215,PAY015215,20230205,8341,1197.41,SADAD
15216,PAY015216,20240520,8342,836.83,Credit Card
15217,PAY015217,20250723,8343,185540.45,SADAD
15218,PAY015218,20240322,8344,3373.02,Cash
15219,PAY015219,20240422,8344,388.32,Credit Card
15220,PAY015220,20240524,8344,1033.04,Credit Card
15221,PAY015221,20240624,8344,491.26,Bank Transfer
15222,PAY015222,20240318,8345,886.07,SADAD
15223,PAY015223,20240417,8345,448.57,Credit Card
15224,PAY015224,20240517,8345,27.99,Bank Transfer
15225,PAY015225,20240614,8345,9308.03,Bank Transfer
15226,PAY015226,20240922,8346,3112.35,SADAD
15227,PAY015227,20260524,8347,1105.62,Cash
15228,PAY015228,20240630,8348,8516.13,Bank Transfer
15229,PAY015229,20250220,8349,24258.86,SADAD
15230,PAY015230,20241106,8350,512.67,Cash
15231,PAY015231,20241204,8350,1126.48,Credit Card
15232,PAY015232,20250107,8350,894.32,SADAD
15233,PAY015233,20250204,8350,378.33,SADAD
15234,PAY015234,20260417,8351,6702.99,SADAD
15235,PAY015235,20240602,8352,7592.36,Credit Card
15236,PAY015236,20250713,8353,2891.17,Cash
15237,PAY015237,20250815,8353,17510.52,SADAD
15238,PAY015238,20231124,8354,2447.33,SADAD
15239,PAY015239,20250121,8355,3786.39,Cash
15240,PAY015240,20250223,8355,3058.14,SADAD
15241,PAY015241,20250326,8355,89.74,Cash
15242,PAY015242,20250422,8355,1566.38,SADAD
15243,PAY015243,20250529,8356,5595.41,SADAD
15244,PAY015244,20250701,8356,977.74,Credit Card
15245,PAY015245,20231208,8357,15764.94,Credit Card
15246,PAY015246,20240108,8357,4737.11,Bank Transfer
15247,PAY015247,20260722,8358,1966.9,Bank Transfer
15248,PAY015248,20260816,8358,29953.07,SADAD
15249,PAY015249,20251209,8359,6483.66,Cash
15250,PAY015250,20220906,8360,7323.29,SADAD
15251,PAY015251,20241121,8361,14650.97,Cash
15252,PAY015252,20241219,8361,5680.3,Credit Card
15253,PAY015253,20250117,8361,176.31,Cash
15254,PAY015254,20250219,8361,7723.75,Cash
15255,PAY015255,20250623,8362,8689.31,SADAD
15256,PAY015256,20240621,8363,4211.16,Credit Card
15257,PAY015257,20240721,8363,4484.5,Credit Card
15258,PAY015258,20260111,8364,1694.29,SADAD
15259,PAY015259,20260211,8364,4800.8,Credit Card
15260,PAY015260,20260315,8364,5664.26,Credit Card
15261,PAY015261,20260410,8364,1273.05,SADAD
15262,PAY015262,20250725,8365,6758.65,Cash
15263,PAY015263,20260524,8366,118.26,Cash
15264,PAY015264,20260621,8366,197.42,Bank Transfer
15265,PAY015265,20260506,8367,1130.61,Credit Card
15266,PAY015266,20240617,8368,2306.76,SADAD
15267,PAY015267,20260321,8369,57.29,Credit Card
15268,PAY015268,20260420,8369,44.73,SADAD
15269,PAY015269,20260520,8369,59.04,SADAD
15270,PAY015270,20260619,8369,115.5,Cash
15271,PAY015271,20260501,8370,14337.9,Credit Card
15272,PAY015272,20260208,8371,3112.17,Bank Transfer
15273,PAY015273,20241019,8372,26246.56,SADAD
15274,PAY015274,20250330,8373,7394.41,Cash
15275,PAY015275,20250430,8373,1099.27,SADAD
15276,PAY015276,20230802,8374,558.6,Cash
15277,PAY015277,20230831,8374,9.47,SADAD
15278,PAY015278,20231004,8374,137.95,Credit Card
15279,PAY015279,20231031,8374,2004.25,Bank Transfer
15280,PAY015280,20240223,8375,15485.23,Cash
15281,PAY015281,20240325,8375,11461.49,Bank Transfer
15282,PAY015282,20240101,8376,2519.95,Cash
15283,PAY015283,20240203,8376,4964.04,Bank Transfer
15284,PAY015284,20240301,8376,2461.86,Credit Card
15285,PAY015285,20240330,8376,4427.41,SADAD
15286,PAY015286,20250305,8377,6502.5,Bank Transfer
15287,PAY015287,20250407,8377,662.47,Cash
15288,PAY015288,20260814,8378,8431.79,Cash
15289,PAY015289,20251112,8379,3093.2,Bank Transfer
15290,PAY015290,20251210,8379,6029.25,Credit Card
15291,PAY015291,20260108,8379,1346.77,Cash
15292,PAY015292,20260208,8379,5087.89,Credit Card
15293,PAY015293,20230202,8380,1022.82,Credit Card
15294,PAY015294,20230228,8380,2086.64,Credit Card
15295,PAY015295,20231226,8381,8856.2,SADAD
15296,PAY015296,20240124,8381,17210.5,Bank Transfer
15297,PAY015297,20240226,8381,9118.43,Bank Transfer
15298,PAY015298,20240323,8381,7005.56,Cash
15299,PAY015299,20260307,8382,177.37,Bank Transfer
15300,PAY015300,20260407,8382,7807.95,SADAD
15301,PAY015301,20250828,8383,20559.4,SADAD
15302,PAY015302,20250906,8384,1368.05,Cash
15303,PAY015303,20251003,8384,1044.46,SADAD
15304,PAY015304,20251119,8385,590.95,Credit Card
15305,PAY015305,20251220,8385,334.77,SADAD
15306,PAY015306,20260119,8385,708.14,SADAD
15307,PAY015307,20260218,8385,219.93,Bank Transfer
15308,PAY015308,20260323,8386,3813.79,Credit Card
15309,PAY015309,20251213,8387,7698.32,Bank Transfer
15310,PAY015310,20260109,8387,1894.74,SADAD
15311,PAY015311,20231120,8388,26023.68,Credit Card
15312,PAY015312,20250402,8389,23250.4,Credit Card
15313,PAY015313,20240416,8390,10965.56,SADAD
15314,PAY015314,20240118,8391,80426.72,Cash
15315,PAY015315,20240219,8391,131336.72,SADAD
15316,PAY015316,20240322,8391,10458.61,Bank Transfer
15317,PAY015317,20240418,8391,18324.77,SADAD
15318,PAY015318,20241007,8392,2627.03,SADAD
15319,PAY015319,20241111,8392,107.55,Bank Transfer
15320,PAY015320,20241210,8392,15625.27,Cash
15321,PAY015321,20250109,8392,6919.49,Cash
15322,PAY015322,20240709,8393,3496.69,Cash
15323,PAY015323,20260621,8394,290.24,Bank Transfer
15324,PAY015324,20260721,8394,16.63,Bank Transfer
15325,PAY015325,20260824,8394,199.68,SADAD
15326,PAY015326,20240726,8395,131.45,SADAD
15327,PAY015327,20240828,8395,908.05,SADAD
15328,PAY015328,20240928,8395,14.65,SADAD
15329,PAY015329,20241024,8395,112.2,Credit Card
15330,PAY015330,20240720,8396,72591.04,Cash
15331,PAY015331,20240814,8396,121685.34,SADAD
15332,PAY015332,20250328,8397,19209.03,Cash
15333,PAY015333,20250422,8397,2248.14,Bank Transfer
15334,PAY015334,20240828,8398,197.22,Cash
15335,PAY015335,20240929,8398,1197.33,SADAD
15336,PAY015336,20241026,8398,191.18,SADAD
15337,PAY015337,20241128,8398,348.43,Cash
15338,PAY015338,20241227,8399,7976.64,Cash
15339,PAY015339,20240713,8400,11760.24,Cash
15340,PAY015340,20241104,8401,2581.57,SADAD
15341,PAY015341,20220926,8402,8069.11,Bank Transfer
15342,PAY015342,20231023,8403,5193.77,Bank Transfer
15343,PAY015343,20251009,8404,305.48,Credit Card
15344,PAY015344,20251109,8404,757.79,Bank Transfer
15345,PAY015345,20251209,8404,71.9,SADAD
15346,PAY015346,20260107,8404,692.23,Bank Transfer
15347,PAY015347,20230714,8405,6892.65,Bank Transfer
15348,PAY015348,20250616,8406,22415.87,SADAD
15349,PAY015349,20240720,8407,6512.77,SADAD
15350,PAY015350,20230616,8408,5076.15,Bank Transfer
15351,PAY015351,20230715,8408,1483.38,Cash
15352,PAY015352,20250615,8409,3887.74,Bank Transfer
15353,PAY015353,20250717,8409,621.32,SADAD
15354,PAY015354,20250814,8409,3224.95,Bank Transfer
15355,PAY015355,20250911,8409,4727.62,Credit Card
15356,PAY015356,20240328,8410,11134.76,Credit Card
15357,PAY015357,20221023,8411,13716.31,SADAD
15358,PAY015358,20241104,8412,7713.41,Credit Card
15359,PAY015359,20241204,8412,83682.94,Bank Transfer
15360,PAY015360,20250228,8413,5751.73,Cash
15361,PAY015361,20240317,8414,11466.41,Credit Card
15362,PAY015362,20240412,8414,10382.91,Credit Card
15363,PAY015363,20240621,8415,10935.21,Bank Transfer
15364,PAY015364,20220620,8416,169.3,SADAD
15365,PAY015365,20220721,8416,301.96,Bank Transfer
15366,PAY015366,20220821,8416,256.71,Bank Transfer
15367,PAY015367,20220918,8416,1646.02,SADAD
15368,PAY015368,20250727,8417,7985.6,Credit Card
15369,PAY015369,20250827,8417,4918.22,Cash
15370,PAY015370,20250723,8418,12656.91,Bank Transfer
15371,PAY015371,20220925,8419,49410.52,Credit Card
15372,PAY015372,20230616,8420,2217.78,Bank Transfer
15373,PAY015373,20230718,8420,19657.69,Cash
15374,PAY015374,20251105,8421,9904.46,Credit Card
15375,PAY015375,20250207,8422,890.77,Credit Card
15376,PAY015376,20250312,8422,9293.43,Bank Transfer
15377,PAY015377,20230614,8423,835.54,Credit Card
15378,PAY015378,20230715,8423,2086.74,Cash
15379,PAY015379,20230813,8423,4413.52,Bank Transfer
15380,PAY015380,20230915,8423,435.0,Cash
15381,PAY015381,20241008,8424,762.95,Cash
15382,PAY015382,20230607,8425,3500.57,Credit Card
15383,PAY015383,20230708,8425,22738.42,Bank Transfer
15384,PAY015384,20230124,8426,231599.61,Bank Transfer
15385,PAY015385,20230221,8426,14974.68,Credit Card
15386,PAY015386,20241019,8427,9278.12,Bank Transfer
15387,PAY015387,20250921,8428,867.04,Credit Card
15388,PAY015388,20250808,8429,8508.51,SADAD
15389,PAY015389,20240913,8430,914.15,Credit Card
15390,PAY015390,20241010,8430,985.73,Cash
15391,PAY015391,20251107,8431,4105.09,Credit Card
15392,PAY015392,20251203,8431,32838.04,Credit Card
15393,PAY015393,20250121,8432,5096.96,Credit Card
15394,PAY015394,20231229,8433,3084.85,SADAD
15395,PAY015395,20240130,8433,927.62,Bank Transfer
15396,PAY015396,20240630,8434,900.51,SADAD
15397,PAY015397,20230124,8435,6817.55,SADAD
15398,PAY015398,20260217,8436,77717.64,Cash
15399,PAY015399,20240510,8437,10106.63,Credit Card
15400,PAY015400,20240609,8437,2837.54,Credit Card
15401,PAY015401,20260122,8438,115598.92,Bank Transfer
15402,PAY015402,20241022,8439,5716.18,SADAD
15403,PAY015403,20241120,8439,626.68,Bank Transfer
15404,PAY015404,20240507,8440,20600.74,SADAD
15405,PAY015405,20240606,8440,8593.03,Credit Card
15406,PAY015406,20250708,8441,115.69,SADAD
15407,PAY015407,20250811,8441,696.28,Credit Card
15408,PAY015408,20250906,8441,351.54,Credit Card
15409,PAY015409,20251009,8441,950.77,Credit Card
15410,PAY015410,20260526,8442,11336.59,Bank Transfer
15411,PAY015411,20230118,8443,3476.29,Cash
15412,PAY015412,20230220,8443,789.89,Bank Transfer
15413,PAY015413,20230320,8443,137.54,Credit Card
15414,PAY015414,20230420,8443,1479.04,Bank Transfer
15415,PAY015415,20250917,8444,25654.7,Cash
15416,PAY015416,20251208,8445,13224.23,Cash
15417,PAY015417,20230309,8446,2422.56,Cash
15418,PAY015418,20251001,8447,768.37,SADAD
15419,PAY015419,20251103,8447,3489.85,Credit Card
15420,PAY015420,20240206,8448,929.91,Bank Transfer
15421,PAY015421,20240307,8448,1197.69,SADAD
15422,PAY015422,20251021,8449,31541.67,Bank Transfer
15423,PAY015423,20251105,8450,1708.16,SADAD
15424,PAY015424,20231009,8451,72.98,Credit Card
15425,PAY015425,20231106,8451,1577.1,Bank Transfer
15426,PAY015426,20231208,8451,2095.98,Cash
15427,PAY015427,20240109,8451,72.65,Bank Transfer
15428,PAY015428,20221206,8452,758.32,Credit Card
15429,PAY015429,20230107,8452,170.95,Credit Card
15430,PAY015430,20260428,8453,1841.47,Credit Card
15431,PAY015431,20260525,8453,17120.91,Cash
15432,PAY015432,20240811,8454,6940.19,SADAD
15433,PAY015433,20260717,8455,1219.72,Credit Card
15434,PAY015434,20260414,8456,18993.21,Credit Card
15435,PAY015435,20240906,8457,8487.56,Credit Card
15436,PAY015436,20241220,8458,20021.93,Cash
15437,PAY015437,20250414,8459,5176.42,Credit Card
15438,PAY015438,20240401,8460,3620.34,Bank Transfer
15439,PAY015439,20260313,8461,2156.0,Cash
15440,PAY015440,20251110,8462,6118.93,Credit Card
15441,PAY015441,20260510,8463,14520.08,SADAD
15442,PAY015442,20230324,8464,96.61,Credit Card
15443,PAY015443,20230423,8464,1105.39,Bank Transfer
15444,PAY015444,20250401,8465,9064.79,SADAD
15445,PAY015445,20250422,8466,2831.25,Cash
15446,PAY015446,20250523,8466,5795.97,Bank Transfer
15447,PAY015447,20240129,8467,921.41,Credit Card
15448,PAY015448,20240510,8468,1581.32,Cash
15449,PAY015449,20240610,8468,675.24,Cash
15450,PAY015450,20250922,8469,4145.36,Credit Card
15451,PAY015451,20250607,8470,2122.0,Cash
15452,PAY015452,20250709,8470,170.89,Bank Transfer
15453,PAY015453,20250806,8470,324.8,Credit Card
15454,PAY015454,20250908,8470,761.93,SADAD
15455,PAY015455,20240616,8471,2053.27,Cash
15456,PAY015456,20250901,8472,207.26,Cash
15457,PAY015457,20250930,8472,684.67,SADAD
15458,PAY015458,20250424,8473,71704.41,SADAD
15459,PAY015459,20260312,8474,6186.08,Credit Card
15460,PAY015460,20220912,8475,686.95,Cash
15461,PAY015461,20241230,8476,22857.64,Credit Card
15462,PAY015462,20230912,8477,206.25,Bank Transfer
15463,PAY015463,20231012,8477,1.36,Cash
15464,PAY015464,20231113,8477,5.3,Credit Card
15465,PAY015465,20231213,8477,112.48,Bank Transfer
15466,PAY015466,20230624,8478,3093.87,Cash
15467,PAY015467,20240326,8479,5075.02,Bank Transfer
15468,PAY015468,20240430,8479,3462.26,Cash
15469,PAY015469,20230912,8480,5529.6,SADAD
15470,PAY015470,20250630,8481,45084.98,SADAD
15471,PAY015471,20250802,8481,140995.77,SADAD
15472,PAY015472,20250901,8481,12558.53,SADAD
15473,PAY015473,20251001,8481,4883.61,SADAD
15474,PAY015474,20241201,8482,899.19,Credit Card
15475,PAY015475,20241231,8482,405.52,Credit Card
15476,PAY015476,20260131,8483,4118.25,Cash
15477,PAY015477,20250315,8484,2482.32,Credit Card
15478,PAY015478,20250411,8484,7689.61,Cash
15479,PAY015479,20250511,8484,2132.77,Credit Card
15480,PAY015480,20250612,8484,10600.95,Bank Transfer
15481,PAY015481,20250201,8485,1564.81,Cash
15482,PAY015482,20260621,8486,7603.04,SADAD
15483,PAY015483,20240608,8487,11617.48,Credit Card
15484,PAY015484,20260809,8488,759.75,Bank Transfer
15485,PAY015485,20260426,8489,2746.33,Cash
15486,PAY015486,20260521,8489,64.71,Credit Card
15487,PAY015487,20260620,8489,2083.39,Bank Transfer
15488,PAY015488,20260723,8489,119.66,Bank Transfer
15489,PAY015489,20250614,8490,7696.8,SADAD
15490,PAY015490,20250324,8491,12262.35,Cash
15491,PAY015491,20250421,8491,591.54,Bank Transfer
15492,PAY015492,20250503,8492,59694.23,Bank Transfer
15493,PAY015493,20251007,8493,14114.38,Cash
15494,PAY015494,20251106,8493,1809.71,Credit Card
15495,PAY015495,20241003,8494,21879.25,Cash
15496,PAY015496,20250514,8495,4943.05,Bank Transfer
15497,PAY015497,20240729,8496,17599.18,Bank Transfer
15498,PAY015498,20240829,8496,13346.27,Credit Card
15499,PAY015499,20240329,8497,1635.14,Credit Card
15500,PAY015500,20230717,8498,53520.34,SADAD
15501,PAY015501,20260325,8499,1187.46,Credit Card
15502,PAY015502,20260424,8499,1544.19,Bank Transfer
15503,PAY015503,20260526,8499,6038.87,Cash
15504,PAY015504,20260623,8499,1384.64,Cash
15505,PAY015505,20230126,8500,24969.7,SADAD
15506,PAY015506,20250202,8501,497.08,Cash
15507,PAY015507,20250308,8501,2101.57,Cash
15508,PAY015508,20250402,8501,2238.63,Credit Card
15509,PAY015509,20250503,8501,420.11,Bank Transfer
15510,PAY015510,20250721,8502,10718.44,SADAD
15511,PAY015511,20230401,8503,238848.57,Cash
15512,PAY015512,20251126,8504,8222.54,Credit Card
15513,PAY015513,20241213,8505,7546.9,Bank Transfer
15514,PAY015514,20240420,8506,10425.74,Credit Card
15515,PAY015515,20240514,8507,3200.2,Cash
15516,PAY015516,20240610,8507,4249.09,SADAD
15517,PAY015517,20240713,8507,4840.28,Bank Transfer
15518,PAY015518,20240811,8507,7982.73,SADAD
15519,PAY015519,20240406,8508,360.18,Cash
15520,PAY015520,20240504,8508,709.55,Cash
15521,PAY015521,20240604,8508,312.84,SADAD
15522,PAY015522,20240705,8508,121.62,Bank Transfer
15523,PAY015523,20260323,8509,2770.47,Bank Transfer
15524,PAY015524,20260418,8509,3681.82,Credit Card
15525,PAY015525,20260507,8510,12623.79,Bank Transfer
15526,PAY015526,20260102,8511,865.51,Credit Card
15527,PAY015527,20260130,8511,4059.63,SADAD
15528,PAY015528,20260227,8511,893.1,Credit Card
15529,PAY015529,20260330,8511,1209.29,SADAD
15530,PAY015530,20260604,8512,5289.5,Bank Transfer
15531,PAY015531,20260512,8513,8163.85,Bank Transfer
15532,PAY015532,20251024,8514,13053.6,Credit Card
15533,PAY015533,20251123,8514,15979.45,Credit Card
15534,PAY015534,20240102,8515,4785.67,Bank Transfer
15535,PAY015535,20260628,8516,245.52,Bank Transfer
15536,PAY015536,20260727,8516,269.25,Cash
15537,PAY015537,20250320,8517,8450.81,Cash
15538,PAY015538,20250416,8517,16391.28,Bank Transfer
15539,PAY015539,20231231,8518,4596.56,Cash
15540,PAY015540,20250328,8519,3258.39,Credit Card
15541,PAY015541,20250428,8519,2827.15,Cash
15542,PAY015542,20250528,8519,3291.16,Bank Transfer
15543,PAY015543,20250629,8519,19084.11,Credit Card
15544,PAY015544,20241108,8520,5396.94,Credit Card
15545,PAY015545,20251005,8521,5821.04,Bank Transfer
15546,PAY015546,20260705,8522,2545.68,SADAD
15547,PAY015547,20260803,8522,1820.57,Bank Transfer
15548,PAY015548,20260126,8523,11640.12,Cash
15549,PAY015549,20230415,8524,1313.84,Bank Transfer
15550,PAY015550,20230516,8524,840.85,Credit Card
15551,PAY015551,20230612,8524,113.05,SADAD
15552,PAY015552,20230712,8524,444.49,SADAD
15553,PAY015553,20260123,8525,16726.34,Credit Card
15554,PAY015554,20250425,8526,19373.99,SADAD
15555,PAY015555,20250522,8526,1657.17,Bank Transfer
15556,PAY015556,20250623,8526,43.97,SADAD
15557,PAY015557,20250721,8526,3725.8,Cash
15558,PAY015558,20260127,8527,3913.4,Bank Transfer
15559,PAY015559,20260223,8527,405.49,Bank Transfer
15560,PAY015560,20260324,8527,158.39,Bank Transfer
15561,PAY015561,20260423,8527,1285.67,Credit Card
15562,PAY015562,20250315,8528,5503.93,Cash
15563,PAY015563,20251125,8529,28145.92,Bank Transfer
15564,PAY015564,20241202,8530,371.87,Credit Card
15565,PAY015565,20250103,8530,231.6,Cash
15566,PAY015566,20250128,8530,467.64,Credit Card
15567,PAY015567,20250304,8530,2496.36,Cash
15568,PAY015568,20230308,8531,26005.02,Cash
15569,PAY015569,20230408,8531,111317.88,Credit Card
15570,PAY015570,20231106,8532,4571.77,Credit Card
15571,PAY015571,20260115,8533,11263.2,Credit Card
15572,PAY015572,20240124,8534,6872.66,Cash
15573,PAY015573,20240221,8534,1957.83,Bank Transfer
15574,PAY015574,20240918,8535,10260.11,Bank Transfer
15575,PAY015575,20241015,8535,572.96,Bank Transfer
15576,PAY015576,20260209,8536,10033.95,Credit Card
15577,PAY015577,20240825,8537,18699.1,Cash
15578,PAY015578,20241107,8538,1932.01,Cash
15579,PAY015579,20241209,8538,2160.96,Bank Transfer
15580,PAY015580,20250109,8538,1290.6,Cash
15581,PAY015581,20250204,8538,692.37,Cash
15582,PAY015582,20240926,8539,34431.34,Bank Transfer
15583,PAY015583,20241023,8539,51528.17,Cash
15584,PAY015584,20241122,8539,4916.03,SADAD
15585,PAY015585,20241221,8539,10756.0,Cash
15586,PAY015586,20260625,8540,10265.58,Credit Card
15587,PAY015587,20240924,8541,1757.66,Cash
15588,PAY015588,20241025,8541,64.37,Credit Card
15589,PAY015589,20241123,8541,344.3,Credit Card
15590,PAY015590,20241221,8541,36.13,SADAD
15591,PAY015591,20250528,8542,11365.31,Cash
15592,PAY015592,20240425,8543,19190.1,Cash
15593,PAY015593,20260719,8544,4527.45,Bank Transfer
15594,PAY015594,20240719,8545,11779.67,Credit Card
15595,PAY015595,20230711,8546,13486.35,SADAD
15596,PAY015596,20260317,8547,3395.37,Credit Card
15597,PAY015597,20250517,8548,1577.78,Bank Transfer
15598,PAY015598,20251223,8549,1256.2,Credit Card
15599,PAY015599,20251211,8550,14912.89,Cash
15600,PAY015600,20260405,8551,150.49,Cash
15601,PAY015601,20260503,8551,393.91,Bank Transfer
15602,PAY015602,20260531,8551,650.84,Cash
15603,PAY015603,20260702,8551,171.89,Cash
15604,PAY015604,20260808,8552,20170.72,Credit Card
15605,PAY015605,20250414,8553,986.67,SADAD
15606,PAY015606,20250304,8554,4723.82,Credit Card
15607,PAY015607,20240118,8555,6427.84,Bank Transfer
15608,PAY015608,20250516,8556,110519.23,SADAD
15609,PAY015609,20240108,8557,10100.81,Cash
15610,PAY015610,20240902,8558,800.16,Cash
15611,PAY015611,20241001,8558,600.7,Credit Card
15612,PAY015612,20240808,8559,22706.66,Credit Card
15613,PAY015613,20251005,8560,39275.31,SADAD
15614,PAY015614,20251104,8560,6492.56,Credit Card
15615,PAY015615,20251020,8561,7394.97,SADAD
15616,PAY015616,20250424,8562,7231.75,Credit Card
15617,PAY015617,20260411,8563,1052.48,SADAD
15618,PAY015618,20260512,8563,1666.2,Credit Card
15619,PAY015619,20250514,8564,67.79,Cash
15620,PAY015620,20250612,8564,54.95,Cash
15621,PAY015621,20250715,8564,1447.32,Cash
15622,PAY015622,20250814,8564,771.57,Credit Card
15623,PAY015623,20241219,8565,68105.42,SADAD
15624,PAY015624,20231109,8566,1151.39,Bank Transfer
15625,PAY015625,20231206,8566,8907.69,Cash
15626,PAY015626,20250430,8567,7834.22,SADAD
15627,PAY015627,20240814,8568,215170.86,Bank Transfer
15628,PAY015628,20251222,8569,6212.78,SADAD
15629,PAY015629,20260124,8569,2121.35,Cash
15630,PAY015630,20251217,8570,7208.05,Bank Transfer
15631,PAY015631,20240524,8571,7599.07,Credit Card
15632,PAY015632,20230814,8572,2035.87,Bank Transfer
15633,PAY015633,20230911,8572,697.32,Cash
15634,PAY015634,20231010,8572,1155.7,Bank Transfer
15635,PAY015635,20231113,8572,964.86,SADAD
15636,PAY015636,20230202,8573,2141.79,Cash
15637,PAY015637,20230308,8573,1352.68,SADAD
15638,PAY015638,20230406,8573,2679.91,SADAD
15639,PAY015639,20230507,8573,2288.81,Bank Transfer
15640,PAY015640,20241115,8574,184502.94,Cash
15641,PAY015641,20241212,8574,16387.05,Cash
15642,PAY015642,20241126,8575,7490.25,Bank Transfer
15643,PAY015643,20241224,8575,8577.11,Cash
15644,PAY015644,20250123,8575,8475.66,Credit Card
15645,PAY015645,20250224,8575,1258.77,Cash
15646,PAY015646,20241211,8576,991.42,Credit Card
15647,PAY015647,20250108,8576,372.73,Cash
15648,PAY015648,20250206,8576,71.72,SADAD
15649,PAY015649,20250310,8576,92.09,Credit Card
15650,PAY015650,20251104,8577,12395.24,Cash
15651,PAY015651,20251205,8577,942.4,Credit Card
15652,PAY015652,20230812,8578,863.38,SADAD
15653,PAY015653,20230913,8578,4063.27,SADAD
15654,PAY015654,20231014,8578,1841.66,Bank Transfer
15655,PAY015655,20231113,8578,2155.24,Bank Transfer
15656,PAY015656,20241017,8579,314.12,SADAD
15657,PAY015657,20241118,8579,1789.23,Bank Transfer
15658,PAY015658,20241214,8579,312.25,Cash
15659,PAY015659,20250116,8579,7028.93,Bank Transfer
15660,PAY015660,20260316,8580,6857.36,SADAD
15661,PAY015661,20231230,8581,1763.92,Bank Transfer
15662,PAY015662,20240129,8581,15542.46,Bank Transfer
15663,PAY015663,20250312,8582,7228.8,SADAD
15664,PAY015664,20231028,8583,17830.71,Bank Transfer
15665,PAY015665,20231127,8583,42662.25,SADAD
15666,PAY015666,20250925,8584,257.94,Cash
15667,PAY015667,20251028,8584,172.17,SADAD
15668,PAY015668,20251126,8584,373.48,Credit Card
15669,PAY015669,20251224,8584,3936.39,Credit Card
15670,PAY015670,20240423,8585,24232.11,Cash
15671,PAY015671,20250209,8586,2305.65,SADAD
15672,PAY015672,20250312,8586,3229.69,SADAD
15673,PAY015673,20220802,8587,2471.74,Credit Card
15674,PAY015674,20220831,8587,537.71,SADAD
15675,PAY015675,20250211,8588,2725.33,Credit Card
15676,PAY015676,20230422,8589,7897.57,Cash
15677,PAY015677,20230522,8589,705.91,Bank Transfer
15678,PAY015678,20230617,8589,981.33,Cash
15679,PAY015679,20230718,8589,1007.42,SADAD
15680,PAY015680,20221123,8590,1963.3,Credit Card
15681,PAY015681,20221224,8590,6068.48,Bank Transfer
15682,PAY015682,20240215,8591,3297.1,Credit Card
15683,PAY015683,20250910,8592,2092.69,Credit Card
15684,PAY015684,20231204,8593,1917.86,SADAD
15685,PAY015685,20240106,8593,812.62,Bank Transfer
15686,PAY015686,20250217,8594,7852.67,Cash
15687,PAY015687,20250319,8594,2564.47,Bank Transfer
15688,PAY015688,20230208,8595,7309.63,Cash
15689,PAY015689,20260404,8596,32820.96,Credit Card
15690,PAY015690,20250613,8597,6440.93,Credit Card
15691,PAY015691,20250709,8597,5418.47,Cash
15692,PAY015692,20250930,8598,7484.93,Bank Transfer
15693,PAY015693,20231009,8599,7869.76,Cash
15694,PAY015694,20250413,8600,24211.28,Credit Card
15695,PAY015695,20240127,8601,1971.07,SADAD
15696,PAY015696,20240224,8601,471.36,Cash
15697,PAY015697,20240229,8602,7857.12,Bank Transfer
15698,PAY015698,20240530,8603,5805.52,Bank Transfer
15699,PAY015699,20251029,8604,1922.22,SADAD
15700,PAY015700,20251129,8604,25050.26,Bank Transfer
15701,PAY015701,20231118,8605,7549.48,Credit Card
15702,PAY015702,20250423,8606,19901.72,Cash
15703,PAY015703,20260118,8607,2311.44,SADAD
15704,PAY015704,20260219,8607,1574.77,SADAD
15705,PAY015705,20250811,8608,15664.61,Bank Transfer
15706,PAY015706,20231203,8609,8306.3,Bank Transfer
15707,PAY015707,20260503,8610,1982.73,Bank Transfer
15708,PAY015708,20260602,8610,2148.88,Bank Transfer
15709,PAY015709,20260615,8611,153.86,SADAD
15710,PAY015710,20260714,8611,101.8,Bank Transfer
15711,PAY015711,20260814,8611,712.55,SADAD
15712,PAY015712,20251107,8612,3795.73,Bank Transfer
15713,PAY015713,20260123,8613,610.47,SADAD
15714,PAY015714,20260222,8613,3488.86,Credit Card
15715,PAY015715,20260325,8613,2850.66,Bank Transfer
15716,PAY015716,20260419,8613,387.37,Credit Card
15717,PAY015717,20251231,8614,4368.93,Bank Transfer
15718,PAY015718,20260606,8615,4398.65,SADAD
15719,PAY015719,20230610,8616,66.45,Bank Transfer
15720,PAY015720,20230705,8616,62.99,Credit Card
15721,PAY015721,20230805,8616,339.03,SADAD
15722,PAY015722,20230903,8616,161.72,Bank Transfer
15723,PAY015723,20260506,8617,1232.89,SADAD
15724,PAY015724,20260607,8617,588.04,SADAD
15725,PAY015725,20260704,8617,761.93,Cash
15726,PAY015726,20260804,8617,540.24,SADAD
15727,PAY015727,20260721,8618,2401.8,Bank Transfer
15728,PAY015728,20260821,8618,1731.98,SADAD
15729,PAY015729,20260807,8619,2226.76,SADAD
15730,PAY015730,20240224,8620,628.19,Bank Transfer
15731,PAY015731,20260108,8621,4383.6,Bank Transfer
15732,PAY015732,20260414,8622,172746.04,Bank Transfer
15733,PAY015733,20250212,8623,7916.24,Cash
15734,PAY015734,20241119,8624,3540.51,Cash
15735,PAY015735,20230625,8625,402.59,Bank Transfer
15736,PAY015736,20230729,8625,630.02,Cash
15737,PAY015737,20230828,8625,1687.26,Credit Card
15738,PAY015738,20230927,8625,809.78,Credit Card
15739,PAY015739,20221012,8626,42802.32,Credit Card
15740,PAY015740,20250324,8627,10054.26,Bank Transfer
15741,PAY015741,20230202,8628,593.14,Bank Transfer
15742,PAY015742,20230302,8628,2321.42,Credit Card
15743,PAY015743,20230330,8628,977.16,Cash
15744,PAY015744,20230503,8628,157.76,Bank Transfer
15745,PAY015745,20230221,8629,2148.34,Credit Card
15746,PAY015746,20230323,8629,15719.66,Cash
15747,PAY015747,20250803,8630,2373.71,Credit Card
15748,PAY015748,20250904,8630,1521.29,Cash
15749,PAY015749,20241112,8631,1534.83,Credit Card
15750,PAY015750,20241212,8631,4881.98,Cash
15751,PAY015751,20241006,8632,24070.54,Bank Transfer
15752,PAY015752,20220603,8633,58.68,Bank Transfer
15753,PAY015753,20220703,8633,2219.63,Credit Card
15754,PAY015754,20260613,8634,7248.18,SADAD
15755,PAY015755,20250204,8635,9004.23,Credit Card
15756,PAY015756,20260329,8636,2447.76,SADAD
15757,PAY015757,20240225,8637,26890.24,Credit Card
15758,PAY015758,20230602,8638,9339.11,SADAD
15759,PAY015759,20230628,8638,1882.17,Cash
15760,PAY015760,20240827,8639,76.29,Bank Transfer
15761,PAY015761,20240924,8639,1547.81,Bank Transfer
15762,PAY015762,20241026,8639,1235.3,Cash
15763,PAY015763,20241121,8639,333.84,Cash
15764,PAY015764,20241007,8640,34396.37,Bank Transfer
15765,PAY015765,20241106,8640,29813.66,Bank Transfer
15766,PAY015766,20240205,8641,6367.78,Credit Card
15767,PAY015767,20240306,8641,2271.57,SADAD
15768,PAY015768,20250124,8642,6960.23,SADAD
15769,PAY015769,20240830,8643,7536.47,Cash
15770,PAY015770,20240728,8644,7731.18,Bank Transfer
15771,PAY015771,20260719,8645,624.51,Bank Transfer
15772,PAY015772,20251128,8646,2089.14,Credit Card
15773,PAY015773,20251231,8646,2843.83,Bank Transfer
15774,PAY015774,20230725,8647,10529.81,Cash
15775,PAY015775,20251206,8648,3315.03,Bank Transfer
15776,PAY015776,20240115,8649,511.0,Bank Transfer
15777,PAY015777,20240213,8649,2252.93,Bank Transfer
15778,PAY015778,20240630,8650,1670.65,Credit Card
15779,PAY015779,20240802,8650,52.63,Cash
15780,PAY015780,20240831,8650,980.52,Credit Card
15781,PAY015781,20241002,8650,3103.66,SADAD
15782,PAY015782,20250511,8651,4721.12,Cash
15783,PAY015783,20260513,8652,14889.73,Cash
15784,PAY015784,20240408,8653,2340.21,Credit Card
15785,PAY015785,20240507,8653,7535.45,Bank Transfer
15786,PAY015786,20240608,8653,6140.68,Credit Card
15787,PAY015787,20240708,8653,8858.46,Credit Card
15788,PAY015788,20260724,8654,4385.66,Cash
15789,PAY015789,20260823,8654,692.0,SADAD
15790,PAY015790,20241020,8655,8076.98,Cash
15791,PAY015791,20260126,8656,7513.68,Bank Transfer
15792,PAY015792,20260224,8656,964.41,Bank Transfer
15793,PAY015793,20231005,8657,4477.2,Cash
15794,PAY015794,20231105,8657,34.36,Bank Transfer
15795,PAY015795,20231223,8658,13725.06,Cash
15796,PAY015796,20240122,8658,1563.28,Cash
15797,PAY015797,20240220,8658,3466.62,Cash
15798,PAY015798,20240322,8658,1251.97,Bank Transfer
15799,PAY015799,20240720,8659,13719.69,Cash
15800,PAY015800,20230110,8660,79.64,Bank Transfer
15801,PAY015801,20230212,8660,2168.18,Cash
15802,PAY015802,20250522,8661,1794.04,Credit Card
15803,PAY015803,20260223,8662,1402.29,Bank Transfer
15804,PAY015804,20260322,8662,1226.18,Cash
15805,PAY015805,20240602,8663,11695.34,Cash
15806,PAY015806,20230913,8664,3243.22,Bank Transfer
15807,PAY015807,20240505,8665,2429.43,Cash
15808,PAY015808,20241124,8666,13135.14,Cash
15809,PAY015809,20241229,8666,6655.13,Credit Card
15810,PAY015810,20260518,8667,5232.18,Bank Transfer
15811,PAY015811,20260619,8667,382.67,SADAD
15812,PAY015812,20260717,8667,1762.02,SADAD
15813,PAY015813,20260814,8667,6220.39,Bank Transfer
15814,PAY015814,20250331,8668,1735.0,SADAD
15815,PAY015815,20250430,8668,178.66,Credit Card
15816,PAY015816,20250630,8669,2491.39,Cash
15817,PAY015817,20250729,8669,7056.77,Bank Transfer
15818,PAY015818,20240622,8670,21773.96,Cash
15819,PAY015819,20240726,8670,32789.88,Bank Transfer
15820,PAY015820,20260206,8671,985.21,Bank Transfer
15821,PAY015821,20260428,8672,5685.0,Bank Transfer
15822,PAY015822,20250318,8673,3159.44,SADAD
15823,PAY015823,20220504,8674,8605.49,Bank Transfer
15824,PAY015824,20260104,8675,20018.1,SADAD
15825,PAY015825,20250530,8676,31382.14,Cash
15826,PAY015826,20221028,8677,32326.5,Credit Card
15827,PAY015827,20240227,8678,148778.5,Cash
15828,PAY015828,20260612,8679,1384.82,Bank Transfer
15829,PAY015829,20260708,8679,3477.41,SADAD
15830,PAY015830,20260810,8679,1353.62,Bank Transfer
15831,PAY015831,20240129,8680,8294.68,Bank Transfer
15832,PAY015832,20250331,8681,3151.61,Credit Card
15833,PAY015833,20250923,8682,1529.88,Credit Card
15834,PAY015834,20251004,8683,67561.32,Bank Transfer
15835,PAY015835,20230404,8684,2603.64,Bank Transfer
15836,PAY015836,20230504,8684,2319.4,Bank Transfer
15837,PAY015837,20230604,8684,414.64,SADAD
15838,PAY015838,20230702,8684,2053.52,SADAD
15839,PAY015839,20260611,8685,8526.89,Cash
15840,PAY015840,20221130,8686,735.2,Cash
15841,PAY015841,20221227,8686,2170.17,Bank Transfer
15842,PAY015842,20230131,8686,5149.47,SADAD
15843,PAY015843,20230301,8686,2345.74,Bank Transfer
15844,PAY015844,20251208,8687,6969.74,Cash
15845,PAY015845,20240818,8688,4083.18,Cash
15846,PAY015846,20240930,8689,36865.56,Cash
15847,PAY015847,20241101,8689,49520.81,Cash
15848,PAY015848,20231231,8690,7102.67,Credit Card
15849,PAY015849,20260511,8691,3322.77,Credit Card
15850,PAY015850,20260718,8692,5813.41,Cash
15851,PAY015851,20241208,8693,1428.16,Bank Transfer
15852,PAY015852,20250105,8693,2680.72,SADAD
15853,PAY015853,20250204,8693,349.09,Cash
15854,PAY015854,20250305,8693,1000.54,Bank Transfer
15855,PAY015855,20251211,8694,24769.0,SADAD
15856,PAY015856,20230313,8695,1614.43,Credit Card
15857,PAY015857,20260228,8696,2025.29,Cash
15858,PAY015858,20240818,8697,1142.7,Bank Transfer
15859,PAY015859,20240918,8697,214.65,Credit Card
15860,PAY015860,20230211,8698,5716.89,Cash
15861,PAY015861,20250216,8699,108273.4,Bank Transfer
15862,PAY015862,20250319,8699,57901.46,Credit Card
15863,PAY015863,20260427,8700,8493.27,SADAD
15864,PAY015864,20240621,8701,7336.01,SADAD
15865,PAY015865,20260109,8702,29713.2,SADAD
15866,PAY015866,20260213,8703,6253.34,Bank Transfer
15867,PAY015867,20260710,8704,13929.97,Bank Transfer
15868,PAY015868,20260808,8704,3584.9,Bank Transfer
15869,PAY015869,20240621,8705,15120.85,SADAD
15870,PAY015870,20230420,8706,17529.66,SADAD
15871,PAY015871,20250407,8707,5734.19,Bank Transfer
15872,PAY015872,20220613,8708,1863.35,Bank Transfer
15873,PAY015873,20230710,8709,7820.01,Cash
15874,PAY015874,20230807,8709,10001.82,Credit Card
15875,PAY015875,20240925,8710,24701.64,Bank Transfer
15876,PAY015876,20260308,8711,3673.63,Bank Transfer
15877,PAY015877,20230712,8712,123621.65,Bank Transfer
15878,PAY015878,20250627,8713,14926.14,Bank Transfer
15879,PAY015879,20230404,8714,1678.06,Credit Card
15880,PAY015880,20260304,8715,3502.07,Bank Transfer
15881,PAY015881,20260408,8715,1662.79,Credit Card
15882,PAY015882,20220929,8716,10840.42,SADAD
15883,PAY015883,20250606,8717,567.11,Cash
15884,PAY015884,20250710,8717,11912.59,SADAD
15885,PAY015885,20250809,8717,3571.12,SADAD
15886,PAY015886,20250905,8717,2173.74,SADAD
15887,PAY015887,20250801,8718,2234.24,Cash
15888,PAY015888,20250902,8718,3779.81,Bank Transfer
15889,PAY015889,20250929,8718,743.02,Credit Card
15890,PAY015890,20251029,8718,1044.68,SADAD
15891,PAY015891,20250729,8719,6348.25,SADAD
15892,PAY015892,20250811,8720,2496.07,Cash
15893,PAY015893,20240910,8721,28636.35,SADAD
15894,PAY015894,20241224,8722,2101.76,SADAD
15895,PAY015895,20240811,8723,1950.5,SADAD
15896,PAY015896,20240223,8724,5206.37,Bank Transfer
15897,PAY015897,20230604,8725,11598.31,SADAD
15898,PAY015898,20250525,8726,19122.23,SADAD
15899,PAY015899,20260301,8727,6813.48,Credit Card
15900,PAY015900,20260328,8727,3252.42,Cash
15901,PAY015901,20260425,8727,19430.85,SADAD
15902,PAY015902,20260526,8727,7390.84,Cash
15903,PAY015903,20221205,8728,40.35,Credit Card
15904,PAY015904,20230106,8728,256.47,Cash
15905,PAY015905,20230203,8728,503.63,Cash
15906,PAY015906,20230302,8728,1881.76,Bank Transfer
15907,PAY015907,20250808,8729,6153.63,Credit Card
15908,PAY015908,20230407,8730,676.71,SADAD
15909,PAY015909,20230506,8730,2626.53,Credit Card
15910,PAY015910,20230602,8730,2162.03,Cash
15911,PAY015911,20230705,8730,1351.94,SADAD
15912,PAY015912,20260130,8731,1117.11,Cash
15913,PAY015913,20260304,8731,2892.52,Credit Card
15914,PAY015914,20260331,8731,5550.77,Credit Card
15915,PAY015915,20260503,8731,6318.37,Cash
15916,PAY015916,20250423,8732,6026.8,Cash
15917,PAY015917,20240406,8733,99.52,Bank Transfer
15918,PAY015918,20240504,8733,7605.4,Cash
15919,PAY015919,20240605,8733,3453.41,SADAD
15920,PAY015920,20240707,8733,4208.7,Bank Transfer
15921,PAY015921,20250122,8734,19595.49,Credit Card
15922,PAY015922,20251106,8735,330.34,SADAD
15923,PAY015923,20251205,8735,230.22,Bank Transfer
15924,PAY015924,20260103,8735,756.81,Cash
15925,PAY015925,20260201,8735,438.67,SADAD
15926,PAY015926,20250721,8736,9789.36,Bank Transfer
15927,PAY015927,20251107,8737,3543.1,Credit Card
15928,PAY015928,20230608,8738,1070.63,SADAD
15929,PAY015929,20230709,8738,42.43,Cash
15930,PAY015930,20250402,8739,3949.76,Bank Transfer
15931,PAY015931,20240515,8740,183343.43,SADAD
15932,PAY015932,20240609,8740,21137.35,SADAD
15933,PAY015933,20231207,8741,2286.49,SADAD
15934,PAY015934,20260427,8742,2221.76,SADAD
15935,PAY015935,20230829,8743,532.23,Credit Card
15936,PAY015936,20230928,8743,1865.32,Cash
15937,PAY015937,20231024,8743,2875.68,Credit Card
15938,PAY015938,20231128,8743,1502.62,Bank Transfer
15939,PAY015939,20260520,8744,1184.31,Bank Transfer
15940,PAY015940,20260619,8744,1381.77,Cash
15941,PAY015941,20260716,8744,6035.94,Cash
15942,PAY015942,20260817,8744,3.28,Credit Card
15943,PAY015943,20250818,8745,709.85,Credit Card
15944,PAY015944,20250922,8745,4112.58,Bank Transfer
15945,PAY015945,20260115,8746,5012.92,Bank Transfer
15946,PAY015946,20240918,8747,1170.8,SADAD
15947,PAY015947,20241015,8747,2542.16,Bank Transfer
15948,PAY015948,20240521,8748,4722.92,Bank Transfer
15949,PAY015949,20240616,8749,412.36,Cash
15950,PAY015950,20240718,8749,928.61,Cash
15951,PAY015951,20240814,8749,1172.71,SADAD
15952,PAY015952,20240917,8749,342.32,Credit Card
15953,PAY015953,20230606,8750,19579.39,Bank Transfer
15954,PAY015954,20251218,8751,4117.51,Cash
15955,PAY015955,20221116,8752,755.6,SADAD
15956,PAY015956,20221214,8752,1392.63,Bank Transfer
15957,PAY015957,20230117,8752,833.04,SADAD
15958,PAY015958,20230215,8752,74.28,SADAD
15959,PAY015959,20260322,8753,149.21,Credit Card
15960,PAY015960,20260424,8753,1714.96,Cash
15961,PAY015961,20231127,8754,4288.19,Credit Card
15962,PAY015962,20231227,8754,2848.43,SADAD
15963,PAY015963,20250917,8755,14160.27,Bank Transfer
15964,PAY015964,20240706,8756,3278.59,Cash
15965,PAY015965,20240805,8756,6391.34,Bank Transfer
15966,PAY015966,20241106,8757,2156.82,Cash
15967,PAY015967,20221130,8758,1141.32,Credit Card
15968,PAY015968,20260702,8759,68819.38,Credit Card
15969,PAY015969,20260802,8759,29555.22,Bank Transfer
15970,PAY015970,20251122,8760,7955.01,SADAD
15971,PAY015971,20240703,8761,1763.61,Cash
15972,PAY015972,20230929,8762,11555.26,SADAD
15973,PAY015973,20250511,8763,1210.75,Cash
15974,PAY015974,20241017,8764,9228.87,Cash
15975,PAY015975,20240907,8765,3003.69,Cash
15976,PAY015976,20241004,8765,3935.0,SADAD
15977,PAY015977,20220910,8766,859.38,Cash
15978,PAY015978,20221008,8766,980.12,Credit Card
15979,PAY015979,20221106,8766,1519.65,Cash
15980,PAY015980,20221206,8766,2793.05,Bank Transfer
15981,PAY015981,20230725,8767,3599.63,Credit Card
15982,PAY015982,20230824,8767,1358.97,Cash
15983,PAY015983,20230923,8767,420.9,Credit Card
15984,PAY015984,20231024,8767,1225.72,Credit Card
15985,PAY015985,20260109,8768,58805.85,Credit Card
15986,PAY015986,20260212,8768,101407.0,SADAD
15987,PAY015987,20250703,8769,11037.18,Bank Transfer
15988,PAY015988,20230422,8770,15710.39,SADAD
15989,PAY015989,20230522,8770,1455.19,SADAD
15990,PAY015990,20240320,8771,64799.47,Cash
15991,PAY015991,20240213,8772,79559.13,Bank Transfer
15992,PAY015992,20240720,8773,10424.86,Cash
15993,PAY015993,20230315,8774,4482.25,Cash
15994,PAY015994,20230416,8774,2582.43,SADAD
15995,PAY015995,20260126,8775,22028.56,Bank Transfer
15996,PAY015996,20241013,8776,5634.83,Cash
15997,PAY015997,20220916,8777,6664.26,Cash
15998,PAY015998,20250909,8778,30345.04,SADAD
15999,PAY015999,20230824,8779,1889.38,Cash
16000,PAY016000,20240821,8780,19090.94,Cash
16001,PAY016001,20221019,8781,109359.09,Credit Card
16002,PAY016002,20241117,8782,7658.85,SADAD
16003,PAY016003,20250810,8783,1397.38,Bank Transfer
16004,PAY016004,20250909,8783,3509.14,Bank Transfer
16005,PAY016005,20260429,8784,3257.21,Cash
16006,PAY016006,20260530,8784,780.44,Bank Transfer
16007,PAY016007,20260223,8785,6401.09,Credit Card
16008,PAY016008,20250210,8786,769.73,Cash
16009,PAY016009,20250313,8786,86.11,SADAD
16010,PAY016010,20250413,8786,3423.06,Credit Card
16011,PAY016011,20250514,8786,2459.31,Credit Card
16012,PAY016012,20220717,8787,4905.28,Cash
16013,PAY016013,20220819,8787,323.64,Credit Card
16014,PAY016014,20251027,8788,301.75,Cash
16015,PAY016015,20251125,8788,2082.77,SADAD
16016,PAY016016,20251228,8788,3110.52,SADAD
16017,PAY016017,20260123,8788,2787.08,SADAD
16018,PAY016018,20251223,8789,939.0,Cash
16019,PAY016019,20241009,8790,3320.16,SADAD
16020,PAY016020,20241106,8790,2645.96,Bank Transfer
16021,PAY016021,20250117,8791,332.0,Bank Transfer
16022,PAY016022,20250219,8791,217.57,Credit Card
16023,PAY016023,20250322,8791,1289.65,SADAD
16024,PAY016024,20250422,8791,538.56,SADAD
16025,PAY016025,20240906,8792,4859.73,Bank Transfer
16026,PAY016026,20241005,8792,1143.32,Bank Transfer
16027,PAY016027,20220831,8793,64.85,Credit Card
16028,PAY016028,20221001,8793,1586.82,Credit Card
16029,PAY016029,20221031,8793,2494.54,Bank Transfer
16030,PAY016030,20221128,8793,1650.96,Credit Card
16031,PAY016031,20230307,8794,3554.27,Credit Card
16032,PAY016032,20241202,8795,4064.3,Cash
16033,PAY016033,20230111,8796,39150.48,Bank Transfer
16034,PAY016034,20230208,8796,69311.25,Bank Transfer
16035,PAY016035,20251009,8797,3306.4,Bank Transfer
16036,PAY016036,20251110,8797,1479.59,Cash
16037,PAY016037,20250515,8798,1580.38,Cash
16038,PAY016038,20250409,8799,5293.63,Cash
16039,PAY016039,20250505,8799,1076.58,Credit Card
16040,PAY016040,20250605,8799,282.82,SADAD
16041,PAY016041,20250705,8799,1778.26,SADAD
16042,PAY016042,20230410,8800,1627.26,Bank Transfer
16043,PAY016043,20241128,8801,28318.01,Credit Card
16044,PAY016044,20221219,8802,38507.69,Bank Transfer
16045,PAY016045,20230220,8803,4001.58,SADAD
16046,PAY016046,20251229,8804,131844.14,Credit Card
16047,PAY016047,20251213,8805,4530.81,Credit Card
16048,PAY016048,20241112,8806,1338.84,Bank Transfer
16049,PAY016049,20241211,8806,1794.42,Bank Transfer
16050,PAY016050,20241225,8807,6540.03,Credit Card
16051,PAY016051,20250125,8807,36940.96,SADAD
16052,PAY016052,20250225,8807,11673.47,Bank Transfer
16053,PAY016053,20250326,8807,46635.64,Credit Card
16054,PAY016054,20240508,8808,3354.04,Credit Card
16055,PAY016055,20250209,8809,4655.55,SADAD
16056,PAY016056,20241215,8810,58877.31,Credit Card
16057,PAY016057,20221031,8811,5496.05,Credit Card
16058,PAY016058,20240214,8812,3969.95,Cash
16059,PAY016059,20260122,8813,5493.61,Credit Card
16060,PAY016060,20241104,8814,435.26,SADAD
16061,PAY016061,20241201,8814,570.81,SADAD
16062,PAY016062,20240212,8815,8473.01,Cash
16063,PAY016063,20240315,8815,5382.65,Credit Card
16064,PAY016064,20260312,8816,17392.03,Credit Card
16065,PAY016065,20260509,8817,1954.1,Bank Transfer
16066,PAY016066,20260610,8817,7.06,SADAD
16067,PAY016067,20260709,8817,1146.83,Cash
16068,PAY016068,20260811,8817,5116.46,SADAD
16069,PAY016069,20250127,8818,68542.74,Cash
16070,PAY016070,20250609,8819,7946.27,Cash
16071,PAY016071,20251220,8820,8849.37,Cash
16072,PAY016072,20241225,8821,270.57,Bank Transfer
16073,PAY016073,20250123,8821,987.68,Credit Card
16074,PAY016074,20250225,8821,158.56,Cash
16075,PAY016075,20250327,8821,604.25,SADAD
16076,PAY016076,20250623,8822,1276.96,SADAD
16077,PAY016077,20240301,8823,9869.77,SADAD
16078,PAY016078,20260213,8824,10154.37,Credit Card
16079,PAY016079,20241023,8825,496.63,Credit Card
16080,PAY016080,20241121,8825,220.9,Cash
16081,PAY016081,20241221,8825,65.17,SADAD
16082,PAY016082,20250119,8825,568.53,Credit Card
16083,PAY016083,20260728,8826,8811.1,Bank Transfer
16084,PAY016084,20230503,8827,8170.97,Bank Transfer
16085,PAY016085,20230602,8827,6104.75,Cash
16086,PAY016086,20230702,8827,2847.05,Credit Card
16087,PAY016087,20230729,8827,1448.08,Credit Card
16088,PAY016088,20250414,8828,4761.0,SADAD
16089,PAY016089,20240907,8829,3218.32,Credit Card
16090,PAY016090,20260618,8830,11676.51,SADAD
16091,PAY016091,20230913,8831,866.54,Cash
16092,PAY016092,20231013,8831,1251.69,Bank Transfer
16093,PAY016093,20251006,8832,38279.2,Bank Transfer
16094,PAY016094,20241228,8833,2339.24,Cash
16095,PAY016095,20250130,8834,1000.58,SADAD
16096,PAY016096,20240415,8835,1401.15,Bank Transfer
16097,PAY016097,20260325,8836,725.3,Cash
16098,PAY016098,20260404,8837,2331.01,SADAD
16099,PAY016099,20250706,8838,1098.92,Cash
16100,PAY016100,20250801,8838,2669.94,Bank Transfer
16101,PAY016101,20250901,8838,760.51,SADAD
16102,PAY016102,20251004,8838,2223.74,Credit Card
16103,PAY016103,20250525,8839,18138.49,Cash
16104,PAY016104,20260406,8840,14634.88,Cash
16105,PAY016105,20260302,8841,2480.76,Cash
16106,PAY016106,20260330,8841,2541.8,Credit Card
16107,PAY016107,20260430,8841,3469.79,Bank Transfer
16108,PAY016108,20260530,8841,103.16,SADAD
16109,PAY016109,20250320,8842,2944.36,Credit Card
16110,PAY016110,20250112,8843,31230.09,Credit Card
16111,PAY016111,20220822,8844,55965.79,Cash
16112,PAY016112,20220917,8844,43451.06,Bank Transfer
16113,PAY016113,20260521,8845,729.57,Bank Transfer
16114,PAY016114,20260703,8846,9463.04,SADAD
16115,PAY016115,20230206,8847,8880.1,Cash
16116,PAY016116,20241019,8848,38600.64,Bank Transfer
16117,PAY016117,20231031,8849,5791.6,Credit Card
16118,PAY016118,20260510,8850,731.42,SADAD
16119,PAY016119,20260609,8850,3383.33,Credit Card
16120,PAY016120,20260711,8850,1486.77,Credit Card
16121,PAY016121,20260808,8850,87.06,SADAD
16122,PAY016122,20231119,8851,10051.15,Credit Card
16123,PAY016123,20241215,8852,1070.66,Cash
16124,PAY016124,20250113,8852,159.43,Cash
16125,PAY016125,20250212,8852,1841.26,SADAD
16126,PAY016126,20250312,8852,513.23,Bank Transfer
16127,PAY016127,20250415,8853,7403.21,Bank Transfer
16128,PAY016128,20260512,8854,424.79,Bank Transfer
16129,PAY016129,20260610,8854,270.26,Bank Transfer
16130,PAY016130,20250104,8855,29135.49,SADAD
16131,PAY016131,20260512,8856,947.18,SADAD
16132,PAY016132,20260610,8856,3406.47,Bank Transfer
16133,PAY016133,20260711,8856,526.31,Bank Transfer
16134,PAY016134,20260808,8856,494.24,Cash
16135,PAY016135,20250810,8857,6986.23,SADAD
16136,PAY016136,20240515,8858,126.8,Credit Card
16137,PAY016137,20240613,8858,395.77,Credit Card
16138,PAY016138,20240713,8858,2836.64,Bank Transfer
16139,PAY016139,20240812,8858,5602.57,Cash
16140,PAY016140,20230730,8859,1894.33,Credit Card
16141,PAY016141,20230829,8859,8385.34,Bank Transfer
16142,PAY016142,20230911,8860,2115.0,Credit Card
16143,PAY016143,20250902,8861,19.34,Credit Card
16144,PAY016144,20251002,8861,16.49,SADAD
16145,PAY016145,20251104,8861,201.25,Bank Transfer
16146,PAY016146,20251201,8861,9.31,Bank Transfer
16147,PAY016147,20250912,8862,13755.95,Credit Card
16148,PAY016148,20250501,8863,2883.97,Credit Card
16149,PAY016149,20250603,8863,234.34,Credit Card
16150,PAY016150,20241217,8864,7073.94,Credit Card
16151,PAY016151,20250116,8864,2886.9,Bank Transfer
16152,PAY016152,20260614,8865,8953.1,Credit Card
16153,PAY016153,20250925,8866,3266.54,Cash
16154,PAY016154,20251026,8866,16065.26,SADAD
16155,PAY016155,20251123,8866,17959.47,Bank Transfer
16156,PAY016156,20251226,8866,10211.18,SADAD
16157,PAY016157,20230815,8867,20034.9,Bank Transfer
16158,PAY016158,20231218,8868,1620.19,Cash
16159,PAY016159,20240118,8868,1668.03,Cash
16160,PAY016160,20241123,8869,5793.58,Cash
16161,PAY016161,20251227,8870,248662.91,Credit Card
16162,PAY016162,20231128,8871,2131.84,Credit Card
16163,PAY016163,20231224,8871,249.03,Bank Transfer
16164,PAY016164,20240125,8871,953.85,SADAD
16165,PAY016165,20240221,8871,3265.06,Bank Transfer
16166,PAY016166,20250831,8872,2771.58,Cash
16167,PAY016167,20260101,8873,6533.59,Credit Card
16168,PAY016168,20250621,8874,5650.45,SADAD
16169,PAY016169,20250718,8874,2259.95,Cash
16170,PAY016170,20250817,8874,475.58,Credit Card
16171,PAY016171,20250918,8874,1864.59,Bank Transfer
16172,PAY016172,20260108,8875,15006.14,Cash
16173,PAY016173,20251223,8876,175.82,SADAD
16174,PAY016174,20260123,8876,53.39,Credit Card
16175,PAY016175,20240215,8877,1704.88,Credit Card
16176,PAY016176,20260630,8878,20301.02,Credit Card
16177,PAY016177,20251213,8879,1392.74,SADAD
16178,PAY016178,20230507,8880,1724.77,Cash
16179,PAY016179,20240706,8881,8704.34,SADAD
16180,PAY016180,20250103,8882,7184.89,Bank Transfer
16181,PAY016181,20260803,8883,7550.9,Bank Transfer
16182,PAY016182,20260323,8884,2860.34,Credit Card
16183,PAY016183,20260417,8884,218.22,Bank Transfer
16184,PAY016184,20260520,8884,120.26,Bank Transfer
16185,PAY016185,20260618,8884,1022.45,Bank Transfer
16186,PAY016186,20240721,8885,3728.26,Credit Card
16187,PAY016187,20240820,8885,566.86,Credit Card
16188,PAY016188,20240929,8886,3150.8,Bank Transfer
16189,PAY016189,20241031,8886,221.47,SADAD
16190,PAY016190,20241126,8886,870.16,Bank Transfer
16191,PAY016191,20241225,8886,1806.98,Bank Transfer
16192,PAY016192,20250226,8887,1139.38,SADAD
16193,PAY016193,20250330,8887,4193.21,SADAD
16194,PAY016194,20250427,8887,1092.69,Credit Card
16195,PAY016195,20250528,8887,438.19,SADAD
16196,PAY016196,20240122,8888,56.95,Cash
16197,PAY016197,20240221,8888,460.2,Cash
16198,PAY016198,20240324,8888,549.49,Bank Transfer
16199,PAY016199,20240425,8888,678.96,Cash
16200,PAY016200,20250519,8889,3366.48,SADAD
16201,PAY016201,20240905,8890,4505.8,Credit Card
16202,PAY016202,20230926,8891,6225.62,Credit Card
16203,PAY016203,20240918,8892,2997.35,Credit Card
16204,PAY016204,20241021,8892,916.55,Bank Transfer
16205,PAY016205,20260815,8893,1762.79,Cash
16206,PAY016206,20230529,8894,5053.32,Cash
16207,PAY016207,20230628,8894,3975.81,Credit Card
16208,PAY016208,20260219,8895,5850.16,Cash
16209,PAY016209,20260323,8895,2834.06,Cash
16210,PAY016210,20251225,8896,24834.2,Bank Transfer
16211,PAY016211,20231021,8897,1470.19,Credit Card
16212,PAY016212,20260628,8898,850.61,Bank Transfer
16213,PAY016213,20260725,8898,671.86,Cash
16214,PAY016214,20220822,8899,7937.42,Cash
16215,PAY016215,20250908,8900,97739.6,Credit Card
16216,PAY016216,20251006,8900,9994.03,Credit Card
16217,PAY016217,20251106,8900,5108.39,Credit Card
16218,PAY016218,20251207,8900,51940.85,Credit Card
16219,PAY016219,20250427,8901,205596.61,Cash
16220,PAY016220,20250517,8902,8995.5,Credit Card
16221,PAY016221,20240505,8903,7853.5,Bank Transfer
16222,PAY016222,20260708,8904,84.9,SADAD
16223,PAY016223,20260807,8904,1168.84,Bank Transfer
16224,PAY016224,20260220,8905,3003.07,Credit Card
16225,PAY016225,20260324,8905,3321.64,SADAD
16226,PAY016226,20240513,8906,15597.24,Credit Card
16227,PAY016227,20260516,8907,5957.8,SADAD
16228,PAY016228,20250618,8908,755.91,Cash
16229,PAY016229,20250720,8908,146.34,Cash
16230,PAY016230,20250819,8908,1145.34,Credit Card
16231,PAY016231,20250915,8908,159.15,Bank Transfer
16232,PAY016232,20240204,8909,24271.84,Bank Transfer
16233,PAY016233,20230805,8910,10898.6,Cash
16234,PAY016234,20240404,8911,9954.82,Bank Transfer
16235,PAY016235,20240503,8911,3229.18,Cash
16236,PAY016236,20240210,8912,8492.26,Cash
16237,PAY016237,20241102,8913,52115.89,SADAD
16238,PAY016238,20250520,8914,3221.63,SADAD
16239,PAY016239,20250303,8915,10296.94,Credit Card
16240,PAY016240,20240624,8916,2519.81,Credit Card
16241,PAY016241,20240724,8916,2527.62,Credit Card
16242,PAY016242,20240826,8916,1639.96,Bank Transfer
16243,PAY016243,20240924,8916,537.48,SADAD
16244,PAY016244,20250717,8917,13226.02,Credit Card
16245,PAY016245,20250817,8917,7763.06,Credit Card
16246,PAY016246,20240111,8918,2908.71,SADAD
16247,PAY016247,20250105,8919,1158.56,Cash
16248,PAY016248,20250207,8919,530.16,Bank Transfer
16249,PAY016249,20260519,8920,2328.19,SADAD
16250,PAY016250,20241103,8921,8270.1,Bank Transfer
16251,PAY016251,20241129,8921,31.32,SADAD
16252,PAY016252,20230120,8922,8857.93,Cash
16253,PAY016253,20260212,8923,4810.1,Cash
16254,PAY016254,20260316,8923,17973.18,SADAD
16255,PAY016255,20260414,8923,1537.46,Cash
16256,PAY016256,20260513,8923,32611.7,Bank Transfer
16257,PAY016257,20251017,8924,999.49,Cash
16258,PAY016258,20251116,8924,738.35,SADAD
16259,PAY016259,20251216,8924,3457.93,Bank Transfer
16260,PAY016260,20260117,8924,4956.2,SADAD
16261,PAY016261,20260331,8925,261.52,Bank Transfer
16262,PAY016262,20260428,8925,3150.16,Cash
16263,PAY016263,20260531,8925,48.32,SADAD
16264,PAY016264,20260626,8925,125.89,Cash
16265,PAY016265,20250315,8926,1289.07,Bank Transfer
16266,PAY016266,20250905,8927,16817.36,Credit Card
16267,PAY016267,20220911,8928,1222.82,SADAD
16268,PAY016268,20221013,8928,2536.49,Credit Card
16269,PAY016269,20230210,8929,6073.34,Credit Card
16270,PAY016270,20251127,8930,4510.64,SADAD
16271,PAY016271,20241027,8931,979.2,Bank Transfer
16272,PAY016272,20250124,8932,39615.25,Cash
16273,PAY016273,20250819,8933,6760.35,Cash
16274,PAY016274,20240503,8934,1474.27,Credit Card
16275,PAY016275,20240601,8934,392.2,Bank Transfer
16276,PAY016276,20260720,8935,13053.48,Bank Transfer
16277,PAY016277,20260823,8935,1906.69,SADAD
16278,PAY016278,20230919,8936,2051.11,Cash
16279,PAY016279,20250823,8937,7655.36,Credit Card
16280,PAY016280,20241209,8938,852.9,Cash
16281,PAY016281,20250108,8938,982.3,Bank Transfer
16282,PAY016282,20230906,8939,175249.81,Cash
16283,PAY016283,20220918,8940,6372.61,Cash
16284,PAY016284,20231207,8941,75759.42,SADAD
16285,PAY016285,20230529,8942,3175.68,SADAD
16286,PAY016286,20230118,8943,2247.69,SADAD
16287,PAY016287,20230216,8943,190.78,Cash
16288,PAY016288,20230319,8943,1435.05,Bank Transfer
16289,PAY016289,20230420,8943,13442.39,Bank Transfer
16290,PAY016290,20250614,8944,1831.12,SADAD
16291,PAY016291,20241115,8945,6642.61,Cash
16292,PAY016292,20250709,8946,2447.8,Bank Transfer
16293,PAY016293,20240129,8947,1433.85,Bank Transfer
16294,PAY016294,20240223,8947,365.36,Credit Card
16295,PAY016295,20230904,8948,3366.46,SADAD
16296,PAY016296,20231001,8948,5390.88,Bank Transfer
16297,PAY016297,20231211,8949,248.74,Bank Transfer
16298,PAY016298,20241016,8950,28377.25,SADAD
16299,PAY016299,20241006,8951,5287.11,Credit Card
16300,PAY016300,20241107,8951,2336.61,SADAD
16301,PAY016301,20230512,8952,587.89,Cash
16302,PAY016302,20230615,8952,1286.03,Credit Card
16303,PAY016303,20230710,8952,683.84,SADAD
16304,PAY016304,20230812,8952,2190.33,Cash
16305,PAY016305,20240913,8953,58651.81,Bank Transfer
16306,PAY016306,20241018,8953,84068.55,Credit Card
16307,PAY016307,20241116,8953,5061.53,Cash
16308,PAY016308,20241213,8953,28112.51,Bank Transfer
16309,PAY016309,20250522,8954,2429.89,Cash
16310,PAY016310,20220909,8955,801.91,SADAD
16311,PAY016311,20221009,8955,3163.34,SADAD
16312,PAY016312,20221108,8955,17402.08,Credit Card
16313,PAY016313,20221205,8955,6900.03,Credit Card
16314,PAY016314,20240216,8956,3982.27,Cash
16315,PAY016315,20240317,8956,2691.87,SADAD
16316,PAY016316,20240418,8956,959.77,Credit Card
16317,PAY016317,20240513,8956,4227.52,Bank Transfer
16318,PAY016318,20260714,8957,15704.82,Bank Transfer
16319,PAY016319,20251113,8958,399.38,Credit Card
16320,PAY016320,20251211,8958,4450.54,SADAD
16321,PAY016321,20260113,8958,2075.52,Cash
16322,PAY016322,20260209,8958,512.32,Cash
16323,PAY016323,20230323,8959,6612.61,Credit Card
16324,PAY016324,20240329,8960,184.5,Bank Transfer
16325,PAY016325,20240501,8960,8614.15,Bank Transfer
16326,PAY016326,20230315,8961,2469.37,Cash
16327,PAY016327,20231005,8962,22010.17,Credit Card
16328,PAY016328,20241015,8963,3560.48,SADAD
16329,PAY016329,20250421,8964,36.85,Bank Transfer
16330,PAY016330,20250518,8964,4550.72,SADAD
16331,PAY016331,20240108,8965,872.26,SADAD
16332,PAY016332,20240206,8965,1847.42,Cash
16333,PAY016333,20240303,8965,9227.95,SADAD
16334,PAY016334,20240407,8965,78.22,Bank Transfer
16335,PAY016335,20230903,8966,23607.42,Credit Card
16336,PAY016336,20230930,8966,3387.91,SADAD
16337,PAY016337,20231222,8967,1208.59,Cash
16338,PAY016338,20260405,8968,2834.21,SADAD
16339,PAY016339,20260503,8968,14981.06,SADAD
16340,PAY016340,20260122,8969,29501.06,SADAD
16341,PAY016341,20231016,8970,22245.21,SADAD
16342,PAY016342,20220514,8971,1774.32,SADAD
16343,PAY016343,20250812,8972,57837.59,Bank Transfer
16344,PAY016344,20230101,8973,314.3,Cash
16345,PAY016345,20230201,8973,2566.49,Credit Card
16346,PAY016346,20250723,8974,4848.61,SADAD
16347,PAY016347,20250618,8975,4306.69,Credit Card
16348,PAY016348,20231228,8976,7828.07,Bank Transfer
16349,PAY016349,20230111,8977,5744.94,Cash
16350,PAY016350,20250421,8978,1962.2,Bank Transfer
16351,PAY016351,20241022,8979,8070.17,Cash
16352,PAY016352,20240316,8980,15528.5,Cash
16353,PAY016353,20260426,8981,2832.0,Credit Card
16354,PAY016354,20250502,8982,11223.9,SADAD
16355,PAY016355,20250530,8982,3184.74,Cash
16356,PAY016356,20251016,8983,7336.69,Credit Card
16357,PAY016357,20251118,8983,1328.57,Bank Transfer
16358,PAY016358,20250912,8984,6751.96,Cash
16359,PAY016359,20240313,8985,1692.15,Credit Card
16360,PAY016360,20251203,8986,8030.93,Cash
16361,PAY016361,20260801,8987,1019.21,Credit Card
16362,PAY016362,20250610,8988,101.09,Bank Transfer
16363,PAY016363,20250710,8988,1305.2,Credit Card
16364,PAY016364,20240523,8989,361.93,Credit Card
16365,PAY016365,20240619,8989,1465.37,Cash
16366,PAY016366,20240724,8989,647.64,Bank Transfer
16367,PAY016367,20240819,8989,2868.4,Cash
16368,PAY016368,20220528,8990,8623.33,SADAD
16369,PAY016369,20221009,8991,7069.92,Credit Card
16370,PAY016370,20241221,8992,7440.48,Credit Card
16371,PAY016371,20260106,8993,1379.31,Credit Card
16372,PAY016372,20260206,8993,999.46,Credit Card
16373,PAY016373,20260203,8994,4530.56,Credit Card
16374,PAY016374,20241205,8995,2098.73,Credit Card
16375,PAY016375,20230514,8996,6342.49,Bank Transfer
16376,PAY016376,20221215,8997,27025.01,Bank Transfer
16377,PAY016377,20230115,8997,3008.93,Bank Transfer
16378,PAY016378,20230213,8997,17900.56,SADAD
16379,PAY016379,20230315,8997,377.68,Credit Card
16380,PAY016380,20240323,8998,2825.83,SADAD
16381,PAY016381,20240419,8998,527.92,Cash
16382,PAY016382,20240521,8998,3312.36,SADAD
16383,PAY016383,20240622,8998,1770.03,SADAD
16384,PAY016384,20250424,8999,5524.54,Bank Transfer
16385,PAY016385,20240228,9000,9820.82,Credit Card
