policy_key,policy_id,policy_date_key,customer_key,product_key,agent_key,branch_key,policy_type,sum_insured,gross_written_premium,policy_start_date,policy_end_date,is_renewal,is_cancelled
1,POL000001,20250610,2168,1,1,1,New Business,33689.27,2670.14,2025-06-10,2026-06-10,False,False
2,POL000002,20240303,2327,1,37,3,New Business,77500.68,8774.32,2024-03-03,2025-03-03,False,False
3,POL000003,20231203,2608,1,40,4,Renewal,54543.56,3781.82,2023-12-03,2024-12-02,True,False
4,POL000004,20220212,398,9,10,4,Renewal,100735.9,6766.33,2022-02-12,2023-02-12,True,False
5,POL000005,20251204,2894,8,12,2,Renewal,70298.48,3955.5,2025-12-04,2026-12-04,True,False
6,POL000006,20251202,2549,3,3,2,Cancellation,69135.34,1840.85,2025-12-02,2026-12-02,False,True
7,POL000007,20240922,1277,1,19,5,New Business,39118.97,2415.29,2024-09-22,2025-09-22,False,False
8,POL000008,20240611,686,4,7,5,Renewal,278174.1,18250.45,2024-06-11,2025-06-11,True,False
9,POL000009,20260723,1382,9,30,3,Cancellation,425303.05,8590.9,2026-07-23,2027-07-23,False,True
10,POL000010,20240327,477,3,36,5,New Business,43378.62,3959.83,2024-03-27,2025-03-27,False,False
11,POL000011,20250307,2011,1,13,3,Renewal,65574.94,7715.53,2025-03-07,2026-03-07,True,False
12,POL000012,20240912,1968,1,38,1,New Business,107020.59,7516.48,2024-09-12,2025-09-12,False,False
13,POL000013,20230826,1313,6,34,2,Renewal,478892.73,29153.72,2023-08-26,2024-08-25,True,False
14,POL000014,20241115,2238,3,13,3,New Business,30404.63,3158.69,2024-11-15,2025-11-15,False,False
15,POL000015,20240330,1200,7,28,4,New Business,354748.4,28323.67,2024-03-30,2025-03-30,False,False
16,POL000016,20260409,2013,3,7,5,New Business,92827.88,6722.15,2026-04-09,2027-04-09,False,False
17,POL000017,20251031,2039,2,19,5,Renewal,33836.16,2064.84,2025-10-31,2026-10-31,True,False
18,POL000018,20260707,171,3,13,3,Cancellation,35978.41,1212.27,2026-07-07,2027-07-07,False,True
19,POL000019,20250501,2224,8,12,2,Renewal,231545.85,13724.42,2025-05-01,2026-05-01,True,False
20,POL000020,20260310,194,3,20,4,New Business,33850.24,2769.8,2026-03-10,2027-03-10,False,False
21,POL000021,20241013,2803,3,28,4,Renewal,119075.21,8334.04,2024-10-13,2025-10-13,True,False
22,POL000022,20241026,1519,1,3,2,Cancellation,50924.86,3188.32,2024-10-26,2025-10-26,False,True
23,POL000023,20240831,2919,8,21,3,New Business,130422.18,12488.6,2024-08-31,2025-08-31,False,False
24,POL000024,20220304,2624,1,40,4,New Business,76872.32,4032.11,2022-03-04,2023-03-04,False,False
25,POL000025,20240511,2824,1,8,5,Cancellation,34058.14,930.81,2024-05-11,2025-05-11,False,True
26,POL000026,20260607,1355,8,12,2,Cancellation,30624.06,488.6,2026-06-07,2027-06-07,False,True
27,POL000027,20230119,184,8,10,4,New Business,150444.07,13734.07,2023-01-19,2024-01-19,False,False
28,POL000028,20241201,1732,6,37,3,Renewal,225073.28,11956.05,2024-12-01,2025-12-01,True,False
29,POL000029,20250115,2677,2,18,1,New Business,10549.72,1298.79,2025-01-15,2026-01-15,False,False
30,POL000030,20240906,1545,8,18,1,Renewal,130758.41,12727.17,2024-09-06,2025-09-06,True,False
31,POL000031,20240831,1039,7,39,1,New Business,910396.15,55817.33,2024-08-31,2025-08-31,False,False
32,POL000032,20250507,1840,1,9,5,Renewal,29974.68,2807.75,2025-05-07,2026-05-07,True,False
33,POL000033,20221028,473,5,11,1,Cancellation,1319019.5,18238.4,2022-10-28,2023-10-28,False,True
34,POL000034,20240107,1051,2,26,1,New Business,18927.31,1654.88,2024-01-07,2025-01-06,False,False
35,POL000035,20230114,1072,8,7,5,Renewal,173576.98,13625.77,2023-01-14,2024-01-14,True,False
36,POL000036,20220816,828,8,6,1,Renewal,189790.41,13580.12,2022-08-16,2023-08-16,True,False
37,POL000037,20241012,147,1,31,3,Renewal,25323.67,2712.22,2024-10-12,2025-10-12,True,False
38,POL000038,20240409,1590,1,12,2,New Business,105714.59,6476.26,2024-04-09,2025-04-09,False,False
39,POL000039,20250819,1786,1,40,4,New Business,115346.06,6841.34,2025-08-19,2026-08-19,False,False
40,POL000040,20250908,169,3,33,2,Renewal,107730.37,10492.23,2025-09-08,2026-09-08,True,False
41,POL000041,20231125,1303,1,3,2,Renewal,67627.93,3489.02,2023-11-25,2024-11-24,True,False
42,POL000042,20250925,1028,2,12,2,New Business,16184.22,1555.01,2025-09-25,2026-09-25,False,False
43,POL000043,20221006,1603,5,25,2,New Business,931422.38,80981.51,2022-10-06,2023-10-06,False,False
44,POL000044,20250214,754,1,13,3,New Business,144132.87,8654.46,2025-02-14,2026-02-14,False,False
45,POL000045,20231230,1805,1,5,4,Renewal,71706.83,4711.38,2023-12-30,2024-12-29,True,False
46,POL000046,20230921,660,2,10,4,Renewal,14198.16,1202.15,2023-09-21,2024-09-20,True,False
47,POL000047,20260329,267,1,27,1,Renewal,47413.88,5775.46,2026-03-29,2027-03-29,True,False
48,POL000048,20251130,2966,6,21,3,New Business,215612.86,22178.2,2025-11-30,2026-11-30,False,False
49,POL000049,20240827,958,1,1,1,New Business,61904.31,4196.18,2024-08-27,2025-08-27,False,False
50,POL000050,20260107,2323,8,8,5,Renewal,236663.02,13802.72,2026-01-07,2027-01-07,True,False
51,POL000051,20240531,2235,1,5,4,New Business,72177.29,4034.96,2024-05-31,2025-05-31,False,False
52,POL000052,20250402,2341,3,25,2,New Business,102452.77,6655.98,2025-04-02,2026-04-02,False,False
53,POL000053,20230530,974,3,32,1,Renewal,28818.21,2373.48,2023-05-30,2024-05-29,True,False
54,POL000054,20240502,1864,9,31,3,Cancellation,234036.14,8760.07,2024-05-02,2025-05-02,False,True
55,POL000055,20250704,592,2,19,5,Renewal,16244.16,1609.57,2025-07-04,2026-07-04,True,False
56,POL000056,20231030,1054,9,11,1,New Business,139777.01,16940.11,2023-10-30,2024-10-29,False,False
57,POL000057,20260113,590,8,3,2,Renewal,37728.99,2282.7,2026-01-13,2027-01-13,True,False
58,POL000058,20260211,930,4,26,1,New Business,126141.78,8128.74,2026-02-11,2027-02-11,False,False
59,POL000059,20240724,1663,1,27,1,Renewal,48690.36,3599.5,2024-07-24,2025-07-24,True,False
60,POL000060,20241114,1592,3,30,3,New Business,73807.57,6196.0,2024-11-14,2025-11-14,False,False
61,POL000061,20241206,2963,2,34,2,New Business,8700.61,820.54,2024-12-06,2025-12-06,False,False
62,POL000062,20240717,798,1,40,4,New Business,70340.0,5187.12,2024-07-17,2025-07-17,False,False
63,POL000063,20260202,1673,8,24,1,Renewal,102439.58,9698.73,2026-02-02,2027-02-02,True,False
64,POL000064,20231007,446,1,35,4,Renewal,61193.1,5273.52,2023-10-07,2024-10-06,True,False
65,POL000065,20250915,2555,8,27,1,New Business,106754.91,10065.39,2025-09-15,2026-09-15,False,False
66,POL000066,20240827,642,4,25,2,Cancellation,168239.56,7295.55,2024-08-27,2025-08-27,False,True
67,POL000067,20260721,846,1,25,2,Renewal,87682.29,8708.93,2026-07-21,2027-07-21,True,False
68,POL000068,20240401,2788,9,37,3,Renewal,56946.28,3628.34,2024-04-01,2025-04-01,True,False
69,POL000069,20230714,811,4,10,4,New Business,239476.06,17578.86,2023-07-14,2024-07-13,False,False
70,POL000070,20240821,535,8,32,1,New Business,70040.75,3648.67,2024-08-21,2025-08-21,False,False
71,POL000071,20241125,2573,4,3,2,Renewal,217004.01,12440.36,2024-11-25,2025-11-25,True,False
72,POL000072,20230326,36,1,4,5,New Business,42831.53,4717.46,2023-03-26,2024-03-25,False,False
73,POL000073,20241009,1462,9,13,3,Renewal,324440.06,16641.81,2024-10-09,2025-10-09,True,False
74,POL000074,20230707,271,2,24,1,Renewal,7314.27,620.59,2023-07-07,2024-07-06,True,False
75,POL000075,20250428,1830,8,31,3,New Business,100211.38,9919.35,2025-04-28,2026-04-28,False,False
76,POL000076,20230601,2302,2,11,1,Cancellation,19938.32,624.26,2023-06-01,2024-05-31,False,True
77,POL000077,20241017,2533,3,27,1,New Business,37675.36,2575.59,2024-10-17,2025-10-17,False,False
78,POL000078,20250628,1152,3,16,4,Cancellation,45361.74,492.42,2025-06-28,2026-06-28,False,True
79,POL000079,20260128,162,3,9,5,Renewal,162258.27,11866.4,2026-01-28,2027-01-28,True,False
80,POL000080,20240104,82,3,38,1,Renewal,211291.06,11860.01,2024-01-04,2025-01-03,True,False
81,POL000081,20250520,2396,9,37,3,New Business,338541.78,18076.91,2025-05-20,2026-05-20,False,False
82,POL000082,20250206,2752,9,37,3,New Business,54591.78,4520.19,2025-02-06,2026-02-06,False,False
83,POL000083,20240802,1516,1,5,4,New Business,90998.37,5875.27,2024-08-02,2025-08-02,False,False
84,POL000084,20260104,613,6,8,5,Cancellation,197183.8,4897.6,2026-01-04,2027-01-04,False,True
85,POL000085,20231107,1314,9,19,5,Renewal,348042.18,17954.07,2023-11-07,2024-11-06,True,False
86,POL000086,20230209,2470,1,32,1,New Business,91762.96,4909.06,2023-02-09,2024-02-09,False,False
87,POL000087,20240526,693,2,24,1,Renewal,11683.3,1133.83,2024-05-26,2025-05-26,True,False
88,POL000088,20250315,2132,2,2,3,Renewal,21266.64,1127.02,2025-03-15,2026-03-15,True,False
89,POL000089,20260813,979,1,20,4,New Business,41564.06,2083.01,2026-08-13,2027-08-13,False,False
90,POL000090,20240117,1118,2,30,3,Renewal,10903.12,908.97,2024-01-17,2025-01-16,True,False
91,POL000091,20220626,2557,1,1,1,Renewal,15137.13,1839.14,2022-06-26,2023-06-26,True,False
92,POL000092,20250312,1926,2,25,2,New Business,14476.87,885.79,2025-03-12,2026-03-12,False,False
93,POL000093,20251103,1537,1,22,5,New Business,50243.87,3550.55,2025-11-03,2026-11-03,False,False
94,POL000094,20250703,1739,9,27,1,Renewal,286771.75,29909.19,2025-07-03,2026-07-03,True,False
95,POL000095,20250816,1072,2,36,5,New Business,9620.39,845.4,2025-08-16,2026-08-16,False,False
96,POL000096,20260524,1843,1,6,1,Renewal,116338.42,6135.96,2026-05-24,2027-05-24,True,False
97,POL000097,20250105,465,8,2,3,Renewal,209586.65,11857.99,2025-01-05,2026-01-05,True,False
98,POL000098,20240106,305,1,12,2,New Business,79522.21,8074.9,2024-01-06,2025-01-05,False,False
99,POL000099,20250219,358,8,5,4,New Business,33779.16,4138.91,2025-02-19,2026-02-19,False,False
100,POL000100,20260727,2530,8,5,4,New Business,212184.42,13677.39,2026-07-27,2027-07-27,False,False
101,POL000101,20240815,1888,8,22,5,Renewal,90705.03,9784.8,2024-08-15,2025-08-15,True,False
102,POL000102,20250106,2885,1,9,5,New Business,83806.35,4943.52,2025-01-06,2026-01-06,False,False
103,POL000103,20260809,376,1,6,1,New Business,57766.15,3301.09,2026-08-09,2027-08-09,False,False
104,POL000104,20260110,205,1,6,1,New Business,127546.2,8225.91,2026-01-10,2027-01-10,False,False
105,POL000105,20260223,809,1,32,1,Renewal,18485.62,1806.51,2026-02-23,2027-02-23,True,False
106,POL000106,20260111,2770,2,38,1,Renewal,7243.31,829.21,2026-01-11,2027-01-11,True,False
107,POL000107,20250207,26,1,6,1,New Business,69268.12,6677.96,2025-02-07,2026-02-07,False,False
108,POL000108,20230317,2221,1,37,3,Cancellation,132046.99,3634.87,2023-03-17,2024-03-16,False,True
109,POL000109,20251011,767,1,21,3,Renewal,76329.62,7111.95,2025-10-11,2026-10-11,True,False
110,POL000110,20250519,2427,2,19,5,Renewal,24987.23,1774.68,2025-05-19,2026-05-19,True,False
111,POL000111,20220804,1748,2,17,3,Renewal,18165.12,1079.63,2022-08-04,2023-08-04,True,False
112,POL000112,20240908,2683,3,17,3,New Business,30518.06,3071.72,2024-09-08,2025-09-08,False,False
113,POL000113,20260708,2024,1,23,3,Cancellation,37775.36,2068.81,2026-07-08,2027-07-08,False,True
114,POL000114,20260209,2761,3,29,3,New Business,54139.62,3197.62,2026-02-09,2027-02-09,False,False
115,POL000115,20221211,2410,1,24,1,Renewal,79968.62,5238.32,2022-12-11,2023-12-11,True,False
116,POL000116,20230820,2332,9,17,3,Renewal,173348.34,14654.81,2023-08-20,2024-08-19,True,False
117,POL000117,20260322,1968,2,24,1,Renewal,28907.28,1684.48,2026-03-22,2027-03-22,True,False
118,POL000118,20230607,780,2,15,3,Renewal,6753.65,793.39,2023-06-07,2024-06-06,True,False
119,POL000119,20250919,1905,2,30,3,New Business,20042.22,1141.68,2025-09-19,2026-09-19,False,False
120,POL000120,20231009,1652,9,30,3,Renewal,186517.55,13742.1,2023-10-09,2024-10-08,True,False
121,POL000121,20230816,1580,1,27,1,Cancellation,156534.4,4185.46,2023-08-16,2024-08-15,False,True
122,POL000122,20241122,2590,2,10,4,New Business,7802.97,955.38,2024-11-22,2025-11-22,False,False
123,POL000123,20260511,2711,8,12,2,New Business,53891.92,2784.75,2026-05-11,2027-05-11,False,False
124,POL000124,20220925,68,1,26,1,Renewal,57474.67,5108.55,2022-09-25,2023-09-25,True,False
125,POL000125,20240404,2038,1,26,1,New Business,35471.31,1975.31,2024-04-04,2025-04-04,False,False
126,POL000126,20230805,1138,8,15,3,New Business,143952.59,9419.81,2023-08-05,2024-08-04,False,False
127,POL000127,20221022,1783,3,11,1,Renewal,164790.52,10306.19,2022-10-22,2023-10-22,True,False
128,POL000128,20241224,435,2,5,4,Cancellation,33078.5,811.1,2024-12-24,2025-12-24,False,True
129,POL000129,20250622,2125,1,32,1,Renewal,39146.99,3012.2,2025-06-22,2026-06-22,True,False
130,POL000130,20250111,1262,1,11,1,New Business,63597.26,5422.99,2025-01-11,2026-01-11,False,False
131,POL000131,20251019,2506,4,8,5,Renewal,197859.49,13782.7,2025-10-19,2026-10-19,True,False
132,POL000132,20240407,1530,2,9,5,New Business,32075.65,1632.75,2024-04-07,2025-04-07,False,False
133,POL000133,20240508,1832,1,24,1,New Business,65265.64,6207.81,2024-05-08,2025-05-08,False,False
134,POL000134,20240727,957,2,21,3,Renewal,30370.93,1613.58,2024-07-27,2025-07-27,True,False
135,POL000135,20241028,1150,3,36,5,New Business,78601.36,4484.89,2024-10-28,2025-10-28,False,False
136,POL000136,20250711,521,6,21,3,Renewal,496367.39,33386.52,2025-07-11,2026-07-11,True,False
137,POL000137,20251028,2901,9,38,1,Renewal,163209.41,9189.79,2025-10-28,2026-10-28,True,False
138,POL000138,20240924,2308,1,31,3,Renewal,65516.73,5570.43,2024-09-24,2025-09-24,True,False
139,POL000139,20251023,1574,8,10,4,Renewal,83032.42,9250.81,2025-10-23,2026-10-23,True,False
140,POL000140,20260803,2469,3,18,1,New Business,99654.01,7862.3,2026-08-03,2027-08-03,False,False
141,POL000141,20260112,1132,1,10,4,New Business,147173.54,8490.89,2026-01-12,2027-01-12,False,False
142,POL000142,20250706,915,3,1,1,New Business,63097.58,3525.39,2025-07-06,2026-07-06,False,False
143,POL000143,20250102,599,3,18,1,Cancellation,156728.37,2916.28,2025-01-02,2026-01-02,False,True
144,POL000144,20240121,820,8,13,3,Cancellation,193837.27,2046.6,2024-01-21,2025-01-20,False,True
145,POL000145,20231129,799,6,34,2,Renewal,57245.55,5026.18,2023-11-29,2024-11-28,True,False
146,POL000146,20260122,1733,8,1,1,New Business,69965.82,6694.73,2026-01-22,2027-01-22,False,False
147,POL000147,20250610,119,2,27,1,New Business,27175.52,2001.25,2025-06-10,2026-06-10,False,False
148,POL000148,20230805,605,8,29,3,Renewal,53288.02,3634.14,2023-08-05,2024-08-04,True,False
149,POL000149,20230416,1287,4,7,5,Cancellation,246131.1,3633.88,2023-04-16,2024-04-15,False,True
150,POL000150,20251014,1167,4,11,1,Renewal,200756.02,16907.7,2025-10-14,2026-10-14,True,False
151,POL000151,20241223,215,1,21,3,Renewal,37756.61,3038.55,2024-12-23,2025-12-23,True,False
152,POL000152,20260704,2952,2,25,2,Renewal,22717.59,1461.25,2026-07-04,2027-07-04,True,False
153,POL000153,20220204,1621,5,12,2,New Business,928358.98,51481.46,2022-02-04,2023-02-04,False,False
154,POL000154,20250604,1159,1,21,3,Renewal,52331.66,3530.59,2025-06-04,2026-06-04,True,False
155,POL000155,20220815,229,8,9,5,Renewal,211895.14,11080.42,2022-08-15,2023-08-15,True,False
156,POL000156,20241030,419,1,34,2,New Business,108329.99,6539.2,2024-10-30,2025-10-30,False,False
157,POL000157,20231202,1476,1,23,3,New Business,29087.06,2245.81,2023-12-02,2024-12-01,False,False
158,POL000158,20260318,2018,7,26,1,Renewal,497345.41,34788.76,2026-03-18,2027-03-18,True,False
159,POL000159,20230331,1622,5,10,4,Renewal,163829.46,18055.45,2023-03-31,2024-03-30,True,False
160,POL000160,20220503,652,1,8,5,Renewal,74868.24,4063.63,2022-05-03,2023-05-03,True,False
161,POL000161,20260113,232,1,36,5,New Business,97135.25,6181.12,2026-01-13,2027-01-13,False,False
162,POL000162,20260816,1961,6,3,2,New Business,651475.23,38092.77,2026-08-16,2027-08-16,False,False
163,POL000163,20231227,564,9,33,2,New Business,343492.54,27152.91,2023-12-27,2024-12-26,False,False
164,POL000164,20230522,1622,5,2,3,Renewal,1632805.09,142284.04,2023-05-22,2024-05-21,True,False
165,POL000165,20221128,2928,1,27,1,Renewal,75341.87,8883.02,2022-11-28,2023-11-28,True,False
166,POL000166,20230621,856,4,15,3,Renewal,188286.44,23285.98,2023-06-21,2024-06-20,True,False
167,POL000167,20260115,2383,6,24,1,Renewal,486448.5,27102.55,2026-01-15,2027-01-15,True,False
168,POL000168,20231208,624,2,35,4,New Business,35879.91,2310.04,2023-12-08,2024-12-07,False,False
169,POL000169,20240305,1089,5,36,5,New Business,711705.4,56212.25,2024-03-05,2025-03-05,False,False
170,POL000170,20231221,2489,8,17,3,New Business,22038.39,1848.13,2023-12-21,2024-12-20,False,False
171,POL000171,20251219,489,1,19,5,Renewal,44578.98,3340.12,2025-12-19,2026-12-19,True,False
172,POL000172,20240424,2752,9,33,2,Renewal,115238.93,11022.29,2024-04-24,2025-04-24,True,False
173,POL000173,20250219,1588,1,7,5,Renewal,64107.27,3466.98,2025-02-19,2026-02-19,True,False
174,POL000174,20250609,2336,1,20,4,Renewal,64471.8,4006.83,2025-06-09,2026-06-09,True,False
175,POL000175,20240506,1243,8,24,1,Renewal,113582.3,7200.62,2024-05-06,2025-05-06,True,False
176,POL000176,20250728,1034,1,14,2,Renewal,41497.39,3541.09,2025-07-28,2026-07-28,True,False
177,POL000177,20251222,742,1,22,5,New Business,48909.96,2526.14,2025-12-22,2026-12-22,False,False
178,POL000178,20260224,1341,2,30,3,Cancellation,34379.86,412.49,2026-02-24,2027-02-24,False,True
179,POL000179,20240221,2298,3,39,1,New Business,208174.91,10491.96,2024-02-21,2025-02-20,False,False
180,POL000180,20250906,1018,8,5,4,Renewal,32462.66,1744.09,2025-09-06,2026-09-06,True,False
181,POL000181,20250121,2537,8,4,5,Renewal,267841.2,13833.74,2025-01-21,2026-01-21,True,False
182,POL000182,20250625,1243,9,29,3,New Business,234169.84,15803.78,2025-06-25,2026-06-25,False,False
183,POL000183,20241206,220,1,24,1,New Business,18290.07,1777.56,2024-12-06,2025-12-06,False,False
184,POL000184,20230105,1528,3,5,4,New Business,142003.65,8962.89,2023-01-05,2024-01-05,False,False
185,POL000185,20260413,144,2,8,5,New Business,18123.48,1625.03,2026-04-13,2027-04-13,False,False
186,POL000186,20230430,839,9,8,5,Cancellation,332329.4,8654.4,2023-04-30,2024-04-29,False,True
187,POL000187,20231216,1952,1,12,2,New Business,81158.37,8984.51,2023-12-16,2024-12-15,False,False
188,POL000188,20260301,2375,1,36,5,New Business,51330.41,6206.29,2026-03-01,2027-03-01,False,False
189,POL000189,20230325,260,4,10,4,New Business,124838.21,9775.54,2023-03-25,2024-03-24,False,False
190,POL000190,20250813,153,2,32,1,Renewal,14184.27,1043.85,2025-08-13,2026-08-13,True,False
191,POL000191,20240827,55,1,37,3,Renewal,49811.84,3136.9,2024-08-27,2025-08-27,True,False
192,POL000192,20250922,1151,9,19,5,Renewal,162952.16,15619.84,2025-09-22,2026-09-22,True,False
193,POL000193,20250124,2750,1,18,1,Cancellation,54824.44,2377.73,2025-01-24,2026-01-24,False,True
194,POL000194,20251014,2664,8,3,2,Renewal,215544.35,11958.27,2025-10-14,2026-10-14,True,False
195,POL000195,20230216,2880,3,32,1,Renewal,58700.13,3538.96,2023-02-16,2024-02-16,True,False
196,POL000196,20250415,1174,7,24,1,New Business,613808.49,49470.5,2025-04-15,2026-04-15,False,False
197,POL000197,20250116,2231,8,11,1,New Business,270808.6,14387.99,2025-01-16,2026-01-16,False,False
198,POL000198,20240101,2215,6,10,4,New Business,97455.06,6218.51,2024-01-01,2024-12-31,False,False
199,POL000199,20260617,2377,2,26,1,New Business,30538.09,1542.16,2026-06-17,2027-06-17,False,False
200,POL000200,20230711,605,7,32,1,Renewal,887623.42,68840.52,2023-07-11,2024-07-10,True,False
201,POL000201,20240713,355,9,39,1,New Business,205643.32,21306.44,2024-07-13,2025-07-13,False,False
202,POL000202,20221026,2644,9,30,3,Renewal,300671.81,20778.2,2022-10-26,2023-10-26,True,False
203,POL000203,20250117,176,6,22,5,Renewal,474189.91,25888.62,2025-01-17,2026-01-17,True,False
204,POL000204,20231019,2453,5,22,5,Renewal,393369.45,21873.11,2023-10-19,2024-10-18,True,False
205,POL000205,20240818,2350,1,9,5,Cancellation,47369.59,1386.25,2024-08-18,2025-08-18,False,True
206,POL000206,20241109,1717,2,8,5,Cancellation,16639.89,412.09,2024-11-09,2025-11-09,False,True
207,POL000207,20250116,1044,4,36,5,Renewal,176384.25,17680.11,2025-01-16,2026-01-16,True,False
208,POL000208,20250829,2908,1,22,5,Renewal,66190.56,5559.5,2025-08-29,2026-08-29,True,False
209,POL000209,20240721,1530,8,36,5,Cancellation,37330.26,1332.63,2024-07-21,2025-07-21,False,True
210,POL000210,20240827,1439,1,27,1,Renewal,135240.93,6811.29,2024-08-27,2025-08-27,True,False
211,POL000211,20251008,2638,1,30,3,New Business,30092.38,1843.07,2025-10-08,2026-10-08,False,False
212,POL000212,20250923,2934,7,1,1,Renewal,574625.19,29270.77,2025-09-23,2026-09-23,True,False
213,POL000213,20251119,2029,8,10,4,Cancellation,81304.92,1260.32,2025-11-19,2026-11-19,False,True
214,POL000214,20231106,1241,7,14,2,Renewal,197448.16,21557.72,2023-11-06,2024-11-05,True,False
215,POL000215,20250912,97,8,2,3,New Business,135383.77,14321.92,2025-09-12,2026-09-12,False,False
216,POL000216,20260104,2788,1,5,4,New Business,84467.96,6288.94,2026-01-04,2027-01-04,False,False
217,POL000217,20240725,1465,1,26,1,New Business,26298.61,1733.51,2024-07-25,2025-07-25,False,False
218,POL000218,20240414,1536,2,14,2,New Business,37645.23,2439.57,2024-04-14,2025-04-14,False,False
219,POL000219,20240401,2602,9,40,4,Renewal,416802.52,25809.15,2024-04-01,2025-04-01,True,False
220,POL000220,20260209,2048,9,21,3,New Business,308425.09,27862.89,2026-02-09,2027-02-09,False,False
221,POL000221,20250413,1572,3,35,4,Renewal,42509.68,3251.86,2025-04-13,2026-04-13,True,False
222,POL000222,20260627,1438,4,32,1,Cancellation,78926.83,3653.52,2026-06-27,2027-06-27,False,True
223,POL000223,20231018,356,7,31,3,New Business,356367.25,39141.51,2023-10-18,2024-10-17,False,False
224,POL000224,20240709,2932,1,7,5,Renewal,101934.31,6000.15,2024-07-09,2025-07-09,True,False
225,POL000225,20230628,1923,1,3,2,New Business,26294.87,1797.14,2023-06-28,2024-06-27,False,False
226,POL000226,20250708,1849,6,14,2,Renewal,75604.6,8272.34,2025-07-08,2026-07-08,True,False
227,POL000227,20230326,2431,6,2,3,Cancellation,44819.68,1180.02,2023-03-26,2024-03-25,False,True
228,POL000228,20260310,2856,3,37,3,New Business,44541.23,2332.03,2026-03-10,2027-03-10,False,False
229,POL000229,20251230,200,5,17,3,Renewal,2899409.48,177024.27,2025-12-30,2026-12-30,True,False
230,POL000230,20250409,1851,3,19,5,Renewal,70910.85,8364.3,2025-04-09,2026-04-09,True,False
231,POL000231,20240617,1748,4,8,5,Renewal,439930.5,22419.38,2024-06-17,2025-06-17,True,False
232,POL000232,20250120,1975,1,32,1,New Business,26570.93,2100.86,2025-01-20,2026-01-20,False,False
233,POL000233,20240713,2679,7,12,2,Renewal,454192.21,53268.33,2024-07-13,2025-07-13,True,False
234,POL000234,20250625,1393,1,38,1,Renewal,36030.18,3353.27,2025-06-25,2026-06-25,True,False
235,POL000235,20250608,2871,3,8,5,New Business,51920.33,5368.96,2025-06-08,2026-06-08,False,False
236,POL000236,20240826,2479,7,37,3,New Business,650974.02,46652.27,2024-08-26,2025-08-26,False,False
237,POL000237,20250818,1762,8,2,3,Renewal,198744.88,10587.15,2025-08-18,2026-08-18,True,False
238,POL000238,20231220,2227,2,7,5,New Business,16898.49,2011.14,2023-12-20,2024-12-19,False,False
239,POL000239,20260419,2876,3,28,4,New Business,96533.39,10670.31,2026-04-19,2027-04-19,False,False
240,POL000240,20220502,2723,8,23,3,Renewal,186676.69,13253.24,2022-05-02,2023-05-02,True,False
241,POL000241,20231121,564,1,8,5,New Business,75389.33,8342.73,2023-11-21,2024-11-20,False,False
242,POL000242,20260427,805,1,29,3,Renewal,36184.91,2486.76,2026-04-27,2027-04-27,True,False
243,POL000243,20250119,1958,4,5,4,Cancellation,387796.63,9552.78,2025-01-19,2026-01-19,False,True
244,POL000244,20250625,163,1,15,3,New Business,93188.26,8030.62,2025-06-25,2026-06-25,False,False
245,POL000245,20251014,1601,7,1,1,New Business,344020.64,24360.01,2025-10-14,2026-10-14,False,False
246,POL000246,20221123,2149,1,18,1,Renewal,71121.83,8773.66,2022-11-23,2023-11-23,True,False
247,POL000247,20240229,562,8,21,3,Cancellation,231627.8,6327.04,2024-02-29,2025-02-28,False,True
248,POL000248,20230111,1945,1,31,3,Renewal,25294.37,2752.81,2023-01-11,2024-01-11,True,False
249,POL000249,20231025,2595,2,35,4,Renewal,18859.49,2130.77,2023-10-25,2024-10-24,True,False
250,POL000250,20260301,2089,6,10,4,Renewal,114437.27,12980.74,2026-03-01,2027-03-01,True,False
251,POL000251,20240706,298,3,37,3,New Business,50002.07,3221.1,2024-07-06,2025-07-06,False,False
252,POL000252,20250310,2563,2,24,1,Cancellation,12178.17,205.87,2025-03-10,2026-03-10,False,True
253,POL000253,20240524,176,7,21,3,Renewal,363855.19,43669.7,2024-05-24,2025-05-24,True,False
254,POL000254,20260105,1531,6,26,1,Renewal,259606.3,14393.41,2026-01-05,2027-01-05,True,False
255,POL000255,20240822,522,1,31,3,Renewal,38542.83,2204.26,2024-08-22,2025-08-22,True,False
256,POL000256,20221219,2647,8,11,1,New Business,153359.81,10758.24,2022-12-19,2023-12-19,False,False
257,POL000257,20240818,308,3,28,4,Renewal,106383.88,8178.47,2024-08-18,2025-08-18,True,False
258,POL000258,20250828,2886,4,10,4,Renewal,159332.18,18790.54,2025-08-28,2026-08-28,True,False
259,POL000259,20240501,1151,1,30,3,Renewal,126664.46,6384.25,2024-05-01,2025-05-01,True,False
260,POL000260,20221206,2193,2,39,1,New Business,19620.91,1677.33,2022-12-06,2023-12-06,False,False
261,POL000261,20241231,2095,9,32,1,New Business,387993.8,21025.02,2024-12-31,2025-12-31,False,False
262,POL000262,20241213,2848,6,36,5,Cancellation,507627.36,14318.52,2024-12-13,2025-12-13,False,True
263,POL000263,20250721,1923,4,22,5,New Business,171081.71,12329.23,2025-07-21,2026-07-21,False,False
264,POL000264,20251118,2118,2,40,4,Renewal,11584.73,1051.33,2025-11-18,2026-11-18,True,False
265,POL000265,20240802,1112,1,19,5,Renewal,53415.17,4976.21,2024-08-02,2025-08-02,True,False
266,POL000266,20250721,1328,9,16,4,Renewal,44980.67,3692.34,2025-07-21,2026-07-21,True,False
267,POL000267,20260619,1373,2,34,2,Renewal,18304.6,1613.84,2026-06-19,2027-06-19,True,False
268,POL000268,20220911,2744,4,13,3,Renewal,450542.82,24110.47,2022-09-11,2023-09-11,True,False
269,POL000269,20240821,2820,1,19,5,New Business,137203.14,8452.76,2024-08-21,2025-08-21,False,False
270,POL000270,20250509,2265,6,21,3,New Business,284289.81,20977.26,2025-05-09,2026-05-09,False,False
271,POL000271,20260303,481,3,19,5,Renewal,77381.33,7391.61,2026-03-03,2027-03-03,True,False
272,POL000272,20220918,1382,7,12,2,Renewal,638024.1,36016.18,2022-09-18,2023-09-18,True,False
273,POL000273,20241222,1605,2,31,3,Renewal,30661.67,1597.81,2024-12-22,2025-12-22,True,False
274,POL000274,20231012,1399,3,10,4,New Business,103088.86,11629.27,2023-10-12,2024-10-11,False,False
275,POL000275,20230930,1543,1,36,5,Cancellation,50234.1,1215.14,2023-09-30,2024-09-29,False,True
276,POL000276,20241021,2028,9,30,3,Cancellation,133779.78,4675.96,2024-10-21,2025-10-21,False,True
277,POL000277,20260515,1723,3,13,3,New Business,217572.8,11000.23,2026-05-15,2027-05-15,False,False
278,POL000278,20250520,2006,5,39,1,New Business,2759345.92,208314.36,2025-05-20,2026-05-20,False,False
279,POL000279,20250216,573,2,12,2,New Business,24969.3,1458.36,2025-02-16,2026-02-16,False,False
280,POL000280,20240816,169,9,5,4,New Business,129078.44,8851.97,2024-08-16,2025-08-16,False,False
281,POL000281,20240303,393,1,28,4,New Business,104700.44,5600.23,2024-03-03,2025-03-03,False,False
282,POL000282,20230619,41,4,8,5,New Business,383523.39,24755.71,2023-06-19,2024-06-18,False,False
283,POL000283,20240128,1761,1,16,4,New Business,106118.36,6881.98,2024-01-28,2025-01-27,False,False
284,POL000284,20250828,1093,4,36,5,New Business,113599.71,10483.21,2025-08-28,2026-08-28,False,False
285,POL000285,20250301,2393,1,21,3,Renewal,41883.22,4162.47,2025-03-01,2026-03-01,True,False
286,POL000286,20241201,1570,9,14,2,Renewal,76430.35,9310.23,2024-12-01,2025-12-01,True,False
287,POL000287,20240812,2340,1,40,4,Cancellation,44188.52,1349.35,2024-08-12,2025-08-12,False,True
288,POL000288,20241119,1665,1,15,3,New Business,76408.58,4989.04,2024-11-19,2025-11-19,False,False
289,POL000289,20250810,903,8,18,1,New Business,116497.96,10722.07,2025-08-10,2026-08-10,False,False
290,POL000290,20251208,2375,2,39,1,Renewal,27198.19,2036.71,2025-12-08,2026-12-08,True,False
291,POL000291,20231208,336,1,27,1,Renewal,43389.28,3259.82,2023-12-08,2024-12-07,True,False
292,POL000292,20250424,1575,6,40,4,Renewal,184358.73,22275.45,2025-04-24,2026-04-24,True,False
293,POL000293,20250422,841,7,32,1,Renewal,1238786.67,66955.07,2025-04-22,2026-04-22,True,False
294,POL000294,20251123,85,2,32,1,Renewal,9700.16,766.52,2025-11-23,2026-11-23,True,False
295,POL000295,20260507,842,3,24,1,New Business,57784.12,6472.03,2026-05-07,2027-05-07,False,False
296,POL000296,20240707,2799,8,25,2,New Business,191330.72,14891.78,2024-07-07,2025-07-07,False,False
297,POL000297,20241116,1447,1,26,1,New Business,134039.73,8084.81,2024-11-16,2025-11-16,False,False
298,POL000298,20240401,1555,8,39,1,Renewal,45240.0,2316.69,2024-04-01,2025-04-01,True,False
299,POL000299,20241111,2308,6,16,4,Renewal,343133.64,39097.58,2024-11-11,2025-11-11,True,False
300,POL000300,20240424,90,6,25,2,Renewal,457376.0,37142.02,2024-04-24,2025-04-24,True,False
301,POL000301,20231017,1788,1,29,3,Cancellation,47810.7,1198.56,2023-10-17,2024-10-16,False,True
302,POL000302,20250909,1502,1,17,3,Renewal,16974.01,1693.59,2025-09-09,2026-09-09,True,False
303,POL000303,20231112,2642,8,34,2,Renewal,127037.52,7168.47,2023-11-12,2024-11-11,True,False
304,POL000304,20250117,1563,8,24,1,New Business,44919.87,4181.33,2025-01-17,2026-01-17,False,False
305,POL000305,20241124,651,6,6,1,Renewal,466648.06,31888.18,2024-11-24,2025-11-24,True,False
306,POL000306,20240507,2152,1,17,3,Renewal,77316.45,6712.76,2024-05-07,2025-05-07,True,False
307,POL000307,20240922,1141,8,12,2,New Business,96613.8,8230.03,2024-09-22,2025-09-22,False,False
308,POL000308,20220903,950,3,6,1,Renewal,93106.73,6260.83,2022-09-03,2023-09-03,True,False
309,POL000309,20230924,721,7,19,5,Renewal,1294642.28,67065.34,2023-09-24,2024-09-23,True,False
310,POL000310,20241109,968,8,2,3,Renewal,81128.2,7842.55,2024-11-09,2025-11-09,True,False
311,POL000311,20231229,276,6,7,5,New Business,59995.53,3448.47,2023-12-29,2024-12-28,False,False
312,POL000312,20231218,1895,3,36,5,Renewal,174183.1,10443.57,2023-12-18,2024-12-17,True,False
313,POL000313,20251127,766,1,16,4,Renewal,83699.46,7030.18,2025-11-27,2026-11-27,True,False
314,POL000314,20220926,1116,1,33,2,Renewal,103507.63,7387.62,2022-09-26,2023-09-26,True,False
315,POL000315,20230425,1614,8,9,5,New Business,64252.31,4714.45,2023-04-25,2024-04-24,False,False
316,POL000316,20231207,991,8,39,1,Renewal,201749.37,13552.62,2023-12-07,2024-12-06,True,False
317,POL000317,20240626,1007,1,30,3,New Business,24472.93,2626.27,2024-06-26,2025-06-26,False,False
318,POL000318,20230622,2622,1,39,1,Renewal,18806.71,2135.94,2023-06-22,2024-06-21,True,False
319,POL000319,20240525,3,2,19,5,Renewal,42511.65,2417.35,2024-05-25,2025-05-25,True,False
320,POL000320,20230114,1618,6,36,5,Renewal,406757.11,31662.18,2023-01-14,2024-01-14,True,False
321,POL000321,20230505,2652,3,34,2,New Business,131335.63,8603.03,2023-05-05,2024-05-04,False,False
322,POL000322,20230501,1660,6,17,3,Renewal,500354.51,38810.82,2023-05-01,2024-04-30,True,False
323,POL000323,20260223,2047,3,9,5,Renewal,42527.02,4056.87,2026-02-23,2027-02-23,True,False
324,POL000324,20260112,1506,4,20,4,New Business,294173.58,15606.04,2026-01-12,2027-01-12,False,False
325,POL000325,20230603,1227,2,24,1,New Business,23630.71,1706.6,2023-06-03,2024-06-02,False,False
326,POL000326,20241130,883,7,28,4,Renewal,516417.66,30370.06,2024-11-30,2025-11-30,True,False
327,POL000327,20260527,2419,3,9,5,Renewal,132867.33,11430.76,2026-05-27,2027-05-27,True,False
328,POL000328,20241122,68,1,15,3,Cancellation,70001.66,1900.66,2024-11-22,2025-11-22,False,True
329,POL000329,20251227,1522,6,14,2,Renewal,480618.85,37000.28,2025-12-27,2026-12-27,True,False
330,POL000330,20260220,597,1,7,5,New Business,60148.31,6963.68,2026-02-20,2027-02-20,False,False
331,POL000331,20240503,1584,3,28,4,New Business,136561.8,11846.7,2024-05-03,2025-05-03,False,False
332,POL000332,20241215,2260,8,31,3,New Business,82001.59,4146.46,2024-12-15,2025-12-15,False,False
333,POL000333,20250910,278,8,23,3,New Business,109582.83,9346.8,2025-09-10,2026-09-10,False,False
334,POL000334,20221023,46,3,7,5,New Business,177455.29,10733.23,2022-10-23,2023-10-23,False,False
335,POL000335,20250312,102,1,33,2,New Business,22377.21,1569.99,2025-03-12,2026-03-12,False,False
336,POL000336,20260316,1653,1,22,5,Renewal,61007.31,4511.21,2026-03-16,2027-03-16,True,False
337,POL000337,20231007,1168,5,24,1,New Business,2269177.71,159756.58,2023-10-07,2024-10-06,False,False
338,POL000338,20251027,1796,1,32,1,Renewal,21807.15,1539.22,2025-10-27,2026-10-27,True,False
339,POL000339,20230706,2245,6,37,3,Renewal,301683.85,15096.47,2023-07-06,2024-07-05,True,False
340,POL000340,20250710,1548,1,22,5,Renewal,108171.58,8146.47,2025-07-10,2026-07-10,True,False
341,POL000341,20240712,1095,6,10,4,New Business,59199.94,3119.08,2024-07-12,2025-07-12,False,False
342,POL000342,20220608,1573,1,18,1,New Business,50263.88,5911.52,2022-06-08,2023-06-08,False,False
343,POL000343,20250207,545,2,13,3,New Business,17208.2,1666.82,2025-02-07,2026-02-07,False,False
344,POL000344,20230811,622,8,28,4,Renewal,54462.98,4923.53,2023-08-11,2024-08-10,True,False
345,POL000345,20260304,3,9,5,4,New Business,101600.8,12024.43,2026-03-04,2027-03-04,False,False
346,POL000346,20231226,271,6,15,3,Renewal,381395.34,19287.36,2023-12-26,2024-12-25,True,False
347,POL000347,20260108,2022,9,8,5,New Business,121049.83,8956.52,2026-01-08,2027-01-08,False,False
348,POL000348,20221009,2527,8,24,1,Renewal,194276.25,9979.25,2022-10-09,2023-10-09,True,False
349,POL000349,20250727,2288,1,36,5,Renewal,77821.62,4378.75,2025-07-27,2026-07-27,True,False
350,POL000350,20250908,2724,2,21,3,Renewal,19785.21,1235.57,2025-09-08,2026-09-08,True,False
351,POL000351,20250124,2416,8,34,2,Renewal,250645.33,14181.37,2025-01-24,2026-01-24,True,False
352,POL000352,20220621,1005,7,15,3,Renewal,250363.3,18957.61,2022-06-21,2023-06-21,True,False
353,POL000353,20260116,2085,1,20,4,Renewal,35127.05,2104.51,2026-01-16,2027-01-16,True,False
354,POL000354,20240530,2424,2,20,4,Renewal,22489.66,2027.61,2024-05-30,2025-05-30,True,False
355,POL000355,20231202,2274,8,15,3,Renewal,48974.5,4608.31,2023-12-02,2024-12-01,True,False
356,POL000356,20250919,1902,9,10,4,Cancellation,247869.09,5344.29,2025-09-19,2026-09-19,False,True
357,POL000357,20240113,1638,2,27,1,Renewal,8332.96,719.04,2024-01-13,2025-01-12,True,False
358,POL000358,20240203,2553,1,31,3,Cancellation,65494.7,2001.15,2024-02-03,2025-02-02,False,True
359,POL000359,20230910,234,9,28,4,New Business,58162.97,4410.96,2023-09-10,2024-09-09,False,False
360,POL000360,20240623,126,2,22,5,Cancellation,10242.01,236.88,2024-06-23,2025-06-23,False,True
361,POL000361,20230912,2015,8,26,1,Renewal,187987.51,14613.67,2023-09-12,2024-09-11,True,False
362,POL000362,20240726,1174,8,16,4,Renewal,43002.05,4309.37,2024-07-26,2025-07-26,True,False
363,POL000363,20240606,1340,1,38,1,New Business,21234.04,2360.77,2024-06-06,2025-06-06,False,False
364,POL000364,20251121,35,1,10,4,Renewal,77579.61,5576.54,2025-11-21,2026-11-21,True,False
365,POL000365,20260205,2857,1,10,4,Cancellation,68957.14,1622.19,2026-02-05,2027-02-05,False,True
366,POL000366,20221206,1503,1,23,3,Renewal,50597.55,5590.74,2022-12-06,2023-12-06,True,False
367,POL000367,20250925,1269,1,22,5,New Business,37709.85,1889.67,2025-09-25,2026-09-25,False,False
368,POL000368,20230915,162,1,40,4,New Business,75836.39,3976.61,2023-09-15,2024-09-14,False,False
369,POL000369,20230726,1601,7,32,1,New Business,1073077.2,70968.64,2023-07-26,2024-07-25,False,False
370,POL000370,20240122,2155,4,5,4,Renewal,233291.49,20440.25,2024-01-22,2025-01-21,True,False
371,POL000371,20250808,2483,1,17,3,New Business,39664.72,2291.05,2025-08-08,2026-08-08,False,False
372,POL000372,20250309,2034,3,39,1,New Business,132801.2,11644.77,2025-03-09,2026-03-09,False,False
373,POL000373,20260502,1388,2,11,1,Renewal,30083.98,1697.43,2026-05-02,2027-05-02,True,False
374,POL000374,20250401,2085,2,20,4,New Business,26558.59,1612.75,2025-04-01,2026-04-01,False,False
375,POL000375,20260117,964,2,20,4,Renewal,23459.93,2228.64,2026-01-17,2027-01-17,True,False
376,POL000376,20240306,2881,3,10,4,New Business,34995.4,4020.16,2024-03-06,2025-03-06,False,False
377,POL000377,20230714,605,8,7,5,Cancellation,22373.42,1085.08,2023-07-14,2024-07-13,False,True
378,POL000378,20241103,1363,2,21,3,Renewal,23169.26,1393.75,2024-11-03,2025-11-03,True,False
379,POL000379,20230602,503,3,36,5,Renewal,42129.7,3622.33,2023-06-02,2024-06-01,True,False
380,POL000380,20250404,1939,6,3,2,New Business,456056.05,35939.55,2025-04-04,2026-04-04,False,False
381,POL000381,20250618,201,2,3,2,Renewal,38043.33,2156.22,2025-06-18,2026-06-18,True,False
382,POL000382,20250910,2039,2,30,3,Renewal,27597.11,2161.11,2025-09-10,2026-09-10,True,False
383,POL000383,20230214,1326,6,29,3,New Business,183644.82,15402.7,2023-02-14,2024-02-14,False,False
384,POL000384,20260123,1730,9,21,3,Cancellation,161274.38,5061.14,2026-01-23,2027-01-23,False,True
385,POL000385,20250908,673,1,17,3,New Business,88366.59,6383.61,2025-09-08,2026-09-08,False,False
386,POL000386,20220721,607,9,3,2,Renewal,320270.09,29435.83,2022-07-21,2023-07-21,True,False
387,POL000387,20230907,1139,4,13,3,Renewal,243715.47,18726.54,2023-09-07,2024-09-06,True,False
388,POL000388,20240103,2587,7,24,1,Renewal,936737.29,53216.14,2024-01-03,2025-01-02,True,False
389,POL000389,20230515,12,2,7,5,Renewal,11863.4,663.06,2023-05-15,2024-05-14,True,False
390,POL000390,20260606,865,3,10,4,New Business,153642.86,9660.65,2026-06-06,2027-06-06,False,False
391,POL000391,20240515,2069,6,18,1,Renewal,519485.36,27817.1,2024-05-15,2025-05-15,True,False
392,POL000392,20231017,2509,9,40,4,New Business,454066.02,26343.22,2023-10-17,2024-10-16,False,False
393,POL000393,20251213,162,6,30,3,Cancellation,557922.56,9060.94,2025-12-13,2026-12-13,False,True
394,POL000394,20250508,1870,9,3,2,New Business,191877.01,23356.97,2025-05-08,2026-05-08,False,False
395,POL000395,20260310,258,4,31,3,Renewal,138269.25,10630.42,2026-03-10,2027-03-10,True,False
396,POL000396,20250511,2494,3,37,3,New Business,34938.09,2965.34,2025-05-11,2026-05-11,False,False
397,POL000397,20240505,1841,4,17,3,New Business,268499.32,16967.15,2024-05-05,2025-05-05,False,False
398,POL000398,20230819,940,1,38,1,New Business,92514.04,8271.71,2023-08-19,2024-08-18,False,False
399,POL000399,20230316,167,3,15,3,Cancellation,51599.54,1150.17,2023-03-16,2024-03-15,False,True
400,POL000400,20250516,312,3,18,1,Renewal,147120.17,7828.07,2025-05-16,2026-05-16,True,False
401,POL000401,20240326,67,9,33,2,Renewal,427332.84,25447.08,2024-03-26,2025-03-26,True,False
402,POL000402,20250617,1255,7,39,1,Renewal,990064.5,70923.42,2025-06-17,2026-06-17,True,False
403,POL000403,20241005,2188,4,36,5,New Business,192293.99,20477.59,2024-10-05,2025-10-05,False,False
404,POL000404,20250503,1594,1,36,5,Renewal,63138.93,6234.81,2025-05-03,2026-05-03,True,False
405,POL000405,20250501,59,5,28,4,New Business,622490.56,39492.83,2025-05-01,2026-05-01,False,False
406,POL000406,20230513,85,9,7,5,New Business,341911.37,20120.81,2023-05-13,2024-05-12,False,False
407,POL000407,20260106,2693,1,19,5,Renewal,23926.69,1842.37,2026-01-06,2027-01-06,True,False
408,POL000408,20231014,836,8,11,1,New Business,165432.81,9628.76,2023-10-14,2024-10-13,False,False
409,POL000409,20220823,2222,2,36,5,Renewal,5478.62,614.56,2022-08-23,2023-08-23,True,False
410,POL000410,20220827,498,1,1,1,Cancellation,46992.19,2593.24,2022-08-27,2023-08-27,False,True
411,POL000411,20240802,1107,7,12,2,New Business,687946.66,51279.99,2024-08-02,2025-08-02,False,False
412,POL000412,20250427,2190,1,30,3,Renewal,71651.53,5201.6,2025-04-27,2026-04-27,True,False
413,POL000413,20230306,342,4,23,3,Renewal,161803.16,13220.42,2023-03-06,2024-03-05,True,False
414,POL000414,20221003,776,2,35,4,Cancellation,36167.03,1202.68,2022-10-03,2023-10-03,False,True
415,POL000415,20260216,354,5,5,4,New Business,350909.58,28988.3,2026-02-16,2027-02-16,False,False
416,POL000416,20251013,2825,3,35,4,New Business,130547.6,6562.37,2025-10-13,2026-10-13,False,False
417,POL000417,20250601,1440,7,2,3,New Business,130838.79,10325.57,2025-06-01,2026-06-01,False,False
418,POL000418,20230604,425,7,33,2,Renewal,717172.97,55900.25,2023-06-04,2024-06-03,True,False
419,POL000419,20241127,2544,1,31,3,Renewal,141717.04,8349.65,2024-11-27,2025-11-27,True,False
420,POL000420,20240719,929,1,32,1,Renewal,111575.76,8268.4,2024-07-19,2025-07-19,True,False
421,POL000421,20260414,1511,2,13,3,Renewal,11826.95,1401.87,2026-04-14,2027-04-14,True,False
422,POL000422,20221227,2339,1,23,3,New Business,38699.67,2422.52,2022-12-27,2023-12-27,False,False
423,POL000423,20230426,1388,2,27,1,Renewal,17850.15,2206.65,2023-04-26,2024-04-25,True,False
424,POL000424,20220926,1899,2,6,1,New Business,10817.34,1182.0,2022-09-26,2023-09-26,False,False
425,POL000425,20230111,478,3,38,1,New Business,147341.07,10575.62,2023-01-11,2024-01-11,False,False
426,POL000426,20260619,2974,9,22,5,New Business,230873.4,13021.66,2026-06-19,2027-06-19,False,False
427,POL000427,20230419,2614,7,21,3,New Business,252996.86,17514.52,2023-04-19,2024-04-18,False,False
428,POL000428,20260417,160,3,7,5,New Business,98136.17,8458.22,2026-04-17,2027-04-17,False,False
429,POL000429,20250325,561,9,17,3,Renewal,227958.98,11402.87,2025-03-25,2026-03-25,True,False
430,POL000430,20260517,1688,2,5,4,Cancellation,30632.49,864.92,2026-05-17,2027-05-17,False,True
431,POL000431,20260330,1667,6,2,3,New Business,45902.87,4018.86,2026-03-30,2027-03-30,False,False
432,POL000432,20250512,382,1,9,5,Cancellation,26389.4,910.75,2025-05-12,2026-05-12,False,True
433,POL000433,20250703,390,2,17,3,Renewal,27305.49,2310.16,2025-07-03,2026-07-03,True,False
434,POL000434,20251130,2361,1,14,2,Renewal,53873.84,6022.07,2025-11-30,2026-11-30,True,False
435,POL000435,20250326,1276,1,36,5,Renewal,76825.47,4052.9,2025-03-26,2026-03-26,True,False
436,POL000436,20250204,2920,1,36,5,Cancellation,133056.96,2691.15,2025-02-04,2026-02-04,False,True
437,POL000437,20260320,2695,8,20,4,New Business,49908.56,3885.81,2026-03-20,2027-03-20,False,False
438,POL000438,20250706,1278,9,27,1,New Business,148507.84,12376.48,2025-07-06,2026-07-06,False,False
439,POL000439,20230801,561,7,5,4,New Business,805694.38,41667.34,2023-08-01,2024-07-31,False,False
440,POL000440,20240412,1954,1,3,2,Renewal,37121.98,3009.84,2024-04-12,2025-04-12,True,False
441,POL000441,20240819,1083,4,11,1,Renewal,140785.95,9554.99,2024-08-19,2025-08-19,True,False
442,POL000442,20230730,336,8,22,5,New Business,191102.8,12109.04,2023-07-30,2024-07-29,False,False
443,POL000443,20250701,426,4,2,3,Renewal,399884.28,23880.84,2025-07-01,2026-07-01,True,False
444,POL000444,20260127,2796,1,33,2,New Business,102857.79,7976.61,2026-01-27,2027-01-27,False,False
445,POL000445,20220527,1120,6,37,3,Renewal,539999.37,31186.53,2022-05-27,2023-05-27,True,False
446,POL000446,20231226,2243,1,16,4,New Business,61101.61,5801.47,2023-12-26,2024-12-25,False,False
447,POL000447,20241113,789,6,34,2,New Business,185450.56,19248.54,2024-11-13,2025-11-13,False,False
448,POL000448,20241217,1686,9,38,1,New Business,218866.32,19918.0,2024-12-17,2025-12-17,False,False
449,POL000449,20250812,511,8,27,1,New Business,170539.79,11173.36,2025-08-12,2026-08-12,False,False
450,POL000450,20250129,470,1,26,1,Renewal,127775.18,7533.28,2025-01-29,2026-01-29,True,False
451,POL000451,20230423,2362,6,12,2,Renewal,52812.51,3529.67,2023-04-23,2024-04-22,True,False
452,POL000452,20241026,1020,9,9,5,Renewal,251405.51,23342.55,2024-10-26,2025-10-26,True,False
453,POL000453,20240513,191,1,5,4,Renewal,58552.3,6102.03,2024-05-13,2025-05-13,True,False
454,POL000454,20260207,462,1,37,3,New Business,47911.92,4553.3,2026-02-07,2027-02-07,False,False
455,POL000455,20251009,2852,1,1,1,New Business,104120.7,8607.66,2025-10-09,2026-10-09,False,False
456,POL000456,20240817,603,3,8,5,Renewal,32950.29,2768.62,2024-08-17,2025-08-17,True,False
457,POL000457,20241003,2702,2,34,2,Renewal,9837.65,738.51,2024-10-03,2025-10-03,True,False
458,POL000458,20260409,2602,1,10,4,New Business,92105.7,7526.12,2026-04-09,2027-04-09,False,False
459,POL000459,20230521,2713,8,16,4,Renewal,150751.75,7774.83,2023-05-21,2024-05-20,True,False
460,POL000460,20240906,1033,3,1,1,Renewal,55241.78,5578.14,2024-09-06,2025-09-06,True,False
461,POL000461,20241004,245,7,30,3,Renewal,541720.99,51858.79,2024-10-04,2025-10-04,True,False
462,POL000462,20250811,1177,1,10,4,New Business,77646.59,7669.01,2025-08-11,2026-08-11,False,False
463,POL000463,20231103,1939,7,34,2,New Business,849579.25,63150.96,2023-11-03,2024-11-02,False,False
464,POL000464,20260623,919,2,29,3,New Business,32988.59,1796.16,2026-06-23,2027-06-23,False,False
465,POL000465,20240428,1600,8,18,1,New Business,21986.89,2065.12,2024-04-28,2025-04-28,False,False
466,POL000466,20260302,71,8,16,4,Renewal,77849.94,6171.23,2026-03-02,2027-03-02,True,False
467,POL000467,20251113,2260,9,33,2,Renewal,263664.52,27080.55,2025-11-13,2026-11-13,True,False
468,POL000468,20250821,1519,1,34,2,New Business,19930.62,2169.67,2025-08-21,2026-08-21,False,False
469,POL000469,20230317,2116,8,20,4,Renewal,89964.25,10913.23,2023-03-17,2024-03-16,True,False
470,POL000470,20240705,439,4,16,4,Renewal,264774.78,24015.45,2024-07-05,2025-07-05,True,False
471,POL000471,20221221,2738,1,36,5,Renewal,94289.14,6331.12,2022-12-21,2023-12-21,True,False
472,POL000472,20250501,750,9,32,1,Cancellation,118063.48,8506.42,2025-05-01,2026-05-01,False,True
473,POL000473,20230813,2825,2,36,5,New Business,8460.48,699.47,2023-08-13,2024-08-12,False,False
474,POL000474,20230323,768,3,7,5,Renewal,68599.35,4119.94,2023-03-23,2024-03-22,True,False
475,POL000475,20221210,2851,3,18,1,Renewal,136466.25,8778.13,2022-12-10,2023-12-10,True,False
476,POL000476,20220913,2465,6,37,3,Renewal,277595.59,30328.11,2022-09-13,2023-09-13,True,False
477,POL000477,20260615,804,3,16,4,New Business,73030.62,3992.15,2026-06-15,2027-06-15,False,False
478,POL000478,20240101,988,2,35,4,New Business,8712.12,811.87,2024-01-01,2024-12-31,False,False
479,POL000479,20221210,68,9,5,4,New Business,248180.98,13235.54,2022-12-10,2023-12-10,False,False
480,POL000480,20251111,180,1,14,2,Renewal,79049.6,5482.03,2025-11-11,2026-11-11,True,False
481,POL000481,20241109,421,6,36,5,Renewal,213796.48,22204.19,2024-11-09,2025-11-09,True,False
482,POL000482,20221104,895,6,24,1,New Business,246894.29,22287.95,2022-11-04,2023-11-04,False,False
483,POL000483,20240706,1676,9,8,5,Cancellation,171610.71,5949.95,2024-07-06,2025-07-06,False,True
484,POL000484,20230808,383,8,22,5,Cancellation,18696.12,178.85,2023-08-08,2024-08-07,False,True
485,POL000485,20260609,2451,1,35,4,Renewal,32297.01,1676.96,2026-06-09,2027-06-09,True,False
486,POL000486,20241027,1950,1,18,1,Renewal,71256.36,4485.04,2024-10-27,2025-10-27,True,False
487,POL000487,20241016,27,6,32,1,Renewal,221577.69,20910.85,2024-10-16,2025-10-16,True,False
488,POL000488,20241005,1355,2,7,5,New Business,11150.7,743.65,2024-10-05,2025-10-05,False,False
489,POL000489,20251013,1138,9,1,1,Renewal,241375.62,19805.17,2025-10-13,2026-10-13,True,False
490,POL000490,20251008,1853,2,36,5,Renewal,15050.19,1808.31,2025-10-08,2026-10-08,True,False
491,POL000491,20260314,2570,1,37,3,New Business,94732.82,8381.14,2026-03-14,2027-03-14,False,False
492,POL000492,20240820,643,1,15,3,Renewal,33016.46,1966.52,2024-08-20,2025-08-20,True,False
493,POL000493,20260109,857,1,13,3,New Business,74043.68,5472.45,2026-01-09,2027-01-09,False,False
494,POL000494,20230214,925,6,40,4,New Business,123933.05,13164.04,2023-02-14,2024-02-14,False,False
495,POL000495,20230223,837,9,24,1,Renewal,77687.52,4185.3,2023-02-23,2024-02-23,True,False
496,POL000496,20241124,2813,2,28,4,New Business,19295.94,2202.93,2024-11-24,2025-11-24,False,False
497,POL000497,20240319,1941,8,25,2,New Business,180627.57,14456.65,2024-03-19,2025-03-19,False,False
498,POL000498,20260616,2804,3,27,1,New Business,136278.32,7935.61,2026-06-16,2027-06-16,False,False
499,POL000499,20250215,630,1,27,1,New Business,80036.03,7444.46,2025-02-15,2026-02-15,False,False
500,POL000500,20240709,1091,8,34,2,Renewal,63838.3,3431.07,2024-07-09,2025-07-09,True,False
501,POL000501,20251214,2424,3,38,1,Cancellation,161505.28,1548.6,2025-12-14,2026-12-14,False,True
502,POL000502,20240318,2183,9,37,3,New Business,44541.27,3326.78,2024-03-18,2025-03-18,False,False
503,POL000503,20240806,1824,1,18,1,New Business,95589.18,6257.73,2024-08-06,2025-08-06,False,False
504,POL000504,20231110,83,9,13,3,New Business,69732.45,5575.78,2023-11-10,2024-11-09,False,False
505,POL000505,20240718,373,3,38,1,New Business,52024.95,3185.03,2024-07-18,2025-07-18,False,False
506,POL000506,20230920,942,8,35,4,Cancellation,17029.46,618.11,2023-09-20,2024-09-19,False,True
507,POL000507,20260311,2379,8,9,5,New Business,140928.15,13874.28,2026-03-11,2027-03-11,False,False
508,POL000508,20220603,518,8,16,4,Cancellation,126686.41,3624.69,2022-06-03,2023-06-03,False,True
509,POL000509,20260612,990,8,35,4,Renewal,167422.31,13871.7,2026-06-12,2027-06-12,True,False
510,POL000510,20251211,1064,3,17,3,New Business,22738.45,2360.19,2025-12-11,2026-12-11,False,False
511,POL000511,20250422,1752,1,32,1,Renewal,61339.43,5862.17,2025-04-22,2026-04-22,True,False
512,POL000512,20260725,904,8,6,1,Renewal,79016.19,5098.45,2026-07-25,2027-07-25,True,False
513,POL000513,20250924,2953,1,35,4,New Business,79544.91,4645.86,2025-09-24,2026-09-24,False,False
514,POL000514,20230612,2791,3,18,1,Cancellation,95348.39,922.09,2023-06-12,2024-06-11,False,True
515,POL000515,20250913,112,1,2,3,Renewal,33916.01,2033.69,2025-09-13,2026-09-13,True,False
516,POL000516,20231201,676,1,38,1,New Business,104195.66,6409.88,2023-12-01,2024-11-30,False,False
517,POL000517,20230919,403,3,29,3,Renewal,90460.34,6252.28,2023-09-19,2024-09-18,True,False
518,POL000518,20250501,2584,2,39,1,New Business,13632.75,1391.48,2025-05-01,2026-05-01,False,False
519,POL000519,20250523,1553,2,8,5,Renewal,14579.12,1037.79,2025-05-23,2026-05-23,True,False
520,POL000520,20230402,1197,2,17,3,New Business,32183.2,2212.01,2023-04-02,2024-04-01,False,False
521,POL000521,20250326,2737,1,37,3,Renewal,87287.05,7625.85,2025-03-26,2026-03-26,True,False
522,POL000522,20230107,314,3,10,4,New Business,203306.75,11848.58,2023-01-07,2024-01-07,False,False
523,POL000523,20230519,174,3,21,3,New Business,23625.87,2784.56,2023-05-19,2024-05-18,False,False
524,POL000524,20240124,108,3,3,2,Renewal,62964.77,7837.73,2024-01-24,2025-01-23,True,False
525,POL000525,20260621,1007,1,25,2,New Business,87014.41,7192.54,2026-06-21,2027-06-21,False,False
526,POL000526,20231024,2114,2,18,1,Renewal,30516.34,2372.56,2023-10-24,2024-10-23,True,False
527,POL000527,20241016,966,4,27,1,New Business,212211.15,18891.91,2024-10-16,2025-10-16,False,False
528,POL000528,20250107,1318,1,24,1,Renewal,36741.1,2964.3,2025-01-07,2026-01-07,True,False
529,POL000529,20221103,2363,8,25,2,Renewal,208775.32,14269.85,2022-11-03,2023-11-03,True,False
530,POL000530,20260426,1925,1,4,5,New Business,76283.42,7008.33,2026-04-26,2027-04-26,False,False
531,POL000531,20240828,2516,4,36,5,Renewal,234152.03,19097.42,2024-08-28,2025-08-28,True,False
532,POL000532,20241015,2558,9,34,2,New Business,145909.95,16629.48,2024-10-15,2025-10-15,False,False
533,POL000533,20250328,193,1,8,5,Renewal,62289.01,5645.3,2025-03-28,2026-03-28,True,False
534,POL000534,20250819,2277,3,34,2,Renewal,119347.95,10714.14,2025-08-19,2026-08-19,True,False
535,POL000535,20241205,2637,6,12,2,Renewal,330524.33,24154.6,2024-12-05,2025-12-05,True,False
536,POL000536,20251016,1020,8,34,2,New Business,85904.84,5169.33,2025-10-16,2026-10-16,False,False
537,POL000537,20231110,2654,1,5,4,New Business,76295.17,6995.24,2023-11-10,2024-11-09,False,False
538,POL000538,20231206,580,6,26,1,Renewal,176599.9,15300.88,2023-12-06,2024-12-05,True,False
539,POL000539,20220918,2341,1,20,4,New Business,64727.65,6536.09,2022-09-18,2023-09-18,False,False
540,POL000540,20250321,1720,1,9,5,New Business,37753.21,2260.3,2025-03-21,2026-03-21,False,False
541,POL000541,20240225,877,3,7,5,New Business,46383.78,2675.03,2024-02-25,2025-02-24,False,False
542,POL000542,20230505,168,1,25,2,New Business,134234.79,6784.16,2023-05-05,2024-05-04,False,False
543,POL000543,20250709,1453,2,24,1,Renewal,18213.72,990.13,2025-07-09,2026-07-09,True,False
544,POL000544,20240423,1652,1,15,3,Renewal,108924.37,8764.03,2024-04-23,2025-04-23,True,False
545,POL000545,20240105,766,4,19,5,New Business,312204.13,16980.89,2024-01-05,2025-01-04,False,False
546,POL000546,20260408,2739,6,6,1,Renewal,452574.69,38705.57,2026-04-08,2027-04-08,True,False
547,POL000547,20240613,1191,8,33,2,Renewal,98093.76,5518.12,2024-06-13,2025-06-13,True,False
548,POL000548,20240923,93,3,15,3,Renewal,37994.94,3059.06,2024-09-23,2025-09-23,True,False
549,POL000549,20250516,2052,4,34,2,New Business,376415.35,19022.79,2025-05-16,2026-05-16,False,False
550,POL000550,20250523,550,2,30,3,Renewal,17690.16,1080.89,2025-05-23,2026-05-23,True,False
551,POL000551,20250109,1393,6,3,2,New Business,156313.7,9976.0,2025-01-09,2026-01-09,False,False
552,POL000552,20250501,1194,9,16,4,New Business,245839.15,23206.38,2025-05-01,2026-05-01,False,False
553,POL000553,20260515,1455,9,13,3,Renewal,249950.67,22533.09,2026-05-15,2027-05-15,True,False
554,POL000554,20230124,2904,2,8,5,New Business,11300.59,1059.84,2023-01-24,2024-01-24,False,False
555,POL000555,20250701,419,1,6,1,New Business,51109.02,3362.82,2025-07-01,2026-07-01,False,False
556,POL000556,20260215,2955,3,8,5,Renewal,100669.57,6589.41,2026-02-15,2027-02-15,True,False
557,POL000557,20221108,2431,1,6,1,Renewal,89607.98,8636.18,2022-11-08,2023-11-08,True,False
558,POL000558,20250302,1659,1,21,3,Cancellation,47281.67,1693.12,2025-03-02,2026-03-02,False,True
559,POL000559,20231229,315,1,6,1,Cancellation,83016.28,1907.02,2023-12-29,2024-12-28,False,True
560,POL000560,20241014,1342,7,25,2,New Business,886120.94,45374.9,2024-10-14,2025-10-14,False,False
561,POL000561,20231203,2264,8,34,2,Renewal,98072.72,12065.94,2023-12-03,2024-12-02,True,False
562,POL000562,20260226,109,1,2,3,Renewal,56555.02,4707.01,2026-02-26,2027-02-26,True,False
563,POL000563,20241205,2252,2,9,5,Renewal,30958.85,2167.01,2024-12-05,2025-12-05,True,False
564,POL000564,20250628,2820,1,25,2,New Business,82429.12,5269.73,2025-06-28,2026-06-28,False,False
565,POL000565,20240201,2988,3,19,5,Renewal,146140.45,9644.41,2024-02-01,2025-01-31,True,False
566,POL000566,20260307,1702,9,1,1,Renewal,118503.66,7332.49,2026-03-07,2027-03-07,True,False
567,POL000567,20250103,2498,2,23,3,New Business,18667.5,2146.84,2025-01-03,2026-01-03,False,False
568,POL000568,20240413,291,2,8,5,Renewal,16845.57,1074.92,2024-04-13,2025-04-13,True,False
569,POL000569,20260722,446,4,35,4,New Business,232454.47,21571.11,2026-07-22,2027-07-22,False,False
570,POL000570,20241020,1405,3,2,3,Renewal,89958.51,5267.43,2024-10-20,2025-10-20,True,False
571,POL000571,20231221,699,2,11,1,Cancellation,12144.83,280.53,2023-12-21,2024-12-20,False,True
572,POL000572,20241003,1849,1,18,1,New Business,103387.38,7941.13,2024-10-03,2025-10-03,False,False
573,POL000573,20260217,150,1,19,5,New Business,69194.2,4794.08,2026-02-17,2027-02-17,False,False
574,POL000574,20240731,176,9,24,1,Renewal,376831.2,21736.64,2024-07-31,2025-07-31,True,False
575,POL000575,20231117,2017,2,26,1,Renewal,14868.05,758.75,2023-11-17,2024-11-16,True,False
576,POL000576,20260415,2128,7,7,5,New Business,206917.4,21677.1,2026-04-15,2027-04-15,False,False
577,POL000577,20250903,74,7,3,2,Cancellation,634987.79,4383.4,2025-09-03,2026-09-03,False,True
578,POL000578,20240602,1480,8,25,2,New Business,108849.88,7119.43,2024-06-02,2025-06-02,False,False
579,POL000579,20250420,112,8,25,2,New Business,109108.12,8101.56,2025-04-20,2026-04-20,False,False
580,POL000580,20250508,872,2,7,5,Cancellation,14100.22,185.98,2025-05-08,2026-05-08,False,True
581,POL000581,20251030,214,2,28,4,Renewal,19534.01,1914.94,2025-10-30,2026-10-30,True,False
582,POL000582,20230504,1989,4,32,1,Renewal,223347.12,15156.1,2023-05-04,2024-05-03,True,False
583,POL000583,20241014,2545,8,14,2,Cancellation,177471.18,2420.69,2024-10-14,2025-10-14,False,True
584,POL000584,20231117,475,9,16,4,New Business,368960.22,25177.49,2023-11-17,2024-11-16,False,False
585,POL000585,20260108,1833,8,13,3,New Business,40483.45,3731.5,2026-01-08,2027-01-08,False,False
586,POL000586,20240323,2254,8,34,2,New Business,116707.34,13644.48,2024-03-23,2025-03-23,False,False
587,POL000587,20230930,1534,1,40,4,Renewal,17275.04,1999.24,2023-09-30,2024-09-29,True,False
588,POL000588,20240214,1850,6,2,3,Renewal,163157.69,19038.47,2024-02-14,2025-02-13,True,False
589,POL000589,20240927,2313,2,38,1,Renewal,12886.67,730.56,2024-09-27,2025-09-27,True,False
590,POL000590,20230908,745,2,2,3,Renewal,8198.09,610.1,2023-09-08,2024-09-07,True,False
591,POL000591,20230625,679,1,26,1,Renewal,119417.28,7248.86,2023-06-25,2024-06-24,True,False
592,POL000592,20250417,2564,5,27,1,Renewal,2033556.55,136731.9,2025-04-17,2026-04-17,True,False
593,POL000593,20240708,2691,2,19,5,Renewal,14488.4,922.77,2024-07-08,2025-07-08,True,False
594,POL000594,20250812,2990,7,30,3,New Business,883151.46,61903.65,2025-08-12,2026-08-12,False,False
595,POL000595,20240711,1500,1,38,1,New Business,121257.81,6242.93,2024-07-11,2025-07-11,False,False
596,POL000596,20230802,1354,1,37,3,New Business,24905.44,3016.91,2023-08-02,2024-08-01,False,False
597,POL000597,20250814,1269,3,37,3,Renewal,218224.84,11078.39,2025-08-14,2026-08-14,True,False
598,POL000598,20250614,718,1,13,3,New Business,116486.71,6446.33,2025-06-14,2026-06-14,False,False
599,POL000599,20250213,914,8,19,5,Renewal,245168.87,14159.15,2025-02-13,2026-02-13,True,False
600,POL000600,20250616,2310,3,36,5,Cancellation,77451.49,3677.95,2025-06-16,2026-06-16,False,True
601,POL000601,20260123,2286,1,31,3,New Business,119378.82,7612.05,2026-01-23,2027-01-23,False,False
602,POL000602,20251225,1711,3,2,3,Renewal,90676.77,8989.49,2025-12-25,2026-12-25,True,False
603,POL000603,20251011,2301,1,15,3,Renewal,18655.7,1752.57,2025-10-11,2026-10-11,True,False
604,POL000604,20240703,2468,6,24,1,Renewal,519768.13,27673.35,2024-07-03,2025-07-03,True,False
605,POL000605,20221007,2693,3,36,5,Renewal,184899.48,10254.16,2022-10-07,2023-10-07,True,False
606,POL000606,20240302,13,9,23,3,Cancellation,103731.34,883.94,2024-03-02,2025-03-02,False,True
607,POL000607,20260321,2848,1,37,3,Renewal,108649.5,8982.21,2026-03-21,2027-03-21,True,False
608,POL000608,20240312,604,4,26,1,Renewal,254396.15,20674.77,2024-03-12,2025-03-12,True,False
609,POL000609,20220802,1779,6,18,1,New Business,51594.83,3532.11,2022-08-02,2023-08-02,False,False
610,POL000610,20240306,1412,4,27,1,Renewal,414878.22,21742.39,2024-03-06,2025-03-06,True,False
611,POL000611,20231228,2302,1,31,3,Renewal,54174.84,5902.02,2023-12-28,2024-12-27,True,False
612,POL000612,20250111,597,8,13,3,Renewal,128961.59,10962.08,2025-01-11,2026-01-11,True,False
613,POL000613,20240307,493,2,17,3,Renewal,40983.88,2365.37,2024-03-07,2025-03-07,True,False
614,POL000614,20240807,611,2,16,4,Renewal,12117.91,701.36,2024-08-07,2025-08-07,True,False
615,POL000615,20240628,1114,8,3,2,Renewal,255379.45,14195.35,2024-06-28,2025-06-28,True,False
616,POL000616,20240206,917,1,1,1,New Business,116007.8,6364.79,2024-02-06,2025-02-05,False,False
617,POL000617,20240705,1601,3,25,2,New Business,32859.1,3793.56,2024-07-05,2025-07-05,False,False
618,POL000618,20220805,1586,8,33,2,New Business,31790.17,3542.25,2022-08-05,2023-08-05,False,False
619,POL000619,20231117,2507,1,22,5,Renewal,139215.74,7786.16,2023-11-17,2024-11-16,True,False
620,POL000620,20250918,272,1,25,2,Renewal,69268.78,4514.15,2025-09-18,2026-09-18,True,False
621,POL000621,20241030,1201,1,39,1,New Business,100211.59,5946.3,2024-10-30,2025-10-30,False,False
622,POL000622,20240908,1671,1,12,2,Renewal,30437.87,2134.24,2024-09-08,2025-09-08,True,False
623,POL000623,20250503,1816,8,27,1,Renewal,35403.77,4115.0,2025-05-03,2026-05-03,True,False
624,POL000624,20260125,2612,2,18,1,New Business,46773.12,2494.75,2026-01-25,2027-01-25,False,False
625,POL000625,20250201,2453,3,19,5,New Business,22823.51,2623.94,2025-02-01,2026-02-01,False,False
626,POL000626,20240910,573,9,26,1,Renewal,336676.59,26018.78,2024-09-10,2025-09-10,True,False
627,POL000627,20240706,562,1,23,3,New Business,88241.81,5018.3,2024-07-06,2025-07-06,False,False
628,POL000628,20241029,2016,7,31,3,Cancellation,1487645.25,46085.95,2024-10-29,2025-10-29,False,True
629,POL000629,20230725,2465,4,5,4,Renewal,122650.42,10987.67,2023-07-25,2024-07-24,True,False
630,POL000630,20241130,2147,2,35,4,New Business,36941.49,1880.59,2024-11-30,2025-11-30,False,False
631,POL000631,20240323,1860,1,15,3,New Business,25533.3,2661.94,2024-03-23,2025-03-23,False,False
632,POL000632,20251028,1466,9,11,1,New Business,469100.71,24702.73,2025-10-28,2026-10-28,False,False
633,POL000633,20260213,1914,2,35,4,Cancellation,24232.49,361.51,2026-02-13,2027-02-13,False,True
634,POL000634,20260620,673,9,7,5,New Business,112300.81,11274.51,2026-06-20,2027-06-20,False,False
635,POL000635,20221031,897,2,28,4,New Business,16939.9,1196.36,2022-10-31,2023-10-31,False,False
636,POL000636,20250903,543,6,30,3,Renewal,314105.81,21107.52,2025-09-03,2026-09-03,True,False
637,POL000637,20260618,497,2,13,3,New Business,11441.11,1286.67,2026-06-18,2027-06-18,False,False
638,POL000638,20230828,1216,6,20,4,New Business,268105.11,31210.54,2023-08-28,2024-08-27,False,False
639,POL000639,20250127,2371,9,21,3,New Business,336687.47,18328.64,2025-01-27,2026-01-27,False,False
640,POL000640,20220923,177,2,7,5,Renewal,18838.95,1650.06,2022-09-23,2023-09-23,True,False
641,POL000641,20260606,1851,1,14,2,Renewal,51965.32,2889.53,2026-06-06,2027-06-06,True,False
642,POL000642,20241221,2189,2,7,5,Cancellation,21554.55,537.66,2024-12-21,2025-12-21,False,True
643,POL000643,20230725,2103,3,11,1,Cancellation,50509.96,2933.29,2023-07-25,2024-07-24,False,True
644,POL000644,20251122,2014,5,38,1,Renewal,572135.88,56153.94,2025-11-22,2026-11-22,True,False
645,POL000645,20230305,1070,5,34,2,Cancellation,960568.55,28456.62,2023-03-05,2024-03-04,False,True
646,POL000646,20241015,2013,2,39,1,Renewal,15195.17,888.89,2024-10-15,2025-10-15,True,False
647,POL000647,20230223,949,8,35,4,New Business,130437.82,13906.21,2023-02-23,2024-02-23,False,False
648,POL000648,20250401,2227,3,21,3,New Business,80366.69,6662.99,2025-04-01,2026-04-01,False,False
649,POL000649,20231112,1842,4,2,3,Renewal,278359.7,16938.21,2023-11-12,2024-11-11,True,False
650,POL000650,20251212,2608,4,28,4,New Business,173828.96,9088.97,2025-12-12,2026-12-12,False,False
651,POL000651,20240711,1960,1,4,5,New Business,33930.1,1761.84,2024-07-11,2025-07-11,False,False
652,POL000652,20251108,1660,1,34,2,Renewal,47502.48,4867.79,2025-11-08,2026-11-08,True,False
653,POL000653,20240113,1496,8,1,1,New Business,34948.88,3594.25,2024-01-13,2025-01-12,False,False
654,POL000654,20260116,701,5,12,2,New Business,542397.54,44489.28,2026-01-16,2027-01-16,False,False
655,POL000655,20230622,354,6,26,1,Renewal,594863.8,37378.35,2023-06-22,2024-06-21,True,False
656,POL000656,20240711,1373,1,35,4,Cancellation,104604.98,2409.97,2024-07-11,2025-07-11,False,True
657,POL000657,20230630,616,2,5,4,Renewal,41841.35,2426.84,2023-06-30,2024-06-29,True,False
658,POL000658,20250214,2338,1,9,5,New Business,84172.37,6588.75,2025-02-14,2026-02-14,False,False
659,POL000659,20251124,2434,3,3,2,Renewal,135330.02,9390.67,2025-11-24,2026-11-24,True,False
660,POL000660,20250420,964,6,28,4,Renewal,427728.42,29493.85,2025-04-20,2026-04-20,True,False
661,POL000661,20240403,67,7,11,1,New Business,580162.34,30497.89,2024-04-03,2025-04-03,False,False
662,POL000662,20250924,139,8,39,1,Renewal,136805.22,12717.09,2025-09-24,2026-09-24,True,False
663,POL000663,20250728,1775,8,39,1,Renewal,37943.62,3446.52,2025-07-28,2026-07-28,True,False
664,POL000664,20230702,2656,9,9,5,New Business,252533.98,16540.98,2023-07-02,2024-07-01,False,False
665,POL000665,20260519,2498,8,33,2,Renewal,102019.32,11603.38,2026-05-19,2027-05-19,True,False
666,POL000666,20250519,1421,1,29,3,Renewal,27011.9,1917.04,2025-05-19,2026-05-19,True,False
667,POL000667,20220921,147,9,29,3,New Business,518701.29,27180.2,2022-09-21,2023-09-21,False,False
668,POL000668,20240125,2229,1,26,1,Renewal,40226.56,2929.57,2024-01-25,2025-01-24,True,False
669,POL000669,20251001,2690,3,12,2,New Business,49221.61,3198.91,2025-10-01,2026-10-01,False,False
670,POL000670,20230803,320,1,40,4,New Business,58245.17,3749.57,2023-08-03,2024-08-02,False,False
671,POL000671,20220603,2028,9,40,4,Renewal,224029.02,17760.78,2022-06-03,2023-06-03,True,False
672,POL000672,20231211,2555,1,37,3,Cancellation,119404.47,3897.67,2023-12-11,2024-12-10,False,True
673,POL000673,20231209,531,1,21,3,Renewal,46554.92,4496.39,2023-12-09,2024-12-08,True,False
674,POL000674,20241016,157,9,35,4,New Business,221929.13,15527.51,2024-10-16,2025-10-16,False,False
675,POL000675,20250517,763,2,16,4,New Business,26339.16,1611.35,2025-05-17,2026-05-17,False,False
676,POL000676,20250604,2718,8,24,1,Renewal,24029.83,1894.82,2025-06-04,2026-06-04,True,False
677,POL000677,20250902,1360,6,30,3,Renewal,215188.98,25716.9,2025-09-02,2026-09-02,True,False
678,POL000678,20250329,1146,1,35,4,New Business,86147.19,5080.13,2025-03-29,2026-03-29,False,False
679,POL000679,20250813,1100,8,17,3,New Business,58346.42,4085.02,2025-08-13,2026-08-13,False,False
680,POL000680,20251021,1615,3,13,3,New Business,75476.01,4212.39,2025-10-21,2026-10-21,False,False
681,POL000681,20260108,761,4,16,4,Renewal,136111.74,14182.48,2026-01-08,2027-01-08,True,False
682,POL000682,20250608,2360,3,18,1,Renewal,158775.04,8838.66,2025-06-08,2026-06-08,True,False
683,POL000683,20240603,797,1,35,4,Cancellation,51704.63,1536.81,2024-06-03,2025-06-03,False,True
684,POL000684,20250105,674,2,17,3,New Business,11802.41,730.06,2025-01-05,2026-01-05,False,False
685,POL000685,20240318,2184,2,22,5,Renewal,35635.57,1857.38,2024-03-18,2025-03-18,True,False
686,POL000686,20250624,1407,1,25,2,New Business,115550.99,7752.33,2025-06-24,2026-06-24,False,False
687,POL000687,20240218,2414,2,15,3,Renewal,8546.17,801.16,2024-02-18,2025-02-17,True,False
688,POL000688,20260331,2812,3,24,1,New Business,49498.38,2701.08,2026-03-31,2027-03-31,False,False
689,POL000689,20240229,436,9,36,5,Renewal,51360.37,4131.71,2024-02-29,2025-02-28,True,False
690,POL000690,20240111,2646,1,32,1,Renewal,63008.79,3235.35,2024-01-11,2025-01-10,True,False
691,POL000691,20251123,2289,9,21,3,New Business,318957.25,26926.91,2025-11-23,2026-11-23,False,False
692,POL000692,20240818,2786,3,19,5,Renewal,78178.84,7312.94,2024-08-18,2025-08-18,True,False
693,POL000693,20221031,2573,1,40,4,New Business,41845.45,2598.27,2022-10-31,2023-10-31,False,False
694,POL000694,20231111,2364,3,5,4,Cancellation,54188.66,1972.26,2023-11-11,2024-11-10,False,True
695,POL000695,20240608,193,3,13,3,Renewal,117513.14,7140.95,2024-06-08,2025-06-08,True,False
696,POL000696,20260716,1103,4,3,2,New Business,129149.57,10439.97,2026-07-16,2027-07-16,False,False
697,POL000697,20240528,362,2,21,3,New Business,17420.0,1875.08,2024-05-28,2025-05-28,False,False
698,POL000698,20260127,829,8,7,5,New Business,15683.94,1555.62,2026-01-27,2027-01-27,False,False
699,POL000699,20250130,879,4,27,1,Renewal,431448.39,23770.6,2025-01-30,2026-01-30,True,False
700,POL000700,20260330,976,3,28,4,Renewal,88140.71,7464.59,2026-03-30,2027-03-30,True,False
701,POL000701,20240125,2543,1,18,1,Cancellation,70333.27,3820.49,2024-01-25,2025-01-24,False,True
702,POL000702,20240518,1162,8,6,1,New Business,116508.98,9513.8,2024-05-18,2025-05-18,False,False
703,POL000703,20250331,2522,3,34,2,Cancellation,111174.69,4650.22,2025-03-31,2026-03-31,False,True
704,POL000704,20250318,247,3,39,1,Renewal,59357.87,6196.27,2025-03-18,2026-03-18,True,False
705,POL000705,20220428,1113,3,24,1,New Business,38322.81,2113.03,2022-04-28,2023-04-28,False,False
706,POL000706,20230502,1427,3,26,1,New Business,57629.87,5976.84,2023-05-02,2024-05-01,False,False
707,POL000707,20240703,1754,2,27,1,New Business,13271.08,1115.83,2024-07-03,2025-07-03,False,False
708,POL000708,20231202,2075,7,27,1,Renewal,495154.09,36959.09,2023-12-02,2024-12-01,True,False
709,POL000709,20241019,1224,3,11,1,New Business,167582.89,10173.05,2024-10-19,2025-10-19,False,False
710,POL000710,20230828,2742,3,18,1,Renewal,83619.68,6925.35,2023-08-28,2024-08-27,True,False
711,POL000711,20250720,1490,4,21,3,Renewal,148906.12,8227.35,2025-07-20,2026-07-20,True,False
712,POL000712,20220929,2057,2,9,5,New Business,13582.76,883.57,2022-09-29,2023-09-29,False,False
713,POL000713,20260422,340,1,28,4,Cancellation,15987.47,1090.16,2026-04-22,2027-04-22,False,True
714,POL000714,20220504,162,1,3,2,New Business,73728.97,6311.28,2022-05-04,2023-05-04,False,False
715,POL000715,20250606,2402,5,15,3,New Business,775119.49,71524.92,2025-06-06,2026-06-06,False,False
716,POL000716,20230829,475,5,21,3,Renewal,956327.25,108293.16,2023-08-29,2024-08-28,True,False
717,POL000717,20260226,1393,1,31,3,New Business,36883.53,3529.83,2026-02-26,2027-02-26,False,False
718,POL000718,20250410,2276,5,12,2,Renewal,2492796.89,218533.86,2025-04-10,2026-04-10,True,False
719,POL000719,20231106,2130,2,34,2,Renewal,17836.21,1412.22,2023-11-06,2024-11-05,True,False
720,POL000720,20230415,2936,4,32,1,New Business,463282.52,23688.66,2023-04-15,2024-04-14,False,False
721,POL000721,20241115,910,6,28,4,Renewal,56323.07,3599.41,2024-11-15,2025-11-15,True,False
722,POL000722,20250313,1199,3,27,1,New Business,86058.89,10655.62,2025-03-13,2026-03-13,False,False
723,POL000723,20230514,2111,2,11,1,Cancellation,21596.26,1083.78,2023-05-14,2024-05-13,False,True
724,POL000724,20231027,895,1,12,2,Renewal,83473.86,4717.97,2023-10-27,2024-10-26,True,False
725,POL000725,20260210,548,1,13,3,Renewal,30925.52,3250.0,2026-02-10,2027-02-10,True,False
726,POL000726,20260205,2643,4,1,1,Renewal,118016.56,7619.47,2026-02-05,2027-02-05,True,False
727,POL000727,20260214,34,1,6,1,Renewal,109931.91,8466.45,2026-02-14,2027-02-14,True,False
728,POL000728,20251210,836,3,36,5,Renewal,38020.51,4585.92,2025-12-10,2026-12-10,True,False
729,POL000729,20260111,1932,1,26,1,Renewal,25415.38,2809.85,2026-01-11,2027-01-11,True,False
730,POL000730,20251026,741,3,23,3,Renewal,129212.54,10903.84,2025-10-26,2026-10-26,True,False
731,POL000731,20241227,1488,7,36,5,Renewal,162092.94,11740.76,2024-12-27,2025-12-27,True,False
732,POL000732,20251118,2340,2,3,2,New Business,13452.7,872.23,2025-11-18,2026-11-18,False,False
733,POL000733,20240621,2744,3,30,3,New Business,174855.43,11002.64,2024-06-21,2025-06-21,False,False
734,POL000734,20220518,419,1,26,1,New Business,68529.19,3718.68,2022-05-18,2023-05-18,False,False
735,POL000735,20260404,496,6,31,3,New Business,356668.71,26447.33,2026-04-04,2027-04-04,False,False
736,POL000736,20230312,1815,1,14,2,Cancellation,64577.16,2374.35,2023-03-12,2024-03-11,False,True
737,POL000737,20230525,120,9,21,3,New Business,136639.5,13854.73,2023-05-25,2024-05-24,False,False
738,POL000738,20250927,2519,9,14,2,Renewal,412961.87,22227.7,2025-09-27,2026-09-27,True,False
739,POL000739,20240113,1750,9,21,3,Renewal,274530.91,18275.11,2024-01-13,2025-01-12,True,False
740,POL000740,20241210,968,5,36,5,Renewal,1708815.38,157676.79,2024-12-10,2025-12-10,True,False
741,POL000741,20240707,2676,1,24,1,Renewal,24326.97,2224.84,2024-07-07,2025-07-07,True,False
742,POL000742,20241015,2213,4,14,2,New Business,433185.35,22472.37,2024-10-15,2025-10-15,False,False
743,POL000743,20231211,501,1,32,1,Renewal,51420.24,3793.08,2023-12-11,2024-12-10,True,False
744,POL000744,20240120,2020,7,15,3,New Business,190636.96,14990.74,2024-01-20,2025-01-19,False,False
745,POL000745,20250628,81,1,37,3,New Business,124184.48,6754.59,2025-06-28,2026-06-28,False,False
746,POL000746,20231121,2041,4,40,4,Renewal,163365.26,17383.45,2023-11-21,2024-11-20,True,False
747,POL000747,20231215,2473,8,38,1,Renewal,40025.87,3908.19,2023-12-15,2024-12-14,True,False
748,POL000748,20220613,287,1,11,1,New Business,23507.27,2145.24,2022-06-13,2023-06-13,False,False
749,POL000749,20240206,1920,8,34,2,Cancellation,73576.71,916.63,2024-02-06,2025-02-05,False,True
750,POL000750,20220901,1339,6,9,5,Renewal,211492.9,14387.52,2022-09-01,2023-09-01,True,False
751,POL000751,20230624,996,9,9,5,New Business,360389.07,20306.07,2023-06-24,2024-06-23,False,False
752,POL000752,20241014,404,7,9,5,Renewal,407178.86,31896.62,2024-10-14,2025-10-14,True,False
753,POL000753,20250529,223,8,36,5,New Business,56322.77,6663.93,2025-05-29,2026-05-29,False,False
754,POL000754,20260527,2271,1,32,1,Renewal,46328.9,2403.36,2026-05-27,2027-05-27,True,False
755,POL000755,20250309,2125,8,33,2,Renewal,87218.82,5882.41,2025-03-09,2026-03-09,True,False
756,POL000756,20230806,863,2,24,1,Renewal,17920.25,1458.31,2023-08-06,2024-08-05,True,False
757,POL000757,20260321,2192,1,26,1,Cancellation,84672.82,2702.67,2026-03-21,2027-03-21,False,True
758,POL000758,20230429,166,8,13,3,New Business,64926.5,3289.77,2023-04-29,2024-04-28,False,False
759,POL000759,20231230,1589,1,6,1,Renewal,73699.59,4035.63,2023-12-30,2024-12-29,True,False
760,POL000760,20260613,449,4,30,3,New Business,165382.96,9176.62,2026-06-13,2027-06-13,False,False
761,POL000761,20221202,861,1,37,3,Renewal,107288.16,5827.36,2022-12-02,2023-12-02,True,False
762,POL000762,20250717,612,1,37,3,New Business,109836.44,5743.88,2025-07-17,2026-07-17,False,False
763,POL000763,20260716,1427,9,2,3,New Business,73627.19,7089.03,2026-07-16,2027-07-16,False,False
764,POL000764,20250220,2095,1,13,3,New Business,128076.15,7163.5,2025-02-20,2026-02-20,False,False
765,POL000765,20230320,2362,9,27,1,Cancellation,217184.43,10709.42,2023-03-20,2024-03-19,False,True
766,POL000766,20231220,2494,3,8,5,New Business,51951.33,6054.23,2023-12-20,2024-12-19,False,False
767,POL000767,20230615,622,1,8,5,New Business,48116.66,5109.58,2023-06-15,2024-06-14,False,False
768,POL000768,20250828,2869,6,30,3,New Business,328284.43,19274.66,2025-08-28,2026-08-28,False,False
769,POL000769,20251217,472,1,39,1,Renewal,132960.12,8268.02,2025-12-17,2026-12-17,True,False
770,POL000770,20250223,1568,1,26,1,New Business,145108.98,7653.66,2025-02-23,2026-02-23,False,False
771,POL000771,20260115,2530,1,3,2,Renewal,94388.62,5660.15,2026-01-15,2027-01-15,True,False
772,POL000772,20240729,2168,6,29,3,Cancellation,190111.03,7539.77,2024-07-29,2025-07-29,False,True
773,POL000773,20230627,152,6,19,5,Renewal,344576.43,26149.08,2023-06-27,2024-06-26,True,False
774,POL000774,20240427,2197,2,1,1,Renewal,13879.76,1030.87,2024-04-27,2025-04-27,True,False
775,POL000775,20250614,1235,8,34,2,New Business,64319.44,3745.53,2025-06-14,2026-06-14,False,False
776,POL000776,20241101,412,2,6,1,New Business,27479.68,1572.24,2024-11-01,2025-11-01,False,False
777,POL000777,20231001,2562,6,34,2,New Business,261525.18,21710.78,2023-10-01,2024-09-30,False,False
778,POL000778,20240614,2724,1,21,3,Cancellation,79247.88,1967.6,2024-06-14,2025-06-14,False,True
779,POL000779,20240109,2423,1,13,3,Renewal,22840.77,1841.89,2024-01-09,2025-01-08,True,False
780,POL000780,20240210,2956,9,25,2,Renewal,66706.06,7586.95,2024-02-10,2025-02-09,True,False
781,POL000781,20250616,2684,7,1,1,Renewal,336937.89,31860.48,2025-06-16,2026-06-16,True,False
782,POL000782,20230708,2443,6,23,3,New Business,279963.5,17139.16,2023-07-08,2024-07-07,False,False
783,POL000783,20231204,70,3,7,5,New Business,92721.34,6896.44,2023-12-04,2024-12-03,False,False
784,POL000784,20250909,782,1,28,4,Cancellation,56418.21,1429.44,2025-09-09,2026-09-09,False,True
785,POL000785,20250816,534,2,14,2,Renewal,23505.6,2115.28,2025-08-16,2026-08-16,True,False
786,POL000786,20260324,640,1,2,3,New Business,28191.69,2045.51,2026-03-24,2027-03-24,False,False
787,POL000787,20260520,505,1,24,1,Renewal,110801.92,8057.31,2026-05-20,2027-05-20,True,False
788,POL000788,20231105,1139,4,4,5,New Business,379104.93,24564.41,2023-11-05,2024-11-04,False,False
789,POL000789,20251020,2956,3,6,1,Renewal,113732.16,6200.11,2025-10-20,2026-10-20,True,False
790,POL000790,20250620,935,1,9,5,New Business,22152.08,1947.13,2025-06-20,2026-06-20,False,False
791,POL000791,20230914,439,5,22,5,New Business,2130923.96,109643.78,2023-09-14,2024-09-13,False,False
792,POL000792,20250122,2804,1,1,1,New Business,73862.36,4470.01,2025-01-22,2026-01-22,False,False
793,POL000793,20251107,1023,2,4,5,New Business,21473.21,1394.94,2025-11-07,2026-11-07,False,False
794,POL000794,20260723,1662,8,32,1,Renewal,132773.7,7710.01,2026-07-23,2027-07-23,True,False
795,POL000795,20241209,1734,3,20,4,Renewal,28038.75,2251.99,2024-12-09,2025-12-09,True,False
796,POL000796,20260215,1426,4,24,1,New Business,342489.97,18899.06,2026-02-15,2027-02-15,False,False
797,POL000797,20250713,1030,9,31,3,Renewal,156020.29,16180.8,2025-07-13,2026-07-13,True,False
798,POL000798,20250426,1892,8,28,4,New Business,70702.34,8289.17,2025-04-26,2026-04-26,False,False
799,POL000799,20221214,486,1,33,2,New Business,61726.53,5886.21,2022-12-14,2023-12-14,False,False
800,POL000800,20240213,1690,8,36,5,New Business,91354.78,6821.64,2024-02-13,2025-02-12,False,False
801,POL000801,20250713,369,1,32,1,New Business,113030.4,7962.49,2025-07-13,2026-07-13,False,False
802,POL000802,20250528,2118,4,7,5,Renewal,218070.98,13593.47,2025-05-28,2026-05-28,True,False
803,POL000803,20241228,607,3,38,1,New Business,77996.32,4687.98,2024-12-28,2025-12-28,False,False
804,POL000804,20250417,2885,9,4,5,Renewal,195285.49,18875.77,2025-04-17,2026-04-17,True,False
805,POL000805,20260628,1856,1,7,5,New Business,37768.62,2788.72,2026-06-28,2027-06-28,False,False
806,POL000806,20230331,327,1,4,5,Renewal,86914.57,7589.0,2023-03-31,2024-03-30,True,False
807,POL000807,20250213,1129,9,32,1,New Business,125966.13,7152.16,2025-02-13,2026-02-13,False,False
808,POL000808,20231106,2884,1,13,3,New Business,97454.92,6593.0,2023-11-06,2024-11-05,False,False
809,POL000809,20230127,2178,1,34,2,Renewal,43200.29,3233.11,2023-01-27,2024-01-27,True,False
810,POL000810,20240314,2442,6,17,3,Renewal,363690.6,34787.14,2024-03-14,2025-03-14,True,False
811,POL000811,20251230,1368,4,13,3,Cancellation,356407.53,9867.8,2025-12-30,2026-12-30,False,True
812,POL000812,20230726,642,4,29,3,Cancellation,372718.38,11243.86,2023-07-26,2024-07-25,False,True
813,POL000813,20260116,610,3,6,1,New Business,81490.21,9293.1,2026-01-16,2027-01-16,False,False
814,POL000814,20240829,567,1,31,3,New Business,40899.71,4706.0,2024-08-29,2025-08-29,False,False
815,POL000815,20240618,1700,1,28,4,New Business,68899.76,3518.71,2024-06-18,2025-06-18,False,False
816,POL000816,20250516,103,5,5,4,Renewal,1648662.3,191550.55,2025-05-16,2026-05-16,True,False
817,POL000817,20250514,2731,4,30,3,New Business,138217.26,12533.53,2025-05-14,2026-05-14,False,False
818,POL000818,20250331,2684,1,17,3,Renewal,48867.99,3364.05,2025-03-31,2026-03-31,True,False
819,POL000819,20231210,279,9,37,3,Renewal,479052.98,26184.85,2023-12-10,2024-12-09,True,False
820,POL000820,20250906,1105,5,37,3,New Business,2605868.82,237080.66,2025-09-06,2026-09-06,False,False
821,POL000821,20250402,270,9,21,3,Renewal,142802.85,16785.4,2025-04-02,2026-04-02,True,False
822,POL000822,20220423,2056,4,3,2,Renewal,89633.2,7746.0,2022-04-23,2023-04-23,True,False
823,POL000823,20230404,2036,8,26,1,Renewal,178012.9,12404.86,2023-04-04,2024-04-03,True,False
824,POL000824,20221211,917,3,5,4,New Business,136514.63,9050.41,2022-12-11,2023-12-11,False,False
825,POL000825,20251127,1699,6,25,2,Renewal,157201.57,9247.76,2025-11-27,2026-11-27,True,False
826,POL000826,20250904,1565,1,7,5,New Business,60466.79,4375.48,2025-09-04,2026-09-04,False,False
827,POL000827,20251022,1987,9,31,3,Renewal,246480.4,22450.37,2025-10-22,2026-10-22,True,False
828,POL000828,20260405,1321,8,28,4,New Business,213037.54,12647.97,2026-04-05,2027-04-05,False,False
829,POL000829,20250421,2744,9,38,1,Renewal,400957.63,26740.55,2025-04-21,2026-04-21,True,False
830,POL000830,20251019,2501,9,29,3,Renewal,37630.8,4274.31,2025-10-19,2026-10-19,True,False
831,POL000831,20230127,1082,8,11,1,Renewal,84222.16,4633.33,2023-01-27,2024-01-27,True,False
832,POL000832,20250110,572,9,2,3,New Business,58214.36,6759.86,2025-01-10,2026-01-10,False,False
833,POL000833,20231009,2215,3,11,1,New Business,72038.81,5571.92,2023-10-09,2024-10-08,False,False
834,POL000834,20240110,2707,8,2,3,Renewal,130699.74,8207.06,2024-01-10,2025-01-09,True,False
835,POL000835,20241126,2236,1,6,1,New Business,74796.23,4613.59,2024-11-26,2025-11-26,False,False
836,POL000836,20260112,2342,7,33,2,Renewal,999043.71,53656.03,2026-01-12,2027-01-12,True,False
837,POL000837,20260526,1838,7,10,4,Renewal,717280.84,79680.08,2026-05-26,2027-05-26,True,False
838,POL000838,20250419,92,3,35,4,Renewal,60845.57,4042.42,2025-04-19,2026-04-19,True,False
839,POL000839,20251231,2710,2,33,2,New Business,12998.59,728.45,2025-12-31,2026-12-31,False,False
840,POL000840,20250609,2239,1,26,1,Renewal,62242.0,5342.95,2025-06-09,2026-06-09,True,False
841,POL000841,20240310,493,1,29,3,Cancellation,43332.28,840.9,2024-03-10,2025-03-10,False,True
842,POL000842,20230617,955,6,37,3,Cancellation,307367.8,4483.11,2023-06-17,2024-06-16,False,True
843,POL000843,20240526,2209,9,12,2,New Business,219197.95,26382.96,2024-05-26,2025-05-26,False,False
844,POL000844,20260209,1716,4,31,3,New Business,234619.7,14664.64,2026-02-09,2027-02-09,False,False
845,POL000845,20230506,737,8,13,3,New Business,117585.98,13033.92,2023-05-06,2024-05-05,False,False
846,POL000846,20250921,375,4,6,1,Cancellation,184683.92,4572.3,2025-09-21,2026-09-21,False,True
847,POL000847,20251122,1108,8,11,1,Renewal,15805.96,1208.25,2025-11-22,2026-11-22,True,False
848,POL000848,20241128,617,8,30,3,Renewal,48055.21,3782.31,2024-11-28,2025-11-28,True,False
849,POL000849,20220912,2746,9,31,3,Renewal,229193.21,26649.43,2022-09-12,2023-09-12,True,False
850,POL000850,20240101,1453,1,15,3,Renewal,96053.79,8650.52,2024-01-01,2024-12-31,True,False
851,POL000851,20250308,2380,8,28,4,New Business,45509.23,3467.16,2025-03-08,2026-03-08,False,False
852,POL000852,20240407,2261,3,16,4,New Business,30866.56,2705.36,2024-04-07,2025-04-07,False,False
853,POL000853,20231106,2831,8,36,5,Renewal,55295.26,4608.06,2023-11-06,2024-11-05,True,False
854,POL000854,20240707,439,2,30,3,Renewal,28787.01,1572.38,2024-07-07,2025-07-07,True,False
855,POL000855,20240724,2627,5,26,1,New Business,1624566.55,103607.67,2024-07-24,2025-07-24,False,False
856,POL000856,20251219,1728,8,19,5,Renewal,152578.31,12190.88,2025-12-19,2026-12-19,True,False
857,POL000857,20250520,2951,4,17,3,Cancellation,88759.9,1571.3,2025-05-20,2026-05-20,False,True
858,POL000858,20250926,622,3,5,4,Renewal,113662.6,11556.49,2025-09-26,2026-09-26,True,False
859,POL000859,20250416,1581,2,10,4,New Business,25829.39,1345.21,2025-04-16,2026-04-16,False,False
860,POL000860,20240524,996,4,27,1,New Business,358555.55,24625.15,2024-05-24,2025-05-24,False,False
861,POL000861,20250406,2351,1,15,3,New Business,37638.14,2940.12,2025-04-06,2026-04-06,False,False
862,POL000862,20250615,934,6,40,4,New Business,73489.31,5554.37,2025-06-15,2026-06-15,False,False
863,POL000863,20240809,1619,9,31,3,New Business,139144.09,7009.68,2024-08-09,2025-08-09,False,False
864,POL000864,20231206,2466,3,37,3,New Business,32784.91,3966.88,2023-12-06,2024-12-05,False,False
865,POL000865,20241115,366,8,20,4,New Business,215950.83,10805.9,2024-11-15,2025-11-15,False,False
866,POL000866,20240123,2969,1,16,4,New Business,128114.34,7507.04,2024-01-23,2025-01-22,False,False
867,POL000867,20240220,669,4,14,2,Renewal,174764.62,18800.94,2024-02-20,2025-02-19,True,False
868,POL000868,20230822,2948,1,27,1,Renewal,53256.0,4401.05,2023-08-22,2024-08-21,True,False
869,POL000869,20241215,180,9,17,3,New Business,389948.95,27592.31,2024-12-15,2025-12-15,False,False
870,POL000870,20250727,2869,2,2,3,Cancellation,29078.12,1363.97,2025-07-27,2026-07-27,False,True
871,POL000871,20240721,2030,7,10,4,New Business,716645.94,46549.49,2024-07-21,2025-07-21,False,False
872,POL000872,20260225,2664,3,3,2,Renewal,86376.33,5278.38,2026-02-25,2027-02-25,True,False
873,POL000873,20250613,2324,1,27,1,New Business,61608.89,7034.46,2025-06-13,2026-06-13,False,False
874,POL000874,20251113,1984,7,5,4,Renewal,578829.01,60792.89,2025-11-13,2026-11-13,True,False
875,POL000875,20240329,2205,1,37,3,Renewal,80442.1,5167.86,2024-03-29,2025-03-29,True,False
876,POL000876,20250828,2988,4,1,1,Renewal,287552.08,21236.13,2025-08-28,2026-08-28,True,False
877,POL000877,20260602,397,4,18,1,New Business,234894.58,20878.7,2026-06-02,2027-06-02,False,False
878,POL000878,20240624,429,3,15,3,Renewal,161673.65,10450.4,2024-06-24,2025-06-24,True,False
879,POL000879,20240727,2567,9,25,2,Cancellation,220585.0,6188.61,2024-07-27,2025-07-27,False,True
880,POL000880,20230202,1020,3,38,1,New Business,146416.82,9493.69,2023-02-02,2024-02-02,False,False
881,POL000881,20230321,2076,3,25,2,Renewal,111020.07,6826.01,2023-03-21,2024-03-20,True,False
882,POL000882,20250604,1341,8,22,5,Renewal,57336.87,2903.61,2025-06-04,2026-06-04,True,False
883,POL000883,20240829,202,8,8,5,New Business,31865.57,3313.39,2024-08-29,2025-08-29,False,False
884,POL000884,20231127,740,4,4,5,Renewal,425770.15,24508.21,2023-11-27,2024-11-26,True,False
885,POL000885,20240409,1010,9,25,2,Renewal,232374.74,27229.73,2024-04-09,2025-04-09,True,False
886,POL000886,20221012,1944,1,6,1,Renewal,74523.75,4452.27,2022-10-12,2023-10-12,True,False
887,POL000887,20241206,2442,1,35,4,Renewal,31686.61,2161.01,2024-12-06,2025-12-06,True,False
888,POL000888,20251027,1726,2,21,3,New Business,18024.15,914.45,2025-10-27,2026-10-27,False,False
889,POL000889,20230523,410,5,33,2,Renewal,772709.7,64760.28,2023-05-23,2024-05-22,True,False
890,POL000890,20241002,1553,4,32,1,New Business,152160.05,18338.55,2024-10-02,2025-10-02,False,False
891,POL000891,20221108,2345,5,20,4,Renewal,317582.27,27414.27,2022-11-08,2023-11-08,True,False
892,POL000892,20251015,1025,9,12,2,New Business,347386.6,18239.25,2025-10-15,2026-10-15,False,False
893,POL000893,20241002,2796,9,18,1,Renewal,492840.8,29185.11,2024-10-02,2025-10-02,True,False
894,POL000894,20230918,1782,4,28,4,Renewal,76028.29,8840.47,2023-09-18,2024-09-17,True,False
895,POL000895,20231003,1074,7,11,1,New Business,780738.38,44649.25,2023-10-03,2024-10-02,False,False
896,POL000896,20260708,1736,2,24,1,Renewal,12690.98,952.98,2026-07-08,2027-07-08,True,False
897,POL000897,20230508,120,3,37,3,Renewal,92661.41,4767.54,2023-05-08,2024-05-07,True,False
898,POL000898,20230810,905,7,13,3,Renewal,753827.06,42677.89,2023-08-10,2024-08-09,True,False
899,POL000899,20250220,536,1,16,4,Renewal,70205.74,5646.11,2025-02-20,2026-02-20,True,False
900,POL000900,20221224,1562,8,9,5,Renewal,80390.87,7872.27,2022-12-24,2023-12-24,True,False
901,POL000901,20250913,2870,2,19,5,New Business,19893.75,1559.33,2025-09-13,2026-09-13,False,False
902,POL000902,20250414,2492,2,23,3,New Business,5785.52,669.28,2025-04-14,2026-04-14,False,False
903,POL000903,20240520,2766,6,28,4,New Business,130152.17,12709.11,2024-05-20,2025-05-20,False,False
904,POL000904,20240618,1205,1,12,2,Cancellation,101634.23,1816.01,2024-06-18,2025-06-18,False,True
905,POL000905,20250409,2843,8,31,3,New Business,24732.06,2573.03,2025-04-09,2026-04-09,False,False
906,POL000906,20240504,276,2,25,2,New Business,10218.52,1141.89,2024-05-04,2025-05-04,False,False
907,POL000907,20260511,410,2,6,1,New Business,22336.84,1135.64,2026-05-11,2027-05-11,False,False
908,POL000908,20220126,1029,3,35,4,Renewal,116984.48,7464.07,2022-01-26,2023-01-26,True,False
909,POL000909,20231222,26,9,35,4,New Business,231419.06,16898.04,2023-12-22,2024-12-21,False,False
910,POL000910,20230422,1623,3,31,3,Renewal,175736.54,8831.14,2023-04-22,2024-04-21,True,False
911,POL000911,20240710,325,1,12,2,Renewal,134731.02,7247.6,2024-07-10,2025-07-10,True,False
912,POL000912,20241005,56,2,18,1,Renewal,35569.33,1784.66,2024-10-05,2025-10-05,True,False
913,POL000913,20260331,1078,2,11,1,Renewal,26786.07,2044.76,2026-03-31,2027-03-31,True,False
914,POL000914,20250703,455,1,11,1,New Business,72531.62,5056.18,2025-07-03,2026-07-03,False,False
915,POL000915,20241212,1961,1,22,5,New Business,60915.42,5014.18,2024-12-12,2025-12-12,False,False
916,POL000916,20250505,1581,4,35,4,New Business,197913.54,13510.11,2025-05-05,2026-05-05,False,False
917,POL000917,20230522,2604,9,11,1,New Business,59695.78,5341.08,2023-05-22,2024-05-21,False,False
918,POL000918,20241224,1269,3,9,5,New Business,49019.63,3336.96,2024-12-24,2025-12-24,False,False
919,POL000919,20260414,2063,7,21,3,Renewal,316848.73,25667.51,2026-04-14,2027-04-14,True,False
920,POL000920,20241228,1100,7,4,5,New Business,393661.49,20360.18,2024-12-28,2025-12-28,False,False
921,POL000921,20250804,2674,1,24,1,New Business,49266.28,3620.74,2025-08-04,2026-08-04,False,False
922,POL000922,20231030,807,6,5,4,New Business,680014.9,35172.75,2023-10-30,2024-10-29,False,False
923,POL000923,20230524,2921,1,29,3,New Business,87573.02,6061.59,2023-05-24,2024-05-23,False,False
924,POL000924,20250413,2995,7,32,1,Renewal,424778.83,27494.7,2025-04-13,2026-04-13,True,False
925,POL000925,20251106,348,8,29,3,Renewal,34427.2,1992.01,2025-11-06,2026-11-06,True,False
926,POL000926,20220909,995,7,19,5,Renewal,929506.4,57582.32,2022-09-09,2023-09-09,True,False
927,POL000927,20251016,696,1,2,3,New Business,116224.72,6460.07,2025-10-16,2026-10-16,False,False
928,POL000928,20241009,2807,3,11,1,Renewal,131775.23,7019.45,2024-10-09,2025-10-09,True,False
929,POL000929,20240402,52,2,35,4,New Business,40723.62,2242.3,2024-04-02,2025-04-02,False,False
930,POL000930,20260304,1586,4,16,4,Renewal,73703.32,6664.46,2026-03-04,2027-03-04,True,False
931,POL000931,20231013,797,6,3,2,New Business,367447.27,18435.08,2023-10-13,2024-10-12,False,False
932,POL000932,20240513,1332,9,35,4,Renewal,43572.11,4474.48,2024-05-13,2025-05-13,True,False
933,POL000933,20240610,940,5,22,5,Renewal,4022882.69,216596.58,2024-06-10,2025-06-10,True,False
934,POL000934,20241006,2868,1,7,5,Renewal,121882.67,7350.36,2024-10-06,2025-10-06,True,False
935,POL000935,20230606,1943,2,33,2,New Business,44997.4,2385.86,2023-06-06,2024-06-05,False,False
936,POL000936,20230804,1415,8,12,2,New Business,121507.63,10993.46,2023-08-04,2024-08-03,False,False
937,POL000937,20250831,1473,6,17,3,New Business,38511.44,4456.39,2025-08-31,2026-08-31,False,False
938,POL000938,20260111,2192,3,24,1,Renewal,31116.7,2271.07,2026-01-11,2027-01-11,True,False
939,POL000939,20241223,1845,4,36,5,New Business,228293.81,14539.67,2024-12-23,2025-12-23,False,False
940,POL000940,20251002,2974,5,21,3,New Business,2416904.81,159541.39,2025-10-02,2026-10-02,False,False
941,POL000941,20250214,1870,1,33,2,Renewal,39753.41,3592.56,2025-02-14,2026-02-14,True,False
942,POL000942,20241119,1582,3,40,4,Renewal,83827.65,6395.63,2024-11-19,2025-11-19,True,False
943,POL000943,20251202,2108,4,10,4,Renewal,189997.99,11064.4,2025-12-02,2026-12-02,True,False
944,POL000944,20231215,1254,4,21,3,Renewal,381203.82,23191.91,2023-12-15,2024-12-14,True,False
945,POL000945,20250321,429,8,18,1,Renewal,76904.39,4755.32,2025-03-21,2026-03-21,True,False
946,POL000946,20240629,953,1,3,2,Renewal,101554.2,5536.65,2024-06-29,2025-06-29,True,False
947,POL000947,20220315,2214,9,25,2,Renewal,263008.79,26039.56,2022-03-15,2023-03-15,True,False
948,POL000948,20260217,835,1,36,5,Renewal,101413.92,6712.28,2026-02-17,2027-02-17,True,False
949,POL000949,20250223,965,1,16,4,Renewal,67358.76,7291.14,2025-02-23,2026-02-23,True,False
950,POL000950,20251128,2647,9,36,5,Renewal,306239.05,24108.06,2025-11-28,2026-11-28,True,False
951,POL000951,20251107,2321,8,14,2,Cancellation,175825.04,4423.08,2025-11-07,2026-11-07,False,True
952,POL000952,20250218,2368,1,36,5,Cancellation,15702.51,251.79,2025-02-18,2026-02-18,False,True
953,POL000953,20240108,62,8,12,2,New Business,169035.72,9055.05,2024-01-08,2025-01-07,False,False
954,POL000954,20230818,2834,1,34,2,New Business,28969.26,2193.37,2023-08-18,2024-08-17,False,False
955,POL000955,20240616,123,1,33,2,Renewal,132678.72,8750.51,2024-06-16,2025-06-16,True,False
956,POL000956,20250725,2772,8,31,3,Renewal,137548.92,14539.39,2025-07-25,2026-07-25,True,False
957,POL000957,20230505,1211,4,13,3,New Business,183868.48,10469.49,2023-05-05,2024-05-04,False,False
958,POL000958,20250122,2968,2,16,4,Renewal,17586.43,1532.94,2025-01-22,2026-01-22,True,False
959,POL000959,20240604,1000,2,6,1,Renewal,23563.85,1381.12,2024-06-04,2025-06-04,True,False
960,POL000960,20230825,1132,7,27,1,Renewal,964697.58,56096.16,2023-08-25,2024-08-24,True,False
961,POL000961,20251018,567,4,13,3,New Business,81061.61,6281.89,2025-10-18,2026-10-18,False,False
962,POL000962,20251130,1296,9,7,5,New Business,39657.12,3819.55,2025-11-30,2026-11-30,False,False
963,POL000963,20260613,70,7,30,3,Renewal,983101.74,76498.04,2026-06-13,2027-06-13,True,False
964,POL000964,20250531,1516,1,18,1,Cancellation,108535.96,2201.8,2025-05-31,2026-05-31,False,True
965,POL000965,20250221,306,3,22,5,New Business,99423.22,6111.44,2025-02-21,2026-02-21,False,False
966,POL000966,20241130,2738,3,25,2,Renewal,107108.53,11764.57,2024-11-30,2025-11-30,True,False
967,POL000967,20240612,2652,1,26,1,Cancellation,44928.35,555.43,2024-06-12,2025-06-12,False,True
968,POL000968,20240207,921,1,19,5,New Business,104728.69,7836.48,2024-02-07,2025-02-06,False,False
969,POL000969,20260205,1634,2,40,4,Renewal,36718.11,1932.97,2026-02-05,2027-02-05,True,False
970,POL000970,20260722,2534,1,31,3,New Business,111471.66,7246.84,2026-07-22,2027-07-22,False,False
971,POL000971,20241017,2301,2,13,3,Renewal,28885.59,1981.34,2024-10-17,2025-10-17,True,False
972,POL000972,20240804,577,2,25,2,Renewal,13285.56,897.09,2024-08-04,2025-08-04,True,False
973,POL000973,20260726,653,5,25,2,Renewal,1627582.18,93437.5,2026-07-26,2027-07-26,True,False
974,POL000974,20250223,2212,3,28,4,Renewal,102353.08,7187.48,2025-02-23,2026-02-23,True,False
975,POL000975,20250812,485,5,31,3,Renewal,934139.44,57714.45,2025-08-12,2026-08-12,True,False
976,POL000976,20241104,2517,5,5,4,New Business,576796.69,46321.8,2024-11-04,2025-11-04,False,False
977,POL000977,20230902,740,4,24,1,Renewal,183230.18,20517.55,2023-09-02,2024-09-01,True,False
978,POL000978,20251019,1545,3,2,3,Renewal,112130.87,10343.25,2025-10-19,2026-10-19,True,False
979,POL000979,20251001,357,1,9,5,Renewal,28860.94,1757.83,2025-10-01,2026-10-01,True,False
980,POL000980,20260129,1862,9,34,2,Renewal,318589.43,17726.55,2026-01-29,2027-01-29,True,False
981,POL000981,20230324,61,1,20,4,Cancellation,33412.58,234.9,2023-03-24,2024-03-23,False,True
982,POL000982,20250430,2342,9,24,1,Cancellation,113442.51,2893.46,2025-04-30,2026-04-30,False,True
983,POL000983,20250629,2091,2,21,3,Cancellation,6994.4,255.1,2025-06-29,2026-06-29,False,True
984,POL000984,20250703,370,2,9,5,Renewal,30185.65,2391.67,2025-07-03,2026-07-03,True,False
985,POL000985,20231019,306,1,7,5,Renewal,123308.51,7019.4,2023-10-19,2024-10-18,True,False
986,POL000986,20240601,593,5,18,1,New Business,1334119.4,80595.66,2024-06-01,2025-06-01,False,False
987,POL000987,20241101,565,2,28,4,New Business,24420.16,2453.64,2024-11-01,2025-11-01,False,False
988,POL000988,20240909,1956,4,22,5,Renewal,219218.65,24649.65,2024-09-09,2025-09-09,True,False
989,POL000989,20231219,2897,1,17,3,Renewal,95433.52,7697.93,2023-12-19,2024-12-18,True,False
990,POL000990,20230123,432,9,36,5,New Business,180504.71,15663.67,2023-01-23,2024-01-23,False,False
991,POL000991,20240623,186,3,21,3,Renewal,37432.8,2660.55,2024-06-23,2025-06-23,True,False
992,POL000992,20240818,2368,1,10,4,New Business,122023.09,6618.84,2024-08-18,2025-08-18,False,False
993,POL000993,20241212,1,3,37,3,New Business,54680.57,3252.51,2024-12-12,2025-12-12,False,False
994,POL000994,20240711,1636,1,15,3,Cancellation,153657.74,2495.31,2024-07-11,2025-07-11,False,True
995,POL000995,20230725,1882,9,11,1,New Business,247051.72,25648.66,2023-07-25,2024-07-24,False,False
996,POL000996,20250222,1926,8,12,2,Renewal,49602.6,2605.93,2025-02-22,2026-02-22,True,False
997,POL000997,20221027,2954,4,18,1,New Business,198348.04,21874.58,2022-10-27,2023-10-27,False,False
998,POL000998,20241112,2117,3,12,2,New Business,106587.8,9566.47,2024-11-12,2025-11-12,False,False
999,POL000999,20230221,370,3,9,5,Cancellation,22795.71,1466.96,2023-02-21,2024-02-21,False,True
1000,POL001000,20240513,1529,4,1,1,Renewal,100433.44,11534.78,2024-05-13,2025-05-13,True,False
1001,POL001001,20260320,2304,2,4,5,New Business,29738.94,1996.93,2026-03-20,2027-03-20,False,False
1002,POL001002,20240111,2501,9,12,2,Renewal,159458.36,8558.81,2024-01-11,2025-01-10,True,False
1003,POL001003,20240706,2691,1,6,1,New Business,81564.26,6212.6,2024-07-06,2025-07-06,False,False
1004,POL001004,20230817,179,7,24,1,New Business,1028064.79,57745.79,2023-08-17,2024-08-16,False,False
1005,POL001005,20260113,219,8,37,3,New Business,47196.28,5535.44,2026-01-13,2027-01-13,False,False
1006,POL001006,20250525,1763,3,38,1,New Business,74587.4,9122.2,2025-05-25,2026-05-25,False,False
1007,POL001007,20240721,1051,9,6,1,Renewal,129768.39,8716.29,2024-07-21,2025-07-21,True,False
1008,POL001008,20230316,2914,2,21,3,Renewal,9421.82,878.57,2023-03-16,2024-03-15,True,False
1009,POL001009,20260317,2325,5,34,2,Renewal,2335844.05,154515.89,2026-03-17,2027-03-17,True,False
1010,POL001010,20250219,1689,4,23,3,New Business,273599.87,24681.79,2025-02-19,2026-02-19,False,False
1011,POL001011,20240118,474,9,27,1,Renewal,88874.59,9812.71,2024-01-18,2025-01-17,True,False
1012,POL001012,20230125,2954,5,33,2,Cancellation,3339941.3,34043.36,2023-01-25,2024-01-25,False,True
1013,POL001013,20231225,2206,2,6,1,New Business,20230.08,1173.02,2023-12-25,2024-12-24,False,False
1014,POL001014,20250708,146,7,17,3,New Business,126500.4,12849.53,2025-07-08,2026-07-08,False,False
1015,POL001015,20250309,2720,7,40,4,New Business,863577.18,53257.17,2025-03-09,2026-03-09,False,False
1016,POL001016,20231212,1216,1,14,2,Cancellation,114491.38,3053.62,2023-12-12,2024-12-11,False,True
1017,POL001017,20250817,2147,3,16,4,New Business,124693.79,6555.67,2025-08-17,2026-08-17,False,False
1018,POL001018,20250329,248,3,26,1,Renewal,176109.77,8917.78,2025-03-29,2026-03-29,True,False
1019,POL001019,20251226,1759,3,29,3,New Business,161816.0,11101.96,2025-12-26,2026-12-26,False,False
1020,POL001020,20260630,1030,9,20,4,Cancellation,159781.69,4251.36,2026-06-30,2027-06-30,False,True
1021,POL001021,20240822,1303,9,15,3,New Business,202433.6,10235.93,2024-08-22,2025-08-22,False,False
1022,POL001022,20240525,1221,8,26,1,Cancellation,161152.72,2953.52,2024-05-25,2025-05-25,False,True
1023,POL001023,20250317,1820,1,18,1,Renewal,97607.49,7672.53,2025-03-17,2026-03-17,True,False
1024,POL001024,20260502,1375,3,23,3,New Business,60048.41,3074.51,2026-05-02,2027-05-02,False,False
1025,POL001025,20230719,2313,1,12,2,Renewal,67926.32,8368.61,2023-07-19,2024-07-18,True,False
1026,POL001026,20240216,1366,1,21,3,New Business,121563.85,8732.65,2024-02-16,2025-02-15,False,False
1027,POL001027,20251008,2993,6,2,3,Renewal,504528.68,33190.36,2025-10-08,2026-10-08,True,False
1028,POL001028,20241220,409,8,6,1,Cancellation,134028.19,3498.51,2024-12-20,2025-12-20,False,True
1029,POL001029,20250108,2462,2,2,3,New Business,12499.79,707.59,2025-01-08,2026-01-08,False,False
1030,POL001030,20241109,1824,6,25,2,New Business,561805.84,34188.98,2024-11-09,2025-11-09,False,False
1031,POL001031,20240116,98,1,26,1,Renewal,52409.39,4209.12,2024-01-16,2025-01-15,True,False
1032,POL001032,20250920,1098,1,6,1,Renewal,179240.98,8971.68,2025-09-20,2026-09-20,True,False
1033,POL001033,20240912,2732,8,9,5,New Business,177160.55,9416.72,2024-09-12,2025-09-12,False,False
1034,POL001034,20240507,2318,7,23,3,Renewal,316359.78,36303.72,2024-05-07,2025-05-07,True,False
1035,POL001035,20230924,1711,1,4,5,New Business,65512.64,7020.27,2023-09-24,2024-09-23,False,False
1036,POL001036,20260424,2947,1,12,2,Cancellation,95938.09,3935.34,2026-04-24,2027-04-24,False,True
1037,POL001037,20230812,2410,6,17,3,Renewal,62020.82,3318.9,2023-08-12,2024-08-11,True,False
1038,POL001038,20251120,1795,2,19,5,New Business,11065.71,614.18,2025-11-20,2026-11-20,False,False
1039,POL001039,20260408,1815,1,13,3,Renewal,44052.12,3247.64,2026-04-08,2027-04-08,True,False
1040,POL001040,20260705,1450,4,38,1,Renewal,276175.0,17560.61,2026-07-05,2027-07-05,True,False
1041,POL001041,20260610,2730,9,5,4,New Business,416997.03,21070.24,2026-06-10,2027-06-10,False,False
1042,POL001042,20260222,2776,2,40,4,New Business,14929.15,1281.61,2026-02-22,2027-02-22,False,False
1043,POL001043,20260723,833,6,38,1,New Business,418274.09,36919.97,2026-07-23,2027-07-23,False,False
1044,POL001044,20260218,129,1,14,2,Renewal,41422.06,2942.37,2026-02-18,2027-02-18,True,False
1045,POL001045,20230529,1165,6,5,4,New Business,443462.13,38233.77,2023-05-29,2024-05-28,False,False
1046,POL001046,20250917,385,4,15,3,Cancellation,150719.34,5102.78,2025-09-17,2026-09-17,False,True
1047,POL001047,20251130,2235,8,23,3,New Business,72124.51,4242.49,2025-11-30,2026-11-30,False,False
1048,POL001048,20251222,2810,8,37,3,New Business,59678.05,6981.15,2025-12-22,2026-12-22,False,False
1049,POL001049,20240117,137,2,4,5,New Business,15812.12,1142.27,2024-01-17,2025-01-16,False,False
1050,POL001050,20231014,54,9,2,3,New Business,269362.61,20496.82,2023-10-14,2024-10-13,False,False
1051,POL001051,20260323,2243,9,4,5,New Business,247681.27,19591.49,2026-03-23,2027-03-23,False,False
1052,POL001052,20230424,1077,3,3,2,Renewal,82291.33,4389.98,2023-04-24,2024-04-23,True,False
1053,POL001053,20260626,2052,9,18,1,Renewal,254162.62,26743.61,2026-06-26,2027-06-26,True,False
1054,POL001054,20260102,893,8,13,3,Renewal,121413.95,10587.46,2026-01-02,2027-01-02,True,False
1055,POL001055,20231104,1536,4,15,3,New Business,220238.18,17325.81,2023-11-04,2024-11-03,False,False
1056,POL001056,20260418,644,3,22,5,New Business,102942.71,9697.31,2026-04-18,2027-04-18,False,False
1057,POL001057,20250127,46,5,5,4,Renewal,3893148.43,196381.47,2025-01-27,2026-01-27,True,False
1058,POL001058,20240420,533,2,26,1,New Business,19740.92,2129.73,2024-04-20,2025-04-20,False,False
1059,POL001059,20250406,753,3,38,1,New Business,35835.03,3499.09,2025-04-06,2026-04-06,False,False
1060,POL001060,20230415,2878,9,10,4,New Business,308273.2,28929.9,2023-04-15,2024-04-14,False,False
1061,POL001061,20241216,391,2,5,4,New Business,37744.05,2163.05,2024-12-16,2025-12-16,False,False
1062,POL001062,20260728,2635,4,27,1,Renewal,55141.85,6444.26,2026-07-28,2027-07-28,True,False
1063,POL001063,20241213,2610,1,35,4,Renewal,33980.97,2620.36,2024-12-13,2025-12-13,True,False
1064,POL001064,20241022,58,1,10,4,Renewal,25182.29,2679.03,2024-10-22,2025-10-22,True,False
1065,POL001065,20250919,1819,2,15,3,Renewal,16643.44,1081.08,2025-09-19,2026-09-19,True,False
1066,POL001066,20241029,2779,1,22,5,Cancellation,47582.43,818.55,2024-10-29,2025-10-29,False,True
1067,POL001067,20240731,2305,7,36,5,Renewal,1001576.31,68996.36,2024-07-31,2025-07-31,True,False
1068,POL001068,20250316,2317,2,12,2,New Business,29758.03,1967.99,2025-03-16,2026-03-16,False,False
1069,POL001069,20251204,1735,4,20,4,New Business,82779.9,9673.81,2025-12-04,2026-12-04,False,False
1070,POL001070,20230110,985,9,27,1,Renewal,119400.65,6423.65,2023-01-10,2024-01-10,True,False
1071,POL001071,20240223,2844,8,10,4,Renewal,41875.21,3419.87,2024-02-23,2025-02-22,True,False
1072,POL001072,20241205,1048,1,30,3,Cancellation,142142.45,3404.97,2024-12-05,2025-12-05,False,True
1073,POL001073,20240313,1823,1,8,5,New Business,54061.07,4456.43,2024-03-13,2025-03-13,False,False
1074,POL001074,20231003,2924,1,36,5,New Business,80617.19,7850.89,2023-10-03,2024-10-02,False,False
1075,POL001075,20230706,690,6,7,5,Renewal,370048.08,24192.58,2023-07-06,2024-07-05,True,False
1076,POL001076,20251228,277,6,23,3,Cancellation,99371.72,1128.0,2025-12-28,2026-12-28,False,True
1077,POL001077,20240921,2003,4,1,1,Renewal,84330.34,5703.19,2024-09-21,2025-09-21,True,False
1078,POL001078,20260728,460,3,33,2,Renewal,93382.3,6473.03,2026-07-28,2027-07-28,True,False
1079,POL001079,20240612,2256,2,6,1,Renewal,27291.34,1469.75,2024-06-12,2025-06-12,True,False
1080,POL001080,20230721,1900,4,31,3,New Business,217922.09,13378.66,2023-07-21,2024-07-20,False,False
1081,POL001081,20230325,2117,2,3,2,Renewal,34176.38,2009.79,2023-03-25,2024-03-24,True,False
1082,POL001082,20250606,969,7,31,3,Renewal,512258.61,28941.9,2025-06-06,2026-06-06,True,False
1083,POL001083,20260324,885,4,5,4,Renewal,298567.03,23875.33,2026-03-24,2027-03-24,True,False
1084,POL001084,20240815,2083,9,38,1,Renewal,103535.29,10283.05,2024-08-15,2025-08-15,True,False
1085,POL001085,20240702,1359,3,20,4,Renewal,138555.32,8720.6,2024-07-02,2025-07-02,True,False
1086,POL001086,20241010,566,9,11,1,Renewal,97203.36,7084.14,2024-10-10,2025-10-10,True,False
1087,POL001087,20260104,728,1,36,5,New Business,24004.89,2081.13,2026-01-04,2027-01-04,False,False
1088,POL001088,20250721,937,1,9,5,Renewal,49307.62,4997.81,2025-07-21,2026-07-21,True,False
1089,POL001089,20240628,1137,1,18,1,Renewal,31322.67,2760.89,2024-06-28,2025-06-28,True,False
1090,POL001090,20231108,540,1,34,2,Renewal,25543.0,2905.1,2023-11-08,2024-11-07,True,False
1091,POL001091,20231101,1475,9,37,3,Renewal,115273.59,11131.74,2023-11-01,2024-10-31,True,False
1092,POL001092,20251225,519,1,1,1,New Business,71105.58,4555.56,2025-12-25,2026-12-25,False,False
1093,POL001093,20240406,1135,9,10,4,New Business,164959.46,17229.21,2024-04-06,2025-04-06,False,False
1094,POL001094,20230525,2040,6,23,3,Renewal,237770.58,24959.37,2023-05-25,2024-05-24,True,False
1095,POL001095,20241208,999,8,24,1,Renewal,104321.33,12277.22,2024-12-08,2025-12-08,True,False
1096,POL001096,20230510,536,7,33,2,New Business,689154.46,57307.37,2023-05-10,2024-05-09,False,False
1097,POL001097,20250314,1039,1,26,1,New Business,43199.14,2668.89,2025-03-14,2026-03-14,False,False
1098,POL001098,20251024,1411,8,39,1,New Business,195619.88,10905.26,2025-10-24,2026-10-24,False,False
1099,POL001099,20250813,1458,3,26,1,Cancellation,105045.51,4231.4,2025-08-13,2026-08-13,False,True
1100,POL001100,20250930,291,1,2,3,Renewal,103892.43,5223.87,2025-09-30,2026-09-30,True,False
1101,POL001101,20251026,2797,1,5,4,Renewal,94328.95,7523.78,2025-10-26,2026-10-26,True,False
1102,POL001102,20251017,652,4,38,1,Renewal,301338.77,20969.07,2025-10-17,2026-10-17,True,False
1103,POL001103,20230607,120,1,17,3,New Business,121649.05,6211.55,2023-06-07,2024-06-06,False,False
1104,POL001104,20230402,1131,4,5,4,Renewal,204282.84,16081.99,2023-04-02,2024-04-01,True,False
1105,POL001105,20251123,333,1,13,3,Cancellation,83185.46,682.68,2025-11-23,2026-11-23,False,True
1106,POL001106,20250831,1663,1,36,5,Renewal,53989.55,2750.91,2025-08-31,2026-08-31,True,False
1107,POL001107,20240801,1611,2,30,3,Cancellation,17237.84,111.94,2024-08-01,2025-08-01,False,True
1108,POL001108,20251226,1614,1,10,4,New Business,111560.8,7886.53,2025-12-26,2026-12-26,False,False
1109,POL001109,20241218,1482,2,4,5,New Business,13455.23,1175.82,2024-12-18,2025-12-18,False,False
1110,POL001110,20240428,1044,7,20,4,Renewal,614154.98,46205.89,2024-04-28,2025-04-28,True,False
1111,POL001111,20260211,805,3,20,4,Renewal,107110.62,10436.81,2026-02-11,2027-02-11,True,False
1112,POL001112,20250408,1708,1,23,3,New Business,108034.23,6852.06,2025-04-08,2026-04-08,False,False
1113,POL001113,20241107,1859,2,13,3,New Business,24431.76,2436.52,2024-11-07,2025-11-07,False,False
1114,POL001114,20250606,482,1,6,1,New Business,38052.55,3897.91,2025-06-06,2026-06-06,False,False
1115,POL001115,20240415,1684,1,9,5,Cancellation,116952.77,3955.39,2024-04-15,2025-04-15,False,True
1116,POL001116,20251004,1314,4,18,1,Renewal,189483.65,20558.19,2025-10-04,2026-10-04,True,False
1117,POL001117,20260814,2103,3,3,2,Renewal,101022.11,7259.47,2026-08-14,2027-08-14,True,False
1118,POL001118,20230727,2815,9,40,4,New Business,158986.11,10274.87,2023-07-27,2024-07-26,False,False
1119,POL001119,20220626,2620,2,16,4,Renewal,34580.04,1830.67,2022-06-26,2023-06-26,True,False
1120,POL001120,20241217,2696,6,39,1,Renewal,204763.5,16298.68,2024-12-17,2025-12-17,True,False
1121,POL001121,20260608,2293,1,22,5,Renewal,33226.68,1781.75,2026-06-08,2027-06-08,True,False
1122,POL001122,20251022,1154,6,30,3,Cancellation,139184.41,3844.14,2025-10-22,2026-10-22,False,True
1123,POL001123,20230417,2178,1,16,4,New Business,51558.1,4632.81,2023-04-17,2024-04-16,False,False
1124,POL001124,20240613,143,1,16,4,New Business,88753.32,5386.54,2024-06-13,2025-06-13,False,False
1125,POL001125,20240924,2739,2,34,2,Renewal,13562.88,1627.05,2024-09-24,2025-09-24,True,False
1126,POL001126,20241117,1094,9,24,1,Renewal,270068.75,15574.59,2024-11-17,2025-11-17,True,False
1127,POL001127,20260627,2826,2,37,3,Renewal,12762.75,912.11,2026-06-27,2027-06-27,True,False
1128,POL001128,20250920,1645,8,38,1,Renewal,234887.53,14110.22,2025-09-20,2026-09-20,True,False
1129,POL001129,20240324,2957,9,22,5,Cancellation,119064.85,2124.8,2024-03-24,2025-03-24,False,True
1130,POL001130,20260507,1935,2,18,1,New Business,21696.89,1131.56,2026-05-07,2027-05-07,False,False
1131,POL001131,20231214,2060,4,25,2,Cancellation,165340.19,3854.94,2023-12-14,2024-12-13,False,True
1132,POL001132,20220912,324,2,12,2,New Business,23634.61,1900.0,2022-09-12,2023-09-12,False,False
1133,POL001133,20240605,33,3,37,3,New Business,196658.25,10885.99,2024-06-05,2025-06-05,False,False
1134,POL001134,20250402,1255,4,33,2,New Business,72064.83,5955.63,2025-04-02,2026-04-02,False,False
1135,POL001135,20251117,2441,7,10,4,New Business,710630.81,36859.56,2025-11-17,2026-11-17,False,False
1136,POL001136,20250822,1627,4,20,4,Renewal,252149.23,24767.41,2025-08-22,2026-08-22,True,False
1137,POL001137,20240501,982,8,1,1,Renewal,66531.35,3365.26,2024-05-01,2025-05-01,True,False
1138,POL001138,20250505,1508,1,38,1,Cancellation,63953.56,1671.4,2025-05-05,2026-05-05,False,True
1139,POL001139,20260721,1172,9,4,5,Cancellation,437811.31,9577.07,2026-07-21,2027-07-21,False,True
1140,POL001140,20240303,1016,4,11,1,Cancellation,261364.21,3678.39,2024-03-03,2025-03-03,False,True
1141,POL001141,20251221,1266,2,14,2,Renewal,10478.35,1208.57,2025-12-21,2026-12-21,True,False
1142,POL001142,20220625,902,4,30,3,New Business,201275.11,10304.57,2022-06-25,2023-06-25,False,False
1143,POL001143,20250118,75,6,2,3,Renewal,81959.82,5048.31,2025-01-18,2026-01-18,True,False
1144,POL001144,20240209,2175,1,23,3,Cancellation,62448.41,1030.33,2024-02-09,2025-02-08,False,True
1145,POL001145,20240417,2249,2,29,3,New Business,45228.86,2356.85,2024-04-17,2025-04-17,False,False
1146,POL001146,20231031,641,2,14,2,New Business,33882.37,1725.74,2023-10-31,2024-10-30,False,False
1147,POL001147,20260325,722,1,28,4,Renewal,72931.05,5184.98,2026-03-25,2027-03-25,True,False
1148,POL001148,20240407,1094,3,32,1,New Business,112262.88,8037.93,2024-04-07,2025-04-07,False,False
1149,POL001149,20240817,671,5,2,3,Renewal,867909.59,67118.18,2024-08-17,2025-08-17,True,False
1150,POL001150,20240430,605,2,15,3,Cancellation,28930.0,354.39,2024-04-30,2025-04-30,False,True
1151,POL001151,20250419,2794,3,21,3,New Business,108103.23,10455.11,2025-04-19,2026-04-19,False,False
1152,POL001152,20260601,1142,1,4,5,Renewal,59521.73,6953.72,2026-06-01,2027-06-01,True,False
1153,POL001153,20250618,2869,7,23,3,Renewal,1144724.35,64440.48,2025-06-18,2026-06-18,True,False
1154,POL001154,20230602,258,9,2,3,Cancellation,339335.48,11608.6,2023-06-02,2024-06-01,False,True
1155,POL001155,20230930,187,5,3,2,New Business,1209175.38,123086.36,2023-09-30,2024-09-29,False,False
1156,POL001156,20230324,730,8,9,5,New Business,50223.22,4906.67,2023-03-24,2024-03-23,False,False
1157,POL001157,20240421,799,3,8,5,Renewal,52528.5,3444.36,2024-04-21,2025-04-21,True,False
1158,POL001158,20231022,2350,1,8,5,Renewal,16593.26,1563.72,2023-10-22,2024-10-21,True,False
1159,POL001159,20230720,2571,2,6,1,Renewal,20290.28,2034.37,2023-07-20,2024-07-19,True,False
1160,POL001160,20260401,499,1,13,3,New Business,70800.38,5827.02,2026-04-01,2027-04-01,False,False
1161,POL001161,20221005,2123,6,26,1,New Business,288032.78,17299.11,2022-10-05,2023-10-05,False,False
1162,POL001162,20240125,764,4,37,3,Renewal,413392.04,22625.16,2024-01-25,2025-01-24,True,False
1163,POL001163,20240618,1409,7,9,5,Renewal,642501.88,32786.86,2024-06-18,2025-06-18,True,False
1164,POL001164,20250701,2701,2,14,2,Cancellation,13492.71,241.96,2025-07-01,2026-07-01,False,True
1165,POL001165,20250507,1814,6,15,3,Renewal,176927.04,17208.71,2025-05-07,2026-05-07,True,False
1166,POL001166,20260418,2491,3,12,2,New Business,55880.91,4519.98,2026-04-18,2027-04-18,False,False
1167,POL001167,20240906,2841,3,15,3,Renewal,60599.08,5660.28,2024-09-06,2025-09-06,True,False
1168,POL001168,20260624,1749,1,6,1,Renewal,108671.44,5526.44,2026-06-24,2027-06-24,True,False
1169,POL001169,20240318,376,3,4,5,Renewal,60496.61,4478.12,2024-03-18,2025-03-18,True,False
1170,POL001170,20240402,1594,3,39,1,Renewal,111485.29,5712.71,2024-04-02,2025-04-02,True,False
1171,POL001171,20250306,649,7,13,3,New Business,380040.04,41380.47,2025-03-06,2026-03-06,False,False
1172,POL001172,20250815,639,3,26,1,New Business,140518.23,8928.78,2025-08-15,2026-08-15,False,False
1173,POL001173,20251207,2268,9,15,3,Renewal,308327.73,20975.66,2025-12-07,2026-12-07,True,False
1174,POL001174,20260707,750,4,6,1,Cancellation,233055.84,8321.41,2026-07-07,2027-07-07,False,True
1175,POL001175,20240526,2898,5,17,3,Renewal,1456557.74,131230.31,2024-05-26,2025-05-26,True,False
1176,POL001176,20250517,821,2,21,3,Renewal,25681.52,2302.89,2025-05-17,2026-05-17,True,False
1177,POL001177,20230908,888,1,10,4,New Business,32743.88,3295.27,2023-09-08,2024-09-07,False,False
1178,POL001178,20260218,70,6,7,5,Renewal,160585.23,13958.54,2026-02-18,2027-02-18,True,False
1179,POL001179,20241006,1418,9,36,5,Cancellation,428753.93,8975.82,2024-10-06,2025-10-06,False,True
1180,POL001180,20260325,2724,6,12,2,New Business,307873.87,15788.2,2026-03-25,2027-03-25,False,False
1181,POL001181,20230812,1545,2,12,2,Renewal,34400.84,2231.62,2023-08-12,2024-08-11,True,False
1182,POL001182,20221207,865,9,24,1,Renewal,389153.46,20696.77,2022-12-07,2023-12-07,True,False
1183,POL001183,20250903,2603,1,31,3,Renewal,17726.01,1620.93,2025-09-03,2026-09-03,True,False
1184,POL001184,20250312,470,8,35,4,New Business,154466.85,12103.81,2025-03-12,2026-03-12,False,False
1185,POL001185,20260404,1130,8,7,5,Renewal,92258.96,11424.19,2026-04-04,2027-04-04,True,False
1186,POL001186,20220914,939,6,36,5,Cancellation,416713.86,10295.95,2022-09-14,2023-09-14,False,True
1187,POL001187,20230128,56,2,5,4,New Business,27194.6,2154.13,2023-01-28,2024-01-28,False,False
1188,POL001188,20240324,235,2,33,2,Renewal,12570.37,787.24,2024-03-24,2025-03-24,True,False
1189,POL001189,20260322,2950,1,31,3,Renewal,58281.64,4613.3,2026-03-22,2027-03-22,True,False
1190,POL001190,20251009,1134,2,31,3,New Business,24437.77,2067.31,2025-10-09,2026-10-09,False,False
1191,POL001191,20260715,714,4,5,4,New Business,89255.95,6794.02,2026-07-15,2027-07-15,False,False
1192,POL001192,20230716,295,6,5,4,Renewal,170348.82,8956.42,2023-07-16,2024-07-15,True,False
1193,POL001193,20250427,1755,2,18,1,New Business,45754.9,2383.05,2025-04-27,2026-04-27,False,False
1194,POL001194,20250619,2953,1,25,2,Renewal,69486.94,6593.79,2025-06-19,2026-06-19,True,False
1195,POL001195,20240110,2242,2,32,1,New Business,7809.58,764.27,2024-01-10,2025-01-09,False,False
1196,POL001196,20231231,3,3,9,5,New Business,48164.3,4804.55,2023-12-31,2024-12-30,False,False
1197,POL001197,20250110,2731,9,1,1,New Business,505249.28,27455.43,2025-01-10,2026-01-10,False,False
1198,POL001198,20231030,557,3,6,1,New Business,74242.03,8361.06,2023-10-30,2024-10-29,False,False
1199,POL001199,20260118,998,1,28,4,Cancellation,75683.46,1623.96,2026-01-18,2027-01-18,False,True
1200,POL001200,20260804,1860,4,26,1,New Business,381094.61,19584.8,2026-08-04,2027-08-04,False,False
1201,POL001201,20241123,304,3,11,1,Renewal,94247.67,5035.04,2024-11-23,2025-11-23,True,False
1202,POL001202,20240429,2466,1,12,2,New Business,137863.7,8712.09,2024-04-29,2025-04-29,False,False
1203,POL001203,20240912,116,6,30,3,Cancellation,115890.76,4125.85,2024-09-12,2025-09-12,False,True
1204,POL001204,20260419,1947,3,35,4,Renewal,101902.76,9394.75,2026-04-19,2027-04-19,True,False
1205,POL001205,20231105,852,5,37,3,Cancellation,446126.13,6928.65,2023-11-05,2024-11-04,False,True
1206,POL001206,20231119,376,1,25,2,New Business,81532.81,7946.27,2023-11-19,2024-11-18,False,False
1207,POL001207,20250527,2753,9,38,1,Renewal,216376.61,21254.51,2025-05-27,2026-05-27,True,False
1208,POL001208,20240713,188,1,11,1,New Business,23613.93,2673.97,2024-07-13,2025-07-13,False,False
1209,POL001209,20260120,1430,8,32,1,Renewal,155756.04,13823.54,2026-01-20,2027-01-20,True,False
1210,POL001210,20260501,2622,2,30,3,Renewal,8400.53,736.3,2026-05-01,2027-05-01,True,False
1211,POL001211,20220401,205,1,1,1,New Business,163259.32,8321.9,2022-04-01,2023-04-01,False,False
1212,POL001212,20260305,1255,3,20,4,Renewal,65110.84,3796.51,2026-03-05,2027-03-05,True,False
1213,POL001213,20250306,1220,3,37,3,Renewal,109893.8,8200.01,2025-03-06,2026-03-06,True,False
1214,POL001214,20250723,365,2,27,1,Renewal,12161.91,963.1,2025-07-23,2026-07-23,True,False
1215,POL001215,20241201,2829,2,3,2,New Business,14495.05,1211.2,2024-12-01,2025-12-01,False,False
1216,POL001216,20241201,1001,1,23,3,New Business,56694.58,5324.89,2024-12-01,2025-12-01,False,False
1217,POL001217,20231126,2412,1,25,2,Cancellation,111597.78,3082.26,2023-11-26,2024-11-25,False,True
1218,POL001218,20221116,1808,9,6,1,New Business,131026.24,8388.43,2022-11-16,2023-11-16,False,False
1219,POL001219,20241112,563,5,37,3,Renewal,739418.75,69280.14,2024-11-12,2025-11-12,True,False
1220,POL001220,20250715,2846,1,24,1,Renewal,146891.77,8833.9,2025-07-15,2026-07-15,True,False
1221,POL001221,20260228,1433,1,8,5,New Business,43162.26,4345.24,2026-02-28,2027-02-28,False,False
1222,POL001222,20251026,846,2,28,4,New Business,13737.36,692.08,2025-10-26,2026-10-26,False,False
1223,POL001223,20240618,2516,8,19,5,Cancellation,104466.27,2568.15,2024-06-18,2025-06-18,False,True
1224,POL001224,20241106,1374,4,40,4,New Business,131027.04,6870.4,2024-11-06,2025-11-06,False,False
1225,POL001225,20251217,1781,2,16,4,New Business,14226.97,1189.06,2025-12-17,2026-12-17,False,False
1226,POL001226,20241129,1197,1,15,3,New Business,63731.84,5747.42,2024-11-29,2025-11-29,False,False
1227,POL001227,20240106,1251,1,40,4,New Business,24487.33,1650.91,2024-01-06,2025-01-05,False,False
1228,POL001228,20230501,1002,4,39,1,New Business,352222.2,21387.96,2023-05-01,2024-04-30,False,False
1229,POL001229,20250507,1130,8,38,1,Renewal,153907.72,14361.11,2025-05-07,2026-05-07,True,False
1230,POL001230,20251227,1680,8,17,3,New Business,106042.51,6198.11,2025-12-27,2026-12-27,False,False
1231,POL001231,20260305,2866,8,36,5,New Business,21788.98,2037.43,2026-03-05,2027-03-05,False,False
1232,POL001232,20230519,2051,4,27,1,New Business,340592.72,20424.86,2023-05-19,2024-05-18,False,False
1233,POL001233,20250526,896,6,37,3,Renewal,204722.88,14218.7,2025-05-26,2026-05-26,True,False
1234,POL001234,20260816,2140,7,38,1,Renewal,854082.24,76017.72,2026-08-16,2027-08-16,True,False
1235,POL001235,20250312,425,1,1,1,Cancellation,100135.73,1887.58,2025-03-12,2026-03-12,False,True
1236,POL001236,20250225,710,1,8,5,Renewal,30698.11,1791.0,2025-02-25,2026-02-25,True,False
1237,POL001237,20250902,1235,3,34,2,New Business,66014.78,5768.11,2025-09-02,2026-09-02,False,False
1238,POL001238,20250124,1691,6,24,1,New Business,234980.1,13347.93,2025-01-24,2026-01-24,False,False
1239,POL001239,20260413,515,1,3,2,New Business,17787.86,2089.02,2026-04-13,2027-04-13,False,False
1240,POL001240,20260320,1773,1,20,4,New Business,76263.98,8696.94,2026-03-20,2027-03-20,False,False
1241,POL001241,20240128,916,6,37,3,New Business,328313.84,39419.91,2024-01-28,2025-01-27,False,False
1242,POL001242,20240416,1458,8,7,5,New Business,87059.06,9283.74,2024-04-16,2025-04-16,False,False
1243,POL001243,20220527,1891,6,22,5,Renewal,360077.02,19599.41,2022-05-27,2023-05-27,True,False
1244,POL001244,20250914,2437,3,26,1,New Business,126807.24,8460.47,2025-09-14,2026-09-14,False,False
1245,POL001245,20260331,1931,5,1,1,Renewal,1704130.76,129464.4,2026-03-31,2027-03-31,True,False
1246,POL001246,20231219,2350,8,40,4,New Business,70322.65,7968.2,2023-12-19,2024-12-18,False,False
1247,POL001247,20250519,2264,6,20,4,New Business,600022.18,36700.5,2025-05-19,2026-05-19,False,False
1248,POL001248,20240401,907,2,6,1,New Business,16311.84,848.93,2024-04-01,2025-04-01,False,False
1249,POL001249,20240609,197,4,14,2,New Business,88340.59,8658.46,2024-06-09,2025-06-09,False,False
1250,POL001250,20260530,646,8,9,5,New Business,89529.48,8150.95,2026-05-30,2027-05-30,False,False
1251,POL001251,20260412,1200,2,12,2,New Business,21018.86,2002.76,2026-04-12,2027-04-12,False,False
1252,POL001252,20260304,1234,1,15,3,Renewal,105400.93,6360.77,2026-03-04,2027-03-04,True,False
1253,POL001253,20220901,2840,2,26,1,Renewal,34095.49,2354.13,2022-09-01,2023-09-01,True,False
1254,POL001254,20231015,2262,1,21,3,Renewal,145753.42,7766.79,2023-10-15,2024-10-14,True,False
1255,POL001255,20221110,1150,4,25,2,Renewal,193060.97,9894.9,2022-11-10,2023-11-10,True,False
1256,POL001256,20231011,2679,1,6,1,Renewal,89689.0,4560.3,2023-10-11,2024-10-10,True,False
1257,POL001257,20260417,1172,3,5,4,Renewal,27273.85,2658.3,2026-04-17,2027-04-17,True,False
1258,POL001258,20231116,852,1,21,3,New Business,59129.74,5505.27,2023-11-16,2024-11-15,False,False
1259,POL001259,20231006,1502,8,4,5,New Business,89586.43,5038.38,2023-10-06,2024-10-05,False,False
1260,POL001260,20250522,1149,4,28,4,New Business,187468.67,18426.09,2025-05-22,2026-05-22,False,False
1261,POL001261,20260301,2990,7,11,1,New Business,498996.05,51969.45,2026-03-01,2027-03-01,False,False
1262,POL001262,20230928,2555,9,15,3,New Business,195990.64,23916.17,2023-09-28,2024-09-27,False,False
1263,POL001263,20250321,2350,2,7,5,New Business,18834.21,1016.21,2025-03-21,2026-03-21,False,False
1264,POL001264,20260611,899,1,13,3,New Business,118747.41,8717.74,2026-06-11,2027-06-11,False,False
1265,POL001265,20240125,2836,1,8,5,Renewal,65187.87,4963.55,2024-01-25,2025-01-24,True,False
1266,POL001266,20260716,44,3,29,3,Renewal,80466.86,8292.19,2026-07-16,2027-07-16,True,False
1267,POL001267,20241009,2499,3,23,3,Renewal,77557.11,6582.53,2024-10-09,2025-10-09,True,False
1268,POL001268,20250219,233,8,12,2,New Business,79894.76,6421.2,2025-02-19,2026-02-19,False,False
1269,POL001269,20240423,709,1,15,3,Renewal,106798.16,7278.28,2024-04-23,2025-04-23,True,False
1270,POL001270,20260502,1998,1,11,1,New Business,77927.1,7350.63,2026-05-02,2027-05-02,False,False
1271,POL001271,20230703,540,6,3,2,New Business,197045.82,17057.2,2023-07-03,2024-07-02,False,False
1272,POL001272,20260201,2382,1,2,3,New Business,87829.72,5287.0,2026-02-01,2027-02-01,False,False
1273,POL001273,20250920,2712,9,9,5,New Business,439923.6,23686.24,2025-09-20,2026-09-20,False,False
1274,POL001274,20240527,2959,1,27,1,Cancellation,94466.77,4605.82,2024-05-27,2025-05-27,False,True
1275,POL001275,20250429,417,3,31,3,Renewal,162048.56,9946.63,2025-04-29,2026-04-29,True,False
1276,POL001276,20231015,1067,2,27,1,New Business,15349.92,880.16,2023-10-15,2024-10-14,False,False
1277,POL001277,20260125,750,4,17,3,New Business,282083.2,22901.7,2026-01-25,2027-01-25,False,False
1278,POL001278,20240920,2199,4,29,3,New Business,223389.12,13847.87,2024-09-20,2025-09-20,False,False
1279,POL001279,20260804,1391,5,33,2,Renewal,1395115.15,159095.03,2026-08-04,2027-08-04,True,False
1280,POL001280,20260106,2453,1,3,2,Renewal,124537.25,8291.87,2026-01-06,2027-01-06,True,False
1281,POL001281,20260806,1579,6,26,1,Renewal,315665.18,27736.23,2026-08-06,2027-08-06,True,False
1282,POL001282,20240929,2078,1,10,4,Cancellation,115548.26,3456.69,2024-09-29,2025-09-29,False,True
1283,POL001283,20241121,313,3,12,2,New Business,22581.79,2505.07,2024-11-21,2025-11-21,False,False
1284,POL001284,20251014,489,9,34,2,Renewal,115296.35,8141.16,2025-10-14,2026-10-14,True,False
1285,POL001285,20260201,1420,1,36,5,New Business,74273.94,3905.34,2026-02-01,2027-02-01,False,False
1286,POL001286,20241007,2743,4,5,4,Renewal,94782.11,11029.12,2024-10-07,2025-10-07,True,False
1287,POL001287,20250615,1194,8,3,2,Renewal,37217.07,1939.36,2025-06-15,2026-06-15,True,False
1288,POL001288,20260207,1444,4,7,5,Renewal,245349.97,15897.63,2026-02-07,2027-02-07,True,False
1289,POL001289,20250203,1454,1,12,2,Renewal,35074.33,2084.95,2025-02-03,2026-02-03,True,False
1290,POL001290,20251213,449,8,32,1,New Business,34235.0,3387.58,2025-12-13,2026-12-13,False,False
1291,POL001291,20220813,1589,8,17,3,New Business,104867.48,7138.37,2022-08-13,2023-08-13,False,False
1292,POL001292,20250829,88,1,24,1,Renewal,75892.9,7747.46,2025-08-29,2026-08-29,True,False
1293,POL001293,20260201,722,1,25,2,Renewal,88396.73,5449.46,2026-02-01,2027-02-01,True,False
1294,POL001294,20231027,2647,1,25,2,Renewal,88825.21,8616.87,2023-10-27,2024-10-26,True,False
1295,POL001295,20260422,7,1,35,4,Renewal,20961.68,2010.08,2026-04-22,2027-04-22,True,False
1296,POL001296,20251101,1238,2,29,3,Renewal,30417.0,1689.63,2025-11-01,2026-11-01,True,False
1297,POL001297,20260720,2125,2,32,1,Renewal,10391.84,694.58,2026-07-20,2027-07-20,True,False
1298,POL001298,20240908,1110,2,30,3,New Business,13521.89,1352.93,2024-09-08,2025-09-08,False,False
1299,POL001299,20240217,2515,8,25,2,Renewal,121240.44,7478.32,2024-02-17,2025-02-16,True,False
1300,POL001300,20220425,1283,1,13,3,Renewal,24301.76,1816.5,2022-04-25,2023-04-25,True,False
1301,POL001301,20260324,2876,1,12,2,New Business,138778.3,8886.97,2026-03-24,2027-03-24,False,False
1302,POL001302,20241006,2449,1,21,3,New Business,55002.02,4903.85,2024-10-06,2025-10-06,False,False
1303,POL001303,20241022,2040,3,31,3,New Business,69643.29,6932.47,2024-10-22,2025-10-22,False,False
1304,POL001304,20241010,2324,9,10,4,New Business,173170.05,19312.7,2024-10-10,2025-10-10,False,False
1305,POL001305,20251003,2224,2,6,1,New Business,26219.44,1718.74,2025-10-03,2026-10-03,False,False
1306,POL001306,20240614,1511,1,37,3,Renewal,65839.08,6655.78,2024-06-14,2025-06-14,True,False
1307,POL001307,20240829,480,4,5,4,New Business,247640.94,13476.16,2024-08-29,2025-08-29,False,False
1308,POL001308,20241022,1682,9,14,2,New Business,158697.01,10511.86,2024-10-22,2025-10-22,False,False
1309,POL001309,20240707,2724,2,38,1,New Business,25299.35,1912.17,2024-07-07,2025-07-07,False,False
1310,POL001310,20220419,2950,3,10,4,Renewal,87555.27,8696.11,2022-04-19,2023-04-19,True,False
1311,POL001311,20220529,1216,5,12,2,New Business,2616305.42,208906.7,2022-05-29,2023-05-29,False,False
1312,POL001312,20260703,1062,2,40,4,Renewal,12025.21,763.23,2026-07-03,2027-07-03,True,False
1313,POL001313,20230604,398,4,13,3,New Business,123616.17,13315.5,2023-06-04,2024-06-03,False,False
1314,POL001314,20221122,166,5,3,2,New Business,2464332.6,170977.57,2022-11-22,2023-11-22,False,False
1315,POL001315,20221117,2886,8,11,1,New Business,64453.58,4103.13,2022-11-17,2023-11-17,False,False
1316,POL001316,20250314,622,1,7,5,Cancellation,63415.21,869.48,2025-03-14,2026-03-14,False,True
1317,POL001317,20220830,2095,7,8,5,Renewal,349952.98,24201.59,2022-08-30,2023-08-30,True,False
1318,POL001318,20231012,2226,8,27,1,Renewal,97429.86,4896.66,2023-10-12,2024-10-11,True,False
1319,POL001319,20260505,35,2,7,5,Renewal,14077.35,1510.96,2026-05-05,2027-05-05,True,False
1320,POL001320,20241006,2279,2,35,4,New Business,15561.5,1328.72,2024-10-06,2025-10-06,False,False
1321,POL001321,20240513,548,2,1,1,New Business,27268.18,2154.02,2024-05-13,2025-05-13,False,False
1322,POL001322,20251025,2059,4,32,1,Renewal,213585.43,14943.35,2025-10-25,2026-10-25,True,False
1323,POL001323,20260808,1285,1,34,2,New Business,80769.21,4795.99,2026-08-08,2027-08-08,False,False
1324,POL001324,20221208,1646,2,19,5,Cancellation,31041.13,619.77,2022-12-08,2023-12-08,False,True
1325,POL001325,20240305,2441,7,28,4,Renewal,321173.4,30263.58,2024-03-05,2025-03-05,True,False
1326,POL001326,20240507,458,5,40,4,New Business,4037996.25,210729.99,2024-05-07,2025-05-07,False,False
1327,POL001327,20230818,734,8,5,4,New Business,56837.82,6926.97,2023-08-18,2024-08-17,False,False
1328,POL001328,20230322,187,6,19,5,New Business,439565.01,39832.89,2023-03-22,2024-03-21,False,False
1329,POL001329,20241021,462,1,19,5,Renewal,70064.13,3639.33,2024-10-21,2025-10-21,True,False
1330,POL001330,20231203,2328,9,8,5,New Business,416097.04,22672.61,2023-12-03,2024-12-02,False,False
1331,POL001331,20220301,1665,3,38,1,Renewal,165753.09,8404.83,2022-03-01,2023-03-01,True,False
1332,POL001332,20251201,2829,1,34,2,New Business,67127.9,6759.7,2025-12-01,2026-12-01,False,False
1333,POL001333,20241019,455,6,36,5,New Business,107376.69,10099.31,2024-10-19,2025-10-19,False,False
1334,POL001334,20221216,1679,3,2,3,Renewal,41792.17,2466.85,2022-12-16,2023-12-16,True,False
1335,POL001335,20240326,256,6,1,1,New Business,393594.63,37989.92,2024-03-26,2025-03-26,False,False
1336,POL001336,20241229,1379,1,13,3,Renewal,49999.4,4871.99,2024-12-29,2025-12-29,True,False
1337,POL001337,20250602,1318,1,3,2,New Business,65779.0,6478.44,2025-06-02,2026-06-02,False,False
1338,POL001338,20251010,2169,1,16,4,Renewal,67384.85,8399.03,2025-10-10,2026-10-10,True,False
1339,POL001339,20250410,2823,2,11,1,Cancellation,36544.8,823.29,2025-04-10,2026-04-10,False,True
1340,POL001340,20250605,2313,5,40,4,New Business,2318718.67,172868.13,2025-06-05,2026-06-05,False,False
1341,POL001341,20260118,1771,3,11,1,Renewal,158917.52,9306.79,2026-01-18,2027-01-18,True,False
1342,POL001342,20240208,931,9,12,2,Renewal,449541.38,22572.64,2024-02-08,2025-02-07,True,False
1343,POL001343,20260519,2055,1,40,4,Renewal,133130.84,8280.26,2026-05-19,2027-05-19,True,False
1344,POL001344,20260529,835,8,14,2,Renewal,75317.03,5843.01,2026-05-29,2027-05-29,True,False
1345,POL001345,20250815,2072,7,22,5,Renewal,647050.51,34789.02,2025-08-15,2026-08-15,True,False
1346,POL001346,20260428,1649,9,12,2,New Business,270518.46,29222.94,2026-04-28,2027-04-28,False,False
1347,POL001347,20251016,1249,3,7,5,New Business,79199.78,8906.23,2025-10-16,2026-10-16,False,False
1348,POL001348,20251203,2072,1,11,1,New Business,88429.82,8258.83,2025-12-03,2026-12-03,False,False
1349,POL001349,20230522,407,4,35,4,Renewal,413824.54,24671.95,2023-05-22,2024-05-21,True,False
1350,POL001350,20240709,766,1,30,3,Renewal,32182.41,1922.5,2024-07-09,2025-07-09,True,False
1351,POL001351,20250513,1954,1,21,3,Renewal,59586.96,3470.2,2025-05-13,2026-05-13,True,False
1352,POL001352,20260131,82,9,26,1,Cancellation,160331.76,3405.19,2026-01-31,2027-01-31,False,True
1353,POL001353,20240126,1731,5,24,1,Renewal,2059888.24,205894.57,2024-01-26,2025-01-25,True,False
1354,POL001354,20241007,2205,5,34,2,New Business,2014459.99,127093.1,2024-10-07,2025-10-07,False,False
1355,POL001355,20240629,308,1,40,4,New Business,80263.13,5252.69,2024-06-29,2025-06-29,False,False
1356,POL001356,20240901,479,9,30,3,Cancellation,433207.88,7323.0,2024-09-01,2025-09-01,False,True
1357,POL001357,20260227,2374,4,35,4,Renewal,225444.35,15556.24,2026-02-27,2027-02-27,True,False
1358,POL001358,20251031,2707,2,32,1,New Business,11915.24,739.77,2025-10-31,2026-10-31,False,False
1359,POL001359,20250921,2998,9,10,4,Renewal,297262.93,23738.41,2025-09-21,2026-09-21,True,False
1360,POL001360,20230218,1636,6,35,4,New Business,57054.81,5677.22,2023-02-18,2024-02-18,False,False
1361,POL001361,20240121,2355,8,7,5,New Business,141252.55,10558.09,2024-01-21,2025-01-20,False,False
1362,POL001362,20260423,2078,2,38,1,Renewal,48450.32,2493.7,2026-04-23,2027-04-23,True,False
1363,POL001363,20240422,916,2,39,1,New Business,8713.34,659.01,2024-04-22,2025-04-22,False,False
1364,POL001364,20250809,1821,5,20,4,Renewal,341731.07,22855.24,2025-08-09,2026-08-09,True,False
1365,POL001365,20240530,1823,4,18,1,Renewal,233905.74,24082.63,2024-05-30,2025-05-30,True,False
1366,POL001366,20250310,1733,4,38,1,Cancellation,59517.53,2462.76,2025-03-10,2026-03-10,False,True
1367,POL001367,20241230,1624,4,32,1,New Business,108554.46,13491.45,2024-12-30,2025-12-30,False,False
1368,POL001368,20240329,1874,7,20,4,Renewal,70709.37,5059.21,2024-03-29,2025-03-29,True,False
1369,POL001369,20250324,2809,4,40,4,Renewal,75013.73,6573.97,2025-03-24,2026-03-24,True,False
1370,POL001370,20230530,2086,1,13,3,Renewal,87685.94,4975.43,2023-05-30,2024-05-29,True,False
1371,POL001371,20230513,461,8,27,1,Renewal,118584.42,10340.73,2023-05-13,2024-05-12,True,False
1372,POL001372,20260124,2581,3,22,5,New Business,75116.81,4472.06,2026-01-24,2027-01-24,False,False
1373,POL001373,20230408,2185,3,7,5,Cancellation,45652.59,1554.6,2023-04-08,2024-04-07,False,True
1374,POL001374,20231215,1188,1,21,3,New Business,98355.36,6445.67,2023-12-15,2024-12-14,False,False
1375,POL001375,20221014,2109,6,26,1,Renewal,352877.9,29603.84,2022-10-14,2023-10-14,True,False
1376,POL001376,20251202,129,1,11,1,New Business,78265.93,4006.62,2025-12-02,2026-12-02,False,False
1377,POL001377,20241209,1640,1,19,5,Renewal,32582.16,1731.18,2024-12-09,2025-12-09,True,False
1378,POL001378,20240319,2230,1,12,2,New Business,30297.39,1682.93,2024-03-19,2025-03-19,False,False
1379,POL001379,20240114,428,2,15,3,New Business,34076.93,1839.3,2024-01-14,2025-01-13,False,False
1380,POL001380,20250429,779,4,3,2,New Business,288352.8,24727.0,2025-04-29,2026-04-29,False,False
1381,POL001381,20240902,2258,8,16,4,Renewal,218838.3,12993.05,2024-09-02,2025-09-02,True,False
1382,POL001382,20251028,435,1,36,5,New Business,67381.09,3401.2,2025-10-28,2026-10-28,False,False
1383,POL001383,20220531,612,1,29,3,Renewal,132057.4,6956.84,2022-05-31,2023-05-31,True,False
1384,POL001384,20251012,872,1,3,2,Renewal,94948.65,5705.21,2025-10-12,2026-10-12,True,False
1385,POL001385,20231223,1652,7,7,5,Renewal,722115.05,39174.56,2023-12-23,2024-12-22,True,False
1386,POL001386,20250314,2643,4,14,2,New Business,321090.23,16366.38,2025-03-14,2026-03-14,False,False
1387,POL001387,20240509,1200,2,7,5,Renewal,30415.7,1767.63,2024-05-09,2025-05-09,True,False
1388,POL001388,20230912,1796,1,35,4,Renewal,70827.33,3774.15,2023-09-12,2024-09-11,True,False
1389,POL001389,20250103,1839,2,37,3,New Business,23989.88,1400.13,2025-01-03,2026-01-03,False,False
1390,POL001390,20231219,80,9,8,5,Renewal,44687.79,4493.97,2023-12-19,2024-12-18,True,False
1391,POL001391,20260529,144,8,2,3,New Business,217296.63,12781.07,2026-05-29,2027-05-29,False,False
1392,POL001392,20220510,2818,3,8,5,New Business,66081.87,5870.5,2022-05-10,2023-05-10,False,False
1393,POL001393,20260808,1033,2,9,5,Renewal,41655.0,2163.03,2026-08-08,2027-08-08,True,False
1394,POL001394,20260115,1124,2,22,5,Cancellation,13026.43,500.17,2026-01-15,2027-01-15,False,True
1395,POL001395,20251009,1533,8,11,1,New Business,109288.22,12912.99,2025-10-09,2026-10-09,False,False
1396,POL001396,20230401,517,1,8,5,New Business,70691.24,5827.65,2023-04-01,2024-03-31,False,False
1397,POL001397,20250517,1957,4,9,5,New Business,325568.27,24841.84,2025-05-17,2026-05-17,False,False
1398,POL001398,20250714,741,1,8,5,Renewal,97107.99,8104.88,2025-07-14,2026-07-14,True,False
1399,POL001399,20260820,2602,1,19,5,Renewal,27864.92,3336.0,2026-08-20,2027-08-20,True,False
1400,POL001400,20231022,1968,3,25,2,New Business,97186.58,8478.37,2023-10-22,2024-10-21,False,False
1401,POL001401,20230708,1526,7,39,1,New Business,325161.56,24549.98,2023-07-08,2024-07-07,False,False
1402,POL001402,20231030,950,1,35,4,New Business,48241.24,5975.42,2023-10-30,2024-10-29,False,False
1403,POL001403,20241016,562,8,19,5,New Business,112918.28,9276.6,2024-10-16,2025-10-16,False,False
1404,POL001404,20251012,2874,1,39,1,New Business,117680.49,6966.53,2025-10-12,2026-10-12,False,False
1405,POL001405,20240620,2697,2,12,2,Cancellation,44047.23,307.94,2024-06-20,2025-06-20,False,True
1406,POL001406,20230524,1935,6,16,4,Cancellation,69434.23,1844.9,2023-05-24,2024-05-23,False,True
1407,POL001407,20251230,644,3,28,4,Renewal,115218.39,7983.06,2025-12-30,2026-12-30,True,False
1408,POL001408,20230902,1010,4,40,4,New Business,210262.55,17740.95,2023-09-02,2024-09-01,False,False
1409,POL001409,20240926,2270,6,21,3,New Business,557058.18,37103.89,2024-09-26,2025-09-26,False,False
1410,POL001410,20240927,2791,2,23,3,New Business,18327.27,1000.91,2024-09-27,2025-09-27,False,False
1411,POL001411,20251109,474,1,33,2,New Business,91647.16,7379.64,2025-11-09,2026-11-09,False,False
1412,POL001412,20221217,273,1,4,5,New Business,27719.24,3213.19,2022-12-17,2023-12-17,False,False
1413,POL001413,20251206,194,8,24,1,New Business,37284.47,4091.37,2025-12-06,2026-12-06,False,False
1414,POL001414,20230831,1259,3,18,1,Renewal,192815.54,11225.72,2023-08-31,2024-08-30,True,False
1415,POL001415,20240727,1461,5,10,4,New Business,3290067.33,177974.81,2024-07-27,2025-07-27,False,False
1416,POL001416,20240630,3000,6,19,5,New Business,195456.74,11185.8,2024-06-30,2025-06-30,False,False
1417,POL001417,20251023,1460,3,38,1,New Business,115968.42,6563.26,2025-10-23,2026-10-23,False,False
1418,POL001418,20241123,817,4,17,3,New Business,248556.28,13210.1,2024-11-23,2025-11-23,False,False
1419,POL001419,20231010,1366,1,15,3,Renewal,78303.13,5433.27,2023-10-10,2024-10-09,True,False
1420,POL001420,20230526,512,1,34,2,New Business,20871.18,2319.6,2023-05-26,2024-05-25,False,False
1421,POL001421,20231022,2820,7,13,3,New Business,487450.4,30985.2,2023-10-22,2024-10-21,False,False
1422,POL001422,20250816,747,9,28,4,Cancellation,54382.46,1356.18,2025-08-16,2026-08-16,False,True
1423,POL001423,20231112,2281,8,5,4,New Business,58931.41,5841.12,2023-11-12,2024-11-11,False,False
1424,POL001424,20230402,805,4,1,1,New Business,148669.12,10142.37,2023-04-02,2024-04-01,False,False
1425,POL001425,20231121,2803,1,5,4,New Business,46088.09,4868.43,2023-11-21,2024-11-20,False,False
1426,POL001426,20260404,1674,6,21,3,Renewal,357001.46,33831.04,2026-04-04,2027-04-04,True,False
1427,POL001427,20260602,928,2,31,3,Renewal,26525.81,1523.51,2026-06-02,2027-06-02,True,False
1428,POL001428,20240831,2097,1,37,3,Renewal,81296.81,6623.02,2024-08-31,2025-08-31,True,False
1429,POL001429,20250205,771,6,19,5,New Business,449256.13,35717.07,2025-02-05,2026-02-05,False,False
1430,POL001430,20230917,1963,1,29,3,Renewal,105463.77,5492.28,2023-09-17,2024-09-16,True,False
1431,POL001431,20260228,1629,4,38,1,Cancellation,491422.68,5256.22,2026-02-28,2027-02-28,False,True
1432,POL001432,20240810,560,8,38,1,Renewal,43667.5,3939.89,2024-08-10,2025-08-10,True,False
1433,POL001433,20251129,1762,2,17,3,Cancellation,14273.91,477.62,2025-11-29,2026-11-29,False,True
1434,POL001434,20240103,119,4,3,2,New Business,121344.45,8434.2,2024-01-03,2025-01-02,False,False
1435,POL001435,20221005,1965,4,15,3,Renewal,260179.6,18098.82,2022-10-05,2023-10-05,True,False
1436,POL001436,20240123,2801,1,22,5,New Business,144471.52,8781.79,2024-01-23,2025-01-22,False,False
1437,POL001437,20260519,1678,4,34,2,New Business,277961.25,24276.35,2026-05-19,2027-05-19,False,False
1438,POL001438,20220930,1597,5,18,1,Renewal,2360753.96,166541.17,2022-09-30,2023-09-30,True,False
1439,POL001439,20250609,2537,3,40,4,Renewal,168093.84,11210.69,2025-06-09,2026-06-09,True,False
1440,POL001440,20241114,2299,3,24,1,Renewal,56621.78,3031.47,2024-11-14,2025-11-14,True,False
1441,POL001441,20260201,2909,2,37,3,New Business,29734.16,2088.25,2026-02-01,2027-02-01,False,False
1442,POL001442,20240307,456,9,38,1,New Business,80294.14,8259.43,2024-03-07,2025-03-07,False,False
1443,POL001443,20240920,2392,3,30,3,Renewal,128315.66,8380.93,2024-09-20,2025-09-20,True,False
1444,POL001444,20250305,2586,8,5,4,Renewal,29067.6,2507.8,2025-03-05,2026-03-05,True,False
1445,POL001445,20240806,2619,4,39,1,Cancellation,206745.43,2171.46,2024-08-06,2025-08-06,False,True
1446,POL001446,20240915,1345,1,38,1,Renewal,58009.83,3054.62,2024-09-15,2025-09-15,True,False
1447,POL001447,20240804,1347,1,7,5,Renewal,102227.02,5829.0,2024-08-04,2025-08-04,True,False
1448,POL001448,20240303,2034,1,11,1,Renewal,54959.98,4329.39,2024-03-03,2025-03-03,True,False
1449,POL001449,20240423,340,3,12,2,Renewal,79139.31,5054.13,2024-04-23,2025-04-23,True,False
1450,POL001450,20240112,2060,1,22,5,Renewal,103367.58,5683.58,2024-01-12,2025-01-11,True,False
1451,POL001451,20220712,336,1,37,3,New Business,73645.75,3713.32,2022-07-12,2023-07-12,False,False
1452,POL001452,20250602,2207,3,6,1,New Business,208550.8,10977.96,2025-06-02,2026-06-02,False,False
1453,POL001453,20260802,93,4,40,4,Renewal,308833.64,16786.63,2026-08-02,2027-08-02,True,False
1454,POL001454,20250831,2347,8,11,1,Renewal,124733.8,9347.88,2025-08-31,2026-08-31,True,False
1455,POL001455,20220611,1518,4,21,3,New Business,322413.12,17582.35,2022-06-11,2023-06-11,False,False
1456,POL001456,20240422,2397,9,14,2,New Business,246653.05,14117.19,2024-04-22,2025-04-22,False,False
1457,POL001457,20260514,2692,1,21,3,Renewal,120739.91,8349.04,2026-05-14,2027-05-14,True,False
1458,POL001458,20240605,2957,1,30,3,Cancellation,72125.44,4588.89,2024-06-05,2025-06-05,False,True
1459,POL001459,20240207,519,2,26,1,New Business,36440.91,2152.07,2024-02-07,2025-02-06,False,False
1460,POL001460,20251101,988,1,38,1,New Business,73811.34,6720.24,2025-11-01,2026-11-01,False,False
1461,POL001461,20250503,515,8,37,3,Cancellation,96247.08,3484.44,2025-05-03,2026-05-03,False,True
1462,POL001462,20260409,497,2,16,4,Renewal,20880.29,2454.44,2026-04-09,2027-04-09,True,False
1463,POL001463,20231219,2176,1,21,3,Renewal,84509.8,4809.56,2023-12-19,2024-12-18,True,False
1464,POL001464,20230109,2938,8,8,5,New Business,128472.88,10766.29,2023-01-09,2024-01-09,False,False
1465,POL001465,20230722,1227,8,14,2,Renewal,101899.87,9724.19,2023-07-22,2024-07-21,True,False
1466,POL001466,20250307,1406,1,34,2,Renewal,39046.25,3111.41,2025-03-07,2026-03-07,True,False
1467,POL001467,20251208,1802,2,6,1,New Business,16997.49,1395.05,2025-12-08,2026-12-08,False,False
1468,POL001468,20260522,1643,6,37,3,New Business,310726.9,25388.76,2026-05-22,2027-05-22,False,False
1469,POL001469,20240106,248,8,1,1,Renewal,189490.32,13037.16,2024-01-06,2025-01-05,True,False
1470,POL001470,20240217,1763,9,6,1,New Business,290322.97,14913.2,2024-02-17,2025-02-16,False,False
1471,POL001471,20240517,1009,3,6,1,Renewal,195065.99,10642.31,2024-05-17,2025-05-17,True,False
1472,POL001472,20240502,981,8,38,1,Renewal,73244.59,7158.91,2024-05-02,2025-05-02,True,False
1473,POL001473,20250329,474,2,7,5,New Business,16199.55,1478.98,2025-03-29,2026-03-29,False,False
1474,POL001474,20240825,2513,9,3,2,Renewal,282265.57,15629.47,2024-08-25,2025-08-25,True,False
1475,POL001475,20250223,1932,9,32,1,New Business,130342.56,15632.21,2025-02-23,2026-02-23,False,False
1476,POL001476,20250321,2436,1,27,1,Cancellation,61301.98,1182.95,2025-03-21,2026-03-21,False,True
1477,POL001477,20260216,1022,2,19,5,New Business,19268.1,2144.12,2026-02-16,2027-02-16,False,False
1478,POL001478,20250409,1051,8,5,4,Renewal,190099.77,11737.82,2025-04-09,2026-04-09,True,False
1479,POL001479,20221115,430,1,40,4,Cancellation,36190.66,1535.06,2022-11-15,2023-11-15,False,True
1480,POL001480,20240713,839,5,22,5,Renewal,1892432.41,106211.27,2024-07-13,2025-07-13,True,False
1481,POL001481,20231127,1678,9,17,3,New Business,210944.19,16903.04,2023-11-27,2024-11-26,False,False
1482,POL001482,20220925,774,1,36,5,Renewal,49915.74,5186.36,2022-09-25,2023-09-25,True,False
1483,POL001483,20240429,34,9,17,3,New Business,252415.76,19362.41,2024-04-29,2025-04-29,False,False
1484,POL001484,20220826,2086,3,7,5,New Business,72205.05,6499.13,2022-08-26,2023-08-26,False,False
1485,POL001485,20250730,476,1,34,2,Renewal,63209.13,5875.0,2025-07-30,2026-07-30,True,False
1486,POL001486,20260603,866,2,2,3,Renewal,15778.7,1058.86,2026-06-03,2027-06-03,True,False
1487,POL001487,20251012,2029,1,26,1,New Business,70465.32,4127.04,2025-10-12,2026-10-12,False,False
1488,POL001488,20220618,2486,9,1,1,Renewal,71009.78,7046.3,2022-06-18,2023-06-18,True,False
1489,POL001489,20260415,1140,3,40,4,Renewal,56762.92,3303.41,2026-04-15,2027-04-15,True,False
1490,POL001490,20250314,1437,8,8,5,Renewal,100975.36,9310.3,2025-03-14,2026-03-14,True,False
1491,POL001491,20241215,1347,8,35,4,Renewal,135002.9,10041.8,2024-12-15,2025-12-15,True,False
1492,POL001492,20240418,505,8,30,3,New Business,71927.71,6943.8,2024-04-18,2025-04-18,False,False
1493,POL001493,20230825,1741,5,36,5,Cancellation,844528.57,21065.59,2023-08-25,2024-08-24,False,True
1494,POL001494,20260425,1110,7,3,2,New Business,738129.98,38116.05,2026-04-25,2027-04-25,False,False
1495,POL001495,20241026,2142,4,5,4,Renewal,252623.86,24136.29,2024-10-26,2025-10-26,True,False
1496,POL001496,20230319,2671,3,23,3,Cancellation,48296.14,982.36,2023-03-19,2024-03-18,False,True
1497,POL001497,20260607,1946,2,29,3,New Business,11213.81,1018.25,2026-06-07,2027-06-07,False,False
1498,POL001498,20260328,35,1,39,1,New Business,128662.9,6786.83,2026-03-28,2027-03-28,False,False
1499,POL001499,20230705,1430,9,13,3,Renewal,48204.8,3081.56,2023-07-05,2024-07-04,True,False
1500,POL001500,20241222,95,2,12,2,Renewal,20099.81,1576.36,2024-12-22,2025-12-22,True,False
1501,POL001501,20250116,684,2,3,2,Cancellation,13136.5,780.53,2025-01-16,2026-01-16,False,True
1502,POL001502,20240618,953,8,6,1,Renewal,92833.59,5562.25,2024-06-18,2025-06-18,True,False
1503,POL001503,20260215,1892,2,9,5,New Business,15238.8,891.39,2026-02-15,2027-02-15,False,False
1504,POL001504,20240331,232,1,32,1,Renewal,115400.86,6387.6,2024-03-31,2025-03-31,True,False
1505,POL001505,20260324,2315,1,14,2,New Business,107975.32,8669.39,2026-03-24,2027-03-24,False,False
1506,POL001506,20240907,2257,7,5,4,New Business,507972.14,36829.18,2024-09-07,2025-09-07,False,False
1507,POL001507,20230822,405,4,10,4,New Business,157210.68,13882.26,2023-08-22,2024-08-21,False,False
1508,POL001508,20240606,116,9,38,1,Renewal,265124.49,18040.28,2024-06-06,2025-06-06,True,False
1509,POL001509,20231002,1597,1,17,3,Renewal,121470.16,8156.72,2023-10-02,2024-10-01,True,False
1510,POL001510,20250908,727,1,24,1,New Business,105086.71,7531.96,2025-09-08,2026-09-08,False,False
1511,POL001511,20220907,591,2,12,2,New Business,14645.36,1309.94,2022-09-07,2023-09-07,False,False
1512,POL001512,20240531,2645,8,14,2,New Business,93297.56,10145.29,2024-05-31,2025-05-31,False,False
1513,POL001513,20250622,2548,3,4,5,New Business,92591.72,7937.06,2025-06-22,2026-06-22,False,False
1514,POL001514,20241125,407,3,25,2,New Business,117280.82,8561.46,2024-11-25,2025-11-25,False,False
1515,POL001515,20231116,1636,1,29,3,Renewal,82806.86,8249.32,2023-11-16,2024-11-15,True,False
1516,POL001516,20230620,621,9,3,2,New Business,129188.35,10745.41,2023-06-20,2024-06-19,False,False
1517,POL001517,20251013,1602,8,27,1,Renewal,31694.07,3584.92,2025-10-13,2026-10-13,True,False
1518,POL001518,20240906,1677,2,35,4,Renewal,18525.38,2281.53,2024-09-06,2025-09-06,True,False
1519,POL001519,20260421,2478,3,21,3,New Business,88089.91,9627.99,2026-04-21,2027-04-21,False,False
1520,POL001520,20251128,1367,1,37,3,Cancellation,37584.03,1495.31,2025-11-28,2026-11-28,False,True
1521,POL001521,20240916,367,4,13,3,Renewal,100608.13,11955.4,2024-09-16,2025-09-16,True,False
1522,POL001522,20251109,657,3,6,1,New Business,153734.63,10612.32,2025-11-09,2026-11-09,False,False
1523,POL001523,20260126,169,2,33,2,Renewal,9572.63,1074.75,2026-01-26,2027-01-26,True,False
1524,POL001524,20250331,584,2,12,2,New Business,43898.66,2487.01,2025-03-31,2026-03-31,False,False
1525,POL001525,20250224,2908,1,18,1,Renewal,39092.23,2232.8,2025-02-24,2026-02-24,True,False
1526,POL001526,20250907,455,9,37,3,New Business,185416.28,10479.69,2025-09-07,2026-09-07,False,False
1527,POL001527,20231025,1942,9,1,1,Renewal,104860.79,8980.33,2023-10-25,2024-10-24,True,False
1528,POL001528,20250517,593,2,15,3,Renewal,24425.32,2120.69,2025-05-17,2026-05-17,True,False
1529,POL001529,20260606,540,7,12,2,New Business,336084.66,36875.18,2026-06-06,2027-06-06,False,False
1530,POL001530,20250317,591,2,22,5,New Business,27197.07,1436.23,2025-03-17,2026-03-17,False,False
1531,POL001531,20250819,338,1,10,4,Cancellation,87163.46,1986.07,2025-08-19,2026-08-19,False,True
1532,POL001532,20260524,1113,1,20,4,Renewal,73825.29,5528.77,2026-05-24,2027-05-24,True,False
1533,POL001533,20241230,739,8,25,2,Renewal,72304.97,6886.89,2024-12-30,2025-12-30,True,False
1534,POL001534,20250713,2628,1,23,3,New Business,72760.58,6802.73,2025-07-13,2026-07-13,False,False
1535,POL001535,20250428,1676,1,6,1,Renewal,38377.36,2519.5,2025-04-28,2026-04-28,True,False
1536,POL001536,20230503,2283,2,2,3,Cancellation,14077.75,205.31,2023-05-03,2024-05-02,False,True
1537,POL001537,20230724,2835,2,23,3,Renewal,26072.46,2135.5,2023-07-24,2024-07-23,True,False
1538,POL001538,20260330,539,2,7,5,New Business,19206.61,1199.74,2026-03-30,2027-03-30,False,False
1539,POL001539,20250102,2200,2,38,1,Cancellation,16825.12,930.39,2025-01-02,2026-01-02,False,True
1540,POL001540,20260219,1658,4,19,5,Renewal,202009.36,11459.57,2026-02-19,2027-02-19,True,False
1541,POL001541,20250425,1046,8,31,3,Renewal,142478.37,8144.43,2025-04-25,2026-04-25,True,False
1542,POL001542,20250515,2105,8,27,1,New Business,140582.87,10364.94,2025-05-15,2026-05-15,False,False
1543,POL001543,20250919,40,9,33,2,Renewal,254490.11,21670.65,2025-09-19,2026-09-19,True,False
1544,POL001544,20231127,2094,1,15,3,Renewal,50055.74,3150.5,2023-11-27,2024-11-26,True,False
1545,POL001545,20251031,2313,9,8,5,Renewal,122191.08,8798.1,2025-10-31,2026-10-31,True,False
1546,POL001546,20240922,2324,4,9,5,New Business,116573.69,10041.4,2024-09-22,2025-09-22,False,False
1547,POL001547,20221014,2340,1,34,2,Cancellation,81614.12,2706.79,2022-10-14,2023-10-14,False,True
1548,POL001548,20250126,2491,1,9,5,Renewal,39708.26,2278.8,2025-01-26,2026-01-26,True,False
1549,POL001549,20260317,1142,9,35,4,New Business,129645.79,9788.61,2026-03-17,2027-03-17,False,False
1550,POL001550,20250120,161,3,33,2,New Business,73947.83,6918.76,2025-01-20,2026-01-20,False,False
1551,POL001551,20230627,1681,9,21,3,New Business,76244.91,7438.6,2023-06-27,2024-06-26,False,False
1552,POL001552,20260309,40,6,11,1,New Business,92937.88,9295.65,2026-03-09,2027-03-09,False,False
1553,POL001553,20241006,2014,7,10,4,Renewal,936647.43,76079.96,2024-10-06,2025-10-06,True,False
1554,POL001554,20231212,853,2,14,2,New Business,18391.74,2229.99,2023-12-12,2024-12-11,False,False
1555,POL001555,20250105,1544,4,16,4,Renewal,252464.69,14916.39,2025-01-05,2026-01-05,True,False
1556,POL001556,20251017,1858,9,16,4,Renewal,69983.14,4560.28,2025-10-17,2026-10-17,True,False
1557,POL001557,20241217,2135,1,37,3,Renewal,37447.62,2527.25,2024-12-17,2025-12-17,True,False
1558,POL001558,20251207,1033,1,8,5,New Business,27605.14,3436.98,2025-12-07,2026-12-07,False,False
1559,POL001559,20240306,379,4,25,2,Renewal,98172.23,5810.18,2024-03-06,2025-03-06,True,False
1560,POL001560,20251225,963,1,9,5,Renewal,42684.59,4097.0,2025-12-25,2026-12-25,True,False
1561,POL001561,20221229,2384,3,35,4,Cancellation,115983.21,2563.62,2022-12-29,2023-12-29,False,True
1562,POL001562,20260204,184,6,25,2,New Business,266166.64,15173.21,2026-02-04,2027-02-04,False,False
1563,POL001563,20260208,2226,2,6,1,Cancellation,36224.18,735.95,2026-02-08,2027-02-08,False,True
1564,POL001564,20230708,1057,3,25,2,New Business,66582.47,7735.0,2023-07-08,2024-07-07,False,False
1565,POL001565,20231201,2415,9,33,2,New Business,242098.47,22776.27,2023-12-01,2024-11-30,False,False
1566,POL001566,20240717,397,3,16,4,Cancellation,100695.82,1658.45,2024-07-17,2025-07-17,False,True
1567,POL001567,20240712,1304,8,6,1,Renewal,42758.48,2915.97,2024-07-12,2025-07-12,True,False
1568,POL001568,20250226,1062,2,22,5,Renewal,38258.28,2235.92,2025-02-26,2026-02-26,True,False
1569,POL001569,20221121,1266,9,10,4,Cancellation,127919.04,2863.56,2022-11-21,2023-11-21,False,True
1570,POL001570,20250625,50,8,5,4,New Business,110250.93,9274.68,2025-06-25,2026-06-25,False,False
1571,POL001571,20240718,1692,1,27,1,New Business,79137.73,6672.76,2024-07-18,2025-07-18,False,False
1572,POL001572,20240819,2488,9,39,1,New Business,155184.02,10356.61,2024-08-19,2025-08-19,False,False
1573,POL001573,20240911,1657,6,28,4,Renewal,405005.3,24407.66,2024-09-11,2025-09-11,True,False
1574,POL001574,20250825,2255,1,9,5,New Business,95157.96,6050.4,2025-08-25,2026-08-25,False,False
1575,POL001575,20241004,571,1,35,4,Cancellation,144724.38,1566.99,2024-10-04,2025-10-04,False,True
1576,POL001576,20241117,912,1,33,2,Renewal,40589.6,2128.53,2024-11-17,2025-11-17,True,False
1577,POL001577,20250611,5,2,10,4,Cancellation,22452.75,206.68,2025-06-11,2026-06-11,False,True
1578,POL001578,20251220,287,2,32,1,New Business,10849.6,911.95,2025-12-20,2026-12-20,False,False
1579,POL001579,20231031,932,1,23,3,Renewal,28717.75,2784.93,2023-10-31,2024-10-30,True,False
1580,POL001580,20230906,911,2,23,3,Cancellation,18861.44,568.29,2023-09-06,2024-09-05,False,True
1581,POL001581,20251224,388,1,36,5,Cancellation,116620.66,2121.9,2025-12-24,2026-12-24,False,True
1582,POL001582,20251028,2813,4,27,1,Cancellation,154080.26,4889.6,2025-10-28,2026-10-28,False,True
1583,POL001583,20221010,1418,9,37,3,New Business,291759.26,18250.12,2022-10-10,2023-10-10,False,False
1584,POL001584,20250329,469,8,3,2,New Business,146211.07,9606.9,2025-03-29,2026-03-29,False,False
1585,POL001585,20231026,1084,1,28,4,New Business,13723.17,1587.34,2023-10-26,2024-10-25,False,False
1586,POL001586,20250709,993,1,34,2,New Business,52296.8,5785.05,2025-07-09,2026-07-09,False,False
1587,POL001587,20221012,720,1,13,3,Cancellation,53891.61,2644.87,2022-10-12,2023-10-12,False,True
1588,POL001588,20260417,1750,9,5,4,New Business,222151.04,23381.56,2026-04-17,2027-04-17,False,False
1589,POL001589,20240809,1084,5,35,4,Renewal,1454152.03,178679.19,2024-08-09,2025-08-09,True,False
1590,POL001590,20250630,1783,6,21,3,New Business,219225.1,12330.73,2025-06-30,2026-06-30,False,False
1591,POL001591,20251007,1060,8,20,4,New Business,71033.52,8306.03,2025-10-07,2026-10-07,False,False
1592,POL001592,20240209,2684,8,12,2,Renewal,195333.19,9894.48,2024-02-09,2025-02-08,True,False
1593,POL001593,20250109,897,2,20,4,New Business,33336.36,1701.12,2025-01-09,2026-01-09,False,False
1594,POL001594,20251209,361,1,22,5,New Business,42142.32,3400.93,2025-12-09,2026-12-09,False,False
1595,POL001595,20221128,2564,6,14,2,Cancellation,167520.43,7477.52,2022-11-28,2023-11-28,False,True
1596,POL001596,20220425,1433,1,36,5,Cancellation,80768.95,5382.75,2022-04-25,2023-04-25,False,True
1597,POL001597,20231217,669,3,21,3,Renewal,175588.79,10332.74,2023-12-17,2024-12-16,True,False
1598,POL001598,20260213,1880,1,12,2,New Business,139251.5,7017.88,2026-02-13,2027-02-13,False,False
1599,POL001599,20241220,1714,3,25,2,Cancellation,87632.2,2245.72,2024-12-20,2025-12-20,False,True
1600,POL001600,20240719,533,9,18,1,Cancellation,559650.85,11801.22,2024-07-19,2025-07-19,False,True
1601,POL001601,20250912,1675,3,35,4,Renewal,94118.28,5150.08,2025-09-12,2026-09-12,True,False
1602,POL001602,20250411,2555,1,19,5,Renewal,56583.79,3150.82,2025-04-11,2026-04-11,True,False
1603,POL001603,20240923,2369,6,4,5,Renewal,249009.75,20180.27,2024-09-23,2025-09-23,True,False
1604,POL001604,20260612,446,1,33,2,New Business,120509.58,8149.42,2026-06-12,2027-06-12,False,False
1605,POL001605,20230301,597,9,9,5,New Business,422509.53,23001.06,2023-03-01,2024-02-29,False,False
1606,POL001606,20240926,1260,8,4,5,New Business,76415.49,5863.99,2024-09-26,2025-09-26,False,False
1607,POL001607,20221230,1550,6,36,5,New Business,75673.05,8114.59,2022-12-30,2023-12-30,False,False
1608,POL001608,20250318,2610,1,28,4,Renewal,72421.08,4747.3,2025-03-18,2026-03-18,True,False
1609,POL001609,20251006,671,7,23,3,New Business,1227059.66,70407.95,2025-10-06,2026-10-06,False,False
1610,POL001610,20241015,1638,1,18,1,Renewal,91502.19,5823.04,2024-10-15,2025-10-15,True,False
1611,POL001611,20230430,507,1,7,5,Renewal,56558.34,3684.7,2023-04-30,2024-04-29,True,False
1612,POL001612,20250717,2240,7,36,5,New Business,739371.74,75747.38,2025-07-17,2026-07-17,False,False
1613,POL001613,20250119,2739,1,28,4,New Business,54242.41,5067.41,2025-01-19,2026-01-19,False,False
1614,POL001614,20250111,1178,6,33,2,Renewal,503728.49,35897.83,2025-01-11,2026-01-11,True,False
1615,POL001615,20260323,266,1,34,2,Renewal,131048.9,8713.22,2026-03-23,2027-03-23,True,False
1616,POL001616,20250506,96,2,26,1,New Business,20422.18,1110.26,2025-05-06,2026-05-06,False,False
1617,POL001617,20220912,403,1,7,5,Cancellation,52020.01,922.27,2022-09-12,2023-09-12,False,True
1618,POL001618,20251005,1274,8,13,3,Renewal,128546.64,11328.1,2025-10-05,2026-10-05,True,False
1619,POL001619,20240605,764,8,16,4,Renewal,82058.92,8709.69,2024-06-05,2025-06-05,True,False
1620,POL001620,20220902,1274,2,40,4,Renewal,13206.57,921.3,2022-09-02,2023-09-02,True,False
1621,POL001621,20250126,982,1,32,1,New Business,104085.82,6284.48,2025-01-26,2026-01-26,False,False
1622,POL001622,20230309,2070,5,25,2,New Business,1876710.37,215677.89,2023-03-09,2024-03-08,False,False
1623,POL001623,20250527,2863,1,13,3,New Business,105757.12,7915.56,2025-05-27,2026-05-27,False,False
1624,POL001624,20241205,2552,8,39,1,Cancellation,77097.92,1298.42,2024-12-05,2025-12-05,False,True
1625,POL001625,20250105,55,1,14,2,New Business,126436.67,6571.06,2025-01-05,2026-01-05,False,False
1626,POL001626,20241019,986,8,7,5,Renewal,200473.91,14364.11,2024-10-19,2025-10-19,True,False
1627,POL001627,20241114,1912,1,36,5,New Business,151091.63,8699.38,2024-11-14,2025-11-14,False,False
1628,POL001628,20231118,2582,1,25,2,Renewal,59150.05,5994.7,2023-11-18,2024-11-17,True,False
1629,POL001629,20250703,1454,9,40,4,Cancellation,428530.1,9930.9,2025-07-03,2026-07-03,False,True
1630,POL001630,20231220,2384,1,19,5,Renewal,30991.87,1982.39,2023-12-20,2024-12-19,True,False
1631,POL001631,20240922,1347,8,24,1,Cancellation,214028.12,1907.29,2024-09-22,2025-09-22,False,True
1632,POL001632,20251130,1396,9,15,3,New Business,272518.92,27285.23,2025-11-30,2026-11-30,False,False
1633,POL001633,20240122,1936,1,11,1,Renewal,113204.65,7026.13,2024-01-22,2025-01-21,True,False
1634,POL001634,20231207,2141,8,1,1,Renewal,196708.54,11335.92,2023-12-07,2024-12-06,True,False
1635,POL001635,20241123,231,4,15,3,Renewal,363689.58,18799.29,2024-11-23,2025-11-23,True,False
1636,POL001636,20260510,113,1,36,5,Renewal,48473.82,5193.91,2026-05-10,2027-05-10,True,False
1637,POL001637,20240116,634,4,9,5,Renewal,179811.99,11153.1,2024-01-16,2025-01-15,True,False
1638,POL001638,20250625,2409,8,25,2,New Business,164359.13,11837.24,2025-06-25,2026-06-25,False,False
1639,POL001639,20241011,811,1,32,1,New Business,26508.96,2472.8,2024-10-11,2025-10-11,False,False
1640,POL001640,20240312,1718,3,36,5,Renewal,93311.27,4964.41,2024-03-12,2025-03-12,True,False
1641,POL001641,20250922,1175,1,36,5,New Business,90272.7,5414.13,2025-09-22,2026-09-22,False,False
1642,POL001642,20221225,1442,4,30,3,Renewal,151344.38,10805.67,2022-12-25,2023-12-25,True,False
1643,POL001643,20230706,2668,1,17,3,Renewal,24889.66,2160.95,2023-07-06,2024-07-05,True,False
1644,POL001644,20240208,553,8,14,2,Renewal,132607.57,6776.72,2024-02-08,2025-02-07,True,False
1645,POL001645,20230907,498,1,26,1,Renewal,100255.81,5738.05,2023-09-07,2024-09-06,True,False
1646,POL001646,20250908,2740,2,25,2,Renewal,40111.51,2208.42,2025-09-08,2026-09-08,True,False
1647,POL001647,20250331,2730,1,31,3,New Business,123065.46,6988.32,2025-03-31,2026-03-31,False,False
1648,POL001648,20260426,1461,6,5,4,Renewal,475538.86,29207.99,2026-04-26,2027-04-26,True,False
1649,POL001649,20250507,1494,1,10,4,New Business,37010.06,4274.16,2025-05-07,2026-05-07,False,False
1650,POL001650,20251204,1666,1,20,4,Renewal,77505.01,6121.68,2025-12-04,2026-12-04,True,False
1651,POL001651,20260119,40,1,14,2,New Business,64798.76,7572.56,2026-01-19,2027-01-19,False,False
1652,POL001652,20250917,2658,9,34,2,Renewal,251421.46,13435.33,2025-09-17,2026-09-17,True,False
1653,POL001653,20250904,868,1,8,5,Renewal,91156.41,4957.27,2025-09-04,2026-09-04,True,False
1654,POL001654,20231028,1182,4,35,4,Renewal,86573.93,6165.94,2023-10-28,2024-10-27,True,False
1655,POL001655,20240619,42,1,20,4,Cancellation,133591.7,3171.58,2024-06-19,2025-06-19,False,True
1656,POL001656,20240601,64,8,21,3,Renewal,19519.61,2279.74,2024-06-01,2025-06-01,True,False
1657,POL001657,20250102,292,1,25,2,Renewal,82314.73,6650.76,2025-01-02,2026-01-02,True,False
1658,POL001658,20250624,2254,8,25,2,Renewal,65939.94,5130.97,2025-06-24,2026-06-24,True,False
1659,POL001659,20240721,947,8,40,4,Renewal,99533.76,9222.86,2024-07-21,2025-07-21,True,False
1660,POL001660,20240325,383,4,1,1,New Business,401918.95,22526.28,2024-03-25,2025-03-25,False,False
1661,POL001661,20260430,1132,8,32,1,Renewal,229034.89,13297.05,2026-04-30,2027-04-30,True,False
1662,POL001662,20251120,2071,1,38,1,Renewal,157424.95,8618.34,2025-11-20,2026-11-20,True,False
1663,POL001663,20260308,1936,1,16,4,Renewal,18599.5,1569.39,2026-03-08,2027-03-08,True,False
1664,POL001664,20250730,456,7,9,5,Renewal,245813.41,27568.93,2025-07-30,2026-07-30,True,False
1665,POL001665,20260620,2019,3,22,5,Renewal,38318.84,3988.29,2026-06-20,2027-06-20,True,False
1666,POL001666,20231223,2306,4,32,1,Renewal,87189.36,7207.88,2023-12-23,2024-12-22,True,False
1667,POL001667,20231031,1542,1,3,2,Renewal,96838.63,5457.18,2023-10-31,2024-10-30,True,False
1668,POL001668,20240228,931,3,25,2,New Business,69476.66,6016.53,2024-02-28,2025-02-27,False,False
1669,POL001669,20260125,1515,2,18,1,Renewal,19263.3,1421.55,2026-01-25,2027-01-25,True,False
1670,POL001670,20251205,1467,1,5,4,Renewal,30644.8,3679.82,2025-12-05,2026-12-05,True,False
1671,POL001671,20240419,2049,1,30,3,New Business,19002.56,1506.79,2024-04-19,2025-04-19,False,False
1672,POL001672,20241015,2672,1,31,3,Renewal,28788.31,1834.28,2024-10-15,2025-10-15,True,False
1673,POL001673,20241102,2723,1,4,5,New Business,67319.27,4864.07,2024-11-02,2025-11-02,False,False
1674,POL001674,20251203,935,2,34,2,New Business,11117.21,1086.88,2025-12-03,2026-12-03,False,False
1675,POL001675,20240313,299,3,20,4,Renewal,105087.94,8837.0,2024-03-13,2025-03-13,True,False
1676,POL001676,20250805,742,3,25,2,New Business,170326.08,11546.38,2025-08-05,2026-08-05,False,False
1677,POL001677,20251118,1616,2,34,2,New Business,14494.49,1483.57,2025-11-18,2026-11-18,False,False
1678,POL001678,20250924,2274,3,34,2,Renewal,202674.4,10151.8,2025-09-24,2026-09-24,True,False
1679,POL001679,20250714,1756,3,17,3,New Business,41664.92,3122.41,2025-07-14,2026-07-14,False,False
1680,POL001680,20240405,2799,8,14,2,New Business,189752.93,9807.8,2024-04-05,2025-04-05,False,False
1681,POL001681,20250406,2894,8,14,2,Cancellation,63088.19,2248.84,2025-04-06,2026-04-06,False,True
1682,POL001682,20221027,1950,9,27,1,Renewal,178901.76,14547.68,2022-10-27,2023-10-27,True,False
1683,POL001683,20260512,2167,1,28,4,Renewal,152678.24,8467.66,2026-05-12,2027-05-12,True,False
1684,POL001684,20250430,1665,4,2,3,Renewal,222241.11,15646.21,2025-04-30,2026-04-30,True,False
1685,POL001685,20230722,1612,9,38,1,Renewal,158571.61,15674.74,2023-07-22,2024-07-21,True,False
1686,POL001686,20260821,1518,6,16,4,New Business,311165.62,25584.57,2026-08-21,2027-08-21,False,False
1687,POL001687,20251120,2150,1,39,1,Renewal,112010.04,8181.18,2025-11-20,2026-11-20,True,False
1688,POL001688,20240212,344,4,21,3,Renewal,185045.02,13817.1,2024-02-12,2025-02-11,True,False
1689,POL001689,20260109,37,9,21,3,New Business,196771.17,12395.15,2026-01-09,2027-01-09,False,False
1690,POL001690,20251130,1845,2,4,5,Renewal,9290.95,663.53,2025-11-30,2026-11-30,True,False
1691,POL001691,20230518,2048,8,22,5,New Business,26501.86,2675.49,2023-05-18,2024-05-17,False,False
1692,POL001692,20250226,2404,8,2,3,New Business,38179.12,2197.35,2025-02-26,2026-02-26,False,False
1693,POL001693,20260819,742,1,31,3,New Business,78980.22,6156.24,2026-08-19,2027-08-19,False,False
1694,POL001694,20240315,1866,8,14,2,New Business,43047.22,2613.04,2024-03-15,2025-03-15,False,False
1695,POL001695,20250130,2636,1,10,4,Renewal,63867.8,6884.53,2025-01-30,2026-01-30,True,False
1696,POL001696,20240117,1904,1,24,1,Renewal,34766.17,2504.56,2024-01-17,2025-01-16,True,False
1697,POL001697,20231206,2015,4,7,5,Renewal,180853.08,20820.08,2023-12-06,2024-12-05,True,False
1698,POL001698,20231014,2527,2,35,4,New Business,12609.1,1099.56,2023-10-14,2024-10-13,False,False
1699,POL001699,20260815,1656,8,37,3,Renewal,56197.89,6699.33,2026-08-15,2027-08-15,True,False
1700,POL001700,20250220,425,1,28,4,Cancellation,24608.97,1192.56,2025-02-20,2026-02-20,False,True
1701,POL001701,20240809,767,8,2,3,Renewal,44786.67,2640.33,2024-08-09,2025-08-09,True,False
1702,POL001702,20250126,2330,9,36,5,New Business,298205.82,14938.22,2025-01-26,2026-01-26,False,False
1703,POL001703,20250724,756,8,26,1,New Business,103333.59,5758.06,2025-07-24,2026-07-24,False,False
1704,POL001704,20250518,2238,1,2,3,Renewal,36021.86,2686.81,2025-05-18,2026-05-18,True,False
1705,POL001705,20231221,80,8,14,2,Renewal,35365.88,3945.05,2023-12-21,2024-12-20,True,False
1706,POL001706,20240827,1826,9,3,2,Renewal,189564.09,11684.89,2024-08-27,2025-08-27,True,False
1707,POL001707,20251007,1193,9,38,1,New Business,177063.3,17330.27,2025-10-07,2026-10-07,False,False
1708,POL001708,20230309,752,8,17,3,Cancellation,58100.12,983.45,2023-03-09,2024-03-08,False,True
1709,POL001709,20240622,1805,1,11,1,Renewal,99155.83,5701.81,2024-06-22,2025-06-22,True,False
1710,POL001710,20221122,990,3,36,5,New Business,44728.33,4192.95,2022-11-22,2023-11-22,False,False
1711,POL001711,20240517,1629,4,21,3,New Business,125999.16,12759.04,2024-05-17,2025-05-17,False,False
1712,POL001712,20240910,2985,2,40,4,Renewal,10667.56,730.63,2024-09-10,2025-09-10,True,False
1713,POL001713,20221113,2473,1,15,3,Renewal,41164.11,3847.69,2022-11-13,2023-11-13,True,False
1714,POL001714,20250819,648,3,32,1,New Business,91311.94,4980.43,2025-08-19,2026-08-19,False,False
1715,POL001715,20260627,2346,1,8,5,Renewal,60160.58,5640.14,2026-06-27,2027-06-27,True,False
1716,POL001716,20260217,1223,5,37,3,Renewal,1729485.91,198472.19,2026-02-17,2027-02-17,True,False
1717,POL001717,20260303,2944,8,27,1,Renewal,56418.73,3582.01,2026-03-03,2027-03-03,True,False
1718,POL001718,20241224,1859,8,11,1,Renewal,44191.17,3794.97,2024-12-24,2025-12-24,True,False
1719,POL001719,20231121,2409,9,32,1,New Business,279758.94,16468.98,2023-11-21,2024-11-20,False,False
1720,POL001720,20250525,96,4,29,3,Renewal,287011.95,20401.78,2025-05-25,2026-05-25,True,False
1721,POL001721,20260207,1235,4,1,1,New Business,339117.63,24323.56,2026-02-07,2027-02-07,False,False
1722,POL001722,20231122,1691,2,2,3,New Business,12553.49,862.92,2023-11-22,2024-11-21,False,False
1723,POL001723,20230418,424,6,37,3,Cancellation,460054.19,10085.12,2023-04-18,2024-04-17,False,True
1724,POL001724,20260618,319,1,24,1,Renewal,152528.69,7889.16,2026-06-18,2027-06-18,True,False
1725,POL001725,20230104,976,8,40,4,New Business,60361.34,5433.76,2023-01-04,2024-01-04,False,False
1726,POL001726,20240725,142,4,38,1,New Business,177198.22,9432.95,2024-07-25,2025-07-25,False,False
1727,POL001727,20250211,789,2,16,4,New Business,13681.24,1693.49,2025-02-11,2026-02-11,False,False
1728,POL001728,20240508,1465,1,5,4,New Business,157579.09,8895.21,2024-05-08,2025-05-08,False,False
1729,POL001729,20251205,1358,8,23,3,Renewal,61118.57,7015.0,2025-12-05,2026-12-05,True,False
1730,POL001730,20230430,2988,4,15,3,Cancellation,146608.56,6403.52,2023-04-30,2024-04-29,False,True
1731,POL001731,20230503,137,6,15,3,Renewal,94325.26,6300.64,2023-05-03,2024-05-02,True,False
1732,POL001732,20251016,2295,8,19,5,Renewal,87553.25,8340.14,2025-10-16,2026-10-16,True,False
1733,POL001733,20241029,1006,1,13,3,Renewal,97387.56,8443.14,2024-10-29,2025-10-29,True,False
1734,POL001734,20220813,669,1,38,1,Renewal,24261.29,3000.07,2022-08-13,2023-08-13,True,False
1735,POL001735,20240221,1421,3,37,3,Renewal,135754.86,9388.05,2024-02-21,2025-02-20,True,False
1736,POL001736,20251207,502,5,9,5,Renewal,3661211.46,209644.29,2025-12-07,2026-12-07,True,False
1737,POL001737,20240524,371,7,11,1,Renewal,280966.63,32330.74,2024-05-24,2025-05-24,True,False
1738,POL001738,20241119,2452,7,26,1,New Business,367690.47,19880.76,2024-11-19,2025-11-19,False,False
1739,POL001739,20250720,549,4,4,5,New Business,222867.47,20422.72,2025-07-20,2026-07-20,False,False
1740,POL001740,20250211,812,3,5,4,Renewal,139969.58,11955.16,2025-02-11,2026-02-11,True,False
1741,POL001741,20231201,656,2,5,4,Cancellation,28140.08,887.58,2023-12-01,2024-11-30,False,True
1742,POL001742,20230207,2626,8,6,1,Renewal,128240.58,6813.97,2023-02-07,2024-02-07,True,False
1743,POL001743,20221202,401,2,38,1,New Business,23291.4,1827.31,2022-12-02,2023-12-02,False,False
1744,POL001744,20250910,939,1,7,5,Renewal,22530.22,2088.95,2025-09-10,2026-09-10,True,False
1745,POL001745,20220701,1735,2,18,1,Renewal,15614.05,1591.04,2022-07-01,2023-07-01,True,False
1746,POL001746,20231118,2579,8,26,1,New Business,47536.45,5147.63,2023-11-18,2024-11-17,False,False
1747,POL001747,20221218,2873,8,2,3,Renewal,31817.78,2427.23,2022-12-18,2023-12-18,True,False
1748,POL001748,20250608,937,3,2,3,New Business,94160.77,6228.76,2025-06-08,2026-06-08,False,False
1749,POL001749,20241213,2184,5,18,1,New Business,562059.1,58249.64,2024-12-13,2025-12-13,False,False
1750,POL001750,20250819,681,1,7,5,New Business,112288.09,6891.8,2025-08-19,2026-08-19,False,False
1751,POL001751,20241027,1453,8,1,1,New Business,142511.72,12666.73,2024-10-27,2025-10-27,False,False
1752,POL001752,20240703,572,6,7,5,Renewal,219112.88,23660.23,2024-07-03,2025-07-03,True,False
1753,POL001753,20230904,203,1,34,2,Renewal,38200.34,2763.86,2023-09-04,2024-09-03,True,False
1754,POL001754,20231214,2613,4,9,5,New Business,261471.83,17128.2,2023-12-14,2024-12-13,False,False
1755,POL001755,20250415,2837,1,17,3,Renewal,60079.31,6105.68,2025-04-15,2026-04-15,True,False
1756,POL001756,20231219,2234,1,16,4,Renewal,85813.79,7764.22,2023-12-19,2024-12-18,True,False
1757,POL001757,20250212,1317,8,35,4,Renewal,40720.3,2698.78,2025-02-12,2026-02-12,True,False
1758,POL001758,20260224,31,6,20,4,Renewal,520537.35,37727.67,2026-02-24,2027-02-24,True,False
1759,POL001759,20221108,2019,1,25,2,Renewal,36571.12,3523.47,2022-11-08,2023-11-08,True,False
1760,POL001760,20260527,961,1,11,1,Renewal,81737.63,4121.06,2026-05-27,2027-05-27,True,False
1761,POL001761,20230721,391,3,23,3,Renewal,152203.62,7880.86,2023-07-21,2024-07-20,True,False
1762,POL001762,20230718,1914,1,35,4,Renewal,112065.17,5740.92,2023-07-18,2024-07-17,True,False
1763,POL001763,20230917,2129,1,22,5,Renewal,34849.59,1999.71,2023-09-17,2024-09-16,True,False
1764,POL001764,20260123,2160,2,34,2,New Business,36722.6,2177.34,2026-01-23,2027-01-23,False,False
1765,POL001765,20260324,1314,1,28,4,Renewal,52738.36,3840.01,2026-03-24,2027-03-24,True,False
1766,POL001766,20250810,705,2,2,3,Renewal,12955.81,1157.44,2025-08-10,2026-08-10,True,False
1767,POL001767,20251015,2698,3,38,1,Renewal,82875.05,6711.1,2025-10-15,2026-10-15,True,False
1768,POL001768,20260621,2612,9,21,3,Renewal,107440.15,11988.63,2026-06-21,2027-06-21,True,False
1769,POL001769,20250218,692,4,36,5,New Business,57566.15,5642.19,2025-02-18,2026-02-18,False,False
1770,POL001770,20250824,436,2,35,4,New Business,33255.47,1985.16,2025-08-24,2026-08-24,False,False
1771,POL001771,20250612,2604,6,26,1,New Business,60572.16,3257.43,2025-06-12,2026-06-12,False,False
1772,POL001772,20221108,705,2,36,5,New Business,9857.2,654.19,2022-11-08,2023-11-08,False,False
1773,POL001773,20240306,739,1,1,1,New Business,29798.49,1540.04,2024-03-06,2025-03-06,False,False
1774,POL001774,20260514,1007,8,18,1,New Business,77491.46,5222.93,2026-05-14,2027-05-14,False,False
1775,POL001775,20251231,47,1,1,1,Renewal,114689.68,7230.7,2025-12-31,2026-12-31,True,False
1776,POL001776,20240906,2842,2,29,3,New Business,17811.43,1378.71,2024-09-06,2025-09-06,False,False
1777,POL001777,20260602,1404,1,4,5,Cancellation,47805.44,763.85,2026-06-02,2027-06-02,False,True
1778,POL001778,20230106,1168,1,3,2,New Business,71240.43,6609.07,2023-01-06,2024-01-06,False,False
1779,POL001779,20230620,346,1,37,3,New Business,94054.37,7555.28,2023-06-20,2024-06-19,False,False
1780,POL001780,20251020,2537,1,12,2,New Business,102304.03,8838.71,2025-10-20,2026-10-20,False,False
1781,POL001781,20220601,356,3,38,1,New Business,42296.3,2320.64,2022-06-01,2023-06-01,False,False
1782,POL001782,20251221,1720,6,2,3,Cancellation,110830.61,3909.04,2025-12-21,2026-12-21,False,True
1783,POL001783,20260210,1639,1,18,1,New Business,147106.75,7709.34,2026-02-10,2027-02-10,False,False
1784,POL001784,20220916,225,7,31,3,Cancellation,324804.27,5203.24,2022-09-16,2023-09-16,False,True
1785,POL001785,20250325,2154,1,23,3,New Business,100706.0,6772.74,2025-03-25,2026-03-25,False,False
1786,POL001786,20241119,711,1,13,3,New Business,25039.37,2757.16,2024-11-19,2025-11-19,False,False
1787,POL001787,20240317,2700,8,10,4,Renewal,42047.73,2614.98,2024-03-17,2025-03-17,True,False
1788,POL001788,20240907,812,1,27,1,New Business,52964.48,3370.32,2024-09-07,2025-09-07,False,False
1789,POL001789,20250120,1061,8,19,5,Renewal,156715.74,8003.88,2025-01-20,2026-01-20,True,False
1790,POL001790,20240308,820,2,7,5,New Business,20198.04,1785.5,2024-03-08,2025-03-08,False,False
1791,POL001791,20240620,477,8,13,3,Renewal,137807.05,10157.47,2024-06-20,2025-06-20,True,False
1792,POL001792,20240502,1591,5,34,2,New Business,4509203.98,232286.36,2024-05-02,2025-05-02,False,False
1793,POL001793,20260702,130,8,28,4,Renewal,87853.26,8366.07,2026-07-02,2027-07-02,True,False
1794,POL001794,20230822,1198,1,12,2,Renewal,30757.96,3601.62,2023-08-22,2024-08-21,True,False
1795,POL001795,20231126,1756,1,5,4,Renewal,141906.34,7754.37,2023-11-26,2024-11-25,True,False
1796,POL001796,20250523,2255,1,29,3,New Business,75616.91,8366.08,2025-05-23,2026-05-23,False,False
1797,POL001797,20251117,2539,8,40,4,Renewal,75673.46,7515.32,2025-11-17,2026-11-17,True,False
1798,POL001798,20230908,169,6,11,1,New Business,104392.43,9820.26,2023-09-08,2024-09-07,False,False
1799,POL001799,20260616,1095,2,5,4,Renewal,14967.32,1493.95,2026-06-16,2027-06-16,True,False
1800,POL001800,20250506,1755,1,22,5,Renewal,110251.69,7868.49,2025-05-06,2026-05-06,True,False
1801,POL001801,20241023,1047,2,29,3,Renewal,23410.49,1172.33,2024-10-23,2025-10-23,True,False
1802,POL001802,20241119,1202,1,35,4,New Business,57907.37,5409.51,2024-11-19,2025-11-19,False,False
1803,POL001803,20250723,561,8,27,1,Renewal,34258.04,4031.52,2025-07-23,2026-07-23,True,False
1804,POL001804,20231205,709,6,13,3,Renewal,657356.95,39111.38,2023-12-05,2024-12-04,True,False
1805,POL001805,20240808,2675,1,1,1,Cancellation,59328.23,1988.68,2024-08-08,2025-08-08,False,True
1806,POL001806,20220829,1382,3,21,3,Renewal,169840.99,8789.45,2022-08-29,2023-08-29,True,False
1807,POL001807,20250829,1601,1,18,1,New Business,60129.84,3463.15,2025-08-29,2026-08-29,False,False
1808,POL001808,20240908,134,4,38,1,Renewal,159925.87,11653.46,2024-09-08,2025-09-08,True,False
1809,POL001809,20250624,2753,1,28,4,New Business,70245.04,5066.45,2025-06-24,2026-06-24,False,False
1810,POL001810,20221002,1682,5,7,5,New Business,264994.6,19676.85,2022-10-02,2023-10-02,False,False
1811,POL001811,20231005,2141,9,17,3,New Business,254490.57,18872.91,2023-10-05,2024-10-04,False,False
1812,POL001812,20230908,1537,2,6,1,Renewal,32071.26,2390.44,2023-09-08,2024-09-07,True,False
1813,POL001813,20250914,1440,5,27,1,New Business,1139786.46,87884.6,2025-09-14,2026-09-14,False,False
1814,POL001814,20260629,2783,3,25,2,Renewal,144202.04,11222.31,2026-06-29,2027-06-29,True,False
1815,POL001815,20260330,276,9,24,1,Renewal,271770.94,14621.39,2026-03-30,2027-03-30,True,False
1816,POL001816,20241024,1527,1,34,2,Renewal,38291.69,2577.69,2024-10-24,2025-10-24,True,False
1817,POL001817,20250103,611,9,29,3,Renewal,434905.4,26600.8,2025-01-03,2026-01-03,True,False
1818,POL001818,20250601,451,4,1,1,Renewal,113619.53,9713.74,2025-06-01,2026-06-01,True,False
1819,POL001819,20231114,1862,1,36,5,New Business,58368.65,5084.08,2023-11-14,2024-11-13,False,False
1820,POL001820,20251013,1688,1,28,4,New Business,63884.15,3399.34,2025-10-13,2026-10-13,False,False
1821,POL001821,20251026,1016,1,29,3,New Business,67912.99,5185.12,2025-10-26,2026-10-26,False,False
1822,POL001822,20221111,866,3,2,3,New Business,140672.73,8939.92,2022-11-11,2023-11-11,False,False
1823,POL001823,20260406,92,6,26,1,Renewal,279389.61,15967.4,2026-04-06,2027-04-06,True,False
1824,POL001824,20250428,2245,8,9,5,New Business,111457.09,10926.18,2025-04-28,2026-04-28,False,False
1825,POL001825,20240712,1948,2,37,3,Renewal,27525.94,1589.88,2024-07-12,2025-07-12,True,False
1826,POL001826,20250526,2097,4,29,3,Renewal,193104.02,13710.1,2025-05-26,2026-05-26,True,False
1827,POL001827,20240612,2058,2,22,5,Renewal,40475.25,2286.73,2024-06-12,2025-06-12,True,False
1828,POL001828,20230606,1929,1,14,2,Renewal,44293.2,4237.69,2023-06-06,2024-06-05,True,False
1829,POL001829,20260328,693,6,33,2,Renewal,610094.51,33118.62,2026-03-28,2027-03-28,True,False
1830,POL001830,20240316,1973,3,26,1,New Business,192513.51,10620.84,2024-03-16,2025-03-16,False,False
1831,POL001831,20251028,2612,8,21,3,Renewal,238954.15,13182.87,2025-10-28,2026-10-28,True,False
1832,POL001832,20240802,2339,5,9,5,New Business,1347908.18,143160.27,2024-08-02,2025-08-02,False,False
1833,POL001833,20250726,1075,3,36,5,Renewal,115246.35,7026.4,2025-07-26,2026-07-26,True,False
1834,POL001834,20260313,1645,1,29,3,New Business,37654.76,2967.5,2026-03-13,2027-03-13,False,False
1835,POL001835,20241001,251,1,5,4,New Business,60485.78,6076.34,2024-10-01,2025-10-01,False,False
1836,POL001836,20230809,2770,9,1,1,Renewal,208562.17,10793.99,2023-08-09,2024-08-08,True,False
1837,POL001837,20241121,727,4,33,2,Renewal,119767.68,13365.28,2024-11-21,2025-11-21,True,False
1838,POL001838,20250922,2198,9,11,1,Renewal,174535.74,11839.17,2025-09-22,2026-09-22,True,False
1839,POL001839,20240205,1323,2,14,2,Renewal,8605.89,796.8,2024-02-05,2025-02-04,True,False
1840,POL001840,20251125,25,1,35,4,Renewal,75884.84,4223.92,2025-11-25,2026-11-25,True,False
1841,POL001841,20260102,703,4,26,1,Renewal,186725.31,18874.83,2026-01-02,2027-01-02,True,False
1842,POL001842,20241214,2849,1,38,1,Renewal,133595.04,6870.7,2024-12-14,2025-12-14,True,False
1843,POL001843,20251220,357,1,16,4,Cancellation,49745.49,2544.13,2025-12-20,2026-12-20,False,True
1844,POL001844,20250310,79,4,8,5,New Business,423540.41,24480.62,2025-03-10,2026-03-10,False,False
1845,POL001845,20251028,1715,4,29,3,New Business,263478.16,20969.92,2025-10-28,2026-10-28,False,False
1846,POL001846,20250303,2527,1,22,5,Renewal,49230.98,3709.87,2025-03-03,2026-03-03,True,False
1847,POL001847,20260728,1059,1,39,1,Renewal,130866.45,6710.04,2026-07-28,2027-07-28,True,False
1848,POL001848,20240729,2300,1,33,2,Renewal,37956.93,3348.58,2024-07-29,2025-07-29,True,False
1849,POL001849,20251103,223,7,10,4,Renewal,285536.72,17490.92,2025-11-03,2026-11-03,True,False
1850,POL001850,20260507,309,8,30,3,Renewal,16009.27,1714.1,2026-05-07,2027-05-07,True,False
1851,POL001851,20260221,23,3,25,2,Renewal,122847.92,6317.33,2026-02-21,2027-02-21,True,False
1852,POL001852,20240228,909,1,8,5,New Business,37969.25,2411.91,2024-02-28,2025-02-27,False,False
1853,POL001853,20250910,213,4,7,5,New Business,271024.93,14882.51,2025-09-10,2026-09-10,False,False
1854,POL001854,20220405,2380,8,10,4,Cancellation,135851.24,1256.43,2022-04-05,2023-04-05,False,True
1855,POL001855,20250514,1839,1,3,2,New Business,62575.6,7231.84,2025-05-14,2026-05-14,False,False
1856,POL001856,20250704,640,4,27,1,Renewal,98828.1,11612.66,2025-07-04,2026-07-04,True,False
1857,POL001857,20250710,834,8,2,3,Renewal,139699.13,9652.36,2025-07-10,2026-07-10,True,False
1858,POL001858,20260106,269,3,30,3,New Business,113031.96,11530.73,2026-01-06,2027-01-06,False,False
1859,POL001859,20251128,1699,1,36,5,New Business,83249.02,4514.24,2025-11-28,2026-11-28,False,False
1860,POL001860,20230225,1226,2,34,2,New Business,15470.39,799.16,2023-02-25,2024-02-25,False,False
1861,POL001861,20250620,79,6,30,3,New Business,409916.38,29089.19,2025-06-20,2026-06-20,False,False
1862,POL001862,20231212,1389,4,37,3,New Business,277416.05,17600.14,2023-12-12,2024-12-11,False,False
1863,POL001863,20251124,364,5,5,4,New Business,1819748.6,226726.42,2025-11-24,2026-11-24,False,False
1864,POL001864,20230623,2808,9,8,5,Renewal,334200.31,17953.57,2023-06-23,2024-06-22,True,False
1865,POL001865,20220802,452,2,11,1,Renewal,27357.71,2125.08,2022-08-02,2023-08-02,True,False
1866,POL001866,20250913,2284,1,3,2,Renewal,61592.75,3405.16,2025-09-13,2026-09-13,True,False
1867,POL001867,20240706,492,1,30,3,New Business,37305.11,2183.0,2024-07-06,2025-07-06,False,False
1868,POL001868,20230730,1726,1,13,3,Renewal,154923.18,8334.42,2023-07-30,2024-07-29,True,False
1869,POL001869,20240121,895,2,21,3,Renewal,25429.97,2021.81,2024-01-21,2025-01-20,True,False
1870,POL001870,20231217,2630,5,17,3,New Business,1381298.19,96844.53,2023-12-17,2024-12-16,False,False
1871,POL001871,20250429,1985,8,1,1,New Business,42383.18,5212.27,2025-04-29,2026-04-29,False,False
1872,POL001872,20231007,2712,7,10,4,New Business,327755.66,20624.52,2023-10-07,2024-10-06,False,False
1873,POL001873,20231025,1671,2,39,1,New Business,11802.48,1299.79,2023-10-25,2024-10-24,False,False
1874,POL001874,20250416,913,9,30,3,New Business,188676.06,23271.91,2025-04-16,2026-04-16,False,False
1875,POL001875,20240620,1091,4,37,3,Renewal,427254.91,23902.35,2024-06-20,2025-06-20,True,False
1876,POL001876,20240812,241,9,16,4,Renewal,407330.47,25799.51,2024-08-12,2025-08-12,True,False
1877,POL001877,20240611,541,3,19,5,New Business,87320.58,7388.19,2024-06-11,2025-06-11,False,False
1878,POL001878,20260116,2826,8,20,4,New Business,163921.41,13372.26,2026-01-16,2027-01-16,False,False
1879,POL001879,20260629,1741,6,17,3,Renewal,108076.7,12075.73,2026-06-29,2027-06-29,True,False
1880,POL001880,20251011,1801,3,24,1,Renewal,24266.79,2139.82,2025-10-11,2026-10-11,True,False
1881,POL001881,20240111,996,1,26,1,Renewal,40995.24,3639.58,2024-01-11,2025-01-10,True,False
1882,POL001882,20251129,2090,8,35,4,New Business,91602.81,7491.64,2025-11-29,2026-11-29,False,False
1883,POL001883,20260328,1851,6,32,1,New Business,68742.15,5528.89,2026-03-28,2027-03-28,False,False
1884,POL001884,20250406,1639,9,27,1,New Business,302131.02,29132.22,2025-04-06,2026-04-06,False,False
1885,POL001885,20250909,1753,1,3,2,New Business,85279.43,4823.07,2025-09-09,2026-09-09,False,False
1886,POL001886,20240523,2560,4,34,2,New Business,274087.92,18243.72,2024-05-23,2025-05-23,False,False
1887,POL001887,20250509,2382,1,20,4,Renewal,121489.13,8793.86,2025-05-09,2026-05-09,True,False
1888,POL001888,20260420,2731,9,12,2,New Business,232112.46,26971.09,2026-04-20,2027-04-20,False,False
1889,POL001889,20221104,2478,1,34,2,New Business,28248.2,2827.81,2022-11-04,2023-11-04,False,False
1890,POL001890,20220731,2540,2,9,5,New Business,22885.78,1759.98,2022-07-31,2023-07-31,False,False
1891,POL001891,20240524,1859,1,37,3,Renewal,32248.29,3185.63,2024-05-24,2025-05-24,True,False
1892,POL001892,20250110,1545,8,40,4,Cancellation,160074.12,4860.36,2025-01-10,2026-01-10,False,True
1893,POL001893,20260715,633,5,38,1,Cancellation,1843893.88,69658.29,2026-07-15,2027-07-15,False,True
1894,POL001894,20250319,883,4,21,3,Renewal,303167.0,18026.72,2025-03-19,2026-03-19,True,False
1895,POL001895,20260214,1638,8,36,5,Renewal,97136.01,5879.41,2026-02-14,2027-02-14,True,False
1896,POL001896,20241020,768,3,24,1,Cancellation,56372.33,1069.54,2024-10-20,2025-10-20,False,True
1897,POL001897,20240317,2152,1,12,2,New Business,99144.88,5118.39,2024-03-17,2025-03-17,False,False
1898,POL001898,20220820,2491,8,16,4,New Business,41517.05,3991.37,2022-08-20,2023-08-20,False,False
1899,POL001899,20260317,777,3,39,1,New Business,230562.89,11590.44,2026-03-17,2027-03-17,False,False
1900,POL001900,20250707,121,2,1,1,Renewal,8739.22,761.58,2025-07-07,2026-07-07,True,False
1901,POL001901,20221212,2697,1,30,3,Cancellation,74626.89,3122.75,2022-12-12,2023-12-12,False,True
1902,POL001902,20250102,276,7,20,4,Renewal,496450.2,31152.71,2025-01-02,2026-01-02,True,False
1903,POL001903,20240529,1165,8,37,3,New Business,24626.09,2121.8,2024-05-29,2025-05-29,False,False
1904,POL001904,20250421,2116,1,37,3,Renewal,58665.78,5969.45,2025-04-21,2026-04-21,True,False
1905,POL001905,20250224,2227,5,31,3,New Business,2729892.88,180820.65,2025-02-24,2026-02-24,False,False
1906,POL001906,20250529,2640,4,21,3,Renewal,171362.93,13594.91,2025-05-29,2026-05-29,True,False
1907,POL001907,20240415,2733,1,9,5,New Business,54764.96,6730.96,2024-04-15,2025-04-15,False,False
1908,POL001908,20240704,2906,5,10,4,New Business,1408515.39,138200.61,2024-07-04,2025-07-04,False,False
1909,POL001909,20241130,951,2,2,3,Renewal,21586.89,1562.71,2024-11-30,2025-11-30,True,False
1910,POL001910,20240704,2493,3,7,5,Renewal,75170.02,6752.47,2024-07-04,2025-07-04,True,False
1911,POL001911,20230922,1642,8,9,5,Cancellation,44130.18,1751.98,2023-09-22,2024-09-21,False,True
1912,POL001912,20240205,140,7,24,1,New Business,86436.54,9022.13,2024-02-05,2025-02-04,False,False
1913,POL001913,20220606,1941,1,24,1,New Business,69287.64,3604.43,2022-06-06,2023-06-06,False,False
1914,POL001914,20250802,1674,3,27,1,New Business,115389.06,8061.1,2025-08-02,2026-08-02,False,False
1915,POL001915,20240516,1968,4,10,4,Renewal,106248.24,6716.22,2024-05-16,2025-05-16,True,False
1916,POL001916,20230803,1190,6,1,1,New Business,456519.69,26020.18,2023-08-03,2024-08-02,False,False
1917,POL001917,20220928,1056,2,8,5,Renewal,17185.92,1454.48,2022-09-28,2023-09-28,True,False
1918,POL001918,20231121,2690,9,13,3,Renewal,79912.74,5181.04,2023-11-21,2024-11-20,True,False
1919,POL001919,20260722,398,8,1,1,New Business,27288.17,1965.68,2026-07-22,2027-07-22,False,False
1920,POL001920,20251223,695,1,5,4,Renewal,43014.19,2189.22,2025-12-23,2026-12-23,True,False
1921,POL001921,20230708,1717,1,6,1,Renewal,34219.15,1996.27,2023-07-08,2024-07-07,True,False
1922,POL001922,20241209,185,1,10,4,Renewal,106482.08,5915.7,2024-12-09,2025-12-09,True,False
1923,POL001923,20240430,2392,7,39,1,Renewal,611659.78,40535.63,2024-04-30,2025-04-30,True,False
1924,POL001924,20251118,793,3,14,2,Renewal,87503.16,8513.2,2025-11-18,2026-11-18,True,False
1925,POL001925,20250415,1204,6,20,4,New Business,92826.99,6936.37,2025-04-15,2026-04-15,False,False
1926,POL001926,20260225,1,4,18,1,Renewal,140392.46,16898.32,2026-02-25,2027-02-25,True,False
1927,POL001927,20230620,2190,7,27,1,Renewal,834949.13,48280.81,2023-06-20,2024-06-19,True,False
1928,POL001928,20240501,270,2,1,1,Renewal,13166.01,964.88,2024-05-01,2025-05-01,True,False
1929,POL001929,20241211,2492,2,5,4,Renewal,19370.95,1245.04,2024-12-11,2025-12-11,True,False
1930,POL001930,20240521,2819,9,36,5,Renewal,590822.01,29991.18,2024-05-21,2025-05-21,True,False
1931,POL001931,20251116,2848,1,16,4,Cancellation,80599.88,2975.74,2025-11-16,2026-11-16,False,True
1932,POL001932,20230825,1098,2,23,3,New Business,43655.63,2220.62,2023-08-25,2024-08-24,False,False
1933,POL001933,20260725,301,1,36,5,Renewal,115475.37,8185.91,2026-07-25,2027-07-25,True,False
1934,POL001934,20241230,2231,2,6,1,Renewal,17158.44,969.78,2024-12-30,2025-12-30,True,False
1935,POL001935,20250624,1851,2,17,3,New Business,35328.99,2006.28,2025-06-24,2026-06-24,False,False
1936,POL001936,20250707,1499,2,16,4,Renewal,15814.54,1681.74,2025-07-07,2026-07-07,True,False
1937,POL001937,20240119,2649,2,32,1,Renewal,9396.04,1169.78,2024-01-19,2025-01-18,True,False
1938,POL001938,20240809,2408,2,16,4,Renewal,26641.22,1512.51,2024-08-09,2025-08-09,True,False
1939,POL001939,20230920,1307,6,20,4,New Business,141619.67,12515.55,2023-09-20,2024-09-19,False,False
1940,POL001940,20231031,1019,1,39,1,Cancellation,63867.3,674.91,2023-10-31,2024-10-30,False,True
1941,POL001941,20250329,2211,1,2,3,Renewal,80513.06,5345.16,2025-03-29,2026-03-29,True,False
1942,POL001942,20250111,657,2,3,2,New Business,29354.91,2355.75,2025-01-11,2026-01-11,False,False
1943,POL001943,20250213,2272,8,26,1,Renewal,123635.96,10898.4,2025-02-13,2026-02-13,True,False
1944,POL001944,20221017,87,9,29,3,Renewal,84498.87,10368.76,2022-10-17,2023-10-17,True,False
1945,POL001945,20230526,645,2,39,1,Renewal,21770.02,2395.86,2023-05-26,2024-05-25,True,False
1946,POL001946,20240207,1158,8,28,4,Renewal,95649.91,9127.11,2024-02-07,2025-02-06,True,False
1947,POL001947,20240803,970,1,22,5,Renewal,65640.87,6847.71,2024-08-03,2025-08-03,True,False
1948,POL001948,20260517,778,1,39,1,Cancellation,19408.04,878.4,2026-05-17,2027-05-17,False,True
1949,POL001949,20220626,2078,3,4,5,Renewal,98810.91,5463.64,2022-06-26,2023-06-26,True,False
1950,POL001950,20240612,2071,3,39,1,Renewal,211281.97,10612.49,2024-06-12,2025-06-12,True,False
1951,POL001951,20250815,689,1,3,2,Cancellation,91109.57,2195.63,2025-08-15,2026-08-15,False,True
1952,POL001952,20241115,2216,4,19,5,Renewal,98450.24,11004.54,2024-11-15,2025-11-15,True,False
1953,POL001953,20260626,595,1,25,2,New Business,69978.21,7643.73,2026-06-26,2027-06-26,False,False
1954,POL001954,20250910,2268,3,22,5,Renewal,111268.42,9184.41,2025-09-10,2026-09-10,True,False
1955,POL001955,20230226,988,8,12,2,Renewal,94531.17,10124.08,2023-02-26,2024-02-26,True,False
1956,POL001956,20251031,133,5,19,5,Cancellation,3157218.85,78302.38,2025-10-31,2026-10-31,False,True
1957,POL001957,20220607,75,1,21,3,New Business,79519.35,4216.34,2022-06-07,2023-06-07,False,False
1958,POL001958,20240530,1950,6,31,3,Cancellation,170754.35,3305.29,2024-05-30,2025-05-30,False,True
1959,POL001959,20260117,2860,3,4,5,Renewal,102309.54,6336.23,2026-01-17,2027-01-17,True,False
1960,POL001960,20231130,564,6,13,3,New Business,520548.28,30605.04,2023-11-30,2024-11-29,False,False
1961,POL001961,20231001,301,2,40,4,Renewal,33043.05,1972.68,2023-10-01,2024-09-30,True,False
1962,POL001962,20250120,1726,4,32,1,Renewal,409720.79,20513.09,2025-01-20,2026-01-20,True,False
1963,POL001963,20220328,1669,1,12,2,New Business,44656.02,2716.72,2022-03-28,2023-03-28,False,False
1964,POL001964,20230604,12,4,24,1,New Business,166043.83,20340.25,2023-06-04,2024-06-03,False,False
1965,POL001965,20241003,302,7,35,4,New Business,528562.28,55307.0,2024-10-03,2025-10-03,False,False
1966,POL001966,20230519,2276,3,29,3,New Business,41975.5,2223.02,2023-05-19,2024-05-18,False,False
1967,POL001967,20251211,199,3,22,5,Cancellation,43958.43,1112.74,2025-12-11,2026-12-11,False,True
1968,POL001968,20260308,978,2,28,4,Renewal,15153.94,1217.03,2026-03-08,2027-03-08,True,False
1969,POL001969,20240910,2175,1,6,1,Renewal,25802.73,1962.6,2024-09-10,2025-09-10,True,False
1970,POL001970,20260423,2556,8,35,4,Renewal,90327.44,11108.49,2026-04-23,2027-04-23,True,False
1971,POL001971,20240915,180,1,38,1,New Business,59889.8,6001.64,2024-09-15,2025-09-15,False,False
1972,POL001972,20241030,972,8,2,3,New Business,131792.43,13695.47,2024-10-30,2025-10-30,False,False
1973,POL001973,20241218,1389,4,11,1,Renewal,306346.2,17801.81,2024-12-18,2025-12-18,True,False
1974,POL001974,20241025,1520,3,37,3,Renewal,49790.75,3282.3,2024-10-25,2025-10-25,True,False
1975,POL001975,20250204,460,1,37,3,Renewal,87640.2,8558.55,2025-02-04,2026-02-04,True,False
1976,POL001976,20240410,203,2,40,4,Renewal,30451.55,2313.14,2024-04-10,2025-04-10,True,False
1977,POL001977,20240209,1899,1,23,3,Cancellation,84808.85,2483.47,2024-02-09,2025-02-08,False,True
1978,POL001978,20240723,1056,6,18,1,Cancellation,512244.2,5722.3,2024-07-23,2025-07-23,False,True
1979,POL001979,20240325,2281,2,39,1,New Business,16432.51,1438.45,2024-03-25,2025-03-25,False,False
1980,POL001980,20230104,2105,2,6,1,New Business,11355.98,1385.64,2023-01-04,2024-01-04,False,False
1981,POL001981,20240211,2943,4,36,5,Renewal,168040.81,13802.88,2024-02-11,2025-02-10,True,False
1982,POL001982,20251209,866,2,19,5,Renewal,17323.51,954.82,2025-12-09,2026-12-09,True,False
1983,POL001983,20240208,1631,7,26,1,New Business,259957.88,25958.18,2024-02-08,2025-02-07,False,False
1984,POL001984,20250202,1520,8,10,4,New Business,58251.89,3782.99,2025-02-02,2026-02-02,False,False
1985,POL001985,20260806,2865,1,27,1,New Business,85362.01,7891.61,2026-08-06,2027-08-06,False,False
1986,POL001986,20240104,421,8,27,1,Renewal,67167.95,5733.42,2024-01-04,2025-01-03,True,False
1987,POL001987,20250330,1834,3,1,1,New Business,87163.82,4746.37,2025-03-30,2026-03-30,False,False
1988,POL001988,20231023,1727,1,26,1,New Business,72013.43,6950.51,2023-10-23,2024-10-22,False,False
1989,POL001989,20240922,258,8,24,1,Renewal,40381.48,4850.0,2024-09-22,2025-09-22,True,False
1990,POL001990,20250407,816,2,1,1,New Business,9297.23,863.67,2025-04-07,2026-04-07,False,False
1991,POL001991,20230517,370,6,28,4,Renewal,284477.85,31169.94,2023-05-17,2024-05-16,True,False
1992,POL001992,20240312,1421,3,34,2,Renewal,68858.5,7876.69,2024-03-12,2025-03-12,True,False
1993,POL001993,20220329,1048,1,20,4,New Business,17334.46,1583.99,2022-03-29,2023-03-29,False,False
1994,POL001994,20241110,1812,2,37,3,New Business,23492.49,1422.42,2024-11-10,2025-11-10,False,False
1995,POL001995,20250611,2998,9,24,1,New Business,70790.18,4380.55,2025-06-11,2026-06-11,False,False
1996,POL001996,20240801,1916,2,38,1,New Business,13429.44,805.5,2024-08-01,2025-08-01,False,False
1997,POL001997,20230725,328,1,34,2,Renewal,105637.54,7347.06,2023-07-25,2024-07-24,True,False
1998,POL001998,20250814,1231,3,26,1,Renewal,102496.58,7790.73,2025-08-14,2026-08-14,True,False
1999,POL001999,20240607,505,2,36,5,New Business,40678.46,2190.16,2024-06-07,2025-06-07,False,False
2000,POL002000,20230831,2028,6,17,3,Renewal,141182.86,9594.62,2023-08-31,2024-08-30,True,False
2001,POL002001,20230826,29,2,24,1,Renewal,11406.12,1327.82,2023-08-26,2024-08-25,True,False
2002,POL002002,20230921,995,1,31,3,Renewal,45566.63,2586.74,2023-09-21,2024-09-20,True,False
2003,POL002003,20250517,1087,1,16,4,Renewal,62794.66,3554.04,2025-05-17,2026-05-17,True,False
2004,POL002004,20250527,761,1,11,1,New Business,103669.25,8415.69,2025-05-27,2026-05-27,False,False
2005,POL002005,20231225,889,3,13,3,Renewal,93199.09,9584.56,2023-12-25,2024-12-24,True,False
2006,POL002006,20240518,2862,6,31,3,New Business,636497.28,39310.95,2024-05-18,2025-05-18,False,False
2007,POL002007,20250805,1659,1,19,5,New Business,76607.4,7486.66,2025-08-05,2026-08-05,False,False
2008,POL002008,20250810,547,4,21,3,New Business,142911.52,14339.35,2025-08-10,2026-08-10,False,False
2009,POL002009,20250125,1885,2,25,2,Renewal,26463.08,1749.64,2025-01-25,2026-01-25,True,False
2010,POL002010,20221219,678,1,29,3,Renewal,82733.63,7631.49,2022-12-19,2023-12-19,True,False
2011,POL002011,20241023,654,9,15,3,Renewal,379573.25,20618.23,2024-10-23,2025-10-23,True,False
2012,POL002012,20250503,192,5,9,5,New Business,1800036.05,176676.25,2025-05-03,2026-05-03,False,False
2013,POL002013,20260728,1030,4,1,1,New Business,348457.88,22623.95,2026-07-28,2027-07-28,False,False
2014,POL002014,20251118,718,1,34,2,New Business,56588.84,5858.3,2025-11-18,2026-11-18,False,False
2015,POL002015,20220411,2027,9,5,4,Renewal,71009.65,4964.58,2022-04-11,2023-04-11,True,False
2016,POL002016,20251006,38,8,31,3,New Business,75678.23,6384.74,2025-10-06,2026-10-06,False,False
2017,POL002017,20230817,1101,1,22,5,New Business,108492.84,8564.29,2023-08-17,2024-08-16,False,False
2018,POL002018,20250820,1813,9,21,3,Renewal,344906.99,21190.21,2025-08-20,2026-08-20,True,False
2019,POL002019,20250312,827,5,36,5,Cancellation,2327045.8,24979.75,2025-03-12,2026-03-12,False,True
2020,POL002020,20251108,1165,8,16,4,New Business,138386.57,14039.84,2025-11-08,2026-11-08,False,False
2021,POL002021,20241021,1772,7,10,4,Cancellation,303199.57,7272.52,2024-10-21,2025-10-21,False,True
2022,POL002022,20240703,309,1,27,1,Renewal,39509.19,2807.09,2024-07-03,2025-07-03,True,False
2023,POL002023,20241222,1632,9,26,1,Cancellation,95853.69,652.73,2024-12-22,2025-12-22,False,True
2024,POL002024,20240102,15,8,14,2,Renewal,38656.94,4480.24,2024-01-02,2025-01-01,True,False
2025,POL002025,20260406,142,2,22,5,Renewal,6632.5,661.03,2026-04-06,2027-04-06,True,False
2026,POL002026,20260430,1247,3,9,5,Renewal,23319.15,2585.91,2026-04-30,2027-04-30,True,False
2027,POL002027,20260221,2623,8,31,3,Renewal,129819.91,11220.26,2026-02-21,2027-02-21,True,False
2028,POL002028,20250103,2032,1,18,1,New Business,89644.54,5682.32,2025-01-03,2026-01-03,False,False
2029,POL002029,20251203,1503,3,33,2,New Business,80769.28,6009.03,2025-12-03,2026-12-03,False,False
2030,POL002030,20230208,2332,1,1,1,Renewal,60753.36,4617.78,2023-02-08,2024-02-08,True,False
2031,POL002031,20230316,164,1,16,4,Renewal,46201.1,4489.5,2023-03-16,2024-03-15,True,False
2032,POL002032,20251008,1462,3,26,1,Renewal,130457.22,7435.34,2025-10-08,2026-10-08,True,False
2033,POL002033,20260513,2986,9,5,4,New Business,256140.63,19152.42,2026-05-13,2027-05-13,False,False
2034,POL002034,20220903,1990,2,38,1,New Business,18750.37,1313.73,2022-09-03,2023-09-03,False,False
2035,POL002035,20230702,2405,1,37,3,Renewal,27751.32,1634.09,2023-07-02,2024-07-01,True,False
2036,POL002036,20250227,2901,8,18,1,Renewal,41374.76,2725.99,2025-02-27,2026-02-27,True,False
2037,POL002037,20230830,2453,1,33,2,Renewal,124476.81,8259.18,2023-08-30,2024-08-29,True,False
2038,POL002038,20251021,1291,5,21,3,New Business,1525579.51,133997.34,2025-10-21,2026-10-21,False,False
2039,POL002039,20250429,2711,6,14,2,New Business,428753.78,32972.56,2025-04-29,2026-04-29,False,False
2040,POL002040,20231007,1215,8,14,2,New Business,62488.07,3688.0,2023-10-07,2024-10-06,False,False
2041,POL002041,20241116,1054,9,25,2,New Business,168084.44,18249.95,2024-11-16,2025-11-16,False,False
2042,POL002042,20250914,2400,6,35,4,Renewal,162971.43,18320.54,2025-09-14,2026-09-14,True,False
2043,POL002043,20250328,428,8,22,5,Renewal,71309.13,4834.97,2025-03-28,2026-03-28,True,False
2044,POL002044,20260408,1031,2,2,3,New Business,9984.58,1124.54,2026-04-08,2027-04-08,False,False
2045,POL002045,20250316,1790,6,11,1,New Business,88819.08,8608.75,2025-03-16,2026-03-16,False,False
2046,POL002046,20240320,2176,4,20,4,Cancellation,83296.14,3685.6,2024-03-20,2025-03-20,False,True
2047,POL002047,20250120,662,9,22,5,New Business,283136.33,20921.7,2025-01-20,2026-01-20,False,False
2048,POL002048,20250821,2014,3,5,4,Renewal,92713.94,5361.6,2025-08-21,2026-08-21,True,False
2049,POL002049,20251025,528,3,14,2,Renewal,51976.73,3307.35,2025-10-25,2026-10-25,True,False
2050,POL002050,20260320,237,5,22,5,Renewal,4686258.57,238239.43,2026-03-20,2027-03-20,True,False
2051,POL002051,20241121,1589,2,34,2,New Business,15019.62,917.49,2024-11-21,2025-11-21,False,False
2052,POL002052,20230815,819,9,17,3,Renewal,106691.71,8575.86,2023-08-15,2024-08-14,True,False
2053,POL002053,20241208,2356,2,39,1,Renewal,15954.84,865.32,2024-12-08,2025-12-08,True,False
2054,POL002054,20250301,101,1,21,3,Renewal,38435.79,2366.68,2025-03-01,2026-03-01,True,False
2055,POL002055,20241205,2324,5,25,2,New Business,1828846.28,113316.69,2024-12-05,2025-12-05,False,False
2056,POL002056,20250905,16,1,40,4,Renewal,51980.21,3897.36,2025-09-05,2026-09-05,True,False
2057,POL002057,20231128,489,1,4,5,Renewal,39248.07,4504.93,2023-11-28,2024-11-27,True,False
2058,POL002058,20230703,1709,8,6,1,New Business,24761.8,2582.34,2023-07-03,2024-07-02,False,False
2059,POL002059,20260221,1322,1,23,3,Cancellation,70414.15,1854.53,2026-02-21,2027-02-21,False,True
2060,POL002060,20240120,1138,2,22,5,Renewal,33587.05,1756.51,2024-01-20,2025-01-19,True,False
2061,POL002061,20220810,1321,9,21,3,Renewal,154929.54,12594.17,2022-08-10,2023-08-10,True,False
2062,POL002062,20241103,410,3,12,2,New Business,70691.91,5367.06,2024-11-03,2025-11-03,False,False
2063,POL002063,20250418,215,1,25,2,Renewal,37942.51,3148.51,2025-04-18,2026-04-18,True,False
2064,POL002064,20240127,1700,7,34,2,Renewal,199054.73,17318.08,2024-01-27,2025-01-26,True,False
2065,POL002065,20260118,293,1,27,1,New Business,21475.37,1940.97,2026-01-18,2027-01-18,False,False
2066,POL002066,20230109,718,1,17,3,Renewal,64280.89,5780.58,2023-01-09,2024-01-09,True,False
2067,POL002067,20250922,2412,7,40,4,Renewal,838813.96,72604.01,2025-09-22,2026-09-22,True,False
2068,POL002068,20231216,827,1,13,3,Renewal,118795.8,6270.3,2023-12-16,2024-12-15,True,False
2069,POL002069,20260722,70,9,33,2,Renewal,389949.14,21618.24,2026-07-22,2027-07-22,True,False
2070,POL002070,20240106,172,8,5,4,Renewal,210533.85,10796.62,2024-01-06,2025-01-05,True,False
2071,POL002071,20250730,187,2,40,4,New Business,29581.22,1537.54,2025-07-30,2026-07-30,False,False
2072,POL002072,20240730,870,1,33,2,Renewal,61876.63,7088.5,2024-07-30,2025-07-30,True,False
2073,POL002073,20230506,2842,1,22,5,Renewal,70552.05,4870.13,2023-05-06,2024-05-05,True,False
2074,POL002074,20240403,915,6,2,3,Cancellation,239509.85,3304.42,2024-04-03,2025-04-03,False,True
2075,POL002075,20241105,1103,1,38,1,New Business,31395.25,1820.87,2024-11-05,2025-11-05,False,False
2076,POL002076,20250226,2488,5,31,3,Renewal,3464732.94,188136.3,2025-02-26,2026-02-26,True,False
2077,POL002077,20230911,2359,9,32,1,New Business,289218.93,25656.28,2023-09-11,2024-09-10,False,False
2078,POL002078,20251128,2275,9,18,1,New Business,119985.45,9714.68,2025-11-28,2026-11-28,False,False
2079,POL002079,20260604,2158,4,1,1,New Business,98745.66,5204.68,2026-06-04,2027-06-04,False,False
2080,POL002080,20250309,1450,3,25,2,Renewal,70363.76,5060.06,2025-03-09,2026-03-09,True,False
2081,POL002081,20260131,59,9,37,3,New Business,172418.37,10994.22,2026-01-31,2027-01-31,False,False
2082,POL002082,20250722,2348,9,17,3,Renewal,494691.9,26511.88,2025-07-22,2026-07-22,True,False
2083,POL002083,20240207,2573,4,36,5,New Business,339570.35,21364.24,2024-02-07,2025-02-06,False,False
2084,POL002084,20260316,691,3,40,4,New Business,66093.54,6767.95,2026-03-16,2027-03-16,False,False
2085,POL002085,20251031,182,8,15,3,Cancellation,77804.25,2320.56,2025-10-31,2026-10-31,False,True
2086,POL002086,20251006,574,9,22,5,Renewal,89567.15,5844.02,2025-10-06,2026-10-06,True,False
2087,POL002087,20250107,1920,8,13,3,Renewal,89194.47,9061.92,2025-01-07,2026-01-07,True,False
2088,POL002088,20260128,2309,1,29,3,Renewal,87732.56,6425.42,2026-01-28,2027-01-28,True,False
2089,POL002089,20251228,1886,3,24,1,Renewal,105071.77,5397.15,2025-12-28,2026-12-28,True,False
2090,POL002090,20250711,1265,1,5,4,Renewal,110030.23,8396.48,2025-07-11,2026-07-11,True,False
2091,POL002091,20231128,2813,1,34,2,Renewal,22918.3,2199.96,2023-11-28,2024-11-27,True,False
2092,POL002092,20250514,2966,3,9,5,Renewal,31143.23,2630.34,2025-05-14,2026-05-14,True,False
2093,POL002093,20250906,1624,5,33,2,Renewal,1668367.41,147415.56,2025-09-06,2026-09-06,True,False
2094,POL002094,20260117,652,4,16,4,Renewal,214477.37,20162.58,2026-01-17,2027-01-17,True,False
2095,POL002095,20240326,1759,9,2,3,Renewal,246248.31,19976.12,2024-03-26,2025-03-26,True,False
2096,POL002096,20240618,2935,4,40,4,Renewal,237092.67,23735.48,2024-06-18,2025-06-18,True,False
2097,POL002097,20230528,1969,2,19,5,Cancellation,16114.41,803.85,2023-05-28,2024-05-27,False,True
2098,POL002098,20250104,2867,3,1,1,New Business,31674.4,3110.97,2025-01-04,2026-01-04,False,False
2099,POL002099,20250703,2692,4,6,1,New Business,365814.2,18493.48,2025-07-03,2026-07-03,False,False
2100,POL002100,20220825,370,3,30,3,Renewal,107325.42,10957.19,2022-08-25,2023-08-25,True,False
2101,POL002101,20231101,1563,7,24,1,Renewal,827718.73,56087.94,2023-11-01,2024-10-31,True,False
2102,POL002102,20260408,2248,2,38,1,Renewal,28957.2,1507.97,2026-04-08,2027-04-08,True,False
2103,POL002103,20241013,965,9,9,5,Renewal,82585.56,8485.16,2024-10-13,2025-10-13,True,False
2104,POL002104,20241102,488,5,29,3,Renewal,4743939.0,245163.82,2024-11-02,2025-11-02,True,False
2105,POL002105,20251014,621,1,11,1,New Business,80662.15,4994.03,2025-10-14,2026-10-14,False,False
2106,POL002106,20260410,148,4,28,4,New Business,93029.51,8252.57,2026-04-10,2027-04-10,False,False
2107,POL002107,20240317,2221,8,29,3,New Business,46458.59,2489.36,2024-03-17,2025-03-17,False,False
2108,POL002108,20240131,1909,2,29,3,Renewal,36710.38,2233.1,2024-01-31,2025-01-30,True,False
2109,POL002109,20241116,1824,1,27,1,Renewal,105313.66,8950.3,2024-11-16,2025-11-16,True,False
2110,POL002110,20250129,318,4,35,4,Renewal,390724.59,24080.32,2025-01-29,2026-01-29,True,False
2111,POL002111,20250705,861,8,30,3,Renewal,66971.14,5474.67,2025-07-05,2026-07-05,True,False
2112,POL002112,20260428,2024,1,39,1,New Business,33691.43,2250.24,2026-04-28,2027-04-28,False,False
2113,POL002113,20260226,2493,2,25,2,New Business,23935.68,1335.6,2026-02-26,2027-02-26,False,False
2114,POL002114,20230616,1080,1,36,5,Renewal,108342.4,8377.66,2023-06-16,2024-06-15,True,False
2115,POL002115,20230331,638,3,2,3,Renewal,93592.54,7321.57,2023-03-31,2024-03-30,True,False
2116,POL002116,20250923,2432,1,26,1,Renewal,28605.8,2814.18,2025-09-23,2026-09-23,True,False
2117,POL002117,20231028,2736,9,39,1,New Business,376057.82,20666.27,2023-10-28,2024-10-27,False,False
2118,POL002118,20250124,2242,6,35,4,New Business,714618.34,37334.86,2025-01-24,2026-01-24,False,False
2119,POL002119,20251011,2212,5,34,2,Renewal,4370517.16,240561.08,2025-10-11,2026-10-11,True,False
2120,POL002120,20251002,403,7,33,2,Renewal,921689.33,51821.78,2025-10-02,2026-10-02,True,False
2121,POL002121,20260319,2001,1,1,1,Cancellation,72631.9,2755.84,2026-03-19,2027-03-19,False,True
2122,POL002122,20241030,151,9,8,5,New Business,352378.22,23439.32,2024-10-30,2025-10-30,False,False
2123,POL002123,20220920,602,1,38,1,Renewal,99733.92,7883.19,2022-09-20,2023-09-20,True,False
2124,POL002124,20250305,947,4,15,3,New Business,360656.54,21888.11,2025-03-05,2026-03-05,False,False
2125,POL002125,20240325,1789,6,20,4,Renewal,529638.68,39379.93,2024-03-25,2025-03-25,True,False
2126,POL002126,20250826,2924,1,21,3,New Business,88586.54,6377.74,2025-08-26,2026-08-26,False,False
2127,POL002127,20240212,2516,3,27,1,Renewal,110821.55,6370.78,2024-02-12,2025-02-11,True,False
2128,POL002128,20250615,783,8,22,5,New Business,122662.44,9186.07,2025-06-15,2026-06-15,False,False
2129,POL002129,20250220,1812,8,16,4,Renewal,252470.31,14685.93,2025-02-20,2026-02-20,True,False
2130,POL002130,20251019,2696,8,14,2,New Business,38931.39,3257.52,2025-10-19,2026-10-19,False,False
2131,POL002131,20251015,2791,5,21,3,Renewal,389116.25,20630.93,2025-10-15,2026-10-15,True,False
2132,POL002132,20231207,2637,2,6,1,Renewal,15429.36,1000.97,2023-12-07,2024-12-06,True,False
2133,POL002133,20250326,912,6,34,2,New Business,458255.09,25649.54,2025-03-26,2026-03-26,False,False
2134,POL002134,20221022,1275,1,24,1,Cancellation,113683.11,1198.58,2022-10-22,2023-10-22,False,True
2135,POL002135,20230410,262,1,20,4,Renewal,137249.94,7070.48,2023-04-10,2024-04-09,True,False
2136,POL002136,20241003,2874,5,7,5,Renewal,3718973.09,193349.01,2024-10-03,2025-10-03,True,False
2137,POL002137,20260530,1322,9,4,5,New Business,324863.85,22514.57,2026-05-30,2027-05-30,False,False
2138,POL002138,20240923,1329,3,26,1,Renewal,171259.93,9889.51,2024-09-23,2025-09-23,True,False
2139,POL002139,20241215,154,4,38,1,Renewal,453839.52,24478.81,2024-12-15,2025-12-15,True,False
2140,POL002140,20221030,1829,3,35,4,New Business,161780.0,8702.64,2022-10-30,2023-10-30,False,False
2141,POL002141,20260524,1240,1,18,1,New Business,33272.55,2351.66,2026-05-24,2027-05-24,False,False
2142,POL002142,20240508,1938,1,37,3,Renewal,18828.77,2269.38,2024-05-08,2025-05-08,True,False
2143,POL002143,20231001,950,7,28,4,Renewal,238103.97,18138.11,2023-10-01,2024-09-30,True,False
2144,POL002144,20250328,89,2,5,4,Renewal,16284.33,845.87,2025-03-28,2026-03-28,True,False
2145,POL002145,20250708,1966,4,14,2,Renewal,259886.38,18467.83,2025-07-08,2026-07-08,True,False
2146,POL002146,20250806,488,1,23,3,Renewal,86826.47,6211.37,2025-08-06,2026-08-06,True,False
2147,POL002147,20230120,657,3,39,1,Cancellation,170079.66,4575.18,2023-01-20,2024-01-20,False,True
2148,POL002148,20231003,2086,1,26,1,Cancellation,139959.5,1653.04,2023-10-03,2024-10-02,False,True
2149,POL002149,20241015,2314,1,6,1,New Business,63784.39,5135.84,2024-10-15,2025-10-15,False,False
2150,POL002150,20250425,1247,6,11,1,Cancellation,196159.91,3431.04,2025-04-25,2026-04-25,False,True
2151,POL002151,20250627,1528,1,5,4,Renewal,82684.94,5326.97,2025-06-27,2026-06-27,True,False
2152,POL002152,20260802,1014,1,38,1,Renewal,95555.7,7542.64,2026-08-02,2027-08-02,True,False
2153,POL002153,20240728,850,9,20,4,New Business,307692.33,24397.55,2024-07-28,2025-07-28,False,False
2154,POL002154,20260330,1043,3,25,2,New Business,77342.61,8168.86,2026-03-30,2027-03-30,False,False
2155,POL002155,20260318,2345,7,23,3,Renewal,887941.14,56185.93,2026-03-18,2027-03-18,True,False
2156,POL002156,20260408,1995,9,18,1,Renewal,158130.07,8287.66,2026-04-08,2027-04-08,True,False
2157,POL002157,20241031,1740,4,5,4,Renewal,80030.88,6647.06,2024-10-31,2025-10-31,True,False
2158,POL002158,20250405,679,9,5,4,Renewal,54821.24,6005.49,2025-04-05,2026-04-05,True,False
2159,POL002159,20221216,295,4,19,5,Renewal,210966.01,22964.58,2022-12-16,2023-12-16,True,False
2160,POL002160,20250204,1229,7,18,1,Renewal,696290.09,55089.52,2025-02-04,2026-02-04,True,False
2161,POL002161,20240712,2889,8,38,1,New Business,138971.22,9422.14,2024-07-12,2025-07-12,False,False
2162,POL002162,20241015,1843,6,19,5,New Business,784696.27,39323.91,2024-10-15,2025-10-15,False,False
2163,POL002163,20260404,2945,4,9,5,Renewal,142470.86,12428.34,2026-04-04,2027-04-04,True,False
2164,POL002164,20231124,989,5,13,3,Renewal,1937058.13,232148.11,2023-11-24,2024-11-23,True,False
2165,POL002165,20230121,2599,1,23,3,Cancellation,75272.93,1717.17,2023-01-21,2024-01-21,False,True
2166,POL002166,20231002,1575,5,12,2,New Business,2422679.69,129636.17,2023-10-02,2024-10-01,False,False
2167,POL002167,20251124,1854,2,30,3,New Business,34820.77,2053.71,2025-11-24,2026-11-24,False,False
2168,POL002168,20240106,1696,9,28,4,Cancellation,116590.26,8705.66,2024-01-06,2025-01-05,False,True
2169,POL002169,20241003,986,7,18,1,New Business,1393850.85,71842.21,2024-10-03,2025-10-03,False,False
2170,POL002170,20251217,525,1,9,5,Renewal,169455.4,8581.68,2025-12-17,2026-12-17,True,False
2171,POL002171,20231212,2411,1,35,4,New Business,66817.51,3554.93,2023-12-12,2024-12-11,False,False
2172,POL002172,20221010,1793,1,28,4,Renewal,77280.66,4134.15,2022-10-10,2023-10-10,True,False
2173,POL002173,20260521,2529,3,2,3,New Business,71311.36,3881.75,2026-05-21,2027-05-21,False,False
2174,POL002174,20250625,1342,4,10,4,Renewal,88314.11,7806.47,2025-06-25,2026-06-25,True,False
2175,POL002175,20240910,1124,2,19,5,New Business,8115.45,813.95,2024-09-10,2025-09-10,False,False
2176,POL002176,20231111,1436,1,5,4,Renewal,147889.88,8117.97,2023-11-11,2024-11-10,True,False
2177,POL002177,20240824,1779,8,20,4,New Business,143556.13,8106.83,2024-08-24,2025-08-24,False,False
2178,POL002178,20240316,451,8,36,5,New Business,81984.02,5908.59,2024-03-16,2025-03-16,False,False
2179,POL002179,20221127,894,1,5,4,Renewal,129095.68,7424.61,2022-11-27,2023-11-27,True,False
2180,POL002180,20240321,2634,2,25,2,Renewal,16854.23,1080.09,2024-03-21,2025-03-21,True,False
2181,POL002181,20251112,647,2,12,2,Renewal,27455.41,2069.91,2025-11-12,2026-11-12,True,False
2182,POL002182,20230908,1077,8,6,1,New Business,84858.63,9936.87,2023-09-08,2024-09-07,False,False
2183,POL002183,20251215,2243,1,21,3,New Business,42270.28,4165.87,2025-12-15,2026-12-15,False,False
2184,POL002184,20260620,1407,8,5,4,Renewal,272133.0,13782.21,2026-06-20,2027-06-20,True,False
2185,POL002185,20230528,1111,8,19,5,Cancellation,150903.51,5107.4,2023-05-28,2024-05-27,False,True
2186,POL002186,20240821,740,3,35,4,Cancellation,70494.06,658.71,2024-08-21,2025-08-21,False,True
2187,POL002187,20260415,988,3,15,3,New Business,88022.7,4608.08,2026-04-15,2027-04-15,False,False
2188,POL002188,20250923,2996,1,6,1,New Business,106239.68,7706.11,2025-09-23,2026-09-23,False,False
2189,POL002189,20260322,811,4,10,4,New Business,90064.52,9608.44,2026-03-22,2027-03-22,False,False
2190,POL002190,20260820,2410,6,30,3,Renewal,543292.31,39951.84,2026-08-20,2027-08-20,True,False
2191,POL002191,20240925,876,8,5,4,New Business,237603.83,14614.18,2024-09-25,2025-09-25,False,False
2192,POL002192,20231116,2389,2,21,3,New Business,32666.2,2458.0,2023-11-16,2024-11-15,False,False
2193,POL002193,20250504,1741,5,7,5,Renewal,1815394.64,210573.06,2025-05-04,2026-05-04,True,False
2194,POL002194,20251128,1532,3,33,2,New Business,109095.94,11859.72,2025-11-28,2026-11-28,False,False
2195,POL002195,20250328,1968,6,16,4,New Business,401461.39,38330.92,2025-03-28,2026-03-28,False,False
2196,POL002196,20260415,378,1,5,4,New Business,102233.57,7746.37,2026-04-15,2027-04-15,False,False
2197,POL002197,20240806,700,3,7,5,Cancellation,16852.61,1028.82,2024-08-06,2025-08-06,False,True
2198,POL002198,20240513,1869,1,7,5,New Business,25941.29,1615.61,2024-05-13,2025-05-13,False,False
2199,POL002199,20250727,1312,5,28,4,New Business,1497394.01,125116.25,2025-07-27,2026-07-27,False,False
2200,POL002200,20250718,217,3,27,1,Renewal,188279.85,11901.1,2025-07-18,2026-07-18,True,False
2201,POL002201,20250913,1753,1,38,1,Renewal,27607.35,2525.21,2025-09-13,2026-09-13,True,False
2202,POL002202,20221121,296,8,24,1,Cancellation,53129.59,2468.05,2022-11-21,2023-11-21,False,True
2203,POL002203,20260419,137,1,4,5,New Business,37263.31,4307.52,2026-04-19,2027-04-19,False,False
2204,POL002204,20260109,1769,9,22,5,Cancellation,373979.68,6140.26,2026-01-09,2027-01-09,False,True
2205,POL002205,20251122,2766,6,21,3,Cancellation,312290.64,7895.28,2025-11-22,2026-11-22,False,True
2206,POL002206,20250704,1185,1,10,4,New Business,26539.08,2056.29,2025-07-04,2026-07-04,False,False
2207,POL002207,20230810,1291,1,5,4,New Business,127317.37,7550.36,2023-08-10,2024-08-09,False,False
2208,POL002208,20220828,79,4,7,5,Cancellation,309396.42,13185.61,2022-08-28,2023-08-28,False,True
2209,POL002209,20250715,2128,1,10,4,New Business,48917.33,2682.67,2025-07-15,2026-07-15,False,False
2210,POL002210,20250928,130,1,21,3,New Business,175531.28,8897.67,2025-09-28,2026-09-28,False,False
2211,POL002211,20260709,2724,1,12,2,New Business,79728.02,6361.26,2026-07-09,2027-07-09,False,False
2212,POL002212,20241015,392,5,40,4,Renewal,278209.56,15282.85,2024-10-15,2025-10-15,True,False
2213,POL002213,20230405,851,1,17,3,Renewal,19995.62,1902.73,2023-04-05,2024-04-04,True,False
2214,POL002214,20240902,789,4,15,3,Renewal,240130.98,19422.72,2024-09-02,2025-09-02,True,False
2215,POL002215,20241112,479,3,14,2,New Business,192447.35,11458.44,2024-11-12,2025-11-12,False,False
2216,POL002216,20250427,1687,1,19,5,New Business,69942.94,6599.05,2025-04-27,2026-04-27,False,False
2217,POL002217,20250330,1638,1,20,4,Renewal,42487.93,3670.54,2025-03-30,2026-03-30,True,False
2218,POL002218,20240501,21,3,12,2,New Business,118440.47,8373.91,2024-05-01,2025-05-01,False,False
2219,POL002219,20240227,1097,3,12,2,Renewal,147150.01,8781.83,2024-02-27,2025-02-26,True,False
2220,POL002220,20231124,1461,4,16,4,Renewal,83236.52,6190.52,2023-11-24,2024-11-23,True,False
2221,POL002221,20230823,2561,6,16,4,New Business,105008.45,7059.78,2023-08-23,2024-08-22,False,False
2222,POL002222,20260119,1477,5,12,2,Renewal,2556096.61,142285.75,2026-01-19,2027-01-19,True,False
2223,POL002223,20240525,378,2,22,5,Renewal,40684.07,2037.53,2024-05-25,2025-05-25,True,False
2224,POL002224,20231101,1656,9,24,1,Renewal,348999.08,23656.71,2023-11-01,2024-10-31,True,False
2225,POL002225,20241108,1999,1,25,2,Cancellation,54814.5,983.5,2024-11-08,2025-11-08,False,True
2226,POL002226,20240510,249,5,40,4,Cancellation,1534148.79,18013.06,2024-05-10,2025-05-10,False,True
2227,POL002227,20240924,1514,3,15,3,New Business,121997.51,6707.6,2024-09-24,2025-09-24,False,False
2228,POL002228,20251223,653,6,19,5,Renewal,626186.74,36134.24,2025-12-23,2026-12-23,True,False
2229,POL002229,20250505,1614,9,28,4,Renewal,83312.2,5206.01,2025-05-05,2026-05-05,True,False
2230,POL002230,20250304,2299,2,38,1,Renewal,16121.71,983.24,2025-03-04,2026-03-04,True,False
2231,POL002231,20241122,2597,2,37,3,Renewal,20429.33,1692.71,2024-11-22,2025-11-22,True,False
2232,POL002232,20230510,1187,1,13,3,Renewal,91234.3,5534.42,2023-05-10,2024-05-09,True,False
2233,POL002233,20230505,2023,9,38,1,New Business,130467.36,14121.23,2023-05-05,2024-05-04,False,False
2234,POL002234,20230207,642,3,30,3,Renewal,195167.39,11919.27,2023-02-07,2024-02-07,True,False
2235,POL002235,20260330,805,2,36,5,Cancellation,22794.22,395.48,2026-03-30,2027-03-30,False,True
2236,POL002236,20231228,1683,5,36,5,New Business,2071589.61,121937.15,2023-12-28,2024-12-27,False,False
2237,POL002237,20241222,2367,1,2,3,New Business,51091.28,5544.23,2024-12-22,2025-12-22,False,False
2238,POL002238,20230621,603,6,19,5,Renewal,410795.21,27235.91,2023-06-21,2024-06-20,True,False
2239,POL002239,20230606,2493,1,35,4,Renewal,34895.27,3909.41,2023-06-06,2024-06-05,True,False
2240,POL002240,20251204,920,1,33,2,New Business,90962.57,7149.0,2025-12-04,2026-12-04,False,False
2241,POL002241,20260301,2687,7,13,3,Renewal,540571.27,59661.66,2026-03-01,2027-03-01,True,False
2242,POL002242,20230206,2037,1,14,2,Renewal,105589.16,8410.48,2023-02-06,2024-02-06,True,False
2243,POL002243,20230519,681,3,1,1,Cancellation,89335.42,3219.72,2023-05-19,2024-05-18,False,True
2244,POL002244,20230625,2269,8,2,3,Renewal,93772.72,9688.01,2023-06-25,2024-06-24,True,False
2245,POL002245,20250525,2351,6,14,2,New Business,416043.67,21064.92,2025-05-25,2026-05-25,False,False
2246,POL002246,20260224,1632,9,13,3,Renewal,308796.71,26679.74,2026-02-24,2027-02-24,True,False
2247,POL002247,20251023,1626,7,12,2,New Business,191209.13,16867.94,2025-10-23,2026-10-23,False,False
2248,POL002248,20260223,2369,1,11,1,New Business,38533.01,2345.23,2026-02-23,2027-02-23,False,False
2249,POL002249,20250409,1661,2,14,2,Cancellation,17136.23,257.07,2025-04-09,2026-04-09,False,True
2250,POL002250,20240731,2397,1,38,1,Renewal,89536.11,7714.04,2024-07-31,2025-07-31,True,False
2251,POL002251,20220814,2346,1,17,3,Renewal,99291.05,6213.72,2022-08-14,2023-08-14,True,False
2252,POL002252,20250507,450,9,12,2,Renewal,310421.83,18893.38,2025-05-07,2026-05-07,True,False
2253,POL002253,20241019,1197,2,37,3,Renewal,23586.16,1527.1,2024-10-19,2025-10-19,True,False
2254,POL002254,20241117,2754,3,2,3,New Business,106762.01,5718.96,2024-11-17,2025-11-17,False,False
2255,POL002255,20250313,1347,1,15,3,Renewal,26023.29,3100.1,2025-03-13,2026-03-13,True,False
2256,POL002256,20240812,441,9,11,1,New Business,337979.11,19558.65,2024-08-12,2025-08-12,False,False
2257,POL002257,20230921,1644,1,16,4,Renewal,42165.81,3742.98,2023-09-21,2024-09-20,True,False
2258,POL002258,20260418,334,4,13,3,New Business,141084.86,12522.95,2026-04-18,2027-04-18,False,False
2259,POL002259,20230109,1951,1,27,1,Renewal,114622.96,7217.39,2023-01-09,2024-01-09,True,False
2260,POL002260,20260205,2809,1,18,1,Renewal,31091.6,3377.8,2026-02-05,2027-02-05,True,False
2261,POL002261,20250818,2308,1,35,4,Renewal,54931.74,4911.8,2025-08-18,2026-08-18,True,False
2262,POL002262,20240930,292,6,28,4,Renewal,406441.35,38350.32,2024-09-30,2025-09-30,True,False
2263,POL002263,20250614,1029,1,35,4,New Business,83942.48,6555.2,2025-06-14,2026-06-14,False,False
2264,POL002264,20260812,2369,9,38,1,Renewal,39820.74,4426.27,2026-08-12,2027-08-12,True,False
2265,POL002265,20241105,1277,1,11,1,Renewal,43248.73,5109.83,2024-11-05,2025-11-05,True,False
2266,POL002266,20220920,1709,3,27,1,Cancellation,32831.56,950.8,2022-09-20,2023-09-20,False,True
2267,POL002267,20241222,297,1,40,4,Renewal,32518.64,2967.74,2024-12-22,2025-12-22,True,False
2268,POL002268,20231213,822,1,17,3,Renewal,70078.61,4143.57,2023-12-13,2024-12-12,True,False
2269,POL002269,20260117,2268,2,17,3,Renewal,36872.08,1847.58,2026-01-17,2027-01-17,True,False
2270,POL002270,20240208,809,1,5,4,Renewal,94589.41,5787.3,2024-02-08,2025-02-07,True,False
2271,POL002271,20231122,2750,4,7,5,Renewal,459857.83,23863.26,2023-11-22,2024-11-21,True,False
2272,POL002272,20230309,842,4,35,4,New Business,139300.27,15550.29,2023-03-09,2024-03-08,False,False
2273,POL002273,20240814,406,7,6,1,Renewal,376668.26,40104.91,2024-08-14,2025-08-14,True,False
2274,POL002274,20250928,2890,8,7,5,Renewal,78826.04,6729.65,2025-09-28,2026-09-28,True,False
2275,POL002275,20250928,67,8,9,5,New Business,125796.39,9272.12,2025-09-28,2026-09-28,False,False
2276,POL002276,20241203,662,8,34,2,Renewal,35530.31,2239.9,2024-12-03,2025-12-03,True,False
2277,POL002277,20240415,489,2,9,5,Renewal,22138.64,1638.38,2024-04-15,2025-04-15,True,False
2278,POL002278,20260115,1299,5,9,5,Cancellation,2493249.79,17854.51,2026-01-15,2027-01-15,False,True
2279,POL002279,20250213,873,9,28,4,Renewal,293968.68,20817.96,2025-02-13,2026-02-13,True,False
2280,POL002280,20230710,1207,3,28,4,New Business,27196.62,3069.26,2023-07-10,2024-07-09,False,False
2281,POL002281,20250825,327,4,3,2,Cancellation,317976.49,9257.02,2025-08-25,2026-08-25,False,True
2282,POL002282,20240507,1553,1,8,5,Renewal,163393.74,8175.79,2024-05-07,2025-05-07,True,False
2283,POL002283,20250401,2628,1,10,4,New Business,89795.1,7871.58,2025-04-01,2026-04-01,False,False
2284,POL002284,20220516,2909,1,16,4,New Business,63720.26,5298.46,2022-05-16,2023-05-16,False,False
2285,POL002285,20240320,1684,2,39,1,Renewal,27705.18,1414.27,2024-03-20,2025-03-20,True,False
2286,POL002286,20260619,273,1,27,1,Renewal,133365.79,7505.2,2026-06-19,2027-06-19,True,False
2287,POL002287,20251119,1324,2,12,2,Renewal,25831.56,1850.11,2025-11-19,2026-11-19,True,False
2288,POL002288,20231003,308,2,1,1,New Business,14115.31,1142.07,2023-10-03,2024-10-02,False,False
2289,POL002289,20260515,267,3,30,3,Renewal,70576.23,4653.42,2026-05-15,2027-05-15,True,False
2290,POL002290,20250411,2133,4,34,2,Cancellation,213112.89,5112.17,2025-04-11,2026-04-11,False,True
2291,POL002291,20241213,2336,2,39,1,New Business,10880.71,1250.62,2024-12-13,2025-12-13,False,False
2292,POL002292,20260326,2421,2,22,5,Renewal,12801.16,1051.48,2026-03-26,2027-03-26,True,False
2293,POL002293,20250626,1647,6,14,2,New Business,682204.13,39343.79,2025-06-26,2026-06-26,False,False
2294,POL002294,20240625,597,2,12,2,Renewal,33100.91,1982.93,2024-06-25,2025-06-25,True,False
2295,POL002295,20260407,1597,3,26,1,New Business,86168.44,5439.61,2026-04-07,2027-04-07,False,False
2296,POL002296,20250222,107,2,17,3,New Business,12831.82,1584.97,2025-02-22,2026-02-22,False,False
2297,POL002297,20250707,176,1,6,1,New Business,84914.1,4248.42,2025-07-07,2026-07-07,False,False
2298,POL002298,20260412,456,9,15,3,New Business,140578.0,7888.36,2026-04-12,2027-04-12,False,False
2299,POL002299,20240816,1725,3,12,2,New Business,107187.89,6142.77,2024-08-16,2025-08-16,False,False
2300,POL002300,20240812,421,3,1,1,New Business,137063.59,8753.55,2024-08-12,2025-08-12,False,False
2301,POL002301,20241106,1676,8,35,4,Renewal,60526.08,3766.92,2024-11-06,2025-11-06,True,False
2302,POL002302,20250712,411,9,32,1,New Business,54928.58,5669.39,2025-07-12,2026-07-12,False,False
2303,POL002303,20250425,691,3,13,3,Renewal,77902.05,8344.4,2025-04-25,2026-04-25,True,False
2304,POL002304,20230709,2702,2,11,1,New Business,21324.83,2195.29,2023-07-09,2024-07-08,False,False
2305,POL002305,20260529,717,1,36,5,New Business,72280.01,8859.96,2026-05-29,2027-05-29,False,False
2306,POL002306,20250615,1339,1,10,4,Renewal,71853.77,5844.15,2025-06-15,2026-06-15,True,False
2307,POL002307,20250729,2440,4,20,4,New Business,241478.2,21417.07,2025-07-29,2026-07-29,False,False
2308,POL002308,20260116,2271,1,18,1,Renewal,155227.26,8804.52,2026-01-16,2027-01-16,True,False
2309,POL002309,20260720,417,1,8,5,Cancellation,101696.65,960.18,2026-07-20,2027-07-20,False,True
2310,POL002310,20221006,1288,8,13,3,New Business,151189.58,8710.47,2022-10-06,2023-10-06,False,False
2311,POL002311,20240714,597,3,11,1,Renewal,149330.08,10393.71,2024-07-14,2025-07-14,True,False
2312,POL002312,20241028,32,1,28,4,New Business,106023.06,6763.97,2024-10-28,2025-10-28,False,False
2313,POL002313,20250303,1473,9,32,1,Renewal,69624.17,8199.55,2025-03-03,2026-03-03,True,False
2314,POL002314,20240610,2148,7,16,4,New Business,1526199.61,79823.78,2024-06-10,2025-06-10,False,False
2315,POL002315,20260708,299,1,2,3,Renewal,27744.02,3006.53,2026-07-08,2027-07-08,True,False
2316,POL002316,20240802,2918,2,22,5,New Business,20773.38,2327.18,2024-08-02,2025-08-02,False,False
2317,POL002317,20260521,518,2,33,2,Renewal,15599.78,1705.4,2026-05-21,2027-05-21,True,False
2318,POL002318,20220724,1180,5,31,3,Renewal,1115987.12,63414.09,2022-07-24,2023-07-24,True,False
2319,POL002319,20240621,2576,2,9,5,Renewal,8076.48,799.38,2024-06-21,2025-06-21,True,False
2320,POL002320,20250710,2762,5,36,5,Cancellation,618136.97,16945.69,2025-07-10,2026-07-10,False,True
2321,POL002321,20240630,2039,7,36,5,Renewal,1167309.01,59505.54,2024-06-30,2025-06-30,True,False
2322,POL002322,20230514,932,6,30,3,Renewal,219838.7,12724.13,2023-05-14,2024-05-13,True,False
2323,POL002323,20250817,399,6,15,3,Renewal,126507.44,8189.89,2025-08-17,2026-08-17,True,False
2324,POL002324,20231005,1822,8,17,3,Cancellation,105528.43,2861.36,2023-10-05,2024-10-04,False,True
2325,POL002325,20260707,2359,2,1,1,New Business,22963.89,1916.34,2026-07-07,2027-07-07,False,False
2326,POL002326,20251209,1411,2,32,1,Renewal,30141.17,1995.01,2025-12-09,2026-12-09,True,False
2327,POL002327,20230308,86,2,35,4,Renewal,7956.73,777.11,2023-03-08,2024-03-07,True,False
2328,POL002328,20260408,3,8,27,1,Renewal,185612.34,14105.24,2026-04-08,2027-04-08,True,False
2329,POL002329,20230713,2825,5,20,4,New Business,1439306.9,146290.14,2023-07-13,2024-07-12,False,False
2330,POL002330,20220718,2226,4,28,4,New Business,133605.97,15182.27,2022-07-18,2023-07-18,False,False
2331,POL002331,20250722,1359,1,27,1,Renewal,67089.33,6210.63,2025-07-22,2026-07-22,True,False
2332,POL002332,20240711,1521,7,29,3,Renewal,159835.05,17767.48,2024-07-11,2025-07-11,True,False
2333,POL002333,20250617,1820,2,27,1,New Business,23428.35,2195.3,2025-06-17,2026-06-17,False,False
2334,POL002334,20240203,284,6,20,4,Renewal,266690.74,18238.95,2024-02-03,2025-02-02,True,False
2335,POL002335,20251025,901,1,2,3,Renewal,49007.36,4742.61,2025-10-25,2026-10-25,True,False
2336,POL002336,20230601,2523,6,40,4,New Business,236994.18,15434.9,2023-06-01,2024-05-31,False,False
2337,POL002337,20251225,1104,2,20,4,Renewal,25964.02,1438.58,2025-12-25,2026-12-25,True,False
2338,POL002338,20260622,739,8,21,3,Renewal,44501.38,2508.66,2026-06-22,2027-06-22,True,False
2339,POL002339,20250504,2767,3,12,2,New Business,88846.64,9168.84,2025-05-04,2026-05-04,False,False
2340,POL002340,20251022,871,1,20,4,Renewal,48050.52,2793.39,2025-10-22,2026-10-22,True,False
2341,POL002341,20260119,1862,1,9,5,New Business,111198.55,6681.9,2026-01-19,2027-01-19,False,False
2342,POL002342,20250502,1632,2,39,1,New Business,25660.59,1780.14,2025-05-02,2026-05-02,False,False
2343,POL002343,20241013,1155,2,38,1,Cancellation,17257.89,707.62,2024-10-13,2025-10-13,False,True
2344,POL002344,20241016,1552,4,1,1,New Business,159447.48,15985.5,2024-10-16,2025-10-16,False,False
2345,POL002345,20240928,980,3,14,2,New Business,90246.49,9272.42,2024-09-28,2025-09-28,False,False
2346,POL002346,20240326,2768,8,39,1,New Business,87536.2,8602.73,2024-03-26,2025-03-26,False,False
2347,POL002347,20221102,339,1,21,3,Renewal,161138.11,8454.49,2022-11-02,2023-11-02,True,False
2348,POL002348,20260807,1585,1,15,3,New Business,23898.14,2899.18,2026-08-07,2027-08-07,False,False
2349,POL002349,20251231,2479,8,28,4,New Business,147448.04,7818.92,2025-12-31,2026-12-31,False,False
2350,POL002350,20230504,2458,6,6,1,Renewal,221879.2,24142.22,2023-05-04,2024-05-03,True,False
2351,POL002351,20251011,643,2,39,1,New Business,11126.7,1162.39,2025-10-11,2026-10-11,False,False
2352,POL002352,20241212,1669,2,30,3,Renewal,23977.34,1391.67,2024-12-12,2025-12-12,True,False
2353,POL002353,20230225,1472,8,16,4,Renewal,115053.8,6120.48,2023-02-25,2024-02-25,True,False
2354,POL002354,20250728,860,2,31,3,Renewal,30155.79,1674.34,2025-07-28,2026-07-28,True,False
2355,POL002355,20260323,517,2,23,3,Renewal,30527.56,1553.24,2026-03-23,2027-03-23,True,False
2356,POL002356,20240619,945,1,38,1,New Business,14115.99,1652.56,2024-06-19,2025-06-19,False,False
2357,POL002357,20250117,1468,3,1,1,New Business,49660.87,5814.41,2025-01-17,2026-01-17,False,False
2358,POL002358,20260613,2397,1,4,5,New Business,29702.95,2731.98,2026-06-13,2027-06-13,False,False
2359,POL002359,20231230,1531,1,40,4,New Business,51143.4,3353.59,2023-12-30,2024-12-29,False,False
2360,POL002360,20260401,254,1,1,1,New Business,68105.32,8245.05,2026-04-01,2027-04-01,False,False
2361,POL002361,20250317,2655,6,22,5,Renewal,377251.83,30128.58,2025-03-17,2026-03-17,True,False
2362,POL002362,20260423,1395,1,25,2,Renewal,46578.57,2888.74,2026-04-23,2027-04-23,True,False
2363,POL002363,20230512,263,6,33,2,Renewal,141476.99,11552.19,2023-05-12,2024-05-11,True,False
2364,POL002364,20260406,11,4,29,3,Renewal,79541.39,5145.05,2026-04-06,2027-04-06,True,False
2365,POL002365,20260801,930,8,1,1,New Business,176277.86,10156.81,2026-08-01,2027-08-01,False,False
2366,POL002366,20240912,890,6,9,5,Renewal,98528.04,10954.71,2024-09-12,2025-09-12,True,False
2367,POL002367,20240106,2571,2,30,3,Renewal,39458.88,2270.09,2024-01-06,2025-01-05,True,False
2368,POL002368,20251010,1167,7,22,5,New Business,860972.79,64768.37,2025-10-10,2026-10-10,False,False
2369,POL002369,20260222,1004,2,29,3,New Business,13589.61,805.02,2026-02-22,2027-02-22,False,False
2370,POL002370,20240605,1445,4,13,3,Renewal,396653.0,24198.56,2024-06-05,2025-06-05,True,False
2371,POL002371,20260218,329,1,29,3,Cancellation,56956.73,1345.81,2026-02-18,2027-02-18,False,True
2372,POL002372,20241229,240,3,23,3,New Business,148566.85,10883.08,2024-12-29,2025-12-29,False,False
2373,POL002373,20260804,1713,8,5,4,New Business,209317.21,12026.24,2026-08-04,2027-08-04,False,False
2374,POL002374,20250508,355,1,21,3,Renewal,67077.93,7746.32,2025-05-08,2026-05-08,True,False
2375,POL002375,20260314,2955,6,40,4,New Business,216670.81,22606.27,2026-03-14,2027-03-14,False,False
2376,POL002376,20231117,467,1,26,1,Renewal,86947.44,5969.56,2023-11-17,2024-11-16,True,False
2377,POL002377,20250924,99,9,25,2,Renewal,75293.53,5482.32,2025-09-24,2026-09-24,True,False
2378,POL002378,20221115,1374,3,16,4,New Business,21603.11,2081.01,2022-11-15,2023-11-15,False,False
2379,POL002379,20231129,2209,3,23,3,Renewal,64779.46,7311.99,2023-11-29,2024-11-28,True,False
2380,POL002380,20230214,2605,1,34,2,Renewal,43444.4,2755.67,2023-02-14,2024-02-14,True,False
2381,POL002381,20260511,904,2,32,1,New Business,27012.17,2362.69,2026-05-11,2027-05-11,False,False
2382,POL002382,20250811,1277,1,13,3,New Business,53613.72,6423.1,2025-08-11,2026-08-11,False,False
2383,POL002383,20250806,1858,7,22,5,Renewal,461140.89,42121.41,2025-08-06,2026-08-06,True,False
2384,POL002384,20220401,2313,7,10,4,Renewal,414815.53,25237.51,2022-04-01,2023-04-01,True,False
2385,POL002385,20231212,587,1,17,3,Renewal,86405.12,5687.07,2023-12-12,2024-12-11,True,False
2386,POL002386,20241115,1557,5,25,2,Renewal,329034.06,34556.16,2024-11-15,2025-11-15,True,False
2387,POL002387,20231223,2193,3,17,3,New Business,105107.22,6606.64,2023-12-23,2024-12-22,False,False
2388,POL002388,20251231,2798,1,32,1,New Business,56121.19,3781.37,2025-12-31,2026-12-31,False,False
2389,POL002389,20250913,1397,8,14,2,Cancellation,40868.16,621.56,2025-09-13,2026-09-13,False,True
2390,POL002390,20231230,2734,7,2,3,Renewal,222654.9,12617.91,2023-12-30,2024-12-29,True,False
2391,POL002391,20260807,1753,1,26,1,New Business,99086.84,7521.97,2026-08-07,2027-08-07,False,False
2392,POL002392,20240213,903,8,24,1,New Business,80829.08,8303.79,2024-02-13,2025-02-12,False,False
2393,POL002393,20250602,1146,1,21,3,Cancellation,48284.6,2285.14,2025-06-02,2026-06-02,False,True
2394,POL002394,20231017,1497,1,26,1,New Business,134062.41,7878.4,2023-10-17,2024-10-16,False,False
2395,POL002395,20240317,1683,4,17,3,Renewal,159645.61,11293.78,2024-03-17,2025-03-17,True,False
2396,POL002396,20250502,655,4,11,1,New Business,135095.27,7664.53,2025-05-02,2026-05-02,False,False
2397,POL002397,20251231,1506,2,8,5,New Business,30837.53,2393.93,2025-12-31,2026-12-31,False,False
2398,POL002398,20250308,24,1,27,1,Renewal,159031.47,8093.89,2025-03-08,2026-03-08,True,False
2399,POL002399,20230707,1570,2,35,4,Cancellation,12797.93,119.9,2023-07-07,2024-07-06,False,True
2400,POL002400,20260404,1728,6,9,5,Renewal,156858.09,8474.33,2026-04-04,2027-04-04,True,False
2401,POL002401,20260516,735,6,39,1,Cancellation,398649.04,10655.23,2026-05-16,2027-05-16,False,True
2402,POL002402,20231118,2394,4,14,2,New Business,369345.69,19934.43,2023-11-18,2024-11-17,False,False
2403,POL002403,20251031,299,8,9,5,Renewal,91340.86,7864.76,2025-10-31,2026-10-31,True,False
2404,POL002404,20251123,2691,8,24,1,Cancellation,69883.35,3371.8,2025-11-23,2026-11-23,False,True
2405,POL002405,20240523,2022,2,30,3,Renewal,17275.62,944.83,2024-05-23,2025-05-23,True,False
2406,POL002406,20240911,2865,9,1,1,New Business,183799.08,15141.62,2024-09-11,2025-09-11,False,False
2407,POL002407,20250219,2324,3,30,3,Renewal,81495.1,8450.97,2025-02-19,2026-02-19,True,False
2408,POL002408,20250619,2129,1,19,5,Renewal,54507.98,6321.03,2025-06-19,2026-06-19,True,False
2409,POL002409,20251106,943,1,40,4,Renewal,13782.0,1510.64,2025-11-06,2026-11-06,True,False
2410,POL002410,20260615,2788,3,10,4,Renewal,100362.38,9728.04,2026-06-15,2027-06-15,True,False
2411,POL002411,20230223,640,5,4,5,Cancellation,3620058.88,51891.3,2023-02-23,2024-02-23,False,True
2412,POL002412,20250121,1617,1,32,1,New Business,45754.71,2730.3,2025-01-21,2026-01-21,False,False
2413,POL002413,20241220,808,1,27,1,Renewal,91311.08,5688.87,2024-12-20,2025-12-20,True,False
2414,POL002414,20240813,2131,8,28,4,New Business,132720.68,14188.83,2024-08-13,2025-08-13,False,False
2415,POL002415,20250720,621,9,2,3,Renewal,141888.32,7842.54,2025-07-20,2026-07-20,True,False
2416,POL002416,20250926,2950,8,34,2,New Business,223066.3,11729.67,2025-09-26,2026-09-26,False,False
2417,POL002417,20260326,1037,1,35,4,New Business,73442.23,3687.93,2026-03-26,2027-03-26,False,False
2418,POL002418,20240220,1849,1,37,3,New Business,97990.54,5060.46,2024-02-20,2025-02-19,False,False
2419,POL002419,20250316,2832,3,35,4,Renewal,85728.06,6129.92,2025-03-16,2026-03-16,True,False
2420,POL002420,20250923,352,7,14,2,New Business,380181.53,20864.04,2025-09-23,2026-09-23,False,False
2421,POL002421,20250731,1038,5,39,1,Cancellation,2320403.25,66845.56,2025-07-31,2026-07-31,False,True
2422,POL002422,20230605,99,4,36,5,Cancellation,457740.23,5779.11,2023-06-05,2024-06-04,False,True
2423,POL002423,20250302,213,6,8,5,Renewal,374196.72,38391.53,2025-03-02,2026-03-02,True,False
2424,POL002424,20240810,384,5,37,3,Cancellation,2617358.63,107380.54,2024-08-10,2025-08-10,False,True
2425,POL002425,20241102,4,9,5,4,New Business,66655.71,5563.16,2024-11-02,2025-11-02,False,False
2426,POL002426,20241204,1947,2,23,3,Renewal,16179.0,1126.11,2024-12-04,2025-12-04,True,False
2427,POL002427,20250223,2902,6,4,5,Renewal,129982.27,15139.83,2025-02-23,2026-02-23,True,False
2428,POL002428,20240106,2088,9,37,3,Renewal,267915.33,16005.42,2024-01-06,2025-01-05,True,False
2429,POL002429,20230714,1046,1,5,4,New Business,62827.06,7190.73,2023-07-14,2024-07-13,False,False
2430,POL002430,20260422,1428,1,26,1,New Business,106123.98,7522.44,2026-04-22,2027-04-22,False,False
2431,POL002431,20260809,875,1,22,5,New Business,139980.43,8966.4,2026-08-09,2027-08-09,False,False
2432,POL002432,20250302,2110,1,14,2,Renewal,28825.5,2135.7,2025-03-02,2026-03-02,True,False
2433,POL002433,20240726,205,2,13,3,New Business,28125.04,1794.84,2024-07-26,2025-07-26,False,False
2434,POL002434,20241220,1652,1,34,2,Cancellation,73707.29,1896.95,2024-12-20,2025-12-20,False,True
2435,POL002435,20240510,1847,3,36,5,New Business,54198.01,5959.41,2024-05-10,2025-05-10,False,False
2436,POL002436,20250523,153,9,10,4,Renewal,56814.04,3249.54,2025-05-23,2026-05-23,True,False
2437,POL002437,20240910,1659,5,39,1,Renewal,1115593.67,75864.64,2024-09-10,2025-09-10,True,False
2438,POL002438,20260211,1982,6,7,5,Renewal,112715.27,12145.47,2026-02-11,2027-02-11,True,False
2439,POL002439,20240702,1595,3,28,4,Cancellation,98102.69,2148.69,2024-07-02,2025-07-02,False,True
2440,POL002440,20221117,2340,1,31,3,Renewal,112949.17,8946.78,2022-11-17,2023-11-17,True,False
2441,POL002441,20260703,2920,2,34,2,New Business,15385.7,1480.75,2026-07-03,2027-07-03,False,False
2442,POL002442,20231215,1952,2,3,2,Renewal,16654.37,906.21,2023-12-15,2024-12-14,True,False
2443,POL002443,20240212,2197,2,14,2,New Business,17808.69,1609.17,2024-02-12,2025-02-11,False,False
2444,POL002444,20250202,275,5,38,1,New Business,2615598.43,219322.89,2025-02-02,2026-02-02,False,False
2445,POL002445,20220311,2235,6,24,1,New Business,278023.88,14314.7,2022-03-11,2023-03-11,False,False
2446,POL002446,20240812,2370,9,38,1,Renewal,140284.61,9942.1,2024-08-12,2025-08-12,True,False
2447,POL002447,20220830,1589,2,26,1,Renewal,16637.36,1822.04,2022-08-30,2023-08-30,True,False
2448,POL002448,20231011,2869,8,31,3,New Business,50900.7,5974.42,2023-10-11,2024-10-10,False,False
2449,POL002449,20250127,2210,6,18,1,Cancellation,357477.82,9321.06,2025-01-27,2026-01-27,False,True
2450,POL002450,20250320,18,8,13,3,New Business,24197.34,1385.53,2025-03-20,2026-03-20,False,False
2451,POL002451,20260320,646,2,30,3,New Business,19692.13,1155.14,2026-03-20,2027-03-20,False,False
2452,POL002452,20240402,2295,3,15,3,New Business,28515.98,3227.4,2024-04-02,2025-04-02,False,False
2453,POL002453,20251214,2909,2,4,5,New Business,15023.87,1579.9,2025-12-14,2026-12-14,False,False
2454,POL002454,20250810,1229,3,28,4,New Business,46798.2,4308.18,2025-08-10,2026-08-10,False,False
2455,POL002455,20250527,1914,8,13,3,Cancellation,99565.91,6866.49,2025-05-27,2026-05-27,False,True
2456,POL002456,20241231,513,9,1,1,Renewal,73744.73,4290.9,2024-12-31,2025-12-31,True,False
2457,POL002457,20241125,2929,1,11,1,Cancellation,31396.37,599.55,2024-11-25,2025-11-25,False,True
2458,POL002458,20220614,475,9,8,5,Renewal,413008.32,29468.7,2022-06-14,2023-06-14,True,False
2459,POL002459,20230417,526,1,31,3,Renewal,89957.46,4720.07,2023-04-17,2024-04-16,True,False
2460,POL002460,20241021,2469,1,4,5,New Business,158330.65,8382.25,2024-10-21,2025-10-21,False,False
2461,POL002461,20250910,197,1,10,4,Renewal,101899.05,8982.72,2025-09-10,2026-09-10,True,False
2462,POL002462,20240405,2766,1,19,5,Renewal,77078.76,4130.39,2024-04-05,2025-04-05,True,False
2463,POL002463,20260627,1429,9,31,3,Renewal,387459.4,23769.24,2026-06-27,2027-06-27,True,False
2464,POL002464,20230418,1924,3,7,5,Renewal,197336.82,10956.69,2023-04-18,2024-04-17,True,False
2465,POL002465,20231004,1750,7,8,5,Renewal,85303.93,5690.43,2023-10-04,2024-10-03,True,False
2466,POL002466,20241210,1541,3,24,1,Renewal,64048.14,4846.98,2024-12-10,2025-12-10,True,False
2467,POL002467,20240516,1650,7,30,3,New Business,118390.35,13947.47,2024-05-16,2025-05-16,False,False
2468,POL002468,20230402,2791,4,25,2,Renewal,145850.47,13486.76,2023-04-02,2024-04-01,True,False
2469,POL002469,20240123,1090,2,2,3,New Business,12238.93,739.03,2024-01-23,2025-01-22,False,False
2470,POL002470,20251025,1154,1,9,5,Cancellation,105138.82,3820.35,2025-10-25,2026-10-25,False,True
2471,POL002471,20250227,1880,1,40,4,New Business,50075.14,3065.57,2025-02-27,2026-02-27,False,False
2472,POL002472,20231114,362,1,38,1,New Business,45847.95,4130.27,2023-11-14,2024-11-13,False,False
2473,POL002473,20260609,2882,9,1,1,Renewal,42240.76,3422.48,2026-06-09,2027-06-09,True,False
2474,POL002474,20250929,2752,2,16,4,Renewal,39224.81,2287.54,2025-09-29,2026-09-29,True,False
2475,POL002475,20221120,2624,2,38,1,New Business,26019.77,1377.11,2022-11-20,2023-11-20,False,False
2476,POL002476,20241115,2876,2,7,5,New Business,12258.4,960.42,2024-11-15,2025-11-15,False,False
2477,POL002477,20250709,621,8,27,1,New Business,130973.83,9323.95,2025-07-09,2026-07-09,False,False
2478,POL002478,20251109,1429,1,36,5,Renewal,47756.26,4545.09,2025-11-09,2026-11-09,True,False
2479,POL002479,20240521,1920,1,22,5,Renewal,160322.06,8731.09,2024-05-21,2025-05-21,True,False
2480,POL002480,20260126,833,9,15,3,New Business,110699.07,7855.9,2026-01-26,2027-01-26,False,False
2481,POL002481,20250715,1468,6,32,1,Renewal,379114.32,24939.31,2025-07-15,2026-07-15,True,False
2482,POL002482,20250717,2337,1,26,1,Renewal,68258.64,7504.68,2025-07-17,2026-07-17,True,False
2483,POL002483,20260308,994,1,33,2,Cancellation,32684.2,484.29,2026-03-08,2027-03-08,False,True
2484,POL002484,20250425,984,2,10,4,New Business,25610.08,2440.91,2025-04-25,2026-04-25,False,False
2485,POL002485,20241027,2027,9,9,5,Renewal,278459.85,21599.4,2024-10-27,2025-10-27,True,False
2486,POL002486,20240722,2124,2,10,4,New Business,17019.33,1176.61,2024-07-22,2025-07-22,False,False
2487,POL002487,20230501,2426,1,11,1,Cancellation,106605.75,1252.93,2023-05-01,2024-04-30,False,True
2488,POL002488,20230408,141,1,10,4,New Business,49834.71,3926.01,2023-04-08,2024-04-07,False,False
2489,POL002489,20240827,1246,1,25,2,Renewal,76561.01,6468.73,2024-08-27,2025-08-27,True,False
2490,POL002490,20260619,2292,4,22,5,New Business,350308.15,19584.71,2026-06-19,2027-06-19,False,False
2491,POL002491,20231122,470,3,26,1,Cancellation,23875.43,294.03,2023-11-22,2024-11-21,False,True
2492,POL002492,20260322,2972,5,13,3,Cancellation,1037208.99,27184.68,2026-03-22,2027-03-22,False,True
2493,POL002493,20241009,890,5,25,2,Renewal,1665668.73,97114.9,2024-10-09,2025-10-09,True,False
2494,POL002494,20230801,53,8,6,1,Cancellation,86663.98,1186.39,2023-08-01,2024-07-31,False,True
2495,POL002495,20221107,2438,1,38,1,New Business,92143.26,6295.43,2022-11-07,2023-11-07,False,False
2496,POL002496,20230923,2979,3,1,1,Renewal,120973.34,10324.89,2023-09-23,2024-09-22,True,False
2497,POL002497,20240323,184,8,12,2,Renewal,53030.93,2679.85,2024-03-23,2025-03-23,True,False
2498,POL002498,20250831,2864,1,18,1,New Business,73283.29,5045.3,2025-08-31,2026-08-31,False,False
2499,POL002499,20251021,737,9,40,4,Renewal,369526.3,23902.63,2025-10-21,2026-10-21,True,False
2500,POL002500,20231024,1076,1,15,3,Renewal,44662.68,3434.03,2023-10-24,2024-10-23,True,False
2501,POL002501,20250601,1711,1,26,1,New Business,108537.87,5714.24,2025-06-01,2026-06-01,False,False
2502,POL002502,20230723,338,1,9,5,Cancellation,83198.16,1626.19,2023-07-23,2024-07-22,False,True
2503,POL002503,20250823,2344,1,20,4,Renewal,107463.25,5737.63,2025-08-23,2026-08-23,True,False
2504,POL002504,20240126,1876,9,1,1,Renewal,472614.36,24958.08,2024-01-26,2025-01-25,True,False
2505,POL002505,20240311,362,1,3,2,Cancellation,27143.11,962.55,2024-03-11,2025-03-11,False,True
2506,POL002506,20250225,1002,6,1,1,Renewal,78839.5,5976.4,2025-02-25,2026-02-25,True,False
2507,POL002507,20250821,2477,9,29,3,Renewal,340260.86,29632.76,2025-08-21,2026-08-21,True,False
2508,POL002508,20220319,2285,1,38,1,Cancellation,91317.8,914.93,2022-03-19,2023-03-19,False,True
2509,POL002509,20251108,954,3,31,3,Cancellation,183926.82,3043.19,2025-11-08,2026-11-08,False,True
2510,POL002510,20240416,2984,1,7,5,New Business,104368.02,7546.57,2024-04-16,2025-04-16,False,False
2511,POL002511,20230314,403,3,33,2,Renewal,38023.28,2975.79,2023-03-14,2024-03-13,True,False
2512,POL002512,20251229,2696,8,34,2,Renewal,49566.79,2542.11,2025-12-29,2026-12-29,True,False
2513,POL002513,20241102,968,2,28,4,Renewal,44169.11,2340.38,2024-11-02,2025-11-02,True,False
2514,POL002514,20250107,101,6,6,1,Renewal,261753.55,20516.58,2025-01-07,2026-01-07,True,False
2515,POL002515,20250413,2621,7,11,1,Renewal,122524.09,9558.59,2025-04-13,2026-04-13,True,False
2516,POL002516,20250603,754,4,28,4,Renewal,112429.34,8436.69,2025-06-03,2026-06-03,True,False
2517,POL002517,20230501,2109,8,1,1,Renewal,129189.48,7948.44,2023-05-01,2024-04-30,True,False
2518,POL002518,20230624,1627,3,6,1,Cancellation,176748.55,2333.92,2023-06-24,2024-06-23,False,True
2519,POL002519,20230609,2625,1,39,1,Renewal,131709.2,7948.89,2023-06-09,2024-06-08,True,False
2520,POL002520,20230830,3,9,30,3,New Business,133027.32,8865.66,2023-08-30,2024-08-29,False,False
2521,POL002521,20230627,2317,8,35,4,New Business,14992.68,1261.85,2023-06-27,2024-06-26,False,False
2522,POL002522,20260212,1968,5,30,3,New Business,412761.02,34765.87,2026-02-12,2027-02-12,False,False
2523,POL002523,20230703,2032,4,25,2,New Business,126985.47,8704.47,2023-07-03,2024-07-02,False,False
2524,POL002524,20250718,2282,1,24,1,Cancellation,92122.25,1655.57,2025-07-18,2026-07-18,False,True
2525,POL002525,20230629,2911,9,19,5,New Business,57394.93,4318.72,2023-06-29,2024-06-28,False,False
2526,POL002526,20250707,1588,8,22,5,Renewal,222178.62,14819.27,2025-07-07,2026-07-07,True,False
2527,POL002527,20260614,570,4,38,1,Cancellation,147728.98,4295.3,2026-06-14,2027-06-14,False,True
2528,POL002528,20240914,381,2,35,4,Renewal,15229.62,1699.1,2024-09-14,2025-09-14,True,False
2529,POL002529,20241024,1264,1,34,2,Renewal,24905.88,2871.66,2024-10-24,2025-10-24,True,False
2530,POL002530,20240128,179,5,1,1,Renewal,462608.41,45337.64,2024-01-28,2025-01-27,True,False
2531,POL002531,20250828,2884,1,12,2,Renewal,62968.9,4710.96,2025-08-28,2026-08-28,True,False
2532,POL002532,20251017,2013,8,23,3,Renewal,240968.98,12103.51,2025-10-17,2026-10-17,True,False
2533,POL002533,20250312,2632,5,2,3,Renewal,3730888.69,247475.22,2025-03-12,2026-03-12,True,False
2534,POL002534,20241211,417,1,10,4,New Business,44249.38,5423.84,2024-12-11,2025-12-11,False,False
2535,POL002535,20240528,1604,5,3,2,Renewal,2360764.75,234878.96,2024-05-28,2025-05-28,True,False
2536,POL002536,20220830,95,7,26,1,Renewal,1030223.7,67739.01,2022-08-30,2023-08-30,True,False
2537,POL002537,20240412,743,1,11,1,New Business,16061.41,1564.16,2024-04-12,2025-04-12,False,False
2538,POL002538,20250922,488,4,36,5,New Business,156189.79,15591.26,2025-09-22,2026-09-22,False,False
2539,POL002539,20240920,2042,1,13,3,New Business,46080.5,4783.5,2024-09-20,2025-09-20,False,False
2540,POL002540,20240105,708,1,25,2,Renewal,79770.73,6097.89,2024-01-05,2025-01-04,True,False
2541,POL002541,20250214,2352,1,29,3,New Business,40627.31,2979.66,2025-02-14,2026-02-14,False,False
2542,POL002542,20240331,2602,8,19,5,Cancellation,105601.87,1698.9,2024-03-31,2025-03-31,False,True
2543,POL002543,20250306,2828,8,6,1,Renewal,25571.61,1490.91,2025-03-06,2026-03-06,True,False
2544,POL002544,20260417,2718,2,39,1,New Business,16076.25,1246.6,2026-04-17,2027-04-17,False,False
2545,POL002545,20250825,2032,7,17,3,New Business,530837.38,42246.79,2025-08-25,2026-08-25,False,False
2546,POL002546,20230314,854,8,24,1,Renewal,69964.91,6338.65,2023-03-14,2024-03-13,True,False
2547,POL002547,20231026,1042,2,22,5,Renewal,23453.38,2063.06,2023-10-26,2024-10-25,True,False
2548,POL002548,20250818,2249,5,35,4,Renewal,3211921.54,246577.79,2025-08-18,2026-08-18,True,False
2549,POL002549,20241206,2106,9,13,3,Renewal,162572.62,8801.52,2024-12-06,2025-12-06,True,False
2550,POL002550,20250118,1216,3,36,5,Renewal,119772.38,11148.16,2025-01-18,2026-01-18,True,False
2551,POL002551,20260313,1447,9,36,5,Cancellation,282698.35,9580.96,2026-03-13,2027-03-13,False,True
2552,POL002552,20250317,885,8,28,4,Cancellation,31446.31,628.27,2025-03-17,2026-03-17,False,True
2553,POL002553,20250714,121,1,30,3,Renewal,101446.64,7097.0,2025-07-14,2026-07-14,True,False
2554,POL002554,20230817,2081,1,39,1,New Business,71795.33,7245.6,2023-08-17,2024-08-16,False,False
2555,POL002555,20250519,1674,8,40,4,Renewal,216808.29,13650.64,2025-05-19,2026-05-19,True,False
2556,POL002556,20230228,1232,5,16,4,Renewal,3734963.6,223041.46,2023-02-28,2024-02-28,True,False
2557,POL002557,20241005,2829,9,22,5,Renewal,196458.53,23443.5,2024-10-05,2025-10-05,True,False
2558,POL002558,20251110,2966,1,20,4,New Business,45420.56,5211.84,2025-11-10,2026-11-10,False,False
2559,POL002559,20230721,131,9,39,1,New Business,319277.52,28431.58,2023-07-21,2024-07-20,False,False
2560,POL002560,20250515,34,3,4,5,Renewal,68170.19,5998.59,2025-05-15,2026-05-15,True,False
2561,POL002561,20230721,2472,9,13,3,Renewal,483144.57,29526.08,2023-07-21,2024-07-20,True,False
2562,POL002562,20240623,2008,3,10,4,Renewal,122407.31,8115.32,2024-06-23,2025-06-23,True,False
2563,POL002563,20250426,1415,1,1,1,New Business,114368.21,5986.45,2025-04-26,2026-04-26,False,False
2564,POL002564,20260106,565,1,22,5,Renewal,66402.22,5436.58,2026-01-06,2027-01-06,True,False
2565,POL002565,20220427,2772,2,9,5,Renewal,13134.42,840.21,2022-04-27,2023-04-27,True,False
2566,POL002566,20251118,1407,2,2,3,Renewal,30192.16,1547.28,2025-11-18,2026-11-18,True,False
2567,POL002567,20250912,860,1,22,5,New Business,17244.41,1964.78,2025-09-12,2026-09-12,False,False
2568,POL002568,20250326,2444,8,17,3,Renewal,240245.58,14793.47,2025-03-26,2026-03-26,True,False
2569,POL002569,20260117,917,6,32,1,Renewal,680572.29,37832.21,2026-01-17,2027-01-17,True,False
2570,POL002570,20260122,323,2,7,5,New Business,26871.47,2472.53,2026-01-22,2027-01-22,False,False
2571,POL002571,20251111,120,2,18,1,Cancellation,6808.56,189.9,2025-11-11,2026-11-11,False,True
2572,POL002572,20230324,1083,8,10,4,Renewal,266933.07,14759.17,2023-03-24,2024-03-23,True,False
2573,POL002573,20250720,751,2,23,3,New Business,21447.5,2490.03,2025-07-20,2026-07-20,False,False
2574,POL002574,20251111,916,2,34,2,New Business,39430.54,2378.35,2025-11-11,2026-11-11,False,False
2575,POL002575,20250426,1199,2,22,5,Cancellation,22885.7,984.86,2025-04-26,2026-04-26,False,True
2576,POL002576,20240927,2473,9,6,1,Renewal,263188.65,22135.02,2024-09-27,2025-09-27,True,False
2577,POL002577,20251129,2727,1,20,4,New Business,67833.52,5519.52,2025-11-29,2026-11-29,False,False
2578,POL002578,20240211,901,7,30,3,Renewal,800761.85,41956.17,2024-02-11,2025-02-10,True,False
2579,POL002579,20231107,1942,2,12,2,Renewal,13773.3,1482.3,2023-11-07,2024-11-06,True,False
2580,POL002580,20220729,1014,3,29,3,New Business,29251.44,3198.41,2022-07-29,2023-07-29,False,False
2581,POL002581,20241006,356,8,21,3,Renewal,118902.94,9516.33,2024-10-06,2025-10-06,True,False
2582,POL002582,20250601,2957,3,11,1,Renewal,92997.08,8387.23,2025-06-01,2026-06-01,True,False
2583,POL002583,20250915,1738,1,2,3,Renewal,105918.62,7402.43,2025-09-15,2026-09-15,True,False
2584,POL002584,20251011,2683,3,29,3,New Business,60966.42,7462.79,2025-10-11,2026-10-11,False,False
2585,POL002585,20260519,243,5,28,4,Renewal,1142069.2,126811.54,2026-05-19,2027-05-19,True,False
2586,POL002586,20240602,986,8,2,3,Renewal,159925.46,14782.65,2024-06-02,2025-06-02,True,False
2587,POL002587,20241005,1377,4,5,4,Renewal,107838.08,7742.06,2024-10-05,2025-10-05,True,False
2588,POL002588,20230807,1375,1,3,2,Renewal,73715.08,4426.47,2023-08-07,2024-08-06,True,False
2589,POL002589,20250820,2212,8,10,4,Cancellation,33787.72,1559.81,2025-08-20,2026-08-20,False,True
2590,POL002590,20230312,1806,6,15,3,Renewal,35172.08,3823.26,2023-03-12,2024-03-11,True,False
2591,POL002591,20240105,882,1,18,1,Renewal,73362.91,4090.85,2024-01-05,2025-01-04,True,False
2592,POL002592,20251218,2278,3,34,2,Cancellation,100351.82,2333.05,2025-12-18,2026-12-18,False,True
2593,POL002593,20250724,2694,9,19,5,Renewal,73819.86,8498.51,2025-07-24,2026-07-24,True,False
2594,POL002594,20250410,993,2,26,1,New Business,13356.89,1561.41,2025-04-10,2026-04-10,False,False
2595,POL002595,20220325,2265,6,12,2,Renewal,196615.68,18120.33,2022-03-25,2023-03-25,True,False
2596,POL002596,20250905,543,1,31,3,New Business,31222.6,2507.23,2025-09-05,2026-09-05,False,False
2597,POL002597,20251006,757,2,39,1,Renewal,11873.74,1273.68,2025-10-06,2026-10-06,True,False
2598,POL002598,20250513,2419,2,2,3,Renewal,24694.97,1588.66,2025-05-13,2026-05-13,True,False
2599,POL002599,20260204,349,1,34,2,Renewal,20507.66,1964.81,2026-02-04,2027-02-04,True,False
2600,POL002600,20250929,1786,2,40,4,New Business,26807.99,1412.12,2025-09-29,2026-09-29,False,False
2601,POL002601,20251114,157,1,11,1,Renewal,34430.92,2291.87,2025-11-14,2026-11-14,True,False
2602,POL002602,20260428,2778,3,7,5,New Business,125335.22,9718.92,2026-04-28,2027-04-28,False,False
2603,POL002603,20251123,470,6,30,3,Renewal,305713.26,24113.83,2025-11-23,2026-11-23,True,False
2604,POL002604,20250803,1392,7,5,4,Cancellation,830460.11,14218.56,2025-08-03,2026-08-03,False,True
2605,POL002605,20260429,1751,1,10,4,Renewal,45882.68,5097.75,2026-04-29,2027-04-29,True,False
2606,POL002606,20250514,2063,1,32,1,New Business,112760.61,7311.37,2025-05-14,2026-05-14,False,False
2607,POL002607,20260317,2432,1,36,5,New Business,72803.37,4917.02,2026-03-17,2027-03-17,False,False
2608,POL002608,20230823,1320,1,29,3,New Business,105193.12,7777.04,2023-08-23,2024-08-22,False,False
2609,POL002609,20251204,467,7,2,3,New Business,1143998.92,77409.36,2025-12-04,2026-12-04,False,False
2610,POL002610,20230708,1997,6,1,1,Renewal,386978.97,33638.03,2023-07-08,2024-07-07,True,False
2611,POL002611,20231104,2535,8,6,1,New Business,96777.43,9343.29,2023-11-04,2024-11-03,False,False
2612,POL002612,20230616,1302,1,4,5,New Business,79718.37,4014.36,2023-06-16,2024-06-15,False,False
2613,POL002613,20260217,2647,1,25,2,Renewal,95372.27,6693.3,2026-02-17,2027-02-17,True,False
2614,POL002614,20250409,2274,4,40,4,New Business,223884.02,21208.04,2025-04-09,2026-04-09,False,False
2615,POL002615,20260331,2614,9,23,3,Renewal,236225.04,23525.55,2026-03-31,2027-03-31,True,False
2616,POL002616,20250919,1638,2,29,3,Renewal,8889.82,1037.71,2025-09-19,2026-09-19,True,False
2617,POL002617,20250624,195,5,18,1,New Business,4296732.78,247358.7,2025-06-24,2026-06-24,False,False
2618,POL002618,20220521,1119,7,27,1,Renewal,826805.78,61195.65,2022-05-21,2023-05-21,True,False
2619,POL002619,20260329,2562,2,5,4,Renewal,31674.09,1898.56,2026-03-29,2027-03-29,True,False
2620,POL002620,20250605,1737,1,35,4,Renewal,20693.1,2424.26,2025-06-05,2026-06-05,True,False
2621,POL002621,20241119,2251,8,9,5,Renewal,61335.66,6922.72,2024-11-19,2025-11-19,True,False
2622,POL002622,20251117,1285,8,7,5,New Business,73947.86,6503.88,2025-11-17,2026-11-17,False,False
2623,POL002623,20241109,2235,1,20,4,New Business,68158.8,8482.67,2024-11-09,2025-11-09,False,False
2624,POL002624,20231125,2694,1,36,5,New Business,81600.82,4648.79,2023-11-25,2024-11-24,False,False
2625,POL002625,20231103,2254,1,13,3,Renewal,74976.95,8404.01,2023-11-03,2024-11-02,True,False
2626,POL002626,20230112,1585,7,34,2,New Business,185038.3,10660.84,2023-01-12,2024-01-12,False,False
2627,POL002627,20251014,1702,2,1,1,New Business,20755.67,1403.92,2025-10-14,2026-10-14,False,False
2628,POL002628,20241223,353,6,31,3,Cancellation,496894.17,11792.59,2024-12-23,2025-12-23,False,True
2629,POL002629,20230627,2091,3,38,1,Renewal,42487.81,2693.16,2023-06-27,2024-06-26,True,False
2630,POL002630,20260621,755,3,3,2,New Business,72494.58,5921.28,2026-06-21,2027-06-21,False,False
2631,POL002631,20250714,2863,1,7,5,Renewal,104798.68,5347.34,2025-07-14,2026-07-14,True,False
2632,POL002632,20250104,1871,9,8,5,Renewal,188749.72,16810.73,2025-01-04,2026-01-04,True,False
2633,POL002633,20250309,113,2,35,4,Renewal,16849.08,1422.14,2025-03-09,2026-03-09,True,False
2634,POL002634,20260119,1880,1,1,1,Renewal,18277.59,2037.38,2026-01-19,2027-01-19,True,False
2635,POL002635,20230715,2393,1,6,1,Renewal,52890.66,3008.13,2023-07-15,2024-07-14,True,False
2636,POL002636,20240919,1064,2,24,1,Renewal,16011.86,1171.2,2024-09-19,2025-09-19,True,False
2637,POL002637,20231129,1410,4,22,5,New Business,157812.37,16826.85,2023-11-29,2024-11-28,False,False
2638,POL002638,20260331,1753,1,32,1,New Business,96415.42,7265.51,2026-03-31,2027-03-31,False,False
2639,POL002639,20251224,477,6,33,2,Renewal,322528.06,18971.12,2025-12-24,2026-12-24,True,False
2640,POL002640,20260119,986,8,38,1,New Business,37830.98,4077.22,2026-01-19,2027-01-19,False,False
2641,POL002641,20240405,1564,7,29,3,Renewal,1168008.56,60583.03,2024-04-05,2025-04-05,True,False
2642,POL002642,20251017,2026,2,14,2,Renewal,21165.34,2045.52,2025-10-17,2026-10-17,True,False
2643,POL002643,20251211,2150,8,31,3,Renewal,232341.04,12995.94,2025-12-11,2026-12-11,True,False
2644,POL002644,20240510,2988,1,9,5,New Business,114014.29,7187.29,2024-05-10,2025-05-10,False,False
2645,POL002645,20230514,1183,6,25,2,Cancellation,142847.1,6067.9,2023-05-14,2024-05-13,False,True
2646,POL002646,20251118,721,8,32,1,Renewal,62922.66,3761.01,2025-11-18,2026-11-18,True,False
2647,POL002647,20250428,2786,1,8,5,New Business,40774.43,3023.7,2025-04-28,2026-04-28,False,False
2648,POL002648,20240720,2803,7,20,4,New Business,696048.43,43363.97,2024-07-20,2025-07-20,False,False
2649,POL002649,20230602,1211,2,33,2,New Business,33175.25,2180.92,2023-06-02,2024-06-01,False,False
2650,POL002650,20250211,1727,9,14,2,Renewal,145640.06,11213.52,2025-02-11,2026-02-11,True,False
2651,POL002651,20230116,1026,3,25,2,New Business,165975.13,11475.23,2023-01-16,2024-01-16,False,False
2652,POL002652,20250510,2430,4,33,2,Cancellation,427930.79,4659.46,2025-05-10,2026-05-10,False,True
2653,POL002653,20260820,948,4,1,1,New Business,258507.13,17833.73,2026-08-20,2027-08-20,False,False
2654,POL002654,20231210,2472,3,15,3,New Business,59529.27,5550.95,2023-12-10,2024-12-09,False,False
2655,POL002655,20250827,1412,8,37,3,Cancellation,228751.95,2326.16,2025-08-27,2026-08-27,False,True
2656,POL002656,20260101,2433,9,8,5,Renewal,93920.63,9380.8,2026-01-01,2027-01-01,True,False
2657,POL002657,20240912,1571,9,22,5,Renewal,107632.44,9473.09,2024-09-12,2025-09-12,True,False
2658,POL002658,20251013,1083,1,4,5,New Business,49163.39,2555.31,2025-10-13,2026-10-13,False,False
2659,POL002659,20260513,386,1,6,1,Renewal,54462.95,5422.4,2026-05-13,2027-05-13,True,False
2660,POL002660,20250326,1151,3,31,3,New Business,89697.67,8699.26,2025-03-26,2026-03-26,False,False
2661,POL002661,20221106,468,1,29,3,Renewal,38880.75,2251.07,2022-11-06,2023-11-06,True,False
2662,POL002662,20240430,2671,9,4,5,Renewal,125285.61,9101.42,2024-04-30,2025-04-30,True,False
2663,POL002663,20221004,2154,6,40,4,Renewal,381991.76,21176.9,2022-10-04,2023-10-04,True,False
2664,POL002664,20260717,1033,3,37,3,Renewal,76031.35,6658.72,2026-07-17,2027-07-17,True,False
2665,POL002665,20250628,2558,4,39,1,New Business,132947.94,13382.1,2025-06-28,2026-06-28,False,False
2666,POL002666,20230712,437,8,32,1,New Business,155109.15,13666.11,2023-07-12,2024-07-11,False,False
2667,POL002667,20240522,1376,8,27,1,New Business,159062.49,9438.1,2024-05-22,2025-05-22,False,False
2668,POL002668,20240522,2190,4,7,5,Cancellation,165013.84,924.13,2024-05-22,2025-05-22,False,True
2669,POL002669,20260601,866,1,21,3,New Business,44417.16,4067.86,2026-06-01,2027-06-01,False,False
2670,POL002670,20240421,820,9,7,5,New Business,139005.1,10272.34,2024-04-21,2025-04-21,False,False
2671,POL002671,20240715,1444,9,29,3,Renewal,242095.38,14292.9,2024-07-15,2025-07-15,True,False
2672,POL002672,20241126,424,7,27,1,Renewal,885565.64,57858.82,2024-11-26,2025-11-26,True,False
2673,POL002673,20260504,2297,1,33,2,New Business,89377.88,6003.55,2026-05-04,2027-05-04,False,False
2674,POL002674,20250920,2153,8,38,1,Renewal,137994.19,7401.25,2025-09-20,2026-09-20,True,False
2675,POL002675,20221126,2173,1,11,1,Renewal,27815.35,2969.84,2022-11-26,2023-11-26,True,False
2676,POL002676,20250621,54,1,32,1,New Business,141633.91,7119.68,2025-06-21,2026-06-21,False,False
2677,POL002677,20250326,2799,2,11,1,New Business,12262.27,1150.13,2025-03-26,2026-03-26,False,False
2678,POL002678,20240125,797,9,27,1,Cancellation,421617.56,5286.7,2024-01-25,2025-01-24,False,True
2679,POL002679,20240902,2159,3,22,5,New Business,59992.86,7108.52,2024-09-02,2025-09-02,False,False
2680,POL002680,20260516,1272,8,39,1,Renewal,55848.64,5118.06,2026-05-16,2027-05-16,True,False
2681,POL002681,20250325,2464,6,23,3,Renewal,458184.11,36775.77,2025-03-25,2026-03-25,True,False
2682,POL002682,20260504,2063,7,15,3,New Business,490221.54,37555.73,2026-05-04,2027-05-04,False,False
2683,POL002683,20260406,961,9,39,1,Cancellation,344291.04,12173.13,2026-04-06,2027-04-06,False,True
2684,POL002684,20240209,1141,1,14,2,Renewal,53668.79,5448.87,2024-02-09,2025-02-08,True,False
2685,POL002685,20250723,1401,9,7,5,Renewal,157486.82,13976.53,2025-07-23,2026-07-23,True,False
2686,POL002686,20250915,2870,8,12,2,New Business,70151.94,3778.31,2025-09-15,2026-09-15,False,False
2687,POL002687,20250404,1041,1,32,1,Renewal,92635.07,4933.6,2025-04-04,2026-04-04,True,False
2688,POL002688,20260803,436,8,12,2,Renewal,191980.89,14917.17,2026-08-03,2027-08-03,True,False
2689,POL002689,20251111,2852,1,35,4,New Business,111344.18,7494.2,2025-11-11,2026-11-11,False,False
2690,POL002690,20240606,1058,1,7,5,Renewal,119826.15,7183.85,2024-06-06,2025-06-06,True,False
2691,POL002691,20231130,1304,4,15,3,New Business,232960.48,18379.03,2023-11-30,2024-11-29,False,False
2692,POL002692,20251030,2471,7,16,4,New Business,472053.79,27346.81,2025-10-30,2026-10-30,False,False
2693,POL002693,20260719,1639,3,34,2,Renewal,24170.97,2005.54,2026-07-19,2027-07-19,True,False
2694,POL002694,20240304,189,9,38,1,Renewal,256973.57,16122.09,2024-03-04,2025-03-04,True,False
2695,POL002695,20230128,2373,2,35,4,Renewal,34397.44,2211.25,2023-01-28,2024-01-28,True,False
2696,POL002696,20240109,132,9,36,5,Cancellation,334248.31,11619.89,2024-01-09,2025-01-08,False,True
2697,POL002697,20240807,1888,6,31,3,Renewal,632600.82,33820.92,2024-08-07,2025-08-07,True,False
2698,POL002698,20240910,381,2,27,1,New Business,20270.62,2310.71,2024-09-10,2025-09-10,False,False
2699,POL002699,20260618,884,8,40,4,Renewal,196400.29,10222.97,2026-06-18,2027-06-18,True,False
2700,POL002700,20240217,1959,3,9,5,New Business,42512.92,2676.74,2024-02-17,2025-02-16,False,False
2701,POL002701,20251202,46,6,12,2,New Business,147582.99,9337.46,2025-12-02,2026-12-02,False,False
2702,POL002702,20241029,1108,5,7,5,Renewal,2722419.74,190345.37,2024-10-29,2025-10-29,True,False
2703,POL002703,20251220,2957,8,15,3,Renewal,88156.26,10091.18,2025-12-20,2026-12-20,True,False
2704,POL002704,20250321,1007,6,12,2,Renewal,497605.79,37678.7,2025-03-21,2026-03-21,True,False
2705,POL002705,20250112,60,2,7,5,Renewal,6098.17,662.95,2025-01-12,2026-01-12,True,False
2706,POL002706,20260509,1189,8,18,1,New Business,113611.45,6632.56,2026-05-09,2027-05-09,False,False
2707,POL002707,20250416,1109,4,10,4,Renewal,153030.1,9553.73,2025-04-16,2026-04-16,True,False
2708,POL002708,20250902,1145,1,16,4,Renewal,142965.76,8386.44,2025-09-02,2026-09-02,True,False
2709,POL002709,20240205,2462,1,20,4,Renewal,54807.39,4487.83,2024-02-05,2025-02-04,True,False
2710,POL002710,20251120,373,8,8,5,Renewal,95591.57,6742.7,2025-11-20,2026-11-20,True,False
2711,POL002711,20240528,1378,5,27,1,Cancellation,198549.79,12294.23,2024-05-28,2025-05-28,False,True
2712,POL002712,20250314,1266,2,32,1,New Business,15157.92,980.97,2025-03-14,2026-03-14,False,False
2713,POL002713,20260503,267,5,13,3,Renewal,1475726.9,124649.33,2026-05-03,2027-05-03,True,False
2714,POL002714,20250302,550,8,20,4,Renewal,245704.32,12358.49,2025-03-02,2026-03-02,True,False
2715,POL002715,20251108,2555,6,4,5,Renewal,506892.19,28324.61,2025-11-08,2026-11-08,True,False
2716,POL002716,20230629,312,2,5,4,New Business,24651.52,2371.34,2023-06-29,2024-06-28,False,False
2717,POL002717,20260311,2526,2,18,1,New Business,17757.58,1189.0,2026-03-11,2027-03-11,False,False
2718,POL002718,20231009,145,9,12,2,New Business,272929.06,21683.8,2023-10-09,2024-10-08,False,False
2719,POL002719,20231107,2389,2,28,4,Renewal,22077.14,1275.81,2023-11-07,2024-11-06,True,False
2720,POL002720,20260517,958,4,15,3,Renewal,216134.16,23700.88,2026-05-17,2027-05-17,True,False
2721,POL002721,20250313,268,1,35,4,Renewal,37509.94,3640.86,2025-03-13,2026-03-13,True,False
2722,POL002722,20250124,2545,6,15,3,Renewal,227226.92,19476.83,2025-01-24,2026-01-24,True,False
2723,POL002723,20260307,2585,2,10,4,New Business,15646.22,1247.45,2026-03-07,2027-03-07,False,False
2724,POL002724,20230205,2099,6,13,3,New Business,246579.74,23949.58,2023-02-05,2024-02-05,False,False
2725,POL002725,20230607,2763,8,34,2,Renewal,16151.31,1500.93,2023-06-07,2024-06-06,True,False
2726,POL002726,20230829,855,1,31,3,New Business,82213.05,4266.63,2023-08-29,2024-08-28,False,False
2727,POL002727,20251215,1562,6,28,4,Cancellation,290752.21,3120.94,2025-12-15,2026-12-15,False,True
2728,POL002728,20241220,1483,3,19,5,New Business,89418.74,8137.06,2024-12-20,2025-12-20,False,False
2729,POL002729,20251010,1572,4,40,4,Cancellation,233435.81,4329.19,2025-10-10,2026-10-10,False,True
2730,POL002730,20230213,837,3,22,5,Renewal,76186.98,9223.04,2023-02-13,2024-02-13,True,False
2731,POL002731,20241122,669,8,36,5,Renewal,205434.98,10682.29,2024-11-22,2025-11-22,True,False
2732,POL002732,20230618,1529,8,39,1,New Business,130505.52,6582.53,2023-06-18,2024-06-17,False,False
2733,POL002733,20230529,2587,3,1,1,New Business,138611.32,10562.44,2023-05-29,2024-05-28,False,False
2734,POL002734,20241104,1729,8,19,5,New Business,122841.9,10346.68,2024-11-04,2025-11-04,False,False
2735,POL002735,20240914,1927,1,26,1,New Business,32155.25,2895.99,2024-09-14,2025-09-14,False,False
2736,POL002736,20260212,2251,1,34,2,New Business,42163.48,4988.8,2026-02-12,2027-02-12,False,False
2737,POL002737,20260730,2412,4,22,5,New Business,362141.56,24794.46,2026-07-30,2027-07-30,False,False
2738,POL002738,20251127,870,9,18,1,Cancellation,414012.44,9942.77,2025-11-27,2026-11-27,False,True
2739,POL002739,20230707,1546,2,34,2,Cancellation,24288.15,728.33,2023-07-07,2024-07-06,False,True
2740,POL002740,20250715,1058,4,30,3,New Business,257570.28,15696.36,2025-07-15,2026-07-15,False,False
2741,POL002741,20220525,2632,3,2,3,Renewal,173733.0,9442.81,2022-05-25,2023-05-25,True,False
2742,POL002742,20240614,211,3,6,1,Renewal,34362.77,2223.45,2024-06-14,2025-06-14,True,False
2743,POL002743,20230808,331,8,2,3,Cancellation,21850.97,747.32,2023-08-08,2024-08-07,False,True
2744,POL002744,20260119,2933,8,29,3,New Business,176566.43,13896.01,2026-01-19,2027-01-19,False,False
2745,POL002745,20240201,1716,8,28,4,Renewal,33196.49,4149.24,2024-02-01,2025-01-31,True,False
2746,POL002746,20250129,2224,2,33,2,Renewal,7357.53,892.9,2025-01-29,2026-01-29,True,False
2747,POL002747,20250923,2013,1,19,5,New Business,55348.31,2969.04,2025-09-23,2026-09-23,False,False
2748,POL002748,20260325,838,6,19,5,Renewal,636225.91,32401.19,2026-03-25,2027-03-25,True,False
2749,POL002749,20240208,2621,2,28,4,Renewal,13707.71,1148.82,2024-02-08,2025-02-07,True,False
2750,POL002750,20260118,1140,8,21,3,Renewal,84159.41,10263.76,2026-01-18,2027-01-18,True,False
2751,POL002751,20250322,1676,2,27,1,Renewal,17202.78,1153.05,2025-03-22,2026-03-22,True,False
2752,POL002752,20230709,1985,9,22,5,New Business,183350.18,19042.3,2023-07-09,2024-07-08,False,False
2753,POL002753,20230707,1083,6,12,2,Renewal,375022.84,28377.28,2023-07-07,2024-07-06,True,False
2754,POL002754,20230915,2880,3,35,4,Renewal,88332.66,4700.02,2023-09-15,2024-09-14,True,False
2755,POL002755,20251027,510,8,20,4,Cancellation,197593.65,2889.94,2025-10-27,2026-10-27,False,True
2756,POL002756,20251111,2796,9,16,4,Renewal,286193.43,15507.2,2025-11-11,2026-11-11,True,False
2757,POL002757,20260708,1753,9,12,2,Renewal,109662.59,5929.46,2026-07-08,2027-07-08,True,False
2758,POL002758,20240217,293,2,27,1,Renewal,8602.01,782.54,2024-02-17,2025-02-16,True,False
2759,POL002759,20250228,2347,5,16,4,Renewal,2910721.78,225874.66,2025-02-28,2026-02-28,True,False
2760,POL002760,20250706,213,4,25,2,New Business,111269.63,7865.92,2025-07-06,2026-07-06,False,False
2761,POL002761,20240723,2950,1,6,1,New Business,62391.08,6968.27,2024-07-23,2025-07-23,False,False
2762,POL002762,20231231,1800,7,36,5,Renewal,505494.06,33227.8,2023-12-31,2024-12-30,True,False
2763,POL002763,20241205,2501,1,14,2,New Business,77367.54,6711.65,2024-12-05,2025-12-05,False,False
2764,POL002764,20240724,1511,9,10,4,Cancellation,84716.06,1550.35,2024-07-24,2025-07-24,False,True
2765,POL002765,20251231,1541,2,31,3,New Business,24697.16,2331.06,2025-12-31,2026-12-31,False,False
2766,POL002766,20240903,601,2,4,5,Cancellation,20519.08,251.3,2024-09-03,2025-09-03,False,True
2767,POL002767,20220813,1153,2,14,2,Renewal,26269.47,2367.05,2022-08-13,2023-08-13,True,False
2768,POL002768,20250319,2449,3,25,2,Renewal,146668.54,8822.29,2025-03-19,2026-03-19,True,False
2769,POL002769,20250113,2201,1,5,4,Renewal,77398.84,7892.63,2025-01-13,2026-01-13,True,False
2770,POL002770,20240812,1802,1,27,1,New Business,39671.28,2394.34,2024-08-12,2025-08-12,False,False
2771,POL002771,20260814,196,7,29,3,Renewal,888102.36,49179.51,2026-08-14,2027-08-14,True,False
2772,POL002772,20220624,1235,8,18,1,Renewal,29479.45,2178.53,2022-06-24,2023-06-24,True,False
2773,POL002773,20240318,709,8,27,1,Renewal,83878.66,6626.8,2024-03-18,2025-03-18,True,False
2774,POL002774,20230720,1821,9,35,4,New Business,111746.78,13156.46,2023-07-20,2024-07-19,False,False
2775,POL002775,20260522,2271,4,39,1,Renewal,164522.05,11793.04,2026-05-22,2027-05-22,True,False
2776,POL002776,20221203,1534,7,40,4,New Business,629400.52,55006.7,2022-12-03,2023-12-03,False,False
2777,POL002777,20230808,1169,1,33,2,Renewal,21420.96,2217.48,2023-08-08,2024-08-07,True,False
2778,POL002778,20240825,780,2,29,3,Renewal,23202.15,1329.9,2024-08-25,2025-08-25,True,False
2779,POL002779,20240413,113,8,16,4,Renewal,38254.7,2815.17,2024-04-13,2025-04-13,True,False
2780,POL002780,20251101,1153,4,2,3,New Business,61566.43,6280.0,2025-11-01,2026-11-01,False,False
2781,POL002781,20231109,1967,9,27,1,Renewal,160232.09,17870.67,2023-11-09,2024-11-08,True,False
2782,POL002782,20241025,1437,4,13,3,New Business,204575.58,22954.1,2024-10-25,2025-10-25,False,False
2783,POL002783,20240109,851,7,14,2,New Business,112797.93,7489.74,2024-01-09,2025-01-08,False,False
2784,POL002784,20241026,2636,7,3,2,Renewal,389844.56,34398.58,2024-10-26,2025-10-26,True,False
2785,POL002785,20260321,1676,1,24,1,New Business,67876.29,4061.61,2026-03-21,2027-03-21,False,False
2786,POL002786,20241021,1190,1,17,3,New Business,108461.83,7582.62,2024-10-21,2025-10-21,False,False
2787,POL002787,20260221,1367,9,28,4,New Business,79377.51,6558.24,2026-02-21,2027-02-21,False,False
2788,POL002788,20260311,821,1,9,5,Cancellation,64307.06,566.66,2026-03-11,2027-03-11,False,True
2789,POL002789,20250513,2749,6,1,1,Renewal,215325.84,25507.01,2025-05-13,2026-05-13,True,False
2790,POL002790,20230504,2338,3,6,1,New Business,191047.94,11353.42,2023-05-04,2024-05-03,False,False
2791,POL002791,20230718,2396,8,24,1,Renewal,21034.6,2354.56,2023-07-18,2024-07-17,True,False
2792,POL002792,20240914,2449,4,33,2,Renewal,108690.12,6459.2,2024-09-14,2025-09-14,True,False
2793,POL002793,20230602,330,8,6,1,Renewal,198786.16,12275.17,2023-06-02,2024-06-01,True,False
2794,POL002794,20221212,881,2,29,3,Renewal,25974.72,2294.55,2022-12-12,2023-12-12,True,False
2795,POL002795,20250921,1278,3,20,4,Renewal,32159.1,2454.78,2025-09-21,2026-09-21,True,False
2796,POL002796,20240530,2634,1,27,1,Renewal,77430.23,4831.19,2024-05-30,2025-05-30,True,False
2797,POL002797,20260314,1891,2,38,1,New Business,16668.02,1038.21,2026-03-14,2027-03-14,False,False
2798,POL002798,20250531,1571,8,36,5,Renewal,132401.54,8025.29,2025-05-31,2026-05-31,True,False
2799,POL002799,20250824,1528,1,9,5,New Business,69405.42,5727.88,2025-08-24,2026-08-24,False,False
2800,POL002800,20250626,1536,4,2,3,Renewal,87954.57,5701.75,2025-06-26,2026-06-26,True,False
2801,POL002801,20231117,673,1,15,3,Renewal,12648.1,1572.5,2023-11-17,2024-11-16,True,False
2802,POL002802,20250707,2886,1,12,2,Renewal,134668.83,7125.63,2025-07-07,2026-07-07,True,False
2803,POL002803,20260316,1293,8,18,1,Renewal,227721.06,14087.37,2026-03-16,2027-03-16,True,False
2804,POL002804,20250719,1730,5,12,2,Cancellation,704970.46,10200.03,2025-07-19,2026-07-19,False,True
2805,POL002805,20260512,362,1,35,4,New Business,17080.01,2036.54,2026-05-12,2027-05-12,False,False
2806,POL002806,20241003,1848,3,16,4,New Business,59727.5,3958.25,2024-10-03,2025-10-03,False,False
2807,POL002807,20250217,1859,1,33,2,New Business,79805.53,7167.86,2025-02-17,2026-02-17,False,False
2808,POL002808,20240719,1239,2,9,5,New Business,13112.92,1099.36,2024-07-19,2025-07-19,False,False
2809,POL002809,20250626,423,1,2,3,Cancellation,143461.62,3689.83,2025-06-26,2026-06-26,False,True
2810,POL002810,20260323,926,9,33,2,Renewal,76812.76,7173.45,2026-03-23,2027-03-23,True,False
2811,POL002811,20230913,337,2,35,4,Cancellation,19761.19,582.93,2023-09-13,2024-09-12,False,True
2812,POL002812,20240827,1271,2,32,1,Renewal,9870.61,1079.21,2024-08-27,2025-08-27,True,False
2813,POL002813,20231010,834,1,24,1,New Business,41288.32,2565.8,2023-10-10,2024-10-09,False,False
2814,POL002814,20260622,1456,1,33,2,New Business,58139.3,5186.18,2026-06-22,2027-06-22,False,False
2815,POL002815,20250724,1714,9,21,3,Renewal,222471.07,24878.18,2025-07-24,2026-07-24,True,False
2816,POL002816,20230527,2548,1,34,2,Renewal,70127.15,5666.31,2023-05-27,2024-05-26,True,False
2817,POL002817,20231203,488,1,32,1,Renewal,50257.75,4211.16,2023-12-03,2024-12-02,True,False
2818,POL002818,20240206,2540,8,4,5,Renewal,185621.0,13007.62,2024-02-06,2025-02-05,True,False
2819,POL002819,20251014,2775,6,5,4,Cancellation,537060.39,10302.08,2025-10-14,2026-10-14,False,True
2820,POL002820,20241211,1479,2,34,2,Renewal,24194.61,1229.65,2024-12-11,2025-12-11,True,False
2821,POL002821,20240620,1888,1,23,3,Renewal,61449.59,6063.84,2024-06-20,2025-06-20,True,False
2822,POL002822,20240107,398,3,38,1,New Business,29872.18,2075.91,2024-01-07,2025-01-06,False,False
2823,POL002823,20240517,376,9,36,5,Renewal,53597.74,3118.84,2024-05-17,2025-05-17,True,False
2824,POL002824,20251201,804,6,35,4,New Business,124484.33,11216.41,2025-12-01,2026-12-01,False,False
2825,POL002825,20241116,1062,2,9,5,Renewal,13549.32,684.85,2024-11-16,2025-11-16,True,False
2826,POL002826,20231229,644,1,7,5,Renewal,137758.8,7440.14,2023-12-29,2024-12-28,True,False
2827,POL002827,20240522,992,4,4,5,Renewal,232586.38,13822.98,2024-05-22,2025-05-22,True,False
2828,POL002828,20230827,260,1,33,2,New Business,46478.96,3401.02,2023-08-27,2024-08-26,False,False
2829,POL002829,20231019,372,1,6,1,New Business,59398.3,4633.64,2023-10-19,2024-10-18,False,False
2830,POL002830,20230920,344,1,22,5,Renewal,72227.87,5883.52,2023-09-20,2024-09-19,True,False
2831,POL002831,20240511,222,1,5,4,New Business,67522.25,7973.91,2024-05-11,2025-05-11,False,False
2832,POL002832,20260625,1259,1,19,5,New Business,76453.93,5752.13,2026-06-25,2027-06-25,False,False
2833,POL002833,20241002,2918,1,7,5,Renewal,110591.94,7181.45,2024-10-02,2025-10-02,True,False
2834,POL002834,20240910,1669,8,24,1,Renewal,83741.12,7196.14,2024-09-10,2025-09-10,True,False
2835,POL002835,20250208,1310,7,30,3,New Business,471976.72,26115.13,2025-02-08,2026-02-08,False,False
2836,POL002836,20250524,1252,3,21,3,Cancellation,34102.08,1439.73,2025-05-24,2026-05-24,False,True
2837,POL002837,20250122,753,7,39,1,Renewal,685206.63,70666.75,2025-01-22,2026-01-22,True,False
2838,POL002838,20240911,2450,9,18,1,New Business,208023.53,24018.65,2024-09-11,2025-09-11,False,False
2839,POL002839,20251017,337,2,40,4,Cancellation,43799.85,276.67,2025-10-17,2026-10-17,False,True
2840,POL002840,20241209,2846,9,25,2,Cancellation,256709.94,8333.29,2024-12-09,2025-12-09,False,True
2841,POL002841,20240921,2877,1,34,2,Renewal,44116.53,4447.03,2024-09-21,2025-09-21,True,False
2842,POL002842,20220530,506,1,26,1,Renewal,82489.18,6341.01,2022-05-30,2023-05-30,True,False
2843,POL002843,20250815,516,3,10,4,Renewal,82384.11,5283.12,2025-08-15,2026-08-15,True,False
2844,POL002844,20251117,2614,3,26,1,New Business,103961.13,5979.6,2025-11-17,2026-11-17,False,False
2845,POL002845,20251007,2329,8,25,2,Cancellation,112082.71,2636.38,2025-10-07,2026-10-07,False,True
2846,POL002846,20240326,2347,1,6,1,Renewal,62838.21,7725.88,2024-03-26,2025-03-26,True,False
2847,POL002847,20230213,570,4,23,3,Renewal,266446.97,15562.8,2023-02-13,2024-02-13,True,False
2848,POL002848,20231025,1868,4,4,5,Renewal,197178.29,19927.45,2023-10-25,2024-10-24,True,False
2849,POL002849,20240312,2644,1,30,3,Cancellation,91970.52,2213.93,2024-03-12,2025-03-12,False,True
2850,POL002850,20250401,528,3,17,3,Renewal,131682.47,8971.41,2025-04-01,2026-04-01,True,False
2851,POL002851,20230320,593,9,40,4,New Business,216794.8,18781.66,2023-03-20,2024-03-19,False,False
2852,POL002852,20260220,2938,1,3,2,New Business,59529.58,2983.91,2026-02-20,2027-02-20,False,False
2853,POL002853,20230503,2632,8,2,3,Renewal,68509.97,7012.97,2023-05-03,2024-05-02,True,False
2854,POL002854,20250806,2114,5,26,1,New Business,2105911.0,167651.52,2025-08-06,2026-08-06,False,False
2855,POL002855,20231223,118,2,12,2,Renewal,44861.08,2494.91,2023-12-23,2024-12-22,True,False
2856,POL002856,20260522,1715,1,23,3,Renewal,49963.68,2680.9,2026-05-22,2027-05-22,True,False
2857,POL002857,20260202,1635,1,39,1,Cancellation,21727.86,996.39,2026-02-02,2027-02-02,False,True
2858,POL002858,20250103,342,1,33,2,Cancellation,95222.59,1682.33,2025-01-03,2026-01-03,False,True
2859,POL002859,20230225,2818,2,17,3,New Business,16428.13,1800.3,2023-02-25,2024-02-25,False,False
2860,POL002860,20240628,2569,2,23,3,Renewal,23586.74,2453.26,2024-06-28,2025-06-28,True,False
2861,POL002861,20240711,2016,3,34,2,Renewal,164949.98,11677.54,2024-07-11,2025-07-11,True,False
2862,POL002862,20231116,1561,6,23,3,Renewal,155336.3,7849.06,2023-11-16,2024-11-15,True,False
2863,POL002863,20241128,2554,9,16,4,New Business,214925.02,16960.31,2024-11-28,2025-11-28,False,False
2864,POL002864,20230202,1707,9,9,5,Renewal,57339.11,5937.8,2023-02-02,2024-02-02,True,False
2865,POL002865,20240206,362,4,7,5,Renewal,314706.35,17087.23,2024-02-06,2025-02-05,True,False
2866,POL002866,20241017,38,4,18,1,Renewal,192923.15,12802.26,2024-10-17,2025-10-17,True,False
2867,POL002867,20241017,1832,6,6,1,Renewal,280546.0,18235.29,2024-10-17,2025-10-17,True,False
2868,POL002868,20250215,69,1,14,2,New Business,120247.89,7024.18,2025-02-15,2026-02-15,False,False
2869,POL002869,20230122,2135,6,38,1,Renewal,432580.82,25174.11,2023-01-22,2024-01-22,True,False
2870,POL002870,20251122,2295,6,11,1,Cancellation,418834.63,7171.97,2025-11-22,2026-11-22,False,True
2871,POL002871,20221029,500,4,17,3,Renewal,136373.01,9239.18,2022-10-29,2023-10-29,True,False
2872,POL002872,20241124,1482,1,15,3,New Business,70927.38,7436.49,2024-11-24,2025-11-24,False,False
2873,POL002873,20250902,1469,1,6,1,Cancellation,115456.44,1856.51,2025-09-02,2026-09-02,False,True
2874,POL002874,20251203,2312,1,22,5,Renewal,74545.31,7836.04,2025-12-03,2026-12-03,True,False
2875,POL002875,20251015,2022,6,1,1,Renewal,239093.87,21598.03,2025-10-15,2026-10-15,True,False
2876,POL002876,20221028,2118,3,26,1,Renewal,77414.9,5396.78,2022-10-28,2023-10-28,True,False
2877,POL002877,20260112,1359,7,25,2,Renewal,319609.95,32643.25,2026-01-12,2027-01-12,True,False
2878,POL002878,20241013,1506,8,35,4,Renewal,84277.28,4562.52,2024-10-13,2025-10-13,True,False
2879,POL002879,20250108,675,1,35,4,Cancellation,102023.39,925.94,2025-01-08,2026-01-08,False,True
2880,POL002880,20240613,1006,1,24,1,New Business,90059.64,6801.33,2024-06-13,2025-06-13,False,False
2881,POL002881,20250301,1405,3,28,4,Renewal,135476.89,11702.94,2025-03-01,2026-03-01,True,False
2882,POL002882,20250704,1731,9,32,1,Cancellation,47612.12,1067.09,2025-07-04,2026-07-04,False,True
2883,POL002883,20241023,1636,4,18,1,New Business,225816.97,15445.79,2024-10-23,2025-10-23,False,False
2884,POL002884,20230914,1102,3,18,1,Renewal,37651.18,2095.06,2023-09-14,2024-09-13,True,False
2885,POL002885,20240505,601,3,6,1,New Business,122498.18,7835.3,2024-05-05,2025-05-05,False,False
2886,POL002886,20251204,1957,1,21,3,Renewal,128525.64,7931.65,2025-12-04,2026-12-04,True,False
2887,POL002887,20241123,2457,6,11,1,Cancellation,203548.33,4272.87,2024-11-23,2025-11-23,False,True
2888,POL002888,20240607,1874,3,18,1,New Business,99540.54,6133.13,2024-06-07,2025-06-07,False,False
2889,POL002889,20240425,1193,6,34,2,New Business,388294.36,20822.45,2024-04-25,2025-04-25,False,False
2890,POL002890,20250513,1756,9,29,3,New Business,162575.99,17215.46,2025-05-13,2026-05-13,False,False
2891,POL002891,20250806,483,7,40,4,Renewal,725608.21,55420.36,2025-08-06,2026-08-06,True,False
2892,POL002892,20250725,1099,2,40,4,New Business,24158.62,1384.8,2025-07-25,2026-07-25,False,False
2893,POL002893,20230715,1468,1,28,4,New Business,44154.74,4727.94,2023-07-15,2024-07-14,False,False
2894,POL002894,20251226,2169,2,39,1,Renewal,44418.52,2310.53,2025-12-26,2026-12-26,True,False
2895,POL002895,20230303,205,1,37,3,Cancellation,69965.21,2017.67,2023-03-03,2024-03-02,False,True
2896,POL002896,20250701,452,1,26,1,Renewal,73758.57,4087.37,2025-07-01,2026-07-01,True,False
2897,POL002897,20260109,1341,1,37,3,Renewal,84790.66,5410.46,2026-01-09,2027-01-09,True,False
2898,POL002898,20230622,1151,1,10,4,New Business,67955.82,5977.2,2023-06-22,2024-06-21,False,False
2899,POL002899,20220910,881,4,20,4,Renewal,167415.38,11012.41,2022-09-10,2023-09-10,True,False
2900,POL002900,20240517,1681,3,36,5,New Business,92129.21,5928.08,2024-05-17,2025-05-17,False,False
2901,POL002901,20260209,1786,7,4,5,Cancellation,211651.51,6439.65,2026-02-09,2027-02-09,False,True
2902,POL002902,20240312,1125,9,1,1,Renewal,145352.78,14032.33,2024-03-12,2025-03-12,True,False
2903,POL002903,20251204,21,2,5,4,Renewal,8187.98,682.12,2025-12-04,2026-12-04,True,False
2904,POL002904,20250109,992,1,24,1,Renewal,28839.54,2013.4,2025-01-09,2026-01-09,True,False
2905,POL002905,20230708,1991,2,7,5,Cancellation,14902.78,295.52,2023-07-08,2024-07-07,False,True
2906,POL002906,20250411,1414,8,16,4,Renewal,68723.53,3673.1,2025-04-11,2026-04-11,True,False
2907,POL002907,20240528,1792,1,32,1,Renewal,82329.2,4293.18,2024-05-28,2025-05-28,True,False
2908,POL002908,20230108,1651,8,9,5,Renewal,86940.78,10136.58,2023-01-08,2024-01-08,True,False
2909,POL002909,20240131,845,2,26,1,Cancellation,12007.71,164.3,2024-01-31,2025-01-30,False,True
2910,POL002910,20260529,439,4,39,1,Renewal,225648.73,13653.2,2026-05-29,2027-05-29,True,False
2911,POL002911,20240624,1430,8,27,1,Renewal,83307.22,5368.27,2024-06-24,2025-06-24,True,False
2912,POL002912,20251115,2054,6,24,1,Renewal,167343.93,16653.54,2025-11-15,2026-11-15,True,False
2913,POL002913,20260623,1464,1,21,3,Renewal,147367.89,8098.25,2026-06-23,2027-06-23,True,False
2914,POL002914,20240727,2689,5,14,2,Renewal,2631006.06,143529.69,2024-07-27,2025-07-27,True,False
2915,POL002915,20251220,1860,6,22,5,Renewal,139683.71,9575.07,2025-12-20,2026-12-20,True,False
2916,POL002916,20250122,651,1,25,2,New Business,69369.88,6239.5,2025-01-22,2026-01-22,False,False
2917,POL002917,20260306,1519,9,26,1,Renewal,328906.7,23254.18,2026-03-06,2027-03-06,True,False
2918,POL002918,20260109,1620,2,1,1,Renewal,28438.33,1857.0,2026-01-09,2027-01-09,True,False
2919,POL002919,20230310,1969,8,22,5,New Business,27152.93,1562.73,2023-03-10,2024-03-09,False,False
2920,POL002920,20230120,2333,4,7,5,Renewal,134568.43,15333.53,2023-01-20,2024-01-20,True,False
2921,POL002921,20250831,1517,3,5,4,New Business,94050.06,5830.38,2025-08-31,2026-08-31,False,False
2922,POL002922,20240509,394,1,20,4,Renewal,76035.98,7616.9,2024-05-09,2025-05-09,True,False
2923,POL002923,20240921,411,1,28,4,Cancellation,128349.4,1570.57,2024-09-21,2025-09-21,False,True
2924,POL002924,20260301,1002,7,34,2,Renewal,732237.54,60836.63,2026-03-01,2027-03-01,True,False
2925,POL002925,20221127,1115,4,29,3,Renewal,223773.08,18332.95,2022-11-27,2023-11-27,True,False
2926,POL002926,20231216,2386,7,3,2,Renewal,312398.33,25316.45,2023-12-16,2024-12-15,True,False
2927,POL002927,20260212,2510,2,17,3,Renewal,30376.33,1840.95,2026-02-12,2027-02-12,True,False
2928,POL002928,20231028,1254,5,15,3,Cancellation,2140018.45,54442.4,2023-10-28,2024-10-27,False,True
2929,POL002929,20250729,1378,3,27,1,Renewal,89252.42,8839.8,2025-07-29,2026-07-29,True,False
2930,POL002930,20250729,11,1,38,1,New Business,137993.44,8989.86,2025-07-29,2026-07-29,False,False
2931,POL002931,20260604,1995,8,26,1,Cancellation,71894.72,1097.45,2026-06-04,2027-06-04,False,True
2932,POL002932,20260716,863,1,24,1,Renewal,53439.33,3929.52,2026-07-16,2027-07-16,True,False
2933,POL002933,20250529,2720,9,4,5,New Business,279785.43,14424.19,2025-05-29,2026-05-29,False,False
2934,POL002934,20230411,1894,5,30,3,Renewal,3221535.68,187320.4,2023-04-11,2024-04-10,True,False
2935,POL002935,20250330,1077,4,16,4,Renewal,263499.43,14783.6,2025-03-30,2026-03-30,True,False
2936,POL002936,20240220,2844,5,35,4,Renewal,331316.45,32883.75,2024-02-20,2025-02-19,True,False
2937,POL002937,20220325,1919,9,33,2,New Business,285478.38,25824.05,2022-03-25,2023-03-25,False,False
2938,POL002938,20250405,1108,1,32,1,New Business,53292.86,4189.0,2025-04-05,2026-04-05,False,False
2939,POL002939,20250101,2658,2,24,1,Renewal,34814.64,2255.58,2025-01-01,2026-01-01,True,False
2940,POL002940,20241030,974,2,10,4,Renewal,12683.13,647.07,2024-10-30,2025-10-30,True,False
2941,POL002941,20260306,73,2,38,1,Renewal,32336.71,1792.49,2026-03-06,2027-03-06,True,False
2942,POL002942,20260222,2449,3,20,4,Renewal,63056.15,5107.62,2026-02-22,2027-02-22,True,False
2943,POL002943,20240218,2678,3,27,1,New Business,53428.29,5416.16,2024-02-18,2025-02-17,False,False
2944,POL002944,20250413,2175,8,17,3,Renewal,22195.97,2358.59,2025-04-13,2026-04-13,True,False
2945,POL002945,20240112,687,1,16,4,New Business,98118.4,5829.02,2024-01-12,2025-01-11,False,False
2946,POL002946,20220709,2614,7,20,4,Renewal,738841.48,63654.84,2022-07-09,2023-07-09,True,False
2947,POL002947,20251106,1031,3,26,1,Renewal,136072.71,6815.53,2025-11-06,2026-11-06,True,False
2948,POL002948,20240212,2935,3,7,5,New Business,68872.61,3487.42,2024-02-12,2025-02-11,False,False
2949,POL002949,20250624,2004,6,16,4,Cancellation,370482.16,10717.79,2025-06-24,2026-06-24,False,True
2950,POL002950,20221008,1393,2,3,2,Renewal,16295.9,1537.2,2022-10-08,2023-10-08,True,False
2951,POL002951,20240709,1528,9,26,1,New Business,201921.01,14915.4,2024-07-09,2025-07-09,False,False
2952,POL002952,20251213,1591,1,7,5,New Business,94875.53,7016.69,2025-12-13,2026-12-13,False,False
2953,POL002953,20250630,128,4,3,2,Renewal,235590.78,17767.09,2025-06-30,2026-06-30,True,False
2954,POL002954,20240116,1570,1,30,3,Renewal,131046.3,8318.04,2024-01-16,2025-01-15,True,False
2955,POL002955,20231016,2003,4,35,4,Renewal,316920.98,20893.24,2023-10-16,2024-10-15,True,False
2956,POL002956,20240717,1281,9,21,3,Renewal,201587.53,15780.56,2024-07-17,2025-07-17,True,False
2957,POL002957,20260506,450,6,24,1,Renewal,385771.54,22212.75,2026-05-06,2027-05-06,True,False
2958,POL002958,20251120,2398,6,28,4,Renewal,176889.85,10971.77,2025-11-20,2026-11-20,True,False
2959,POL002959,20221201,811,2,28,4,Renewal,24226.77,2226.35,2022-12-01,2023-12-01,True,False
2960,POL002960,20230117,1459,8,34,2,Renewal,55590.84,6505.12,2023-01-17,2024-01-17,True,False
2961,POL002961,20250902,525,1,9,5,Renewal,46660.66,4413.28,2025-09-02,2026-09-02,True,False
2962,POL002962,20250707,876,7,15,3,Renewal,876698.76,49133.29,2025-07-07,2026-07-07,True,False
2963,POL002963,20230411,2508,7,1,1,New Business,501108.44,48770.92,2023-04-11,2024-04-10,False,False
2964,POL002964,20260106,1270,4,11,1,Renewal,97894.85,8354.89,2026-01-06,2027-01-06,True,False
2965,POL002965,20240611,1771,4,26,1,Renewal,411289.96,21562.17,2024-06-11,2025-06-11,True,False
2966,POL002966,20250106,2918,2,37,3,New Business,12646.7,734.27,2025-01-06,2026-01-06,False,False
2967,POL002967,20240323,2845,8,18,1,Renewal,76660.56,9271.78,2024-03-23,2025-03-23,True,False
2968,POL002968,20250819,2735,6,1,1,Renewal,630670.79,33245.56,2025-08-19,2026-08-19,True,False
2969,POL002969,20260405,936,6,24,1,Renewal,290122.34,21906.88,2026-04-05,2027-04-05,True,False
2970,POL002970,20250702,629,2,25,2,Renewal,23299.77,1645.0,2025-07-02,2026-07-02,True,False
2971,POL002971,20241206,1404,9,12,2,Cancellation,360775.61,4920.01,2024-12-06,2025-12-06,False,True
2972,POL002972,20230203,2422,6,17,3,Renewal,609768.78,34647.86,2023-02-03,2024-02-03,True,False
2973,POL002973,20250420,2075,1,34,2,New Business,120437.33,6250.74,2025-04-20,2026-04-20,False,False
2974,POL002974,20240811,518,1,9,5,Cancellation,75859.15,791.04,2024-08-11,2025-08-11,False,True
2975,POL002975,20250810,2694,1,11,1,New Business,65958.82,6656.59,2025-08-10,2026-08-10,False,False
2976,POL002976,20250729,444,2,38,1,Renewal,18733.13,1192.97,2025-07-29,2026-07-29,True,False
2977,POL002977,20260803,602,4,22,5,Renewal,390851.78,21263.02,2026-08-03,2027-08-03,True,False
2978,POL002978,20230311,1305,2,29,3,Cancellation,35954.22,546.65,2023-03-11,2024-03-10,False,True
2979,POL002979,20230918,2868,9,14,2,New Business,88769.75,5467.03,2023-09-18,2024-09-17,False,False
2980,POL002980,20260309,1174,2,5,4,New Business,19658.89,2143.67,2026-03-09,2027-03-09,False,False
2981,POL002981,20230313,2181,7,22,5,New Business,981007.22,77953.25,2023-03-13,2024-03-12,False,False
2982,POL002982,20260531,2094,3,2,3,Renewal,70350.06,7228.28,2026-05-31,2027-05-31,True,False
2983,POL002983,20230824,2655,1,35,4,New Business,30474.3,2015.85,2023-08-24,2024-08-23,False,False
2984,POL002984,20260214,2959,3,28,4,Renewal,96513.63,5558.3,2026-02-14,2027-02-14,True,False
2985,POL002985,20240806,1145,3,32,1,Cancellation,122077.17,4778.8,2024-08-06,2025-08-06,False,True
2986,POL002986,20250120,306,1,17,3,Renewal,32750.02,2997.45,2025-01-20,2026-01-20,True,False
2987,POL002987,20251118,1094,1,4,5,Renewal,71597.54,7669.38,2025-11-18,2026-11-18,True,False
2988,POL002988,20230624,2219,3,14,2,Cancellation,50861.88,630.13,2023-06-24,2024-06-23,False,True
2989,POL002989,20241122,1618,3,19,5,Renewal,71035.23,5149.4,2024-11-22,2025-11-22,True,False
2990,POL002990,20260212,44,6,27,1,Renewal,488399.33,35396.33,2026-02-12,2027-02-12,True,False
2991,POL002991,20251031,2227,1,16,4,Renewal,63807.61,5093.77,2025-10-31,2026-10-31,True,False
2992,POL002992,20241214,1529,7,1,1,Renewal,172936.53,10910.5,2024-12-14,2025-12-14,True,False
2993,POL002993,20250502,270,6,27,1,New Business,355648.89,38972.19,2025-05-02,2026-05-02,False,False
2994,POL002994,20240623,1155,1,35,4,Renewal,115991.44,8172.01,2024-06-23,2025-06-23,True,False
2995,POL002995,20240426,2691,4,20,4,New Business,231222.83,18236.43,2024-04-26,2025-04-26,False,False
2996,POL002996,20240611,184,4,15,3,Renewal,319146.09,19877.76,2024-06-11,2025-06-11,True,False
2997,POL002997,20230207,1219,2,22,5,Renewal,26381.95,2380.95,2023-02-07,2024-02-07,True,False
2998,POL002998,20260227,1223,3,7,5,Renewal,26954.23,2994.99,2026-02-27,2027-02-27,True,False
2999,POL002999,20250226,2941,1,15,3,Renewal,64976.12,7880.48,2025-02-26,2026-02-26,True,False
3000,POL003000,20250317,1025,7,37,3,New Business,151928.42,10283.0,2025-03-17,2026-03-17,False,False
3001,POL003001,20260730,1993,6,1,1,New Business,140960.09,14732.05,2026-07-30,2027-07-30,False,False
3002,POL003002,20250918,469,8,39,1,Renewal,107259.69,12418.68,2025-09-18,2026-09-18,True,False
3003,POL003003,20250221,1531,4,36,5,Renewal,228821.56,22315.48,2025-02-21,2026-02-21,True,False
3004,POL003004,20250206,583,9,38,1,New Business,567248.76,29158.74,2025-02-06,2026-02-06,False,False
3005,POL003005,20241110,718,3,8,5,Cancellation,92563.64,648.05,2024-11-10,2025-11-10,False,True
3006,POL003006,20241210,1631,1,9,5,Renewal,46891.49,3878.17,2024-12-10,2025-12-10,True,False
3007,POL003007,20240422,15,1,9,5,New Business,70277.71,5372.37,2024-04-22,2025-04-22,False,False
3008,POL003008,20241105,103,6,36,5,Renewal,455293.77,33810.75,2024-11-05,2025-11-05,True,False
3009,POL003009,20240319,2107,8,1,1,New Business,75558.7,4170.71,2024-03-19,2025-03-19,False,False
3010,POL003010,20260124,816,4,24,1,Renewal,397502.01,23283.77,2026-01-24,2027-01-24,True,False
3011,POL003011,20231123,787,8,40,4,Renewal,32303.99,4012.35,2023-11-23,2024-11-22,True,False
3012,POL003012,20241231,981,2,21,3,Renewal,32647.49,2372.6,2024-12-31,2025-12-31,True,False
3013,POL003013,20240326,1040,2,25,2,Renewal,36994.98,2143.66,2024-03-26,2025-03-26,True,False
3014,POL003014,20240808,501,6,2,3,Renewal,579276.85,34454.4,2024-08-08,2025-08-08,True,False
3015,POL003015,20230322,363,2,10,4,Cancellation,18407.94,241.39,2023-03-22,2024-03-21,False,True
3016,POL003016,20251115,2103,2,38,1,Renewal,34631.86,2340.76,2025-11-15,2026-11-15,True,False
3017,POL003017,20241218,904,1,22,5,Renewal,105766.87,5764.53,2024-12-18,2025-12-18,True,False
3018,POL003018,20251022,2019,3,32,1,New Business,160508.19,11604.8,2025-10-22,2026-10-22,False,False
3019,POL003019,20250514,134,1,23,3,New Business,106857.15,7960.86,2025-05-14,2026-05-14,False,False
3020,POL003020,20251105,2348,1,20,4,New Business,19531.72,1768.57,2025-11-05,2026-11-05,False,False
3021,POL003021,20250213,1565,9,1,1,New Business,99235.93,5073.9,2025-02-13,2026-02-13,False,False
3022,POL003022,20250326,950,1,36,5,Renewal,81056.05,7715.21,2025-03-26,2026-03-26,True,False
3023,POL003023,20260216,2289,3,17,3,New Business,124992.28,8509.69,2026-02-16,2027-02-16,False,False
3024,POL003024,20260203,1654,7,30,3,Renewal,410936.3,25672.65,2026-02-03,2027-02-03,True,False
3025,POL003025,20260107,39,8,25,2,New Business,92419.28,7884.28,2026-01-07,2027-01-07,False,False
3026,POL003026,20250627,2688,9,38,1,Renewal,334114.61,24821.75,2025-06-27,2026-06-27,True,False
3027,POL003027,20230703,956,5,6,1,Renewal,3379504.61,247238.08,2023-07-03,2024-07-02,True,False
3028,POL003028,20220701,933,1,15,3,New Business,103348.0,6907.49,2022-07-01,2023-07-01,False,False
3029,POL003029,20250402,2960,3,29,3,New Business,178996.49,10492.69,2025-04-02,2026-04-02,False,False
3030,POL003030,20260130,1082,3,22,5,New Business,27797.51,3473.01,2026-01-30,2027-01-30,False,False
3031,POL003031,20250528,2185,4,3,2,Renewal,340180.2,20728.9,2025-05-28,2026-05-28,True,False
3032,POL003032,20240707,2972,9,14,2,Renewal,158734.77,10949.63,2024-07-07,2025-07-07,True,False
3033,POL003033,20240901,1586,9,2,3,Renewal,494417.0,27253.36,2024-09-01,2025-09-01,True,False
3034,POL003034,20230901,211,1,30,3,Renewal,27849.23,1531.48,2023-09-01,2024-08-31,True,False
3035,POL003035,20230109,1475,8,38,1,Renewal,147016.4,12688.32,2023-01-09,2024-01-09,True,False
3036,POL003036,20241018,481,3,7,5,New Business,58319.59,4223.18,2024-10-18,2025-10-18,False,False
3037,POL003037,20260210,1937,9,26,1,New Business,111506.65,8324.56,2026-02-10,2027-02-10,False,False
3038,POL003038,20260204,1439,2,27,1,New Business,8645.92,882.39,2026-02-04,2027-02-04,False,False
3039,POL003039,20240426,1868,4,10,4,New Business,337072.35,20810.17,2024-04-26,2025-04-26,False,False
3040,POL003040,20250713,2077,1,22,5,New Business,44435.65,2236.57,2025-07-13,2026-07-13,False,False
3041,POL003041,20250723,833,1,38,1,New Business,86869.02,6165.45,2025-07-23,2026-07-23,False,False
3042,POL003042,20260228,1558,9,34,2,Renewal,444046.29,26275.37,2026-02-28,2027-02-28,True,False
3043,POL003043,20251227,1778,1,25,2,Renewal,141079.63,8424.19,2025-12-27,2026-12-27,True,False
3044,POL003044,20230802,2663,1,27,1,New Business,31070.28,2183.0,2023-08-02,2024-08-01,False,False
3045,POL003045,20231027,2245,9,31,3,New Business,409793.4,23810.86,2023-10-27,2024-10-26,False,False
3046,POL003046,20251102,1806,3,30,3,Renewal,144120.97,11534.27,2025-11-02,2026-11-02,True,False
3047,POL003047,20260409,2680,1,14,2,Renewal,99079.73,5293.58,2026-04-09,2027-04-09,True,False
3048,POL003048,20241108,1542,2,15,3,Renewal,18630.46,1236.17,2024-11-08,2025-11-08,True,False
3049,POL003049,20221222,1819,8,5,4,Renewal,104438.09,11572.36,2022-12-22,2023-12-22,True,False
3050,POL003050,20250131,977,9,23,3,New Business,211710.62,14454.41,2025-01-31,2026-01-31,False,False
3051,POL003051,20221205,768,2,3,2,New Business,20987.89,1070.7,2022-12-05,2023-12-05,False,False
3052,POL003052,20240418,688,5,19,5,New Business,723232.65,67078.16,2024-04-18,2025-04-18,False,False
3053,POL003053,20260319,991,6,4,5,Renewal,158754.92,14993.71,2026-03-19,2027-03-19,True,False
3054,POL003054,20250209,942,4,17,3,New Business,131853.27,15942.23,2025-02-09,2026-02-09,False,False
3055,POL003055,20251125,2902,2,2,3,Renewal,32358.85,1665.99,2025-11-25,2026-11-25,True,False
3056,POL003056,20250416,1060,2,15,3,Renewal,16304.69,2031.06,2025-04-16,2026-04-16,True,False
3057,POL003057,20251023,2681,4,9,5,New Business,286085.59,21588.51,2025-10-23,2026-10-23,False,False
3058,POL003058,20240707,1324,8,9,5,Renewal,46303.43,5097.18,2024-07-07,2025-07-07,True,False
3059,POL003059,20230321,994,3,31,3,Renewal,60886.0,7094.02,2023-03-21,2024-03-20,True,False
3060,POL003060,20250429,1086,7,17,3,Renewal,607761.62,33884.38,2025-04-29,2026-04-29,True,False
3061,POL003061,20250626,2178,2,31,3,Renewal,13445.28,1112.31,2025-06-26,2026-06-26,True,False
3062,POL003062,20230603,2371,1,34,2,Renewal,30721.97,2774.97,2023-06-03,2024-06-02,True,False
3063,POL003063,20241220,1274,2,10,4,Renewal,15488.76,1917.51,2024-12-20,2025-12-20,True,False
3064,POL003064,20230630,1819,1,27,1,Renewal,55814.32,4798.26,2023-06-30,2024-06-29,True,False
3065,POL003065,20240511,1365,1,2,3,Renewal,126471.04,6905.07,2024-05-11,2025-05-11,True,False
3066,POL003066,20230708,2256,9,34,2,Renewal,141051.59,10558.1,2023-07-08,2024-07-07,True,False
3067,POL003067,20251205,2781,2,12,2,New Business,17153.74,1029.31,2025-12-05,2026-12-05,False,False
3068,POL003068,20230221,692,9,8,5,New Business,28419.5,3192.51,2023-02-21,2024-02-21,False,False
3069,POL003069,20221228,382,3,40,4,Cancellation,128122.77,2584.45,2022-12-28,2023-12-28,False,True
3070,POL003070,20241107,856,9,38,1,Renewal,198564.75,12455.45,2024-11-07,2025-11-07,True,False
3071,POL003071,20240302,1934,3,37,3,Renewal,60088.23,4351.56,2024-03-02,2025-03-02,True,False
3072,POL003072,20241222,2128,9,32,1,New Business,246281.43,14016.38,2024-12-22,2025-12-22,False,False
3073,POL003073,20240924,646,1,20,4,Renewal,155522.22,8853.37,2024-09-24,2025-09-24,True,False
3074,POL003074,20241125,464,1,31,3,Cancellation,109139.23,1863.1,2024-11-25,2025-11-25,False,True
3075,POL003075,20221117,35,1,16,4,New Business,51341.2,5036.9,2022-11-17,2023-11-17,False,False
3076,POL003076,20251101,28,4,31,3,New Business,77659.14,6531.37,2025-11-01,2026-11-01,False,False
3077,POL003077,20240224,733,6,34,2,Renewal,316581.75,26246.85,2024-02-24,2025-02-23,True,False
3078,POL003078,20241028,87,1,10,4,Renewal,149639.95,8924.42,2024-10-28,2025-10-28,True,False
3079,POL003079,20250604,15,5,6,1,Renewal,316232.99,22801.13,2025-06-04,2026-06-04,True,False
3080,POL003080,20251024,1113,2,5,4,New Business,20586.54,1433.81,2025-10-24,2026-10-24,False,False
3081,POL003081,20240324,2698,4,5,4,New Business,148085.26,7937.44,2024-03-24,2025-03-24,False,False
3082,POL003082,20241127,540,2,30,3,New Business,20424.81,1210.24,2024-11-27,2025-11-27,False,False
3083,POL003083,20250322,1457,7,11,1,New Business,200713.23,12415.34,2025-03-22,2026-03-22,False,False
3084,POL003084,20260727,1130,3,11,1,Renewal,28498.01,2649.07,2026-07-27,2027-07-27,True,False
3085,POL003085,20240411,227,6,31,3,Renewal,94530.62,5494.68,2024-04-11,2025-04-11,True,False
3086,POL003086,20260520,2224,2,13,3,New Business,36776.75,2472.49,2026-05-20,2027-05-20,False,False
3087,POL003087,20260214,2022,2,10,4,Cancellation,21764.59,278.43,2026-02-14,2027-02-14,False,True
3088,POL003088,20251001,2639,3,1,1,Renewal,138827.54,7911.55,2025-10-01,2026-10-01,True,False
3089,POL003089,20240721,1375,8,29,3,Cancellation,52767.89,896.9,2024-07-21,2025-07-21,False,True
3090,POL003090,20250924,1098,3,35,4,New Business,132329.23,8047.1,2025-09-24,2026-09-24,False,False
3091,POL003091,20221012,1886,5,1,1,New Business,1350069.47,158246.79,2022-10-12,2023-10-12,False,False
3092,POL003092,20230217,1771,1,32,1,Renewal,143402.27,7894.74,2023-02-17,2024-02-17,True,False
3093,POL003093,20250929,542,3,2,3,Renewal,106150.5,8697.46,2025-09-29,2026-09-29,True,False
3094,POL003094,20240623,190,4,8,5,Renewal,143601.87,14568.74,2024-06-23,2025-06-23,True,False
3095,POL003095,20260722,1446,6,9,5,New Business,162159.63,9851.51,2026-07-22,2027-07-22,False,False
3096,POL003096,20250715,1844,9,1,1,Renewal,249436.36,16735.99,2025-07-15,2026-07-15,True,False
3097,POL003097,20251105,1953,8,38,1,New Business,139570.76,14043.72,2025-11-05,2026-11-05,False,False
3098,POL003098,20240417,1408,8,35,4,Cancellation,139541.44,2561.4,2024-04-17,2025-04-17,False,True
3099,POL003099,20240919,512,2,5,4,Renewal,16206.77,1538.79,2024-09-19,2025-09-19,True,False
3100,POL003100,20231214,1818,4,6,1,New Business,128405.83,12868.27,2023-12-14,2024-12-13,False,False
3101,POL003101,20250104,1912,1,22,5,Renewal,35875.45,2654.71,2025-01-04,2026-01-04,True,False
3102,POL003102,20241224,454,6,20,4,Cancellation,272083.69,11865.21,2024-12-24,2025-12-24,False,True
3103,POL003103,20250724,2388,8,27,1,New Business,130097.02,13603.59,2025-07-24,2026-07-24,False,False
3104,POL003104,20241013,2119,4,35,4,New Business,146988.68,16625.65,2024-10-13,2025-10-13,False,False
3105,POL003105,20251127,2356,2,31,3,Renewal,7666.92,708.09,2025-11-27,2026-11-27,True,False
3106,POL003106,20250421,1779,9,30,3,Renewal,108738.02,5851.66,2025-04-21,2026-04-21,True,False
3107,POL003107,20230118,784,1,20,4,New Business,105882.56,5692.58,2023-01-18,2024-01-18,False,False
3108,POL003108,20260623,2551,8,30,3,Renewal,43547.76,4364.6,2026-06-23,2027-06-23,True,False
3109,POL003109,20251011,1542,9,24,1,Renewal,73974.92,6138.64,2025-10-11,2026-10-11,True,False
3110,POL003110,20240924,2913,2,20,4,New Business,11888.44,835.9,2024-09-24,2025-09-24,False,False
3111,POL003111,20240730,177,6,11,1,Renewal,305748.36,20580.45,2024-07-30,2025-07-30,True,False
3112,POL003112,20260519,928,7,18,1,Cancellation,973413.92,25951.08,2026-05-19,2027-05-19,False,True
3113,POL003113,20260419,1929,1,38,1,Renewal,111903.14,5729.19,2026-04-19,2027-04-19,True,False
3114,POL003114,20250611,2954,5,4,5,Renewal,1044884.47,128778.6,2025-06-11,2026-06-11,True,False
3115,POL003115,20260404,2864,1,23,3,Renewal,110632.1,8055.0,2026-04-04,2027-04-04,True,False
3116,POL003116,20230601,688,1,26,1,New Business,85326.14,4917.8,2023-06-01,2024-05-31,False,False
3117,POL003117,20240831,567,6,9,5,New Business,505812.41,33438.18,2024-08-31,2025-08-31,False,False
3118,POL003118,20260704,905,9,27,1,Renewal,311006.73,28874.06,2026-07-04,2027-07-04,True,False
3119,POL003119,20221217,347,4,18,1,Cancellation,152040.18,1264.11,2022-12-17,2023-12-17,False,True
3120,POL003120,20250702,1361,1,10,4,Renewal,18242.52,1960.55,2025-07-02,2026-07-02,True,False
3121,POL003121,20240116,1885,6,12,2,Renewal,505543.89,39644.21,2024-01-16,2025-01-15,True,False
3122,POL003122,20230913,1060,9,32,1,Cancellation,201652.09,6515.99,2023-09-13,2024-09-12,False,True
3123,POL003123,20240802,48,7,5,4,Renewal,129915.41,13660.23,2024-08-02,2025-08-02,True,False
3124,POL003124,20240803,913,4,14,2,Cancellation,268733.05,10387.03,2024-08-03,2025-08-03,False,True
3125,POL003125,20260703,1255,1,11,1,New Business,34595.63,2391.77,2026-07-03,2027-07-03,False,False
3126,POL003126,20250305,2652,1,21,3,Renewal,109745.57,6769.11,2025-03-05,2026-03-05,True,False
3127,POL003127,20230429,1972,9,31,3,Renewal,114299.77,12715.46,2023-04-29,2024-04-28,True,False
3128,POL003128,20250921,2438,2,2,3,Renewal,18182.23,1819.32,2025-09-21,2026-09-21,True,False
3129,POL003129,20241009,670,7,20,4,Renewal,1094802.33,63092.02,2024-10-09,2025-10-09,True,False
3130,POL003130,20250425,44,2,3,2,Renewal,22081.26,2271.97,2025-04-25,2026-04-25,True,False
3131,POL003131,20250104,2354,4,3,2,Renewal,188017.64,12026.31,2025-01-04,2026-01-04,True,False
3132,POL003132,20250401,1857,3,27,1,New Business,199047.12,11004.05,2025-04-01,2026-04-01,False,False
3133,POL003133,20240928,597,2,29,3,Renewal,26037.99,2368.59,2024-09-28,2025-09-28,True,False
3134,POL003134,20241226,1331,6,21,3,New Business,399963.01,20766.42,2024-12-26,2025-12-26,False,False
3135,POL003135,20230422,1164,6,12,2,Renewal,180582.86,19010.14,2023-04-22,2024-04-21,True,False
3136,POL003136,20221204,2453,4,10,4,Renewal,224694.79,13218.04,2022-12-04,2023-12-04,True,False
3137,POL003137,20230730,1815,6,24,1,Renewal,143025.53,12756.84,2023-07-30,2024-07-29,True,False
3138,POL003138,20250922,2548,4,13,3,New Business,177713.14,16494.06,2025-09-22,2026-09-22,False,False
3139,POL003139,20240320,2407,4,2,3,New Business,314529.05,17240.08,2024-03-20,2025-03-20,False,False
3140,POL003140,20250328,2752,6,38,1,Renewal,162937.79,9313.81,2025-03-28,2026-03-28,True,False
3141,POL003141,20230315,715,6,33,2,Renewal,549623.22,33663.54,2023-03-15,2024-03-14,True,False
3142,POL003142,20241103,812,2,16,4,Renewal,39131.87,2184.68,2024-11-03,2025-11-03,True,False
3143,POL003143,20240703,907,1,16,4,New Business,22485.43,1632.12,2024-07-03,2025-07-03,False,False
3144,POL003144,20250610,1019,1,14,2,New Business,65792.63,3317.98,2025-06-10,2026-06-10,False,False
3145,POL003145,20250810,416,3,12,2,New Business,157961.95,9238.71,2025-08-10,2026-08-10,False,False
3146,POL003146,20260613,89,9,37,3,Renewal,300790.93,29229.88,2026-06-13,2027-06-13,True,False
3147,POL003147,20230811,645,8,4,5,New Business,59448.41,4888.01,2023-08-11,2024-08-10,False,False
3148,POL003148,20250130,298,2,26,1,New Business,16430.09,1496.03,2025-01-30,2026-01-30,False,False
3149,POL003149,20250417,393,1,2,3,Renewal,29608.31,3261.8,2025-04-17,2026-04-17,True,False
3150,POL003150,20221101,1329,9,35,4,Renewal,76805.5,8879.59,2022-11-01,2023-11-01,True,False
3151,POL003151,20251024,1093,4,4,5,New Business,85238.35,8673.23,2025-10-24,2026-10-24,False,False
3152,POL003152,20250324,2815,5,20,4,Cancellation,351156.17,3743.77,2025-03-24,2026-03-24,False,True
3153,POL003153,20260104,641,4,24,1,Renewal,94852.54,5191.65,2026-01-04,2027-01-04,True,False
3154,POL003154,20240814,953,1,33,2,Renewal,42443.36,5036.52,2024-08-14,2025-08-14,True,False
3155,POL003155,20250629,2118,3,5,4,Renewal,216181.87,11921.51,2025-06-29,2026-06-29,True,False
3156,POL003156,20221029,1415,8,2,3,New Business,148150.31,8758.48,2022-10-29,2023-10-29,False,False
3157,POL003157,20251010,1271,6,40,4,Cancellation,619718.35,18968.86,2025-10-10,2026-10-10,False,True
3158,POL003158,20240526,1927,4,8,5,New Business,183317.93,13125.5,2024-05-26,2025-05-26,False,False
3159,POL003159,20230713,1467,7,32,1,Cancellation,427237.08,6755.77,2023-07-13,2024-07-12,False,True
3160,POL003160,20240516,712,8,33,2,Renewal,75127.97,7844.19,2024-05-16,2025-05-16,True,False
3161,POL003161,20230422,1008,1,2,3,Renewal,71735.13,5448.1,2023-04-22,2024-04-21,True,False
3162,POL003162,20241004,550,7,5,4,Renewal,1396370.16,75596.75,2024-10-04,2025-10-04,True,False
3163,POL003163,20230710,2934,5,28,4,New Business,2106439.88,219945.95,2023-07-10,2024-07-09,False,False
3164,POL003164,20220420,4,8,30,3,Renewal,121309.72,13664.25,2022-04-20,2023-04-20,True,False
3165,POL003165,20250515,631,1,4,5,New Business,69485.02,4711.32,2025-05-15,2026-05-15,False,False
3166,POL003166,20220608,1469,2,27,1,Renewal,23789.03,1758.64,2022-06-08,2023-06-08,True,False
3167,POL003167,20251206,778,1,14,2,Renewal,106064.34,8115.41,2025-12-06,2026-12-06,True,False
3168,POL003168,20250623,2070,9,3,2,Renewal,113316.5,7497.29,2025-06-23,2026-06-23,True,False
3169,POL003169,20250611,323,1,19,5,Renewal,69982.81,5378.67,2025-06-11,2026-06-11,True,False
3170,POL003170,20230826,206,1,14,2,Renewal,88818.83,6423.53,2023-08-26,2024-08-25,True,False
3171,POL003171,20250514,2052,3,36,5,New Business,86494.97,5718.01,2025-05-14,2026-05-14,False,False
3172,POL003172,20240304,1601,1,8,5,New Business,49699.95,4552.58,2024-03-04,2025-03-04,False,False
3173,POL003173,20220418,1670,3,33,2,Renewal,105535.19,7314.67,2022-04-18,2023-04-18,True,False
3174,POL003174,20250623,2161,2,23,3,Cancellation,23277.54,149.19,2025-06-23,2026-06-23,False,True
3175,POL003175,20250217,145,2,38,1,New Business,42106.46,2113.87,2025-02-17,2026-02-17,False,False
3176,POL003176,20230725,2197,7,11,1,New Business,86630.09,8566.07,2023-07-25,2024-07-24,False,False
3177,POL003177,20240313,1963,1,10,4,Renewal,29532.33,2989.37,2024-03-13,2025-03-13,True,False
3178,POL003178,20230513,2615,1,36,5,New Business,79555.21,4964.39,2023-05-13,2024-05-12,False,False
3179,POL003179,20251209,1833,8,10,4,Renewal,105481.56,7815.06,2025-12-09,2026-12-09,True,False
3180,POL003180,20251016,1159,2,2,3,Renewal,12417.16,1162.73,2025-10-16,2026-10-16,True,False
3181,POL003181,20250830,118,6,35,4,New Business,514139.52,29850.6,2025-08-30,2026-08-30,False,False
3182,POL003182,20250127,2132,4,39,1,Renewal,286796.36,14438.18,2025-01-27,2026-01-27,True,False
3183,POL003183,20250119,2628,2,17,3,New Business,27020.29,2368.4,2025-01-19,2026-01-19,False,False
3184,POL003184,20230429,1687,4,30,3,Renewal,238790.75,21469.07,2023-04-29,2024-04-28,True,False
3185,POL003185,20230625,2312,3,3,2,Cancellation,136673.41,3894.77,2023-06-25,2024-06-24,False,True
3186,POL003186,20240922,1527,2,5,4,Renewal,23608.2,1958.94,2024-09-22,2025-09-22,True,False
3187,POL003187,20241023,414,3,6,1,Renewal,119044.3,9716.41,2024-10-23,2025-10-23,True,False
3188,POL003188,20240715,2740,1,39,1,Renewal,120571.01,6753.8,2024-07-15,2025-07-15,True,False
3189,POL003189,20251218,1244,1,16,4,Cancellation,61314.37,840.74,2025-12-18,2026-12-18,False,True
3190,POL003190,20240604,1798,5,14,2,Renewal,1175889.12,120497.78,2024-06-04,2025-06-04,True,False
3191,POL003191,20250224,552,6,23,3,Renewal,734000.03,37571.86,2025-02-24,2026-02-24,True,False
3192,POL003192,20250729,877,3,16,4,Renewal,54466.33,3312.62,2025-07-29,2026-07-29,True,False
3193,POL003193,20250303,992,3,2,3,Renewal,59098.32,6428.58,2025-03-03,2026-03-03,True,False
3194,POL003194,20250610,2283,3,31,3,New Business,147795.56,8497.33,2025-06-10,2026-06-10,False,False
3195,POL003195,20240226,442,8,24,1,New Business,145255.75,10551.9,2024-02-26,2025-02-25,False,False
3196,POL003196,20241028,424,1,10,4,New Business,28665.71,3298.35,2024-10-28,2025-10-28,False,False
3197,POL003197,20260508,1189,9,22,5,New Business,282512.15,17770.06,2026-05-08,2027-05-08,False,False
3198,POL003198,20241214,1212,9,38,1,Cancellation,58132.52,1948.52,2024-12-14,2025-12-14,False,True
3199,POL003199,20250502,2309,1,38,1,Cancellation,83931.4,1779.22,2025-05-02,2026-05-02,False,True
3200,POL003200,20251224,2585,3,30,3,New Business,101640.87,7198.35,2025-12-24,2026-12-24,False,False
3201,POL003201,20250216,1547,1,7,5,New Business,56548.59,6931.44,2025-02-16,2026-02-16,False,False
3202,POL003202,20230630,1156,8,16,4,Renewal,64012.01,3706.68,2023-06-30,2024-06-29,True,False
3203,POL003203,20251012,123,1,38,1,New Business,55681.14,5213.19,2025-10-12,2026-10-12,False,False
3204,POL003204,20241209,1259,1,40,4,Cancellation,141113.36,2461.07,2024-12-09,2025-12-09,False,True
3205,POL003205,20240327,1139,9,7,5,Renewal,168199.92,11351.31,2024-03-27,2025-03-27,True,False
3206,POL003206,20230121,1691,9,21,3,Cancellation,291329.55,6603.22,2023-01-21,2024-01-21,False,True
3207,POL003207,20260627,2034,3,13,3,New Business,156477.37,10971.3,2026-06-27,2027-06-27,False,False
3208,POL003208,20231213,643,8,10,4,New Business,148403.33,11051.7,2023-12-13,2024-12-12,False,False
3209,POL003209,20240527,1656,2,4,5,New Business,19897.43,2088.15,2024-05-27,2025-05-27,False,False
3210,POL003210,20221121,920,1,19,5,New Business,38022.13,3020.77,2022-11-21,2023-11-21,False,False
3211,POL003211,20260504,419,3,12,2,New Business,44925.6,2823.46,2026-05-04,2027-05-04,False,False
3212,POL003212,20260108,179,3,17,3,New Business,152945.73,10771.59,2026-01-08,2027-01-08,False,False
3213,POL003213,20250623,2077,5,1,1,New Business,2494487.38,192567.81,2025-06-23,2026-06-23,False,False
3214,POL003214,20260530,2907,3,35,4,Renewal,140978.51,7747.09,2026-05-30,2027-05-30,True,False
3215,POL003215,20250728,521,1,32,1,Renewal,56118.75,4868.48,2025-07-28,2026-07-28,True,False
3216,POL003216,20240420,2601,1,40,4,New Business,26903.01,1832.32,2024-04-20,2025-04-20,False,False
3217,POL003217,20260721,1706,8,6,1,New Business,164868.51,12048.6,2026-07-21,2027-07-21,False,False
3218,POL003218,20241107,2260,4,19,5,New Business,185157.77,18771.99,2024-11-07,2025-11-07,False,False
3219,POL003219,20260706,1064,1,36,5,New Business,97662.01,6763.16,2026-07-06,2027-07-06,False,False
3220,POL003220,20260529,784,8,5,4,New Business,48410.22,3575.91,2026-05-29,2027-05-29,False,False
3221,POL003221,20251218,1230,3,24,1,New Business,82705.86,4281.67,2025-12-18,2026-12-18,False,False
3222,POL003222,20260420,451,8,35,4,New Business,25999.65,2644.93,2026-04-20,2027-04-20,False,False
3223,POL003223,20230110,2586,6,38,1,Renewal,278982.66,14651.65,2023-01-10,2024-01-10,True,False
3224,POL003224,20220615,2476,7,16,4,Renewal,345700.35,26787.74,2022-06-15,2023-06-15,True,False
3225,POL003225,20231208,101,2,17,3,Renewal,17426.13,1002.07,2023-12-08,2024-12-07,True,False
3226,POL003226,20221213,2054,1,37,3,Renewal,24535.58,2585.5,2022-12-13,2023-12-13,True,False
3227,POL003227,20260301,2377,1,40,4,New Business,44331.54,3762.03,2026-03-01,2027-03-01,False,False
3228,POL003228,20250813,2695,9,39,1,New Business,63132.7,5421.31,2025-08-13,2026-08-13,False,False
3229,POL003229,20230630,2295,3,36,5,Renewal,103497.67,9822.29,2023-06-30,2024-06-29,True,False
3230,POL003230,20240822,186,1,15,3,New Business,20715.86,1821.84,2024-08-22,2025-08-22,False,False
3231,POL003231,20241106,286,1,34,2,New Business,108997.33,5639.81,2024-11-06,2025-11-06,False,False
3232,POL003232,20240816,2304,9,7,5,New Business,252808.91,13041.25,2024-08-16,2025-08-16,False,False
3233,POL003233,20251027,352,2,15,3,New Business,37826.09,2419.45,2025-10-27,2026-10-27,False,False
3234,POL003234,20251113,2406,3,1,1,New Business,49697.48,3707.32,2025-11-13,2026-11-13,False,False
3235,POL003235,20230920,1697,3,1,1,Renewal,104778.81,9273.54,2023-09-20,2024-09-19,True,False
3236,POL003236,20230130,1583,1,30,3,New Business,79798.34,5010.26,2023-01-30,2024-01-30,False,False
3237,POL003237,20250404,2157,3,14,2,New Business,45550.82,4390.36,2025-04-04,2026-04-04,False,False
3238,POL003238,20250716,1449,1,25,2,New Business,31228.11,2281.82,2025-07-16,2026-07-16,False,False
3239,POL003239,20250119,625,9,30,3,New Business,289205.56,14665.15,2025-01-19,2026-01-19,False,False
3240,POL003240,20250522,224,4,30,3,Renewal,105628.7,12683.78,2025-05-22,2026-05-22,True,False
3241,POL003241,20250706,1843,1,17,3,New Business,112692.2,7257.05,2025-07-06,2026-07-06,False,False
3242,POL003242,20250831,2152,4,29,3,New Business,465931.81,24128.02,2025-08-31,2026-08-31,False,False
3243,POL003243,20250405,437,1,15,3,New Business,165906.72,8449.09,2025-04-05,2026-04-05,False,False
3244,POL003244,20250906,365,4,12,2,Renewal,104311.43,8114.94,2025-09-06,2026-09-06,True,False
3245,POL003245,20220729,18,2,25,2,New Business,9222.75,920.99,2022-07-29,2023-07-29,False,False
3246,POL003246,20240511,1847,7,23,3,New Business,470683.53,53581.68,2024-05-11,2025-05-11,False,False
3247,POL003247,20240502,187,5,23,3,Renewal,4793947.84,247424.22,2024-05-02,2025-05-02,True,False
3248,POL003248,20240120,2808,1,3,2,New Business,38676.86,1937.97,2024-01-20,2025-01-19,False,False
3249,POL003249,20260110,2638,4,22,5,New Business,165314.89,9478.16,2026-01-10,2027-01-10,False,False
3250,POL003250,20250130,926,1,26,1,New Business,79541.84,4148.8,2025-01-30,2026-01-30,False,False
3251,POL003251,20230924,1151,1,29,3,New Business,27298.66,1915.34,2023-09-24,2024-09-23,False,False
3252,POL003252,20231028,1231,3,36,5,New Business,182391.92,11671.64,2023-10-28,2024-10-27,False,False
3253,POL003253,20230505,2126,4,38,1,New Business,211483.73,19177.14,2023-05-05,2024-05-04,False,False
3254,POL003254,20251113,50,1,16,4,New Business,61694.65,6649.36,2025-11-13,2026-11-13,False,False
3255,POL003255,20230827,1868,9,30,3,New Business,116298.52,13123.59,2023-08-27,2024-08-26,False,False
3256,POL003256,20220618,909,3,31,3,New Business,184736.06,9779.86,2022-06-18,2023-06-18,False,False
3257,POL003257,20220829,828,4,3,2,Renewal,106991.79,11580.25,2022-08-29,2023-08-29,True,False
3258,POL003258,20240327,303,9,29,3,New Business,297484.65,18093.18,2024-03-27,2025-03-27,False,False
3259,POL003259,20240307,214,3,3,2,New Business,55396.07,6687.51,2024-03-07,2025-03-07,False,False
3260,POL003260,20240118,1098,9,19,5,New Business,128698.97,6655.32,2024-01-18,2025-01-17,False,False
3261,POL003261,20240507,1369,8,38,1,Renewal,72019.41,6344.32,2024-05-07,2025-05-07,True,False
3262,POL003262,20241004,2727,1,34,2,New Business,70185.78,4750.07,2024-10-04,2025-10-04,False,False
3263,POL003263,20230630,2873,2,22,5,New Business,17443.36,1754.67,2023-06-30,2024-06-29,False,False
3264,POL003264,20250929,447,4,31,3,Renewal,118460.64,14241.2,2025-09-29,2026-09-29,True,False
3265,POL003265,20240504,960,1,24,1,New Business,65059.11,8117.02,2024-05-04,2025-05-04,False,False
3266,POL003266,20220907,227,9,20,4,Renewal,474377.74,27009.13,2022-09-07,2023-09-07,True,False
3267,POL003267,20240819,1576,4,26,1,Cancellation,207937.74,5761.41,2024-08-19,2025-08-19,False,True
3268,POL003268,20230117,2513,1,31,3,Renewal,74743.58,5546.28,2023-01-17,2024-01-17,True,False
3269,POL003269,20240425,1862,1,14,2,Cancellation,152144.44,3976.64,2024-04-25,2025-04-25,False,True
3270,POL003270,20230613,634,6,18,1,Renewal,192796.85,11605.96,2023-06-13,2024-06-12,True,False
3271,POL003271,20240828,804,1,36,5,Renewal,157286.17,8666.11,2024-08-28,2025-08-28,True,False
3272,POL003272,20250827,1350,2,16,4,Renewal,15609.04,1586.09,2025-08-27,2026-08-27,True,False
3273,POL003273,20240716,1590,3,36,5,Renewal,48373.75,5310.04,2024-07-16,2025-07-16,True,False
3274,POL003274,20230527,989,6,18,1,Renewal,242050.85,13837.51,2023-05-27,2024-05-26,True,False
3275,POL003275,20241121,1973,8,39,1,New Business,186664.77,9698.53,2024-11-21,2025-11-21,False,False
3276,POL003276,20260525,1497,3,24,1,Renewal,97263.67,10554.68,2026-05-25,2027-05-25,True,False
3277,POL003277,20231022,1309,8,30,3,Renewal,140562.15,14919.6,2023-10-22,2024-10-21,True,False
3278,POL003278,20260102,1592,6,9,5,New Business,405304.56,31867.53,2026-01-02,2027-01-02,False,False
3279,POL003279,20231007,2283,8,40,4,New Business,247479.57,13360.74,2023-10-07,2024-10-06,False,False
3280,POL003280,20241014,1611,7,20,4,New Business,289785.3,16247.83,2024-10-14,2025-10-14,False,False
3281,POL003281,20240805,2442,3,29,3,New Business,173783.77,9021.14,2024-08-05,2025-08-05,False,False
3282,POL003282,20230108,2574,6,21,3,New Business,119620.86,14843.45,2023-01-08,2024-01-08,False,False
3283,POL003283,20231204,2455,8,16,4,New Business,36156.14,3771.04,2023-12-04,2024-12-03,False,False
3284,POL003284,20240703,406,6,35,4,Cancellation,112773.3,4183.01,2024-07-03,2025-07-03,False,True
3285,POL003285,20251208,1484,9,21,3,New Business,503909.69,27987.19,2025-12-08,2026-12-08,False,False
3286,POL003286,20230106,1349,5,2,3,Renewal,393937.39,39067.08,2023-01-06,2024-01-06,True,False
3287,POL003287,20220908,30,9,4,5,Renewal,132628.25,7620.01,2022-09-08,2023-09-08,True,False
3288,POL003288,20240315,456,8,4,5,New Business,113756.24,9542.96,2024-03-15,2025-03-15,False,False
3289,POL003289,20260204,289,1,38,1,Renewal,123058.7,8347.39,2026-02-04,2027-02-04,True,False
3290,POL003290,20240416,2554,7,33,2,New Business,734771.55,37932.1,2024-04-16,2025-04-16,False,False
3291,POL003291,20250518,5,8,4,5,Renewal,60559.11,4127.39,2025-05-18,2026-05-18,True,False
3292,POL003292,20240224,792,1,34,2,Renewal,59333.46,3710.17,2024-02-24,2025-02-23,True,False
3293,POL003293,20250625,2347,2,40,4,New Business,35278.85,2182.45,2025-06-25,2026-06-25,False,False
3294,POL003294,20241018,2904,9,36,5,Renewal,349563.97,25447.16,2024-10-18,2025-10-18,True,False
3295,POL003295,20230316,894,1,5,4,New Business,106886.69,6687.22,2023-03-16,2024-03-15,False,False
3296,POL003296,20241016,2023,3,30,3,Cancellation,107986.88,5882.23,2024-10-16,2025-10-16,False,True
3297,POL003297,20250422,1487,8,21,3,Renewal,127893.49,14463.52,2025-04-22,2026-04-22,True,False
3298,POL003298,20240516,295,1,34,2,Renewal,98174.91,5293.75,2024-05-16,2025-05-16,True,False
3299,POL003299,20240827,874,1,6,1,Renewal,55923.62,2823.2,2024-08-27,2025-08-27,True,False
3300,POL003300,20251207,498,8,31,3,New Business,42219.14,2696.52,2025-12-07,2026-12-07,False,False
3301,POL003301,20250323,2941,5,15,3,Renewal,1424409.77,144368.47,2025-03-23,2026-03-23,True,False
3302,POL003302,20230729,477,2,28,4,Renewal,17738.22,1355.85,2023-07-29,2024-07-28,True,False
3303,POL003303,20260626,2563,1,40,4,Renewal,54433.94,4198.23,2026-06-26,2027-06-26,True,False
3304,POL003304,20230122,1122,3,1,1,Renewal,57198.4,5855.63,2023-01-22,2024-01-22,True,False
3305,POL003305,20221112,2730,7,5,4,Renewal,1303687.48,77553.95,2022-11-12,2023-11-12,True,False
3306,POL003306,20240727,1407,5,9,5,Renewal,271693.58,18862.47,2024-07-27,2025-07-27,True,False
3307,POL003307,20240915,2602,8,26,1,Renewal,244224.75,12895.94,2024-09-15,2025-09-15,True,False
3308,POL003308,20240128,2468,1,16,4,Renewal,90829.2,8167.77,2024-01-28,2025-01-27,True,False
3309,POL003309,20240824,2326,8,21,3,Renewal,81347.51,8146.98,2024-08-24,2025-08-24,True,False
3310,POL003310,20240309,758,1,40,4,New Business,62655.07,5651.14,2024-03-09,2025-03-09,False,False
3311,POL003311,20231127,2131,2,18,1,Renewal,11254.02,1024.98,2023-11-27,2024-11-26,True,False
3312,POL003312,20230108,2580,9,28,4,Renewal,159690.36,9530.48,2023-01-08,2024-01-08,True,False
3313,POL003313,20241127,463,3,8,5,New Business,143687.05,8258.9,2024-11-27,2025-11-27,False,False
3314,POL003314,20231016,190,1,28,4,New Business,112671.58,7383.46,2023-10-16,2024-10-15,False,False
3315,POL003315,20260713,1313,3,36,5,Renewal,36701.44,4067.96,2026-07-13,2027-07-13,True,False
3316,POL003316,20241214,2878,2,23,3,Renewal,15373.25,965.71,2024-12-14,2025-12-14,True,False
3317,POL003317,20241018,2623,6,25,2,Renewal,83362.48,8333.92,2024-10-18,2025-10-18,True,False
3318,POL003318,20250321,1962,3,40,4,New Business,186333.45,9772.29,2025-03-21,2026-03-21,False,False
3319,POL003319,20230729,2819,4,10,4,New Business,376730.14,22482.19,2023-07-29,2024-07-28,False,False
3320,POL003320,20240417,965,9,30,3,New Business,186504.43,14402.47,2024-04-17,2025-04-17,False,False
3321,POL003321,20240703,1626,8,26,1,Renewal,49600.55,4680.9,2024-07-03,2025-07-03,True,False
3322,POL003322,20260402,2084,1,20,4,New Business,42920.58,2444.83,2026-04-02,2027-04-02,False,False
3323,POL003323,20250528,1309,1,23,3,Renewal,99180.61,6579.91,2025-05-28,2026-05-28,True,False
3324,POL003324,20220726,1919,9,15,3,Renewal,399740.79,20351.27,2022-07-26,2023-07-26,True,False
3325,POL003325,20250123,802,8,39,1,Renewal,270269.71,13704.7,2025-01-23,2026-01-23,True,False
3326,POL003326,20250521,1294,8,23,3,New Business,277335.78,14193.2,2025-05-21,2026-05-21,False,False
3327,POL003327,20250529,1044,8,29,3,New Business,89295.79,9895.3,2025-05-29,2026-05-29,False,False
3328,POL003328,20260105,2767,1,14,2,Cancellation,52897.04,887.18,2026-01-05,2027-01-05,False,True
3329,POL003329,20230917,2162,1,28,4,New Business,32157.44,2622.58,2023-09-17,2024-09-16,False,False
3330,POL003330,20230806,1897,9,28,4,New Business,54770.48,5519.13,2023-08-06,2024-08-05,False,False
3331,POL003331,20240823,1195,9,11,1,New Business,45459.14,5432.79,2024-08-23,2025-08-23,False,False
3332,POL003332,20241007,176,1,24,1,New Business,68402.86,6223.57,2024-10-07,2025-10-07,False,False
3333,POL003333,20251212,2082,7,10,4,Renewal,600344.13,60073.22,2025-12-12,2026-12-12,True,False
3334,POL003334,20260626,2612,1,36,5,New Business,51049.1,3754.7,2026-06-26,2027-06-26,False,False
3335,POL003335,20240723,702,9,8,5,New Business,216902.22,15878.13,2024-07-23,2025-07-23,False,False
3336,POL003336,20260808,2150,6,13,3,New Business,55010.84,3517.29,2026-08-08,2027-08-08,False,False
3337,POL003337,20251126,1749,1,23,3,Renewal,38749.75,3373.27,2025-11-26,2026-11-26,True,False
3338,POL003338,20230811,754,2,1,1,Renewal,17326.31,2144.61,2023-08-11,2024-08-10,True,False
3339,POL003339,20251221,93,4,36,5,New Business,271142.2,18651.56,2025-12-21,2026-12-21,False,False
3340,POL003340,20251030,2759,1,5,4,Renewal,86420.09,5206.77,2025-10-30,2026-10-30,True,False
3341,POL003341,20250714,2860,3,28,4,Renewal,73538.57,6995.62,2025-07-14,2026-07-14,True,False
3342,POL003342,20250604,272,2,11,1,Renewal,38864.08,2317.76,2025-06-04,2026-06-04,True,False
3343,POL003343,20221012,375,2,2,3,New Business,17060.29,1380.15,2022-10-12,2023-10-12,False,False
3344,POL003344,20240203,2103,1,8,5,Renewal,111954.26,6883.72,2024-02-03,2025-02-02,True,False
3345,POL003345,20240520,2909,7,9,5,New Business,1337529.62,72199.92,2024-05-20,2025-05-20,False,False
3346,POL003346,20240621,196,1,1,1,New Business,61833.53,7606.7,2024-06-21,2025-06-21,False,False
3347,POL003347,20240413,529,3,16,4,New Business,83627.99,8496.63,2024-04-13,2025-04-13,False,False
3348,POL003348,20260517,946,5,1,1,Renewal,666387.06,64793.34,2026-05-17,2027-05-17,True,False
3349,POL003349,20240428,584,1,18,1,New Business,89508.13,6638.71,2024-04-28,2025-04-28,False,False
3350,POL003350,20251014,2353,8,8,5,Cancellation,86520.87,858.52,2025-10-14,2026-10-14,False,True
3351,POL003351,20240909,124,9,39,1,New Business,267612.97,20606.99,2024-09-09,2025-09-09,False,False
3352,POL003352,20240328,508,2,28,4,Renewal,40170.87,2306.72,2024-03-28,2025-03-28,True,False
3353,POL003353,20250812,2287,4,31,3,Renewal,118854.5,10187.6,2025-08-12,2026-08-12,True,False
3354,POL003354,20260112,6,1,17,3,New Business,37599.35,1987.43,2026-01-12,2027-01-12,False,False
3355,POL003355,20250323,78,1,25,2,New Business,83981.99,6617.15,2025-03-23,2026-03-23,False,False
3356,POL003356,20240826,18,4,2,3,Renewal,60013.79,5241.96,2024-08-26,2025-08-26,True,False
3357,POL003357,20260311,1357,7,36,5,New Business,863209.09,72232.81,2026-03-11,2027-03-11,False,False
3358,POL003358,20250420,2007,5,27,1,New Business,944094.89,63102.54,2025-04-20,2026-04-20,False,False
3359,POL003359,20230824,2840,2,11,1,Renewal,24874.36,1654.3,2023-08-24,2024-08-23,True,False
3360,POL003360,20240228,488,2,23,3,New Business,34592.12,1941.48,2024-02-28,2025-02-27,False,False
3361,POL003361,20250513,1671,5,40,4,Renewal,1524728.58,92627.01,2025-05-13,2026-05-13,True,False
3362,POL003362,20260403,2945,1,13,3,New Business,54368.95,3014.22,2026-04-03,2027-04-03,False,False
3363,POL003363,20250909,1526,6,11,1,Renewal,51714.16,3161.83,2025-09-09,2026-09-09,True,False
3364,POL003364,20250206,2264,1,4,5,New Business,43009.83,2382.89,2025-02-06,2026-02-06,False,False
3365,POL003365,20240526,1868,1,29,3,Renewal,52581.23,4859.57,2024-05-26,2025-05-26,True,False
3366,POL003366,20240328,235,9,20,4,Renewal,156634.54,12184.62,2024-03-28,2025-03-28,True,False
3367,POL003367,20230927,2771,9,13,3,Renewal,75474.24,8816.39,2023-09-27,2024-09-26,True,False
3368,POL003368,20250708,475,1,22,5,Renewal,146261.73,8214.71,2025-07-08,2026-07-08,True,False
3369,POL003369,20251001,2810,2,28,4,Renewal,22998.71,1696.56,2025-10-01,2026-10-01,True,False
3370,POL003370,20240222,2262,6,35,4,New Business,231394.47,27272.54,2024-02-22,2025-02-21,False,False
3371,POL003371,20250819,1824,1,18,1,Renewal,40685.72,4947.09,2025-08-19,2026-08-19,True,False
3372,POL003372,20240109,1044,1,23,3,Renewal,89101.67,6186.0,2024-01-09,2025-01-08,True,False
3373,POL003373,20240204,29,8,38,1,Renewal,111255.46,6166.73,2024-02-04,2025-02-03,True,False
3374,POL003374,20230305,1268,3,9,5,New Business,207508.68,10427.65,2023-03-05,2024-03-04,False,False
3375,POL003375,20230905,2878,1,22,5,Cancellation,152802.93,3819.41,2023-09-05,2024-09-04,False,True
3376,POL003376,20240513,742,2,3,2,New Business,31364.92,1790.09,2024-05-13,2025-05-13,False,False
3377,POL003377,20250917,1815,4,21,3,Renewal,353173.42,23242.72,2025-09-17,2026-09-17,True,False
3378,POL003378,20241203,362,9,7,5,Renewal,141289.64,8109.35,2024-12-03,2025-12-03,True,False
3379,POL003379,20251130,2246,9,15,3,New Business,69719.44,5976.6,2025-11-30,2026-11-30,False,False
3380,POL003380,20260316,1687,2,10,4,Renewal,11476.52,1043.19,2026-03-16,2027-03-16,True,False
3381,POL003381,20221005,2797,7,7,5,New Business,825473.5,65158.73,2022-10-05,2023-10-05,False,False
3382,POL003382,20230111,1461,4,34,2,Renewal,394724.0,20842.12,2023-01-11,2024-01-11,True,False
3383,POL003383,20241224,447,1,23,3,Renewal,56436.48,2883.66,2024-12-24,2025-12-24,True,False
3384,POL003384,20251102,841,1,13,3,New Business,79496.64,5574.7,2025-11-02,2026-11-02,False,False
3385,POL003385,20240617,249,7,1,1,Cancellation,765288.12,24347.41,2024-06-17,2025-06-17,False,True
3386,POL003386,20240510,289,6,9,5,Renewal,438357.6,28050.51,2024-05-10,2025-05-10,True,False
3387,POL003387,20250917,2404,8,40,4,Renewal,85974.9,10634.68,2025-09-17,2026-09-17,True,False
3388,POL003388,20250916,2031,9,18,1,New Business,70412.52,7595.8,2025-09-16,2026-09-16,False,False
3389,POL003389,20230228,1010,1,37,3,Renewal,73908.38,4716.97,2023-02-28,2024-02-28,True,False
3390,POL003390,20231216,2435,4,9,5,Renewal,310742.33,19918.34,2023-12-16,2024-12-15,True,False
3391,POL003391,20241018,2851,9,26,1,Cancellation,502759.75,14013.48,2024-10-18,2025-10-18,False,True
3392,POL003392,20240720,2134,1,32,1,Renewal,166127.12,8939.67,2024-07-20,2025-07-20,True,False
3393,POL003393,20250323,597,6,33,2,New Business,148844.84,9473.02,2025-03-23,2026-03-23,False,False
3394,POL003394,20250316,2519,9,33,2,New Business,288285.48,18218.78,2025-03-16,2026-03-16,False,False
3395,POL003395,20220824,1058,4,16,4,Cancellation,317004.19,10443.51,2022-08-24,2023-08-24,False,True
3396,POL003396,20250411,2329,1,1,1,Renewal,62130.3,4553.95,2025-04-11,2026-04-11,True,False
3397,POL003397,20260407,1166,3,40,4,Renewal,162245.15,10576.17,2026-04-07,2027-04-07,True,False
3398,POL003398,20250225,2982,7,20,4,Renewal,836170.54,71153.79,2025-02-25,2026-02-25,True,False
3399,POL003399,20231202,2632,6,17,3,Renewal,249521.12,21296.59,2023-12-02,2024-12-01,True,False
3400,POL003400,20260710,178,1,29,3,New Business,34684.73,1838.33,2026-07-10,2027-07-10,False,False
3401,POL003401,20220519,1746,1,9,5,New Business,108061.11,6262.88,2022-05-19,2023-05-19,False,False
3402,POL003402,20250317,2680,2,15,3,New Business,33469.95,2493.46,2025-03-17,2026-03-17,False,False
3403,POL003403,20250521,2327,2,7,5,Renewal,10260.78,1225.62,2025-05-21,2026-05-21,True,False
3404,POL003404,20221203,1062,8,16,4,New Business,179626.81,11349.31,2022-12-03,2023-12-03,False,False
3405,POL003405,20220804,2504,3,34,2,New Business,123455.38,7954.55,2022-08-04,2023-08-04,False,False
3406,POL003406,20231110,2326,6,4,5,Renewal,261403.76,17116.94,2023-11-10,2024-11-09,True,False
3407,POL003407,20241003,1758,7,24,1,Renewal,82066.32,6972.08,2024-10-03,2025-10-03,True,False
3408,POL003408,20250418,914,3,32,1,New Business,46071.6,2880.93,2025-04-18,2026-04-18,False,False
3409,POL003409,20240213,296,8,25,2,Renewal,171014.48,14600.2,2024-02-13,2025-02-12,True,False
3410,POL003410,20251218,1256,8,3,2,Renewal,250570.58,12874.24,2025-12-18,2026-12-18,True,False
3411,POL003411,20250319,1814,1,7,5,Renewal,115297.34,6376.23,2025-03-19,2026-03-19,True,False
3412,POL003412,20250524,1589,3,7,5,Renewal,169481.47,10440.56,2025-05-24,2026-05-24,True,False
3413,POL003413,20240811,1296,8,2,3,Renewal,16082.9,2002.51,2024-08-11,2025-08-11,True,False
3414,POL003414,20240728,893,3,25,2,Renewal,56734.12,5799.05,2024-07-28,2025-07-28,True,False
3415,POL003415,20250915,2915,1,33,2,New Business,32507.14,3981.84,2025-09-15,2026-09-15,False,False
3416,POL003416,20240728,1675,8,38,1,Renewal,111364.9,9218.33,2024-07-28,2025-07-28,True,False
3417,POL003417,20250715,1365,9,3,2,Renewal,292325.2,27344.39,2025-07-15,2026-07-15,True,False
3418,POL003418,20250717,567,7,26,1,New Business,383340.91,38707.76,2025-07-17,2026-07-17,False,False
3419,POL003419,20240405,2845,1,22,5,Renewal,68120.55,5966.63,2024-04-05,2025-04-05,True,False
3420,POL003420,20241001,1076,3,39,1,Renewal,94814.77,9240.76,2024-10-01,2025-10-01,True,False
3421,POL003421,20260304,1007,9,18,1,Renewal,91925.2,10330.95,2026-03-04,2027-03-04,True,False
3422,POL003422,20250618,2509,3,22,5,Renewal,115422.88,7683.63,2025-06-18,2026-06-18,True,False
3423,POL003423,20250903,1286,6,24,1,New Business,250023.94,18633.73,2025-09-03,2026-09-03,False,False
3424,POL003424,20250802,610,9,3,2,New Business,261827.65,27965.41,2025-08-02,2026-08-02,False,False
3425,POL003425,20250714,797,1,27,1,Cancellation,55119.3,2792.39,2025-07-14,2026-07-14,False,True
3426,POL003426,20250219,1123,2,31,3,Renewal,22241.06,2382.83,2025-02-19,2026-02-19,True,False
3427,POL003427,20250605,2257,1,37,3,New Business,116626.65,7311.07,2025-06-05,2026-06-05,False,False
3428,POL003428,20240806,2601,1,10,4,Renewal,89893.33,5354.29,2024-08-06,2025-08-06,True,False
3429,POL003429,20230604,1715,7,21,3,New Business,627455.48,37305.65,2023-06-04,2024-06-03,False,False
3430,POL003430,20240303,631,1,11,1,Renewal,82679.93,4380.11,2024-03-03,2025-03-03,True,False
3431,POL003431,20220804,971,4,2,3,New Business,113638.23,9836.7,2022-08-04,2023-08-04,False,False
3432,POL003432,20241115,2847,2,23,3,New Business,15790.54,1960.96,2024-11-15,2025-11-15,False,False
3433,POL003433,20250506,1515,1,21,3,Renewal,54296.92,4494.29,2025-05-06,2026-05-06,True,False
3434,POL003434,20230828,517,2,27,1,New Business,8898.2,741.89,2023-08-28,2024-08-27,False,False
3435,POL003435,20240710,2042,1,32,1,Renewal,96844.03,6342.7,2024-07-10,2025-07-10,True,False
3436,POL003436,20260212,887,6,15,3,Renewal,133239.86,9614.72,2026-02-12,2027-02-12,True,False
3437,POL003437,20250228,786,8,37,3,Renewal,117932.16,13492.46,2025-02-28,2026-02-28,True,False
3438,POL003438,20220501,1684,6,3,2,New Business,193509.89,19092.63,2022-05-01,2023-05-01,False,False
3439,POL003439,20260129,1001,7,26,1,Renewal,1087642.33,65322.01,2026-01-29,2027-01-29,True,False
3440,POL003440,20230409,583,9,28,4,Renewal,315598.12,21391.16,2023-04-09,2024-04-08,True,False
3441,POL003441,20250214,2809,1,12,2,New Business,95884.83,6491.51,2025-02-14,2026-02-14,False,False
3442,POL003442,20240707,1382,2,2,3,New Business,27018.22,2002.1,2024-07-07,2025-07-07,False,False
3443,POL003443,20240204,1769,4,30,3,New Business,267116.26,16037.6,2024-02-04,2025-02-03,False,False
3444,POL003444,20230830,2778,9,7,5,New Business,37738.7,4352.89,2023-08-30,2024-08-29,False,False
3445,POL003445,20260527,856,4,17,3,New Business,209752.2,24976.52,2026-05-27,2027-05-27,False,False
3446,POL003446,20260415,1949,3,11,1,Cancellation,120243.46,4432.54,2026-04-15,2027-04-15,False,True
3447,POL003447,20250608,794,4,16,4,Renewal,336422.86,18884.49,2025-06-08,2026-06-08,True,False
3448,POL003448,20250929,2602,4,5,4,Renewal,72924.7,7373.12,2025-09-29,2026-09-29,True,False
3449,POL003449,20260131,2658,9,40,4,New Business,103923.9,12943.03,2026-01-31,2027-01-31,False,False
3450,POL003450,20230920,102,2,31,3,New Business,24777.94,2458.12,2023-09-20,2024-09-19,False,False
3451,POL003451,20221212,228,2,36,5,New Business,16256.96,1668.44,2022-12-12,2023-12-12,False,False
3452,POL003452,20260116,1898,1,29,3,Renewal,52698.63,5175.68,2026-01-16,2027-01-16,True,False
3453,POL003453,20250603,1293,7,19,5,Renewal,802469.03,67492.19,2025-06-03,2026-06-03,True,False
3454,POL003454,20230721,2194,6,29,3,Renewal,163757.82,8762.74,2023-07-21,2024-07-20,True,False
3455,POL003455,20250621,255,9,26,1,New Business,296598.37,29943.24,2025-06-21,2026-06-21,False,False
3456,POL003456,20230720,2842,6,2,3,Cancellation,102108.38,948.79,2023-07-20,2024-07-19,False,True
3457,POL003457,20241225,2267,9,4,5,Cancellation,240008.27,9766.22,2024-12-25,2025-12-25,False,True
3458,POL003458,20240928,2375,2,21,3,New Business,17239.71,928.24,2024-09-28,2025-09-28,False,False
3459,POL003459,20231113,54,3,37,3,New Business,159103.11,9754.15,2023-11-13,2024-11-12,False,False
3460,POL003460,20230616,1748,1,17,3,Renewal,60010.15,3673.2,2023-06-16,2024-06-15,True,False
3461,POL003461,20230405,1404,1,12,2,New Business,48987.52,4617.01,2023-04-05,2024-04-04,False,False
3462,POL003462,20250823,2847,4,17,3,Renewal,244424.54,16776.5,2025-08-23,2026-08-23,True,False
3463,POL003463,20251003,58,3,29,3,New Business,72697.11,4442.9,2025-10-03,2026-10-03,False,False
3464,POL003464,20260106,1707,4,21,3,Renewal,324364.57,24030.96,2026-01-06,2027-01-06,True,False
3465,POL003465,20260119,1778,8,6,1,New Business,81512.81,5300.66,2026-01-19,2027-01-19,False,False
3466,POL003466,20260509,1859,3,10,4,Renewal,87235.37,8846.72,2026-05-09,2027-05-09,True,False
3467,POL003467,20250125,2453,3,9,5,Renewal,40401.62,2033.62,2025-01-25,2026-01-25,True,False
3468,POL003468,20230604,2815,8,5,4,Renewal,49904.24,2923.39,2023-06-04,2024-06-03,True,False
3469,POL003469,20241014,1793,1,2,3,New Business,31278.59,3021.94,2024-10-14,2025-10-14,False,False
3470,POL003470,20250606,2644,3,34,2,Cancellation,96890.77,3386.8,2025-06-06,2026-06-06,False,True
3471,POL003471,20250626,2224,6,33,2,New Business,68244.51,6552.41,2025-06-26,2026-06-26,False,False
3472,POL003472,20241225,2627,6,26,1,New Business,107075.9,5355.54,2024-12-25,2025-12-25,False,False
3473,POL003473,20260328,2365,9,24,1,Renewal,209741.21,21551.39,2026-03-28,2027-03-28,True,False
3474,POL003474,20260609,782,4,8,5,Renewal,201028.24,11734.33,2026-06-09,2027-06-09,True,False
3475,POL003475,20250124,547,9,36,5,Renewal,168691.7,15535.21,2025-01-24,2026-01-24,True,False
3476,POL003476,20251031,2809,2,18,1,New Business,18999.95,1485.89,2025-10-31,2026-10-31,False,False
3477,POL003477,20260509,2363,1,39,1,New Business,73538.76,4774.73,2026-05-09,2027-05-09,False,False
3478,POL003478,20260419,2279,6,2,3,Renewal,252273.18,31403.99,2026-04-19,2027-04-19,True,False
3479,POL003479,20230306,1931,6,1,1,Renewal,332661.5,19169.89,2023-03-06,2024-03-05,True,False
3480,POL003480,20251101,1991,6,7,5,New Business,142572.05,16826.8,2025-11-01,2026-11-01,False,False
3481,POL003481,20250118,424,3,4,5,Renewal,125497.09,10986.56,2025-01-18,2026-01-18,True,False
3482,POL003482,20241001,922,2,28,4,Cancellation,13460.77,419.65,2024-10-01,2025-10-01,False,True
3483,POL003483,20241111,1856,4,10,4,Renewal,106492.25,9240.87,2024-11-11,2025-11-11,True,False
3484,POL003484,20260405,220,1,21,3,Cancellation,80193.55,4963.56,2026-04-05,2027-04-05,False,True
3485,POL003485,20260420,3,4,4,5,Renewal,111017.23,12891.06,2026-04-20,2027-04-20,True,False
3486,POL003486,20240719,2275,1,24,1,New Business,85529.05,8452.05,2024-07-19,2025-07-19,False,False
3487,POL003487,20250521,609,2,23,3,Renewal,26361.77,1783.11,2025-05-21,2026-05-21,True,False
3488,POL003488,20251119,2568,1,15,3,Renewal,87012.45,5645.29,2025-11-19,2026-11-19,True,False
3489,POL003489,20220426,49,1,12,2,Renewal,113367.12,6085.73,2022-04-26,2023-04-26,True,False
3490,POL003490,20260105,2558,2,39,1,Renewal,27664.68,1753.03,2026-01-05,2027-01-05,True,False
3491,POL003491,20240901,2679,6,22,5,Renewal,288682.85,15674.06,2024-09-01,2025-09-01,True,False
3492,POL003492,20260410,2438,3,29,3,Renewal,91395.65,8268.96,2026-04-10,2027-04-10,True,False
3493,POL003493,20250319,1420,7,10,4,New Business,1285927.05,79681.12,2025-03-19,2026-03-19,False,False
3494,POL003494,20240114,1057,4,11,1,New Business,184600.91,20509.92,2024-01-14,2025-01-13,False,False
3495,POL003495,20240218,1431,2,14,2,Renewal,11467.11,1353.5,2024-02-18,2025-02-17,True,False
3496,POL003496,20240316,2786,8,24,1,New Business,90223.36,4805.03,2024-03-16,2025-03-16,False,False
3497,POL003497,20250630,1879,1,40,4,Renewal,65086.88,3533.34,2025-06-30,2026-06-30,True,False
3498,POL003498,20250331,1620,7,37,3,Renewal,703490.53,43316.45,2025-03-31,2026-03-31,True,False
3499,POL003499,20240401,2186,3,8,5,Renewal,144540.42,7685.82,2024-04-01,2025-04-01,True,False
3500,POL003500,20241208,20,7,34,2,New Business,234790.15,16822.57,2024-12-08,2025-12-08,False,False
3501,POL003501,20260215,1876,1,20,4,Renewal,46841.41,5473.97,2026-02-15,2027-02-15,True,False
3502,POL003502,20260116,1222,2,40,4,Renewal,34266.03,2414.03,2026-01-16,2027-01-16,True,False
3503,POL003503,20241019,1118,1,38,1,Renewal,127096.64,8959.24,2024-10-19,2025-10-19,True,False
3504,POL003504,20240821,1383,1,33,2,New Business,73002.87,6404.38,2024-08-21,2025-08-21,False,False
3505,POL003505,20250222,1457,1,29,3,New Business,56909.8,4755.0,2025-02-22,2026-02-22,False,False
3506,POL003506,20241128,2366,4,36,5,Renewal,151541.45,14868.83,2024-11-28,2025-11-28,True,False
3507,POL003507,20240901,998,2,21,3,New Business,21360.5,1606.48,2024-09-01,2025-09-01,False,False
3508,POL003508,20250617,399,4,8,5,New Business,367698.53,18804.67,2025-06-17,2026-06-17,False,False
3509,POL003509,20230323,2123,9,24,1,Renewal,211722.89,11544.81,2023-03-23,2024-03-22,True,False
3510,POL003510,20241204,1026,9,27,1,Renewal,100698.36,5366.34,2024-12-04,2025-12-04,True,False
3511,POL003511,20230905,2738,4,21,3,Renewal,368836.08,20695.46,2023-09-05,2024-09-04,True,False
3512,POL003512,20231124,1463,1,37,3,New Business,29995.38,2142.38,2023-11-24,2024-11-23,False,False
3513,POL003513,20230730,2700,1,30,3,Renewal,85823.53,8266.0,2023-07-30,2024-07-29,True,False
3514,POL003514,20250812,2179,1,1,1,Renewal,16733.53,1973.62,2025-08-12,2026-08-12,True,False
3515,POL003515,20250326,2690,1,27,1,New Business,104843.43,8626.26,2025-03-26,2026-03-26,False,False
3516,POL003516,20260301,2029,9,9,5,New Business,446912.04,24530.34,2026-03-01,2027-03-01,False,False
3517,POL003517,20260326,672,2,37,3,Renewal,17098.14,918.64,2026-03-26,2027-03-26,True,False
3518,POL003518,20251201,2245,3,7,5,Renewal,61618.46,6358.4,2025-12-01,2026-12-01,True,False
3519,POL003519,20221019,1155,1,31,3,Cancellation,55060.41,2311.08,2022-10-19,2023-10-19,False,True
3520,POL003520,20250512,1250,2,25,2,New Business,8511.82,843.25,2025-05-12,2026-05-12,False,False
3521,POL003521,20231002,1867,1,7,5,Renewal,43069.78,2955.71,2023-10-02,2024-10-01,True,False
3522,POL003522,20250209,1944,1,12,2,New Business,92583.61,7036.64,2025-02-09,2026-02-09,False,False
3523,POL003523,20260610,2045,3,22,5,Renewal,179721.94,10151.45,2026-06-10,2027-06-10,True,False
3524,POL003524,20250707,591,2,40,4,Renewal,6492.35,638.31,2025-07-07,2026-07-07,True,False
3525,POL003525,20241121,1753,3,40,4,Cancellation,94935.13,2732.44,2024-11-21,2025-11-21,False,True
3526,POL003526,20230820,2220,4,34,2,Renewal,184466.22,13516.34,2023-08-20,2024-08-19,True,False
3527,POL003527,20230723,1350,2,33,2,New Business,27419.36,2042.71,2023-07-23,2024-07-22,False,False
3528,POL003528,20251113,284,2,16,4,New Business,6466.87,688.95,2025-11-13,2026-11-13,False,False
3529,POL003529,20260603,558,4,38,1,Cancellation,172107.19,2676.37,2026-06-03,2027-06-03,False,True
3530,POL003530,20260606,14,8,22,5,Cancellation,191216.73,6475.68,2026-06-06,2027-06-06,False,True
3531,POL003531,20251029,263,2,38,1,New Business,8295.42,662.44,2025-10-29,2026-10-29,False,False
3532,POL003532,20250723,2470,1,2,3,New Business,127735.0,7063.6,2025-07-23,2026-07-23,False,False
3533,POL003533,20240811,2163,8,19,5,Renewal,77145.16,5613.74,2024-08-11,2025-08-11,True,False
3534,POL003534,20260528,2945,1,23,3,New Business,49885.2,2618.17,2026-05-28,2027-05-28,False,False
3535,POL003535,20250523,1476,1,27,1,Renewal,56331.97,4392.44,2025-05-23,2026-05-23,True,False
3536,POL003536,20221225,2873,6,16,4,Renewal,91539.2,10467.33,2022-12-25,2023-12-25,True,False
3537,POL003537,20240812,1907,9,2,3,Renewal,314631.08,26168.11,2024-08-12,2025-08-12,True,False
3538,POL003538,20240921,124,1,21,3,Cancellation,16851.59,214.74,2024-09-21,2025-09-21,False,True
3539,POL003539,20231119,1842,6,20,4,New Business,334453.56,38735.5,2023-11-19,2024-11-18,False,False
3540,POL003540,20241209,2766,8,12,2,Renewal,137372.57,7244.21,2024-12-09,2025-12-09,True,False
3541,POL003541,20250703,2016,6,5,4,Renewal,293716.29,18793.18,2025-07-03,2026-07-03,True,False
3542,POL003542,20260611,1222,1,30,3,Renewal,56848.29,4649.89,2026-06-11,2027-06-11,True,False
3543,POL003543,20260207,257,1,7,5,New Business,46373.03,5199.95,2026-02-07,2027-02-07,False,False
3544,POL003544,20260102,59,4,32,1,Renewal,193699.93,18930.62,2026-01-02,2027-01-02,True,False
3545,POL003545,20230219,2211,8,4,5,Cancellation,109717.72,2190.87,2023-02-19,2024-02-19,False,True
3546,POL003546,20250202,1421,8,40,4,Renewal,109721.74,9161.84,2025-02-02,2026-02-02,True,False
3547,POL003547,20250602,949,2,23,3,Renewal,38304.85,2320.97,2025-06-02,2026-06-02,True,False
3548,POL003548,20260212,2142,2,2,3,New Business,15503.82,849.33,2026-02-12,2027-02-12,False,False
3549,POL003549,20230608,721,6,22,5,New Business,722536.76,37519.37,2023-06-08,2024-06-07,False,False
3550,POL003550,20240117,2144,9,35,4,New Business,283267.52,18874.44,2024-01-17,2025-01-16,False,False
3551,POL003551,20251019,1295,9,40,4,New Business,328378.88,21787.37,2025-10-19,2026-10-19,False,False
3552,POL003552,20241022,2155,6,20,4,New Business,138381.39,9871.68,2024-10-22,2025-10-22,False,False
3553,POL003553,20250630,2838,1,35,4,Cancellation,51240.64,451.63,2025-06-30,2026-06-30,False,True
3554,POL003554,20250326,994,1,6,1,Renewal,37254.7,2060.91,2025-03-26,2026-03-26,True,False
3555,POL003555,20250128,2527,1,35,4,Renewal,142081.85,7535.22,2025-01-28,2026-01-28,True,False
3556,POL003556,20221101,687,1,14,2,Renewal,114254.48,6008.47,2022-11-01,2023-11-01,True,False
3557,POL003557,20241130,1772,1,25,2,Renewal,41187.86,2084.2,2024-11-30,2025-11-30,True,False
3558,POL003558,20221013,1813,1,31,3,Renewal,28197.4,2926.8,2022-10-13,2023-10-13,True,False
3559,POL003559,20250818,2878,9,22,5,New Business,190344.92,19566.1,2025-08-18,2026-08-18,False,False
3560,POL003560,20240523,1552,3,2,3,Renewal,46255.01,4722.54,2024-05-23,2025-05-23,True,False
3561,POL003561,20250805,1979,3,29,3,Renewal,213669.19,11887.72,2025-08-05,2026-08-05,True,False
3562,POL003562,20260503,328,3,1,1,New Business,35681.17,2231.46,2026-05-03,2027-05-03,False,False
3563,POL003563,20240101,909,1,18,1,Renewal,63593.72,5228.24,2024-01-01,2024-12-31,True,False
3564,POL003564,20250923,2608,8,24,1,Renewal,21283.25,1758.15,2025-09-23,2026-09-23,True,False
3565,POL003565,20221225,791,3,9,5,Renewal,104176.32,5718.81,2022-12-25,2023-12-25,True,False
3566,POL003566,20260423,2640,3,3,2,New Business,137988.8,11530.68,2026-04-23,2027-04-23,False,False
3567,POL003567,20250423,1461,2,38,1,Renewal,19632.4,2248.65,2025-04-23,2026-04-23,True,False
3568,POL003568,20220317,1894,1,15,3,Renewal,47146.32,2941.07,2022-03-17,2023-03-17,True,False
3569,POL003569,20241017,2256,1,23,3,Renewal,126878.33,7159.66,2024-10-17,2025-10-17,True,False
3570,POL003570,20231201,93,9,20,4,Renewal,437767.01,25066.95,2023-12-01,2024-11-30,True,False
3571,POL003571,20260317,2978,1,10,4,New Business,66489.12,5516.39,2026-03-17,2027-03-17,False,False
3572,POL003572,20250808,2135,8,39,1,Renewal,193767.2,11811.98,2025-08-08,2026-08-08,True,False
3573,POL003573,20260504,2371,1,29,3,Renewal,168926.41,8533.03,2026-05-04,2027-05-04,True,False
3574,POL003574,20251115,1201,5,7,5,New Business,958696.91,69875.29,2025-11-15,2026-11-15,False,False
3575,POL003575,20240427,284,4,24,1,Renewal,280479.97,21482.99,2024-04-27,2025-04-27,True,False
3576,POL003576,20221215,1170,7,26,1,Renewal,1029296.36,76115.53,2022-12-15,2023-12-15,True,False
3577,POL003577,20221111,1407,3,25,2,Renewal,83523.88,7222.6,2022-11-11,2023-11-11,True,False
3578,POL003578,20260616,2110,9,17,3,Renewal,156228.76,11858.14,2026-06-16,2027-06-16,True,False
3579,POL003579,20250517,849,7,12,2,Renewal,991171.35,64015.94,2025-05-17,2026-05-17,True,False
3580,POL003580,20260402,2826,1,11,1,New Business,25957.63,1704.66,2026-04-02,2027-04-02,False,False
3581,POL003581,20230526,1906,2,29,3,New Business,16171.44,1016.38,2023-05-26,2024-05-25,False,False
3582,POL003582,20250917,663,3,16,4,Renewal,115266.87,10345.96,2025-09-17,2026-09-17,True,False
3583,POL003583,20250319,2429,2,18,1,Cancellation,15925.35,141.3,2025-03-19,2026-03-19,False,True
3584,POL003584,20250701,2606,2,36,5,Renewal,7900.96,754.2,2025-07-01,2026-07-01,True,False
3585,POL003585,20250331,2943,1,4,5,New Business,118174.08,6071.86,2025-03-31,2026-03-31,False,False
3586,POL003586,20250509,119,4,8,5,New Business,419062.1,21663.82,2025-05-09,2026-05-09,False,False
3587,POL003587,20250622,1540,3,10,4,Renewal,61369.54,5592.77,2025-06-22,2026-06-22,True,False
3588,POL003588,20230420,2559,3,4,5,New Business,221001.0,11849.04,2023-04-20,2024-04-19,False,False
3589,POL003589,20250731,311,7,3,2,Renewal,216824.63,26432.67,2025-07-31,2026-07-31,True,False
3590,POL003590,20250905,895,1,14,2,Renewal,56658.19,3138.53,2025-09-05,2026-09-05,True,False
3591,POL003591,20250219,1654,1,30,3,New Business,64334.68,4115.93,2025-02-19,2026-02-19,False,False
3592,POL003592,20250330,679,3,33,2,Renewal,56767.23,6413.99,2025-03-30,2026-03-30,True,False
3593,POL003593,20220428,1561,2,24,1,Renewal,25591.1,1607.42,2022-04-28,2023-04-28,True,False
3594,POL003594,20251022,2855,2,38,1,Renewal,27337.52,2366.93,2025-10-22,2026-10-22,True,False
3595,POL003595,20230917,1396,9,37,3,New Business,145619.37,9812.29,2023-09-17,2024-09-16,False,False
3596,POL003596,20250928,105,9,22,5,New Business,48422.01,3068.09,2025-09-28,2026-09-28,False,False
3597,POL003597,20240604,1585,6,9,5,Renewal,299610.76,19232.33,2024-06-04,2025-06-04,True,False
3598,POL003598,20250320,1231,3,33,2,New Business,93504.51,5005.3,2025-03-20,2026-03-20,False,False
3599,POL003599,20230325,305,8,36,5,New Business,168748.96,13900.6,2023-03-25,2024-03-24,False,False
3600,POL003600,20221029,1282,1,9,5,Renewal,76116.46,4771.1,2022-10-29,2023-10-29,True,False
3601,POL003601,20230611,253,2,30,3,Renewal,34564.6,1999.84,2023-06-11,2024-06-10,True,False
3602,POL003602,20240722,2051,5,11,1,Renewal,1024491.48,115219.23,2024-07-22,2025-07-22,True,False
3603,POL003603,20230809,395,5,5,4,Renewal,1116030.1,67567.8,2023-08-09,2024-08-08,True,False
3604,POL003604,20250513,1533,1,32,1,New Business,35368.39,3062.14,2025-05-13,2026-05-13,False,False
3605,POL003605,20260612,838,1,3,2,Renewal,95281.29,5963.38,2026-06-12,2027-06-12,True,False
3606,POL003606,20230117,1580,3,40,4,Renewal,32814.76,2420.19,2023-01-17,2024-01-17,True,False
3607,POL003607,20260218,2993,1,36,5,New Business,117823.42,6069.35,2026-02-18,2027-02-18,False,False
3608,POL003608,20220310,2986,1,24,1,Renewal,20701.92,1898.62,2022-03-10,2023-03-10,True,False
3609,POL003609,20250807,376,6,11,1,Renewal,126235.02,11059.51,2025-08-07,2026-08-07,True,False
3610,POL003610,20230310,40,9,12,2,Renewal,582660.88,29156.34,2023-03-10,2024-03-09,True,False
3611,POL003611,20231126,1187,3,2,3,Renewal,31529.08,3471.2,2023-11-26,2024-11-25,True,False
3612,POL003612,20260523,363,8,36,5,Cancellation,36673.97,1531.19,2026-05-23,2027-05-23,False,True
3613,POL003613,20221130,1959,1,37,3,New Business,75874.06,5120.33,2022-11-30,2023-11-30,False,False
3614,POL003614,20250722,1157,6,31,3,Renewal,54346.35,4925.1,2025-07-22,2026-07-22,True,False
3615,POL003615,20240419,2685,1,16,4,Cancellation,35749.15,911.28,2024-04-19,2025-04-19,False,True
3616,POL003616,20251009,2435,1,6,1,Cancellation,67525.05,784.68,2025-10-09,2026-10-09,False,True
3617,POL003617,20250107,2990,2,15,3,New Business,34347.18,2448.46,2025-01-07,2026-01-07,False,False
3618,POL003618,20250416,282,2,13,3,New Business,41735.39,2425.68,2025-04-16,2026-04-16,False,False
3619,POL003619,20240311,2835,5,12,2,Renewal,1532856.52,116742.57,2024-03-11,2025-03-11,True,False
3620,POL003620,20240901,761,2,32,1,New Business,34841.94,1953.83,2024-09-01,2025-09-01,False,False
3621,POL003621,20241120,478,1,10,4,New Business,28378.93,2842.13,2024-11-20,2025-11-20,False,False
3622,POL003622,20260222,2851,1,14,2,Renewal,166054.22,8333.05,2026-02-22,2027-02-22,True,False
3623,POL003623,20221204,1188,1,38,1,Renewal,106642.93,7241.91,2022-12-04,2023-12-04,True,False
3624,POL003624,20240805,2154,1,39,1,New Business,123962.97,8525.4,2024-08-05,2025-08-05,False,False
3625,POL003625,20230304,288,3,38,1,New Business,52554.25,4059.49,2023-03-04,2024-03-03,False,False
3626,POL003626,20260511,647,8,13,3,New Business,21491.79,1445.57,2026-05-11,2027-05-11,False,False
3627,POL003627,20240414,2418,6,3,2,Renewal,33923.85,3837.0,2024-04-14,2025-04-14,True,False
3628,POL003628,20250606,1315,1,26,1,Cancellation,138783.57,3718.34,2025-06-06,2026-06-06,False,True
3629,POL003629,20240319,621,1,15,3,Renewal,106132.77,5714.66,2024-03-19,2025-03-19,True,False
3630,POL003630,20260202,2004,5,4,5,Cancellation,764409.41,17697.67,2026-02-02,2027-02-02,False,True
3631,POL003631,20250817,284,6,31,3,New Business,444179.87,24273.33,2025-08-17,2026-08-17,False,False
3632,POL003632,20221019,2245,1,37,3,New Business,64179.33,6840.82,2022-10-19,2023-10-19,False,False
3633,POL003633,20250404,1963,3,19,5,New Business,154987.48,8727.91,2025-04-04,2026-04-04,False,False
3634,POL003634,20251209,980,1,14,2,Renewal,33274.07,4020.98,2025-12-09,2026-12-09,True,False
3635,POL003635,20260413,1020,8,18,1,Cancellation,71075.34,1808.03,2026-04-13,2027-04-13,False,True
3636,POL003636,20231112,2020,1,5,4,New Business,73700.93,5178.95,2023-11-12,2024-11-11,False,False
3637,POL003637,20240207,1413,7,4,5,Renewal,587524.98,42112.93,2024-02-07,2025-02-06,True,False
3638,POL003638,20230830,2881,2,10,4,New Business,24664.09,1346.59,2023-08-30,2024-08-29,False,False
3639,POL003639,20250530,927,3,5,4,Renewal,119609.68,7006.67,2025-05-30,2026-05-30,True,False
3640,POL003640,20240515,1616,1,2,3,Renewal,59048.32,3703.1,2024-05-15,2025-05-15,True,False
3641,POL003641,20240629,2064,9,5,4,New Business,528522.98,26870.81,2024-06-29,2025-06-29,False,False
3642,POL003642,20250321,225,6,21,3,Renewal,609632.82,37446.0,2025-03-21,2026-03-21,True,False
3643,POL003643,20250212,127,3,13,3,Renewal,87973.08,5912.18,2025-02-12,2026-02-12,True,False
3644,POL003644,20240829,843,2,4,5,Renewal,22767.24,1234.95,2024-08-29,2025-08-29,True,False
3645,POL003645,20240913,1415,1,39,1,Renewal,99872.59,7783.62,2024-09-13,2025-09-13,True,False
3646,POL003646,20250317,1626,4,26,1,Renewal,190540.19,17406.06,2025-03-17,2026-03-17,True,False
3647,POL003647,20220813,1016,6,14,2,Renewal,287567.98,33011.36,2022-08-13,2023-08-13,True,False
3648,POL003648,20260129,2791,3,21,3,Renewal,75744.14,9343.25,2026-01-29,2027-01-29,True,False
3649,POL003649,20230302,2030,1,5,4,New Business,67503.59,7865.1,2023-03-02,2024-03-01,False,False
3650,POL003650,20231027,1023,3,12,2,New Business,29398.34,2777.12,2023-10-27,2024-10-26,False,False
3651,POL003651,20260725,1664,1,22,5,Renewal,45660.01,2633.25,2026-07-25,2027-07-25,True,False
3652,POL003652,20240606,2851,2,35,4,Renewal,16348.09,1117.84,2024-06-06,2025-06-06,True,False
3653,POL003653,20260817,2667,5,11,1,New Business,1657823.8,137914.71,2026-08-17,2027-08-17,False,False
3654,POL003654,20220913,2367,6,32,1,New Business,218630.31,15293.98,2022-09-13,2023-09-13,False,False
3655,POL003655,20240606,2219,8,10,4,Renewal,143838.99,9848.67,2024-06-06,2025-06-06,True,False
3656,POL003656,20231030,1124,2,23,3,New Business,37588.17,2038.05,2023-10-30,2024-10-29,False,False
3657,POL003657,20260201,469,1,37,3,Cancellation,38678.96,1295.02,2026-02-01,2027-02-01,False,True
3658,POL003658,20230604,2128,9,11,1,Renewal,169094.96,15624.4,2023-06-04,2024-06-03,True,False
3659,POL003659,20230831,2298,3,14,2,Renewal,33043.57,2382.64,2023-08-31,2024-08-30,True,False
3660,POL003660,20250925,2305,2,13,3,New Business,16920.82,1554.33,2025-09-25,2026-09-25,False,False
3661,POL003661,20241203,1058,1,16,4,New Business,53224.21,4011.56,2024-12-03,2025-12-03,False,False
3662,POL003662,20220210,1693,3,27,1,Renewal,46607.05,4131.23,2022-02-10,2023-02-10,True,False
3663,POL003663,20240301,1965,3,18,1,New Business,90908.57,8440.39,2024-03-01,2025-03-01,False,False
3664,POL003664,20260109,534,7,3,2,New Business,435544.7,46995.53,2026-01-09,2027-01-09,False,False
3665,POL003665,20260321,691,2,37,3,Renewal,21700.88,1695.96,2026-03-21,2027-03-21,True,False
3666,POL003666,20220523,1468,1,33,2,New Business,101071.28,7140.6,2022-05-23,2023-05-23,False,False
3667,POL003667,20240621,1104,1,17,3,Renewal,78201.45,6287.07,2024-06-21,2025-06-21,True,False
3668,POL003668,20251211,462,1,20,4,Renewal,147061.94,8947.24,2025-12-11,2026-12-11,True,False
3669,POL003669,20230904,298,8,27,1,Renewal,28619.34,3038.42,2023-09-04,2024-09-03,True,False
3670,POL003670,20250228,128,2,13,3,Renewal,6245.27,700.65,2025-02-28,2026-02-28,True,False
3671,POL003671,20260621,682,3,26,1,Renewal,81198.67,9823.66,2026-06-21,2027-06-21,True,False
3672,POL003672,20240505,1392,2,18,1,New Business,19506.42,1597.89,2024-05-05,2025-05-05,False,False
3673,POL003673,20250917,1632,1,33,2,Cancellation,79826.24,3029.28,2025-09-17,2026-09-17,False,True
3674,POL003674,20250414,949,9,32,1,Renewal,61066.46,3074.28,2025-04-14,2026-04-14,True,False
3675,POL003675,20250603,813,8,19,5,Renewal,86471.19,5364.25,2025-06-03,2026-06-03,True,False
3676,POL003676,20220805,1290,5,18,1,Cancellation,4400589.91,67103.05,2022-08-05,2023-08-05,False,True
3677,POL003677,20250106,1737,2,2,3,New Business,38477.51,1932.6,2025-01-06,2026-01-06,False,False
3678,POL003678,20260719,380,8,39,1,Cancellation,183861.83,1974.39,2026-07-19,2027-07-19,False,True
3679,POL003679,20240907,614,3,15,3,Cancellation,53109.53,1669.73,2024-09-07,2025-09-07,False,True
3680,POL003680,20251020,2814,8,9,5,Renewal,219539.46,13877.69,2025-10-20,2026-10-20,True,False
3681,POL003681,20231007,1823,6,14,2,New Business,190906.24,13290.12,2023-10-07,2024-10-06,False,False
3682,POL003682,20220422,2696,3,4,5,Cancellation,32059.27,1184.47,2022-04-22,2023-04-22,False,True
3683,POL003683,20250404,2399,3,13,3,New Business,78191.47,4501.34,2025-04-04,2026-04-04,False,False
3684,POL003684,20240110,349,4,27,1,Renewal,427545.83,22642.31,2024-01-10,2025-01-09,True,False
3685,POL003685,20250815,465,1,5,4,New Business,115336.61,6537.49,2025-08-15,2026-08-15,False,False
3686,POL003686,20250908,79,8,16,4,New Business,178231.53,12435.67,2025-09-08,2026-09-08,False,False
3687,POL003687,20250211,1115,1,13,3,Renewal,50909.43,2606.13,2025-02-11,2026-02-11,True,False
3688,POL003688,20221005,139,8,1,1,Renewal,121154.09,12028.03,2022-10-05,2023-10-05,True,False
3689,POL003689,20260211,2337,3,22,5,Renewal,177918.43,11927.37,2026-02-11,2027-02-11,True,False
3690,POL003690,20241019,509,8,20,4,Renewal,162123.77,10717.5,2024-10-19,2025-10-19,True,False
3691,POL003691,20240404,1168,2,40,4,Renewal,13789.61,1050.0,2024-04-04,2025-04-04,True,False
3692,POL003692,20250722,567,2,6,1,Cancellation,11449.96,227.39,2025-07-22,2026-07-22,False,True
3693,POL003693,20240318,1449,6,28,4,New Business,44870.85,3704.19,2024-03-18,2025-03-18,False,False
3694,POL003694,20250812,50,3,8,5,New Business,161150.74,8409.64,2025-08-12,2026-08-12,False,False
3695,POL003695,20240903,2943,8,5,4,Renewal,151628.32,11347.77,2024-09-03,2025-09-03,True,False
3696,POL003696,20250306,1889,1,38,1,Renewal,101730.47,8912.16,2025-03-06,2026-03-06,True,False
3697,POL003697,20240314,2397,7,12,2,New Business,919886.8,57171.71,2024-03-14,2025-03-14,False,False
3698,POL003698,20240531,2915,8,14,2,Renewal,58431.01,3268.0,2024-05-31,2025-05-31,True,False
3699,POL003699,20240331,3000,3,33,2,Renewal,152243.22,9159.59,2024-03-31,2025-03-31,True,False
3700,POL003700,20260320,2800,6,3,2,New Business,381614.29,28607.9,2026-03-20,2027-03-20,False,False
3701,POL003701,20250604,424,3,9,5,Renewal,46755.35,3021.24,2025-06-04,2026-06-04,True,False
3702,POL003702,20240131,1384,5,29,3,New Business,1817995.16,204298.81,2024-01-31,2025-01-30,False,False
3703,POL003703,20250929,168,6,18,1,Renewal,581402.06,33532.95,2025-09-29,2026-09-29,True,False
3704,POL003704,20250815,1236,9,36,5,New Business,64244.43,3920.64,2025-08-15,2026-08-15,False,False
3705,POL003705,20231119,712,8,16,4,New Business,91145.35,7466.49,2023-11-19,2024-11-18,False,False
3706,POL003706,20260120,2220,1,13,3,Renewal,28309.55,2051.31,2026-01-20,2027-01-20,True,False
3707,POL003707,20260423,1933,6,23,3,Renewal,73052.11,4594.12,2026-04-23,2027-04-23,True,False
3708,POL003708,20260220,2273,4,8,5,Renewal,55239.41,6438.66,2026-02-20,2027-02-20,True,False
3709,POL003709,20250720,1335,1,25,2,New Business,32767.49,2431.52,2025-07-20,2026-07-20,False,False
3710,POL003710,20240420,393,6,6,1,New Business,165532.57,11242.05,2024-04-20,2025-04-20,False,False
3711,POL003711,20241030,2986,8,5,4,Renewal,87469.25,4757.99,2024-10-30,2025-10-30,True,False
3712,POL003712,20221123,154,9,34,2,Renewal,38522.37,3399.69,2022-11-23,2023-11-23,True,False
3713,POL003713,20241204,9,9,32,1,Renewal,223074.5,23606.13,2024-12-04,2025-12-04,True,False
3714,POL003714,20260329,489,9,5,4,New Business,384444.13,29997.33,2026-03-29,2027-03-29,False,False
3715,POL003715,20240912,2919,1,6,1,Cancellation,173434.62,4581.56,2024-09-12,2025-09-12,False,True
3716,POL003716,20250604,2362,1,30,3,New Business,58186.66,4998.35,2025-06-04,2026-06-04,False,False
3717,POL003717,20240225,1237,6,32,1,New Business,575732.74,34310.59,2024-02-25,2025-02-24,False,False
3718,POL003718,20260603,2115,7,35,4,Renewal,575418.2,33484.27,2026-06-03,2027-06-03,True,False
3719,POL003719,20240529,757,9,16,4,Renewal,192039.76,11527.45,2024-05-29,2025-05-29,True,False
3720,POL003720,20230815,1198,3,36,5,Renewal,53582.95,2726.11,2023-08-15,2024-08-14,True,False
3721,POL003721,20260508,20,3,4,5,Renewal,163917.71,11131.09,2026-05-08,2027-05-08,True,False
3722,POL003722,20230510,603,1,22,5,New Business,24550.99,2043.87,2023-05-10,2024-05-09,False,False
3723,POL003723,20260318,355,1,36,5,Renewal,43826.91,3000.36,2026-03-18,2027-03-18,True,False
3724,POL003724,20250802,680,1,26,1,Renewal,37970.51,1931.45,2025-08-02,2026-08-02,True,False
3725,POL003725,20260321,1676,1,26,1,New Business,38203.49,4639.53,2026-03-21,2027-03-21,False,False
3726,POL003726,20240213,1477,4,14,2,Renewal,163280.04,15432.76,2024-02-13,2025-02-12,True,False
3727,POL003727,20260318,1479,4,30,3,New Business,208684.73,17852.68,2026-03-18,2027-03-18,False,False
3728,POL003728,20251225,2739,7,34,2,New Business,482959.41,51925.49,2025-12-25,2026-12-25,False,False
3729,POL003729,20231216,57,6,13,3,Renewal,572619.24,33802.22,2023-12-16,2024-12-15,True,False
3730,POL003730,20230807,2432,1,2,3,Renewal,124779.45,7038.19,2023-08-07,2024-08-06,True,False
3731,POL003731,20260512,249,3,34,2,Renewal,199526.31,11721.83,2026-05-12,2027-05-12,True,False
3732,POL003732,20230531,2923,2,28,4,Renewal,14480.73,751.44,2023-05-31,2024-05-30,True,False
3733,POL003733,20260220,150,1,32,1,Renewal,78048.82,4451.36,2026-02-20,2027-02-20,True,False
3734,POL003734,20260418,2338,6,33,2,New Business,396373.78,28201.05,2026-04-18,2027-04-18,False,False
3735,POL003735,20260524,2755,4,28,4,Renewal,290599.71,24936.43,2026-05-24,2027-05-24,True,False
3736,POL003736,20250514,1677,3,12,2,Renewal,63859.34,5246.69,2025-05-14,2026-05-14,True,False
3737,POL003737,20230803,1174,8,18,1,Renewal,181347.98,14234.97,2023-08-03,2024-08-02,True,False
3738,POL003738,20230909,1750,3,31,3,New Business,149236.07,9255.65,2023-09-09,2024-09-08,False,False
3739,POL003739,20250319,2450,1,33,2,New Business,24524.65,2655.46,2025-03-19,2026-03-19,False,False
3740,POL003740,20250605,1112,9,32,1,Renewal,40455.83,3315.97,2025-06-05,2026-06-05,True,False
3741,POL003741,20250601,166,8,13,3,New Business,132769.39,7729.68,2025-06-01,2026-06-01,False,False
3742,POL003742,20250719,250,7,12,2,Renewal,627719.7,61816.2,2025-07-19,2026-07-19,True,False
3743,POL003743,20240405,925,4,4,5,New Business,403886.87,22262.68,2024-04-05,2025-04-05,False,False
3744,POL003744,20230210,1048,2,23,3,New Business,37686.22,1971.36,2023-02-10,2024-02-10,False,False
3745,POL003745,20260801,913,9,16,4,New Business,368768.63,19484.51,2026-08-01,2027-08-01,False,False
3746,POL003746,20251114,1891,7,17,3,Renewal,596124.75,70375.17,2025-11-14,2026-11-14,True,False
3747,POL003747,20260316,1373,2,6,1,Renewal,13035.46,1076.07,2026-03-16,2027-03-16,True,False
3748,POL003748,20240401,1114,5,30,3,New Business,2297480.6,167166.96,2024-04-01,2025-04-01,False,False
3749,POL003749,20240322,1404,1,36,5,New Business,118828.11,6940.62,2024-03-22,2025-03-22,False,False
3750,POL003750,20260312,102,4,4,5,Renewal,159583.24,12976.43,2026-03-12,2027-03-12,True,False
3751,POL003751,20230709,860,8,26,1,Renewal,139103.63,8085.15,2023-07-09,2024-07-08,True,False
3752,POL003752,20250131,856,4,13,3,New Business,67659.99,5120.44,2025-01-31,2026-01-31,False,False
3753,POL003753,20260129,1057,1,9,5,New Business,81143.71,4199.09,2026-01-29,2027-01-29,False,False
3754,POL003754,20260629,653,6,34,2,New Business,162498.11,16790.89,2026-06-29,2027-06-29,False,False
3755,POL003755,20260425,898,7,32,1,Renewal,797954.19,77964.33,2026-04-25,2027-04-25,True,False
3756,POL003756,20230416,852,7,7,5,New Business,817805.35,46154.26,2023-04-16,2024-04-15,False,False
3757,POL003757,20260127,2863,6,4,5,New Business,478582.72,29333.7,2026-01-27,2027-01-27,False,False
3758,POL003758,20241211,2683,2,14,2,New Business,37751.31,2013.04,2024-12-11,2025-12-11,False,False
3759,POL003759,20250915,1826,1,1,1,New Business,39399.01,3827.73,2025-09-15,2026-09-15,False,False
3760,POL003760,20240102,806,8,8,5,Renewal,83190.26,5757.56,2024-01-02,2025-01-01,True,False
3761,POL003761,20260630,863,8,35,4,New Business,159030.12,12440.28,2026-06-30,2027-06-30,False,False
3762,POL003762,20230616,338,7,9,5,New Business,194054.79,14018.88,2023-06-16,2024-06-15,False,False
3763,POL003763,20231220,52,4,18,1,Renewal,228563.42,17212.84,2023-12-20,2024-12-19,True,False
3764,POL003764,20251112,2912,4,24,1,Renewal,328012.85,20191.62,2025-11-12,2026-11-12,True,False
3765,POL003765,20251024,1725,1,37,3,Renewal,126580.86,8739.21,2025-10-24,2026-10-24,True,False
3766,POL003766,20230819,2673,8,25,2,New Business,149853.91,8265.61,2023-08-19,2024-08-18,False,False
3767,POL003767,20260419,1239,2,10,4,New Business,25782.72,1858.4,2026-04-19,2027-04-19,False,False
3768,POL003768,20230417,912,6,30,3,Renewal,49435.18,4999.46,2023-04-17,2024-04-16,True,False
3769,POL003769,20250325,1324,2,14,2,Renewal,26637.7,1712.94,2025-03-25,2026-03-25,True,False
3770,POL003770,20230419,2653,3,39,1,Renewal,108714.99,7574.99,2023-04-19,2024-04-18,True,False
3771,POL003771,20260310,1078,4,9,5,Renewal,148490.57,10119.91,2026-03-10,2027-03-10,True,False
3772,POL003772,20251126,2344,5,3,2,New Business,2974257.19,220613.25,2025-11-26,2026-11-26,False,False
3773,POL003773,20220702,1920,9,34,2,Renewal,246796.4,15297.96,2022-07-02,2023-07-02,True,False
3774,POL003774,20260802,1525,1,2,3,New Business,33877.39,3708.43,2026-08-02,2027-08-02,False,False
3775,POL003775,20250816,2383,3,27,1,Cancellation,132892.44,3702.88,2025-08-16,2026-08-16,False,True
3776,POL003776,20230225,2980,6,2,3,New Business,302503.67,37161.7,2023-02-25,2024-02-25,False,False
3777,POL003777,20251208,2660,3,34,2,New Business,120702.7,7518.95,2025-12-08,2026-12-08,False,False
3778,POL003778,20251126,2647,1,30,3,New Business,36204.65,3128.65,2025-11-26,2026-11-26,False,False
3779,POL003779,20241112,384,2,20,4,Renewal,26830.05,1797.77,2024-11-12,2025-11-12,True,False
3780,POL003780,20230725,1011,3,10,4,Renewal,89628.32,7286.56,2023-07-25,2024-07-24,True,False
3781,POL003781,20240812,2994,4,1,1,New Business,276657.49,23017.6,2024-08-12,2025-08-12,False,False
3782,POL003782,20260405,1924,2,25,2,New Business,11880.11,1286.01,2026-04-05,2027-04-05,False,False
3783,POL003783,20260122,1641,2,16,4,Cancellation,20239.1,308.81,2026-01-22,2027-01-22,False,True
3784,POL003784,20230608,1699,6,15,3,Renewal,119816.39,10807.85,2023-06-08,2024-06-07,True,False
3785,POL003785,20260818,2444,2,19,5,New Business,16266.41,1108.37,2026-08-18,2027-08-18,False,False
3786,POL003786,20250601,1172,2,27,1,New Business,26075.83,1503.42,2025-06-01,2026-06-01,False,False
3787,POL003787,20250610,813,5,5,4,Renewal,1212382.19,85604.66,2025-06-10,2026-06-10,True,False
3788,POL003788,20250505,220,1,10,4,Renewal,20742.49,2281.28,2025-05-05,2026-05-05,True,False
3789,POL003789,20240418,1916,6,14,2,New Business,383209.61,30626.1,2024-04-18,2025-04-18,False,False
3790,POL003790,20221231,688,6,23,3,Renewal,200892.59,12649.28,2022-12-31,2023-12-31,True,False
3791,POL003791,20250612,2949,3,12,2,New Business,105089.81,6271.56,2025-06-12,2026-06-12,False,False
3792,POL003792,20240917,2069,2,29,3,New Business,17418.35,1648.54,2024-09-17,2025-09-17,False,False
3793,POL003793,20251026,1746,9,26,1,New Business,94908.98,10369.78,2025-10-26,2026-10-26,False,False
3794,POL003794,20230710,2471,1,1,1,New Business,87317.89,6134.99,2023-07-10,2024-07-09,False,False
3795,POL003795,20250905,2979,2,2,3,Renewal,21836.9,2080.8,2025-09-05,2026-09-05,True,False
3796,POL003796,20260228,632,8,27,1,New Business,70199.01,3677.71,2026-02-28,2027-02-28,False,False
3797,POL003797,20260214,2285,3,37,3,Renewal,21003.65,2024.95,2026-02-14,2027-02-14,True,False
3798,POL003798,20240101,1464,3,40,4,New Business,166942.41,8661.83,2024-01-01,2024-12-31,False,False
3799,POL003799,20250223,1765,1,4,5,Renewal,78781.43,5116.9,2025-02-23,2026-02-23,True,False
3800,POL003800,20230809,811,1,32,1,New Business,78106.82,6018.4,2023-08-09,2024-08-08,False,False
3801,POL003801,20250705,2897,9,24,1,Renewal,409055.85,27806.64,2025-07-05,2026-07-05,True,False
3802,POL003802,20240623,1434,1,32,1,Renewal,82673.78,4983.57,2024-06-23,2025-06-23,True,False
3803,POL003803,20250917,2354,2,20,4,New Business,11539.58,828.69,2025-09-17,2026-09-17,False,False
3804,POL003804,20250805,958,1,35,4,Renewal,81387.76,5578.62,2025-08-05,2026-08-05,True,False
3805,POL003805,20260804,2915,1,21,3,New Business,66288.84,3430.99,2026-08-04,2027-08-04,False,False
3806,POL003806,20260107,1359,1,25,2,Renewal,150071.34,7889.9,2026-01-07,2027-01-07,True,False
3807,POL003807,20250618,784,1,29,3,Renewal,44222.66,2361.42,2025-06-18,2026-06-18,True,False
3808,POL003808,20240111,1813,7,6,1,Renewal,773827.11,40581.74,2024-01-11,2025-01-10,True,False
3809,POL003809,20260215,969,3,29,3,New Business,143978.44,8096.2,2026-02-15,2027-02-15,False,False
3810,POL003810,20230617,2484,2,26,1,Renewal,36517.83,2367.04,2023-06-17,2024-06-16,True,False
3811,POL003811,20221104,1619,3,11,1,Renewal,18912.09,2175.53,2022-11-04,2023-11-04,True,False
3812,POL003812,20221019,2096,1,37,3,Renewal,108127.8,6025.72,2022-10-19,2023-10-19,True,False
3813,POL003813,20250308,1611,2,39,1,Cancellation,22979.01,1300.68,2025-03-08,2026-03-08,False,True
3814,POL003814,20251012,952,2,23,3,New Business,8920.25,693.19,2025-10-12,2026-10-12,False,False
3815,POL003815,20240305,460,2,12,2,Renewal,22003.44,1355.53,2024-03-05,2025-03-05,True,False
3816,POL003816,20240715,964,2,33,2,Renewal,10277.44,1274.91,2024-07-15,2025-07-15,True,False
3817,POL003817,20250409,859,4,22,5,Renewal,115753.9,8880.04,2025-04-09,2026-04-09,True,False
3818,POL003818,20230113,1750,2,1,1,Cancellation,32723.16,281.16,2023-01-13,2024-01-13,False,True
3819,POL003819,20241110,1064,3,29,3,New Business,122597.18,9313.24,2024-11-10,2025-11-10,False,False
3820,POL003820,20250423,502,9,6,1,Renewal,33104.47,3234.39,2025-04-23,2026-04-23,True,False
3821,POL003821,20241104,1385,1,3,2,Cancellation,64896.73,2315.79,2024-11-04,2025-11-04,False,True
3822,POL003822,20250422,2863,6,21,3,Cancellation,58033.79,1208.67,2025-04-22,2026-04-22,False,True
3823,POL003823,20241123,2876,3,5,4,Renewal,159521.16,8469.27,2024-11-23,2025-11-23,True,False
3824,POL003824,20260123,1240,1,8,5,New Business,23972.33,1574.42,2026-01-23,2027-01-23,False,False
3825,POL003825,20250913,1528,1,9,5,Renewal,25226.45,1941.72,2025-09-13,2026-09-13,True,False
3826,POL003826,20230323,1643,6,1,1,New Business,270991.33,25371.12,2023-03-23,2024-03-22,False,False
3827,POL003827,20230923,2,2,2,3,New Business,9104.6,754.64,2023-09-23,2024-09-22,False,False
3828,POL003828,20251212,791,8,34,2,New Business,248966.9,12512.02,2025-12-12,2026-12-12,False,False
3829,POL003829,20250929,281,8,12,2,Renewal,180681.34,10192.0,2025-09-29,2026-09-29,True,False
3830,POL003830,20250609,388,8,35,4,New Business,80340.34,6428.57,2025-06-09,2026-06-09,False,False
3831,POL003831,20250717,2680,1,6,1,Renewal,29116.41,1904.15,2025-07-17,2026-07-17,True,False
3832,POL003832,20260219,475,7,13,3,Cancellation,434842.81,12956.71,2026-02-19,2027-02-19,False,True
3833,POL003833,20250924,1460,1,22,5,New Business,71674.01,7842.94,2025-09-24,2026-09-24,False,False
3834,POL003834,20250623,2430,8,15,3,Renewal,125059.34,8383.87,2025-06-23,2026-06-23,True,False
3835,POL003835,20220704,334,3,33,2,Renewal,95535.21,5999.76,2022-07-04,2023-07-04,True,False
3836,POL003836,20251229,32,1,35,4,New Business,21602.08,1840.94,2025-12-29,2026-12-29,False,False
3837,POL003837,20250502,2448,9,14,2,Renewal,203288.81,11947.93,2025-05-02,2026-05-02,True,False
3838,POL003838,20230203,2288,9,24,1,New Business,207218.73,10894.26,2023-02-03,2024-02-03,False,False
3839,POL003839,20260103,2459,6,28,4,New Business,247225.59,12643.18,2026-01-03,2027-01-03,False,False
3840,POL003840,20220502,576,1,5,4,Renewal,48357.8,4259.33,2022-05-02,2023-05-02,True,False
3841,POL003841,20241009,553,2,3,2,Renewal,24965.09,1293.25,2024-10-09,2025-10-09,True,False
3842,POL003842,20241015,1087,7,3,2,Renewal,960594.71,49709.85,2024-10-15,2025-10-15,True,False
3843,POL003843,20250424,1958,8,5,4,Cancellation,114458.79,2360.62,2025-04-24,2026-04-24,False,True
3844,POL003844,20230601,1579,4,10,4,Renewal,258380.24,23364.56,2023-06-01,2024-05-31,True,False
3845,POL003845,20231006,1637,1,7,5,New Business,129374.73,6802.87,2023-10-06,2024-10-05,False,False
3846,POL003846,20260510,743,9,27,1,Renewal,431858.15,25572.08,2026-05-10,2027-05-10,True,False
3847,POL003847,20240205,2662,6,15,3,Cancellation,577676.82,11473.33,2024-02-05,2025-02-04,False,True
3848,POL003848,20260719,301,8,28,4,New Business,216153.82,13437.98,2026-07-19,2027-07-19,False,False
3849,POL003849,20250309,483,1,36,5,Renewal,71826.42,3995.34,2025-03-09,2026-03-09,True,False
3850,POL003850,20250605,336,1,8,5,Renewal,57128.08,5962.57,2025-06-05,2026-06-05,True,False
3851,POL003851,20240824,2643,6,15,3,Renewal,343785.03,22360.04,2024-08-24,2025-08-24,True,False
3852,POL003852,20250121,908,4,13,3,New Business,132833.97,11167.63,2025-01-21,2026-01-21,False,False
3853,POL003853,20221109,2081,4,32,1,Renewal,253187.92,13337.4,2022-11-09,2023-11-09,True,False
3854,POL003854,20230807,618,1,15,3,New Business,90262.57,7908.15,2023-08-07,2024-08-06,False,False
3855,POL003855,20260510,2458,6,28,4,Renewal,75796.22,4664.3,2026-05-10,2027-05-10,True,False
3856,POL003856,20250520,432,6,2,3,Renewal,594631.72,36155.05,2025-05-20,2026-05-20,True,False
3857,POL003857,20251124,2338,5,26,1,Renewal,1442645.25,168124.26,2025-11-24,2026-11-24,True,False
3858,POL003858,20230401,127,2,23,3,New Business,21794.83,2481.98,2023-04-01,2024-03-31,False,False
3859,POL003859,20231111,890,7,28,4,New Business,471433.66,49785.01,2023-11-11,2024-11-10,False,False
3860,POL003860,20230126,423,7,36,5,Renewal,122622.7,11109.07,2023-01-26,2024-01-26,True,False
3861,POL003861,20250122,1668,7,3,2,Renewal,737669.28,44931.53,2025-01-22,2026-01-22,True,False
3862,POL003862,20250515,2047,6,7,5,New Business,337972.58,19145.0,2025-05-15,2026-05-15,False,False
3863,POL003863,20241205,968,4,18,1,Renewal,286164.03,24030.84,2024-12-05,2025-12-05,True,False
3864,POL003864,20240516,1444,2,2,3,Renewal,5524.6,678.81,2024-05-16,2025-05-16,True,False
3865,POL003865,20230223,1362,6,33,2,New Business,515266.15,28733.89,2023-02-23,2024-02-23,False,False
3866,POL003866,20220926,1871,6,17,3,New Business,428245.65,32476.36,2022-09-26,2023-09-26,False,False
3867,POL003867,20221119,2803,4,40,4,Renewal,360208.13,18983.67,2022-11-19,2023-11-19,True,False
3868,POL003868,20260219,2679,2,3,2,Renewal,13965.26,1439.73,2026-02-19,2027-02-19,True,False
3869,POL003869,20250813,321,9,20,4,New Business,345720.2,22414.5,2025-08-13,2026-08-13,False,False
3870,POL003870,20241121,2541,1,23,3,Renewal,66057.89,3607.21,2024-11-21,2025-11-21,True,False
3871,POL003871,20250120,1766,5,12,2,New Business,2008399.4,195247.75,2025-01-20,2026-01-20,False,False
3872,POL003872,20260426,2186,7,19,5,Renewal,1167768.27,68559.2,2026-04-26,2027-04-26,True,False
3873,POL003873,20230315,2460,4,23,3,New Business,216238.56,23635.95,2023-03-15,2024-03-14,False,False
3874,POL003874,20250616,1171,9,32,1,New Business,516509.15,26132.62,2025-06-16,2026-06-16,False,False
3875,POL003875,20250418,1923,2,19,5,Renewal,29206.23,2335.77,2025-04-18,2026-04-18,True,False
3876,POL003876,20241017,2386,3,1,1,New Business,109298.59,6285.93,2024-10-17,2025-10-17,False,False
3877,POL003877,20240207,531,6,39,1,Renewal,551173.62,28283.04,2024-02-07,2025-02-06,True,False
3878,POL003878,20240429,1599,1,25,2,New Business,105062.87,6317.7,2024-04-29,2025-04-29,False,False
3879,POL003879,20250905,33,2,13,3,New Business,12224.5,856.95,2025-09-05,2026-09-05,False,False
3880,POL003880,20221031,1639,1,36,5,Renewal,57472.34,3689.82,2022-10-31,2023-10-31,True,False
3881,POL003881,20230531,1692,7,31,3,Renewal,547984.84,57687.28,2023-05-31,2024-05-30,True,False
3882,POL003882,20260522,645,2,32,1,Renewal,18701.69,1047.23,2026-05-22,2027-05-22,True,False
3883,POL003883,20220606,648,2,5,4,Renewal,23435.18,1311.99,2022-06-06,2023-06-06,True,False
3884,POL003884,20250713,542,3,14,2,New Business,159814.7,8300.45,2025-07-13,2026-07-13,False,False
3885,POL003885,20231229,1121,2,12,2,Cancellation,25609.8,573.95,2023-12-29,2024-12-28,False,True
3886,POL003886,20240709,139,7,1,1,Renewal,560523.7,33085.84,2024-07-09,2025-07-09,True,False
3887,POL003887,20260125,2537,3,20,4,Renewal,87484.01,4717.94,2026-01-25,2027-01-25,True,False
3888,POL003888,20260127,443,3,24,1,Cancellation,43065.43,2413.38,2026-01-27,2027-01-27,False,True
3889,POL003889,20220319,1475,1,15,3,New Business,153061.8,8893.51,2022-03-19,2023-03-19,False,False
3890,POL003890,20240223,488,1,33,2,New Business,83343.68,4381.32,2024-02-23,2025-02-22,False,False
3891,POL003891,20250513,2510,1,40,4,New Business,75340.54,4718.64,2025-05-13,2026-05-13,False,False
3892,POL003892,20251124,520,1,8,5,New Business,73816.42,8181.49,2025-11-24,2026-11-24,False,False
3893,POL003893,20250623,2371,1,18,1,Cancellation,156255.64,1783.66,2025-06-23,2026-06-23,False,True
3894,POL003894,20260101,1136,1,5,4,New Business,39376.61,4703.58,2026-01-01,2027-01-01,False,False
3895,POL003895,20260721,1989,8,33,2,New Business,174295.99,10669.44,2026-07-21,2027-07-21,False,False
3896,POL003896,20230518,807,8,30,3,Renewal,191623.11,13905.32,2023-05-18,2024-05-17,True,False
3897,POL003897,20230701,620,7,20,4,New Business,51460.11,5260.13,2023-07-01,2024-06-30,False,False
3898,POL003898,20250805,1750,9,34,2,New Business,236051.41,25903.41,2025-08-05,2026-08-05,False,False
3899,POL003899,20221104,2318,3,34,2,New Business,48927.35,5256.15,2022-11-04,2023-11-04,False,False
3900,POL003900,20260313,175,1,37,3,New Business,95125.48,5187.29,2026-03-13,2027-03-13,False,False
3901,POL003901,20250208,1673,1,23,3,Cancellation,50096.86,1437.16,2025-02-08,2026-02-08,False,True
3902,POL003902,20230312,890,8,22,5,New Business,152139.88,11119.99,2023-03-12,2024-03-11,False,False
3903,POL003903,20250810,1421,9,9,5,New Business,225984.01,13133.31,2025-08-10,2026-08-10,False,False
3904,POL003904,20221001,2141,2,35,4,New Business,22187.63,1306.09,2022-10-01,2023-10-01,False,False
3905,POL003905,20231126,2567,9,10,4,New Business,338357.1,29307.34,2023-11-26,2024-11-25,False,False
3906,POL003906,20240721,2619,1,21,3,New Business,73129.16,7778.82,2024-07-21,2025-07-21,False,False
3907,POL003907,20250115,2157,8,36,5,Renewal,212011.3,14479.21,2025-01-15,2026-01-15,True,False
3908,POL003908,20231130,1023,2,17,3,New Business,14986.67,1392.19,2023-11-30,2024-11-29,False,False
3909,POL003909,20260216,765,6,33,2,Cancellation,93094.12,5577.59,2026-02-16,2027-02-16,False,True
3910,POL003910,20231106,1937,3,28,4,New Business,45061.52,3591.6,2023-11-06,2024-11-05,False,False
3911,POL003911,20250725,527,1,35,4,Renewal,83806.51,6011.2,2025-07-25,2026-07-25,True,False
3912,POL003912,20230417,2853,2,33,2,Renewal,40440.27,2425.13,2023-04-17,2024-04-16,True,False
3913,POL003913,20230828,2564,1,31,3,New Business,59724.72,6735.57,2023-08-28,2024-08-27,False,False
3914,POL003914,20251122,882,8,25,2,Renewal,60790.82,3986.25,2025-11-22,2026-11-22,True,False
3915,POL003915,20240604,2906,1,9,5,New Business,50457.48,5518.47,2024-06-04,2025-06-04,False,False
3916,POL003916,20250923,1970,5,19,5,Renewal,3821069.86,198118.26,2025-09-23,2026-09-23,True,False
3917,POL003917,20250426,1079,1,15,3,New Business,49446.53,2773.46,2025-04-26,2026-04-26,False,False
3918,POL003918,20250222,1588,1,6,1,New Business,48940.97,4280.35,2025-02-22,2026-02-22,False,False
3919,POL003919,20260415,2448,1,25,2,Cancellation,41061.49,1110.21,2026-04-15,2027-04-15,False,True
3920,POL003920,20250327,839,1,14,2,New Business,112990.38,6438.8,2025-03-27,2026-03-27,False,False
3921,POL003921,20250930,397,8,8,5,Renewal,25942.86,2100.79,2025-09-30,2026-09-30,True,False
3922,POL003922,20240505,996,1,18,1,Renewal,68894.9,3589.39,2024-05-05,2025-05-05,True,False
3923,POL003923,20230607,1771,1,40,4,Renewal,23072.13,2533.5,2023-06-07,2024-06-06,True,False
3924,POL003924,20250102,844,7,20,4,New Business,702829.69,60493.15,2025-01-02,2026-01-02,False,False
3925,POL003925,20260305,1493,4,35,4,Renewal,213477.39,12016.96,2026-03-05,2027-03-05,True,False
3926,POL003926,20241213,2568,6,5,4,Renewal,104885.67,7343.95,2024-12-13,2025-12-13,True,False
3927,POL003927,20240505,1951,1,33,2,New Business,50585.09,2610.66,2024-05-05,2025-05-05,False,False
3928,POL003928,20250401,536,9,8,5,New Business,117028.67,7755.81,2025-04-01,2026-04-01,False,False
3929,POL003929,20230725,1046,3,14,2,Renewal,194408.82,9852.68,2023-07-25,2024-07-24,True,False
3930,POL003930,20251116,523,1,32,1,Cancellation,25721.89,210.09,2025-11-16,2026-11-16,False,True
3931,POL003931,20250222,879,9,8,5,New Business,247601.91,24192.63,2025-02-22,2026-02-22,False,False
3932,POL003932,20240524,1317,8,17,3,Renewal,178232.27,9305.93,2024-05-24,2025-05-24,True,False
3933,POL003933,20230907,1188,3,29,3,New Business,59692.99,6342.28,2023-09-07,2024-09-06,False,False
3934,POL003934,20241222,2152,2,14,2,Renewal,20182.1,1376.03,2024-12-22,2025-12-22,True,False
3935,POL003935,20250713,1932,2,32,1,New Business,26640.95,1972.16,2025-07-13,2026-07-13,False,False
3936,POL003936,20260113,1577,1,27,1,Renewal,103595.11,5236.26,2026-01-13,2027-01-13,True,False
3937,POL003937,20231106,52,2,1,1,Renewal,29583.54,2209.15,2023-11-06,2024-11-05,True,False
3938,POL003938,20250822,571,9,11,1,Renewal,194083.11,13297.47,2025-08-22,2026-08-22,True,False
3939,POL003939,20251008,742,1,35,4,New Business,92984.38,6210.41,2025-10-08,2026-10-08,False,False
3940,POL003940,20240909,2063,9,27,1,Renewal,325061.75,22501.51,2024-09-09,2025-09-09,True,False
3941,POL003941,20260204,1072,3,29,3,New Business,131428.56,11800.93,2026-02-04,2027-02-04,False,False
3942,POL003942,20240522,2453,8,14,2,New Business,78799.37,9688.7,2024-05-22,2025-05-22,False,False
3943,POL003943,20260303,1476,2,38,1,Cancellation,27184.78,377.82,2026-03-03,2027-03-03,False,True
3944,POL003944,20250714,1648,7,26,1,Renewal,504134.7,39493.17,2025-07-14,2026-07-14,True,False
3945,POL003945,20250914,2225,8,23,3,Cancellation,107327.62,2364.08,2025-09-14,2026-09-14,False,True
3946,POL003946,20230717,1084,5,14,2,Cancellation,1681271.49,54675.79,2023-07-17,2024-07-16,False,True
3947,POL003947,20231212,2304,4,6,1,New Business,286586.21,20110.95,2023-12-12,2024-12-11,False,False
3948,POL003948,20230509,1774,2,23,3,New Business,44682.82,2279.45,2023-05-09,2024-05-08,False,False
3949,POL003949,20230313,120,1,25,2,Renewal,103699.57,7618.14,2023-03-13,2024-03-12,True,False
3950,POL003950,20240510,1941,6,2,3,New Business,329626.97,19948.55,2024-05-10,2025-05-10,False,False
3951,POL003951,20250507,1542,9,17,3,Renewal,137124.09,9556.8,2025-05-07,2026-05-07,True,False
3952,POL003952,20230221,1683,1,22,5,Renewal,99534.77,5208.9,2023-02-21,2024-02-21,True,False
3953,POL003953,20250923,2263,6,24,1,Renewal,289636.48,26102.53,2025-09-23,2026-09-23,True,False
3954,POL003954,20230120,1011,1,32,1,Renewal,66109.39,6376.29,2023-01-20,2024-01-20,True,False
3955,POL003955,20240114,1680,1,13,3,Cancellation,26839.73,818.49,2024-01-14,2025-01-13,False,True
3956,POL003956,20240228,1638,1,30,3,Renewal,124504.84,8951.74,2024-02-28,2025-02-27,True,False
3957,POL003957,20231207,2327,3,14,2,New Business,167618.02,11396.39,2023-12-07,2024-12-06,False,False
3958,POL003958,20231217,1265,1,6,1,Renewal,121294.29,6070.47,2023-12-17,2024-12-16,True,False
3959,POL003959,20230109,1418,1,15,3,Renewal,107179.37,5372.26,2023-01-09,2024-01-09,True,False
3960,POL003960,20251004,2244,1,35,4,Renewal,32168.0,3169.3,2025-10-04,2026-10-04,True,False
3961,POL003961,20250105,534,7,13,3,New Business,874452.51,57216.64,2025-01-05,2026-01-05,False,False
3962,POL003962,20260416,2008,6,26,1,New Business,580053.98,31540.72,2026-04-16,2027-04-16,False,False
3963,POL003963,20221010,308,1,6,1,New Business,81422.53,8778.57,2022-10-10,2023-10-10,False,False
3964,POL003964,20250620,1,2,20,4,New Business,41319.9,2431.64,2025-06-20,2026-06-20,False,False
3965,POL003965,20240814,1029,2,32,1,Renewal,34996.57,2046.86,2024-08-14,2025-08-14,True,False
3966,POL003966,20240306,2397,1,39,1,New Business,25813.01,3214.4,2024-03-06,2025-03-06,False,False
3967,POL003967,20260421,1613,6,7,5,Renewal,221766.93,17581.46,2026-04-21,2027-04-21,True,False
3968,POL003968,20240802,1025,8,30,3,Renewal,100224.76,12188.97,2024-08-02,2025-08-02,True,False
3969,POL003969,20240703,2698,8,39,1,Renewal,104510.08,11516.58,2024-07-03,2025-07-03,True,False
3970,POL003970,20260325,1972,9,15,3,Renewal,547441.36,28713.49,2026-03-25,2027-03-25,True,False
3971,POL003971,20260503,2512,2,37,3,New Business,36415.77,2276.6,2026-05-03,2027-05-03,False,False
3972,POL003972,20260708,744,2,3,2,Renewal,12062.08,947.32,2026-07-08,2027-07-08,True,False
3973,POL003973,20240729,743,1,13,3,Renewal,54169.13,4107.4,2024-07-29,2025-07-29,True,False
3974,POL003974,20250224,711,1,4,5,New Business,40546.61,2306.24,2025-02-24,2026-02-24,False,False
3975,POL003975,20230103,1798,4,11,1,Renewal,344428.32,18190.94,2023-01-03,2024-01-03,True,False
3976,POL003976,20230409,1921,5,7,5,Renewal,2605840.69,152969.29,2023-04-09,2024-04-08,True,False
3977,POL003977,20240205,2794,2,29,3,Renewal,12187.21,1233.09,2024-02-05,2025-02-04,True,False
3978,POL003978,20260113,1913,8,1,1,New Business,209673.12,12962.4,2026-01-13,2027-01-13,False,False
3979,POL003979,20230721,2534,2,7,5,Renewal,17220.64,1266.36,2023-07-21,2024-07-20,True,False
3980,POL003980,20240411,2562,3,12,2,Renewal,172035.08,9452.18,2024-04-11,2025-04-11,True,False
3981,POL003981,20260522,2402,1,28,4,Renewal,98341.34,7637.8,2026-05-22,2027-05-22,True,False
3982,POL003982,20251009,2196,4,36,5,Renewal,175875.28,20090.76,2025-10-09,2026-10-09,True,False
3983,POL003983,20250917,2146,9,22,5,Renewal,285947.89,20885.23,2025-09-17,2026-09-17,True,False
3984,POL003984,20250803,2052,9,25,2,Cancellation,217053.34,8131.52,2025-08-03,2026-08-03,False,True
3985,POL003985,20251111,2422,9,19,5,Renewal,464808.05,23975.6,2025-11-11,2026-11-11,True,False
3986,POL003986,20250624,1683,9,18,1,New Business,128957.56,9241.48,2025-06-24,2026-06-24,False,False
3987,POL003987,20240701,823,1,10,4,Renewal,56905.24,3148.13,2024-07-01,2025-07-01,True,False
3988,POL003988,20240520,1437,5,39,1,New Business,3426051.64,185567.82,2024-05-20,2025-05-20,False,False
3989,POL003989,20250901,1372,1,34,2,Renewal,130250.85,7708.52,2025-09-01,2026-09-01,True,False
3990,POL003990,20230228,1063,2,38,1,Renewal,40740.76,2071.28,2023-02-28,2024-02-28,True,False
3991,POL003991,20250103,1429,7,23,3,Renewal,291643.1,16467.91,2025-01-03,2026-01-03,True,False
3992,POL003992,20221215,1816,1,17,3,Renewal,52104.87,3303.36,2022-12-15,2023-12-15,True,False
3993,POL003993,20260104,532,6,17,3,New Business,65068.42,5258.25,2026-01-04,2027-01-04,False,False
3994,POL003994,20241031,695,3,39,1,Renewal,81816.01,5561.97,2024-10-31,2025-10-31,True,False
3995,POL003995,20260307,2148,1,40,4,New Business,44297.81,2389.06,2026-03-07,2027-03-07,False,False
3996,POL003996,20260810,1060,5,22,5,Renewal,1995874.87,184048.62,2026-08-10,2027-08-10,True,False
3997,POL003997,20260415,1432,8,18,1,Renewal,148938.19,7716.13,2026-04-15,2027-04-15,True,False
3998,POL003998,20250820,1975,7,34,2,New Business,222488.04,20687.2,2025-08-20,2026-08-20,False,False
3999,POL003999,20240906,2988,1,35,4,New Business,68790.27,5359.6,2024-09-06,2025-09-06,False,False
4000,POL004000,20240709,2956,1,39,1,New Business,92175.29,7153.7,2024-07-09,2025-07-09,False,False
4001,POL004001,20250303,2150,2,3,2,Renewal,18921.86,1671.49,2025-03-03,2026-03-03,True,False
4002,POL004002,20230817,1945,7,15,3,Renewal,144259.28,16649.75,2023-08-17,2024-08-16,True,False
4003,POL004003,20251031,1126,8,6,1,New Business,124489.97,7472.15,2025-10-31,2026-10-31,False,False
4004,POL004004,20230501,724,2,17,3,Renewal,29364.28,2494.69,2023-05-01,2024-04-30,True,False
4005,POL004005,20230421,579,1,27,1,New Business,22308.33,2072.2,2023-04-21,2024-04-20,False,False
4006,POL004006,20240819,2588,3,38,1,Renewal,95414.92,9152.43,2024-08-19,2025-08-19,True,False
4007,POL004007,20231009,1617,2,30,3,New Business,12762.78,972.44,2023-10-09,2024-10-08,False,False
4008,POL004008,20220717,1615,6,28,4,Renewal,403438.45,36770.89,2022-07-17,2023-07-17,True,False
4009,POL004009,20230622,560,8,32,1,New Business,43678.54,2509.47,2023-06-22,2024-06-21,False,False
4010,POL004010,20230423,1084,4,8,5,New Business,114904.53,11773.44,2023-04-23,2024-04-22,False,False
4011,POL004011,20260312,2358,1,19,5,Renewal,32898.5,3722.48,2026-03-12,2027-03-12,True,False
4012,POL004012,20260522,87,8,12,2,Renewal,56244.62,4249.84,2026-05-22,2027-05-22,True,False
4013,POL004013,20241013,2185,3,8,5,Renewal,30462.13,2009.92,2024-10-13,2025-10-13,True,False
4014,POL004014,20250512,1225,1,34,2,New Business,113065.38,6087.35,2025-05-12,2026-05-12,False,False
4015,POL004015,20240327,2597,3,31,3,New Business,61959.47,5983.1,2024-03-27,2025-03-27,False,False
4016,POL004016,20240814,89,1,28,4,New Business,82455.25,7482.78,2024-08-14,2025-08-14,False,False
4017,POL004017,20231221,1832,8,24,1,New Business,25096.76,1296.47,2023-12-21,2024-12-20,False,False
4018,POL004018,20250316,862,3,22,5,New Business,184455.68,10419.61,2025-03-16,2026-03-16,False,False
4019,POL004019,20250425,2627,2,12,2,New Business,16722.07,1634.81,2025-04-25,2026-04-25,False,False
4020,POL004020,20260119,2975,3,26,1,Renewal,144116.41,10562.27,2026-01-19,2027-01-19,True,False
4021,POL004021,20240101,1927,3,4,5,Renewal,141989.63,9079.72,2024-01-01,2024-12-31,True,False
4022,POL004022,20240820,2220,9,8,5,Cancellation,166520.53,2406.08,2024-08-20,2025-08-20,False,True
4023,POL004023,20260527,389,6,14,2,Renewal,355280.38,37286.03,2026-05-27,2027-05-27,True,False
4024,POL004024,20240817,1039,3,24,1,Renewal,157558.82,10462.77,2024-08-17,2025-08-17,True,False
4025,POL004025,20231210,2754,9,7,5,Renewal,209576.98,10696.86,2023-12-10,2024-12-09,True,False
4026,POL004026,20251112,1018,8,32,1,New Business,114070.74,8144.08,2025-11-12,2026-11-12,False,False
4027,POL004027,20250531,2841,1,33,2,Renewal,22194.65,2726.45,2025-05-31,2026-05-31,True,False
4028,POL004028,20251112,184,4,26,1,Renewal,178253.4,14421.35,2025-11-12,2026-11-12,True,False
4029,POL004029,20260214,1751,8,18,1,New Business,90355.22,10718.61,2026-02-14,2027-02-14,False,False
4030,POL004030,20250523,840,3,35,4,Renewal,95369.06,8209.66,2025-05-23,2026-05-23,True,False
4031,POL004031,20231107,1102,3,33,2,Cancellation,105545.06,1278.51,2023-11-07,2024-11-06,False,True
4032,POL004032,20260607,1439,3,30,3,New Business,46528.31,2428.87,2026-06-07,2027-06-07,False,False
4033,POL004033,20260319,1167,2,1,1,Renewal,41695.38,2249.95,2026-03-19,2027-03-19,True,False
4034,POL004034,20250417,1963,5,12,2,Renewal,3299026.26,214611.72,2025-04-17,2026-04-17,True,False
4035,POL004035,20260130,1851,1,36,5,Renewal,24290.15,1726.06,2026-01-30,2027-01-30,True,False
4036,POL004036,20260625,1598,8,17,3,New Business,197522.99,10192.8,2026-06-25,2027-06-25,False,False
4037,POL004037,20241206,2127,3,21,3,Renewal,51768.02,3689.57,2024-12-06,2025-12-06,True,False
4038,POL004038,20250303,1070,1,18,1,Renewal,105591.08,7227.36,2025-03-03,2026-03-03,True,False
4039,POL004039,20250625,1293,5,38,1,New Business,1645226.33,158212.55,2025-06-25,2026-06-25,False,False
4040,POL004040,20241020,2563,1,3,2,Renewal,41154.21,2206.71,2024-10-20,2025-10-20,True,False
4041,POL004041,20241103,2922,3,22,5,New Business,136853.52,8868.3,2024-11-03,2025-11-03,False,False
4042,POL004042,20250926,509,7,24,1,New Business,1046608.18,58142.12,2025-09-26,2026-09-26,False,False
4043,POL004043,20240924,534,5,39,1,Cancellation,3079400.18,58312.68,2024-09-24,2025-09-24,False,True
4044,POL004044,20250821,88,1,39,1,Renewal,62386.73,6250.18,2025-08-21,2026-08-21,True,False
4045,POL004045,20250213,1637,1,23,3,New Business,26281.57,3269.42,2025-02-13,2026-02-13,False,False
4046,POL004046,20240510,1803,1,39,1,Renewal,19328.04,2054.41,2024-05-10,2025-05-10,True,False
4047,POL004047,20230807,247,2,12,2,Renewal,19960.91,1900.72,2023-08-07,2024-08-06,True,False
4048,POL004048,20221220,482,1,10,4,Renewal,128037.72,8241.64,2022-12-20,2023-12-20,True,False
4049,POL004049,20251003,383,2,36,5,Cancellation,10982.06,102.29,2025-10-03,2026-10-03,False,True
4050,POL004050,20231003,322,1,35,4,New Business,16921.26,1998.31,2023-10-03,2024-10-02,False,False
4051,POL004051,20251203,1575,9,34,2,New Business,123795.11,6549.04,2025-12-03,2026-12-03,False,False
4052,POL004052,20250802,510,2,3,2,Renewal,32403.75,1712.62,2025-08-02,2026-08-02,True,False
4053,POL004053,20251031,1420,1,20,4,Renewal,103229.41,6254.13,2025-10-31,2026-10-31,True,False
4054,POL004054,20250121,2115,1,23,3,Renewal,98751.48,5518.49,2025-01-21,2026-01-21,True,False
4055,POL004055,20260125,838,4,38,1,Renewal,179388.89,9297.62,2026-01-25,2027-01-25,True,False
4056,POL004056,20240225,2936,1,22,5,Renewal,103946.39,8713.75,2024-02-25,2025-02-24,True,False
4057,POL004057,20251223,430,3,24,1,Renewal,106586.01,7386.72,2025-12-23,2026-12-23,True,False
4058,POL004058,20250226,2780,3,13,3,Renewal,217251.31,11778.92,2025-02-26,2026-02-26,True,False
4059,POL004059,20230529,1125,3,9,5,Renewal,171228.19,9297.35,2023-05-29,2024-05-28,True,False
4060,POL004060,20231001,1407,1,12,2,Renewal,24008.58,1939.06,2023-10-01,2024-09-30,True,False
4061,POL004061,20250104,1716,3,34,2,Renewal,32449.47,2036.16,2025-01-04,2026-01-04,True,False
4062,POL004062,20250930,1387,1,38,1,New Business,68980.92,7980.53,2025-09-30,2026-09-30,False,False
4063,POL004063,20240726,2356,3,28,4,Renewal,87730.74,4812.78,2024-07-26,2025-07-26,True,False
4064,POL004064,20230828,1243,5,17,3,Renewal,3128657.91,232756.02,2023-08-28,2024-08-27,True,False
4065,POL004065,20260711,1387,1,1,1,Renewal,46206.86,2694.83,2026-07-11,2027-07-11,True,False
4066,POL004066,20250618,1154,3,38,1,Renewal,158456.7,8511.26,2025-06-18,2026-06-18,True,False
4067,POL004067,20260114,125,8,33,2,Renewal,102124.13,6441.99,2026-01-14,2027-01-14,True,False
4068,POL004068,20230529,2916,2,19,5,New Business,16539.51,870.07,2023-05-29,2024-05-28,False,False
4069,POL004069,20260307,1692,1,39,1,Cancellation,25096.49,569.93,2026-03-07,2027-03-07,False,True
4070,POL004070,20240215,862,6,24,1,Renewal,506643.57,35933.08,2024-02-15,2025-02-14,True,False
4071,POL004071,20250411,254,1,33,2,Renewal,53320.11,5548.83,2025-04-11,2026-04-11,True,False
4072,POL004072,20220926,1797,1,22,5,New Business,145848.59,8473.82,2022-09-26,2023-09-26,False,False
4073,POL004073,20260603,2035,3,32,1,New Business,83166.87,5584.26,2026-06-03,2027-06-03,False,False
4074,POL004074,20240306,1163,1,8,5,New Business,76339.09,5386.7,2024-03-06,2025-03-06,False,False
4075,POL004075,20220628,1182,1,38,1,Renewal,28421.85,2588.55,2022-06-28,2023-06-28,True,False
4076,POL004076,20240301,2522,4,3,2,New Business,161602.67,18478.4,2024-03-01,2025-03-01,False,False
4077,POL004077,20251013,1356,2,24,1,Renewal,22578.53,1978.75,2025-10-13,2026-10-13,True,False
4078,POL004078,20260122,2332,8,27,1,Renewal,108413.22,9695.49,2026-01-22,2027-01-22,True,False
4079,POL004079,20260803,433,6,28,4,Renewal,189204.33,18245.82,2026-08-03,2027-08-03,True,False
4080,POL004080,20231009,1728,4,32,1,New Business,170888.11,14289.85,2023-10-09,2024-10-08,False,False
4081,POL004081,20240624,1408,4,2,3,Cancellation,330582.39,6021.76,2024-06-24,2025-06-24,False,True
4082,POL004082,20260421,86,1,25,2,New Business,124127.76,7139.17,2026-04-21,2027-04-21,False,False
4083,POL004083,20251126,627,9,32,1,New Business,336132.09,24371.34,2025-11-26,2026-11-26,False,False
4084,POL004084,20221218,258,2,19,5,Renewal,43475.58,2243.18,2022-12-18,2023-12-18,True,False
4085,POL004085,20251030,828,6,18,1,New Business,506331.93,26822.94,2025-10-30,2026-10-30,False,False
4086,POL004086,20230311,203,5,4,5,New Business,347830.33,17814.99,2023-03-11,2024-03-10,False,False
4087,POL004087,20240729,986,2,19,5,New Business,35573.06,2299.51,2024-07-29,2025-07-29,False,False
4088,POL004088,20231011,1490,2,28,4,Renewal,47671.62,2444.87,2023-10-11,2024-10-10,True,False
4089,POL004089,20230506,2287,3,14,2,New Business,192715.42,10992.22,2023-05-06,2024-05-05,False,False
4090,POL004090,20260212,1982,9,27,1,New Business,228785.38,26456.45,2026-02-12,2027-02-12,False,False
4091,POL004091,20230125,2510,8,23,3,Renewal,111387.46,9587.27,2023-01-25,2024-01-25,True,False
4092,POL004092,20230512,2378,8,6,1,New Business,141796.71,10900.31,2023-05-12,2024-05-11,False,False
4093,POL004093,20231023,1204,6,13,3,New Business,86599.23,9552.58,2023-10-23,2024-10-22,False,False
4094,POL004094,20240507,2788,9,31,3,Renewal,418695.31,24354.78,2024-05-07,2025-05-07,True,False
4095,POL004095,20240617,2942,1,38,1,Renewal,66828.28,6200.34,2024-06-17,2025-06-17,True,False
4096,POL004096,20230507,1572,2,3,2,Renewal,33544.81,2179.26,2023-05-07,2024-05-06,True,False
4097,POL004097,20260519,281,9,27,1,New Business,231094.52,15500.29,2026-05-19,2027-05-19,False,False
4098,POL004098,20220527,2121,9,33,2,Renewal,80260.41,5094.36,2022-05-27,2023-05-27,True,False
4099,POL004099,20250428,361,1,3,2,New Business,86197.15,4931.0,2025-04-28,2026-04-28,False,False
4100,POL004100,20230928,2447,4,6,1,New Business,161394.17,12981.02,2023-09-28,2024-09-27,False,False
4101,POL004101,20251107,180,1,11,1,New Business,18097.92,2108.86,2025-11-07,2026-11-07,False,False
4102,POL004102,20221120,778,4,16,4,Renewal,376510.78,19523.33,2022-11-20,2023-11-20,True,False
4103,POL004103,20230511,2048,3,38,1,New Business,166247.44,8788.83,2023-05-11,2024-05-10,False,False
4104,POL004104,20250428,968,6,35,4,Renewal,287315.04,21488.64,2025-04-28,2026-04-28,True,False
4105,POL004105,20260623,2683,1,5,4,Renewal,98006.02,6372.61,2026-06-23,2027-06-23,True,False
4106,POL004106,20231230,1161,3,29,3,Renewal,72178.06,4237.72,2023-12-30,2024-12-29,True,False
4107,POL004107,20240210,1855,2,28,4,New Business,12732.3,750.16,2024-02-10,2025-02-09,False,False
4108,POL004108,20230409,554,1,1,1,Renewal,87244.84,7529.07,2023-04-09,2024-04-08,True,False
4109,POL004109,20260630,761,6,19,5,New Business,556114.31,32348.97,2026-06-30,2027-06-30,False,False
4110,POL004110,20230420,1970,3,18,1,New Business,121575.46,6832.36,2023-04-20,2024-04-19,False,False
4111,POL004111,20251126,123,2,17,3,Renewal,15862.85,1078.69,2025-11-26,2026-11-26,True,False
4112,POL004112,20240609,682,7,32,1,Renewal,176469.45,13359.66,2024-06-09,2025-06-09,True,False
4113,POL004113,20230627,2433,1,21,3,Renewal,53431.46,3298.81,2023-06-27,2024-06-26,True,False
4114,POL004114,20230331,1818,4,20,4,New Business,91226.14,6164.87,2023-03-31,2024-03-30,False,False
4115,POL004115,20250611,2157,2,29,3,Renewal,11167.61,956.83,2025-06-11,2026-06-11,True,False
4116,POL004116,20240303,1573,9,40,4,New Business,209697.7,11970.39,2024-03-03,2025-03-03,False,False
4117,POL004117,20250610,1372,4,16,4,New Business,171070.96,14346.25,2025-06-10,2026-06-10,False,False
4118,POL004118,20240318,1653,8,20,4,Renewal,93981.29,9078.73,2024-03-18,2025-03-18,True,False
4119,POL004119,20260228,626,1,25,2,Renewal,53855.21,3590.34,2026-02-28,2027-02-28,True,False
4120,POL004120,20250413,2276,1,37,3,Renewal,73087.88,6514.52,2025-04-13,2026-04-13,True,False
4121,POL004121,20250225,1592,9,25,2,New Business,408430.93,20470.68,2025-02-25,2026-02-25,False,False
4122,POL004122,20250320,499,3,35,4,New Business,34779.37,3596.9,2025-03-20,2026-03-20,False,False
4123,POL004123,20240809,598,7,16,4,Renewal,425951.32,26960.45,2024-08-09,2025-08-09,True,False
4124,POL004124,20220706,2645,9,9,5,New Business,95675.58,6498.72,2022-07-06,2023-07-06,False,False
4125,POL004125,20251004,215,1,15,3,Renewal,49911.42,4636.52,2025-10-04,2026-10-04,True,False
4126,POL004126,20260503,1106,6,4,5,Cancellation,625922.13,5136.16,2026-05-03,2027-05-03,False,True
4127,POL004127,20240412,2015,3,20,4,Renewal,141442.32,7117.56,2024-04-12,2025-04-12,True,False
4128,POL004128,20250908,2031,9,33,2,New Business,463746.45,24230.56,2025-09-08,2026-09-08,False,False
4129,POL004129,20251011,1343,7,38,1,New Business,853040.16,48465.45,2025-10-11,2026-10-11,False,False
4130,POL004130,20260807,2768,8,29,3,Renewal,39813.93,2516.57,2026-08-07,2027-08-07,True,False
4131,POL004131,20221226,1524,6,30,3,Renewal,377968.49,25643.29,2022-12-26,2023-12-26,True,False
4132,POL004132,20260205,1445,1,22,5,New Business,35392.99,2104.58,2026-02-05,2027-02-05,False,False
4133,POL004133,20231216,2610,9,31,3,Renewal,197839.56,17769.5,2023-12-16,2024-12-15,True,False
4134,POL004134,20230407,2465,1,17,3,New Business,90200.31,6954.12,2023-04-07,2024-04-06,False,False
4135,POL004135,20241001,1913,1,3,2,New Business,42721.12,4599.38,2024-10-01,2025-10-01,False,False
4136,POL004136,20230817,1455,9,13,3,Renewal,305392.28,17356.14,2023-08-17,2024-08-16,True,False
4137,POL004137,20230926,252,1,19,5,New Business,147863.56,7479.86,2023-09-26,2024-09-25,False,False
4138,POL004138,20260616,1815,3,17,3,Renewal,102015.6,11092.24,2026-06-16,2027-06-16,True,False
4139,POL004139,20240323,208,2,16,4,New Business,37720.33,2421.25,2024-03-23,2025-03-23,False,False
4140,POL004140,20260510,2162,1,23,3,Renewal,74216.9,4671.03,2026-05-10,2027-05-10,True,False
4141,POL004141,20241030,1675,8,24,1,Renewal,91740.56,8474.73,2024-10-30,2025-10-30,True,False
4142,POL004142,20250109,2242,2,21,3,New Business,18475.44,2041.24,2025-01-09,2026-01-09,False,False
4143,POL004143,20250805,769,1,12,2,Renewal,65128.53,3943.63,2025-08-05,2026-08-05,True,False
4144,POL004144,20250823,1949,3,28,4,New Business,234234.38,11746.23,2025-08-23,2026-08-23,False,False
4145,POL004145,20241128,2007,1,38,1,Renewal,38973.59,4546.91,2024-11-28,2025-11-28,True,False
4146,POL004146,20240105,849,1,14,2,Renewal,12255.4,1528.34,2024-01-05,2025-01-04,True,False
4147,POL004147,20260508,2071,1,40,4,Cancellation,122625.2,2516.07,2026-05-08,2027-05-08,False,True
4148,POL004148,20230801,619,1,9,5,Renewal,43104.39,3004.85,2023-08-01,2024-07-31,True,False
4149,POL004149,20250425,2681,2,19,5,Renewal,18560.46,1079.13,2025-04-25,2026-04-25,True,False
4150,POL004150,20260505,2452,2,2,3,New Business,12563.25,1309.7,2026-05-05,2027-05-05,False,False
4151,POL004151,20231009,739,1,23,3,Renewal,97159.07,7388.2,2023-10-09,2024-10-08,True,False
4152,POL004152,20250617,1188,9,14,2,New Business,212129.13,10734.55,2025-06-17,2026-06-17,False,False
4153,POL004153,20260514,184,8,20,4,Cancellation,81202.34,3439.11,2026-05-14,2027-05-14,False,True
4154,POL004154,20241128,2948,6,24,1,New Business,334468.89,39433.8,2024-11-28,2025-11-28,False,False
4155,POL004155,20260304,2439,1,10,4,Renewal,100197.4,5075.78,2026-03-04,2027-03-04,True,False
4156,POL004156,20241116,2252,1,38,1,Renewal,106302.34,8807.28,2024-11-16,2025-11-16,True,False
4157,POL004157,20231013,1884,9,8,5,New Business,173288.34,12966.67,2023-10-13,2024-10-12,False,False
4158,POL004158,20230507,635,9,3,2,New Business,169228.19,18819.41,2023-05-07,2024-05-06,False,False
4159,POL004159,20260602,1156,1,16,4,Renewal,80536.55,7930.43,2026-06-02,2027-06-02,True,False
4160,POL004160,20251116,1440,3,26,1,Renewal,53205.27,5264.51,2025-11-16,2026-11-16,True,False
4161,POL004161,20250307,355,1,27,1,Cancellation,76052.57,699.54,2025-03-07,2026-03-07,False,True
4162,POL004162,20240605,1027,7,30,3,New Business,868523.07,72014.06,2024-06-05,2025-06-05,False,False
4163,POL004163,20251023,569,3,4,5,Renewal,46924.1,3648.22,2025-10-23,2026-10-23,True,False
4164,POL004164,20260409,236,8,10,4,Renewal,79560.38,6760.15,2026-04-09,2027-04-09,True,False
4165,POL004165,20230813,1460,1,28,4,Renewal,55328.91,6509.26,2023-08-13,2024-08-12,True,False
4166,POL004166,20240605,1308,4,30,3,Cancellation,178346.9,6048.45,2024-06-05,2025-06-05,False,True
4167,POL004167,20250224,2141,1,6,1,Renewal,112358.65,8357.73,2025-02-24,2026-02-24,True,False
4168,POL004168,20260226,830,6,12,2,Cancellation,81092.89,3261.29,2026-02-26,2027-02-26,False,True
4169,POL004169,20260616,941,4,15,3,New Business,434085.07,23616.65,2026-06-16,2027-06-16,False,False
4170,POL004170,20231130,1155,1,38,1,Renewal,79461.61,4050.07,2023-11-30,2024-11-29,True,False
4171,POL004171,20250929,1715,8,22,5,Renewal,21846.21,2518.94,2025-09-29,2026-09-29,True,False
4172,POL004172,20251023,1216,3,13,3,New Business,44281.66,4761.84,2025-10-23,2026-10-23,False,False
4173,POL004173,20250525,132,3,10,4,New Business,80491.16,6312.37,2025-05-25,2026-05-25,False,False
4174,POL004174,20231018,2165,1,22,5,Renewal,49246.14,3038.14,2023-10-18,2024-10-17,True,False
4175,POL004175,20230326,2350,6,2,3,New Business,134046.41,15930.87,2023-03-26,2024-03-25,False,False
4176,POL004176,20240127,2673,1,5,4,New Business,30654.71,2629.64,2024-01-27,2025-01-26,False,False
4177,POL004177,20230727,1295,3,7,5,New Business,125754.78,11800.99,2023-07-27,2024-07-26,False,False
4178,POL004178,20250930,1496,2,16,4,New Business,18987.08,1460.57,2025-09-30,2026-09-30,False,False
4179,POL004179,20240128,27,7,21,3,Renewal,1070274.1,61983.96,2024-01-28,2025-01-27,True,False
4180,POL004180,20250303,793,6,30,3,Renewal,172472.42,19973.13,2025-03-03,2026-03-03,True,False
4181,POL004181,20230318,2213,4,19,5,New Business,216485.36,12547.82,2023-03-18,2024-03-17,False,False
4182,POL004182,20230913,1847,1,29,3,New Business,112698.13,7150.39,2023-09-13,2024-09-12,False,False
4183,POL004183,20240903,1895,1,1,1,Renewal,54910.81,3237.61,2024-09-03,2025-09-03,True,False
4184,POL004184,20251105,456,3,12,2,New Business,116497.39,7103.13,2025-11-05,2026-11-05,False,False
4185,POL004185,20230924,2261,5,15,3,Renewal,475619.98,24973.34,2023-09-24,2024-09-23,True,False
4186,POL004186,20220719,2316,5,31,3,New Business,420453.09,26774.78,2022-07-19,2023-07-19,False,False
4187,POL004187,20240425,1533,8,25,2,Renewal,53136.77,3951.23,2024-04-25,2025-04-25,True,False
4188,POL004188,20250325,1536,4,3,2,New Business,187570.55,20538.29,2025-03-25,2026-03-25,False,False
4189,POL004189,20250106,970,9,37,3,New Business,190970.07,11127.7,2025-01-06,2026-01-06,False,False
4190,POL004190,20240807,235,1,23,3,Renewal,48480.54,2591.19,2024-08-07,2025-08-07,True,False
4191,POL004191,20260331,1551,4,39,1,Renewal,164411.38,16008.19,2026-03-31,2027-03-31,True,False
4192,POL004192,20230731,302,6,32,1,Renewal,535292.34,26844.74,2023-07-31,2024-07-30,True,False
4193,POL004193,20250506,2637,2,32,1,New Business,25528.2,1676.63,2025-05-06,2026-05-06,False,False
4194,POL004194,20240617,2961,8,20,4,New Business,165503.03,13560.68,2024-06-17,2025-06-17,False,False
4195,POL004195,20251221,2579,6,19,5,Cancellation,600018.44,16724.36,2025-12-21,2026-12-21,False,True
4196,POL004196,20251214,1369,9,37,3,New Business,202237.66,11178.76,2025-12-14,2026-12-14,False,False
4197,POL004197,20241213,2720,3,32,1,Renewal,216445.36,10884.51,2024-12-13,2025-12-13,True,False
4198,POL004198,20240502,28,8,37,3,New Business,138601.88,13643.1,2024-05-02,2025-05-02,False,False
4199,POL004199,20240307,2204,1,21,3,Renewal,28917.51,1826.68,2024-03-07,2025-03-07,True,False
4200,POL004200,20241016,1844,6,8,5,Renewal,709298.44,39791.65,2024-10-16,2025-10-16,True,False
4201,POL004201,20250316,528,2,25,2,Renewal,23809.01,1335.41,2025-03-16,2026-03-16,True,False
4202,POL004202,20231009,2299,1,28,4,Renewal,111577.92,6070.17,2023-10-09,2024-10-08,True,False
4203,POL004203,20260528,109,6,39,1,Renewal,276758.72,15855.22,2026-05-28,2027-05-28,True,False
4204,POL004204,20260804,14,3,38,1,Renewal,156166.86,10359.46,2026-08-04,2027-08-04,True,False
4205,POL004205,20230408,15,8,36,5,New Business,101292.8,7443.49,2023-04-08,2024-04-07,False,False
4206,POL004206,20260312,805,1,9,5,Renewal,58776.91,4565.34,2026-03-12,2027-03-12,True,False
4207,POL004207,20230619,99,1,23,3,Cancellation,85137.77,2093.71,2023-06-19,2024-06-18,False,True
4208,POL004208,20240308,1905,3,32,1,Renewal,88101.71,5057.87,2024-03-08,2025-03-08,True,False
4209,POL004209,20220715,2749,1,38,1,Renewal,42449.13,2592.8,2022-07-15,2023-07-15,True,False
4210,POL004210,20241024,412,3,7,5,Renewal,92738.82,7067.63,2024-10-24,2025-10-24,True,False
4211,POL004211,20230815,2458,5,26,1,New Business,713391.46,85558.48,2023-08-15,2024-08-14,False,False
4212,POL004212,20250127,829,3,21,3,Cancellation,133778.58,4851.69,2025-01-27,2026-01-27,False,True
4213,POL004213,20240923,460,4,38,1,Renewal,240759.79,24588.51,2024-09-23,2025-09-23,True,False
4214,POL004214,20240518,493,2,14,2,New Business,12612.99,1159.08,2024-05-18,2025-05-18,False,False
4215,POL004215,20220812,2331,9,30,3,Renewal,240641.71,14351.86,2022-08-12,2023-08-12,True,False
4216,POL004216,20241106,2498,7,12,2,New Business,239353.91,27882.12,2024-11-06,2025-11-06,False,False
4217,POL004217,20241110,1739,2,30,3,Renewal,16027.83,863.97,2024-11-10,2025-11-10,True,False
4218,POL004218,20241223,1705,6,31,3,New Business,485581.24,33497.42,2024-12-23,2025-12-23,False,False
4219,POL004219,20240508,2994,4,8,5,Renewal,153331.54,10983.91,2024-05-08,2025-05-08,True,False
4220,POL004220,20251204,1156,3,32,1,Renewal,62075.88,5713.33,2025-12-04,2026-12-04,True,False
4221,POL004221,20241009,2516,8,40,4,Renewal,174989.33,9047.36,2024-10-09,2025-10-09,True,False
4222,POL004222,20260412,1258,5,14,2,Renewal,1998598.61,160219.55,2026-04-12,2027-04-12,True,False
4223,POL004223,20221014,2418,4,31,3,Renewal,229709.9,22677.71,2022-10-14,2023-10-14,True,False
4224,POL004224,20240719,148,1,6,1,Renewal,66558.29,7616.25,2024-07-19,2025-07-19,True,False
4225,POL004225,20260430,1042,2,28,4,Renewal,12673.58,1337.29,2026-04-30,2027-04-30,True,False
4226,POL004226,20250115,2011,2,8,5,Renewal,28357.76,1913.07,2025-01-15,2026-01-15,True,False
4227,POL004227,20250330,2357,9,13,3,New Business,184886.74,17012.49,2025-03-30,2026-03-30,False,False
4228,POL004228,20250629,2569,1,5,4,New Business,35007.65,2387.75,2025-06-29,2026-06-29,False,False
4229,POL004229,20240929,163,4,21,3,Renewal,230768.78,16065.29,2024-09-29,2025-09-29,True,False
4230,POL004230,20260316,2965,3,31,3,New Business,64491.17,5957.58,2026-03-16,2027-03-16,False,False
4231,POL004231,20231229,729,8,28,4,Renewal,39379.79,4558.29,2023-12-29,2024-12-28,True,False
4232,POL004232,20250420,1134,4,36,5,Cancellation,63891.0,2037.08,2025-04-20,2026-04-20,False,True
4233,POL004233,20260716,2288,1,11,1,New Business,65055.52,3563.92,2026-07-16,2027-07-16,False,False
4234,POL004234,20241008,1190,4,24,1,New Business,172816.04,16047.4,2024-10-08,2025-10-08,False,False
4235,POL004235,20240707,523,9,9,5,Renewal,218380.18,24284.84,2024-07-07,2025-07-07,True,False
4236,POL004236,20230109,2092,5,28,4,New Business,3040362.69,158414.75,2023-01-09,2024-01-09,False,False
4237,POL004237,20260319,2326,8,18,1,Renewal,79916.43,4506.55,2026-03-19,2027-03-19,True,False
4238,POL004238,20231016,2639,3,4,5,New Business,83233.52,4249.81,2023-10-16,2024-10-15,False,False
4239,POL004239,20250413,2028,6,31,3,Renewal,335528.91,22746.91,2025-04-13,2026-04-13,True,False
4240,POL004240,20260529,835,3,5,4,Cancellation,81479.42,1046.16,2026-05-29,2027-05-29,False,True
4241,POL004241,20241117,846,5,23,3,New Business,1849833.1,96850.36,2024-11-17,2025-11-17,False,False
4242,POL004242,20240521,2826,1,22,5,Renewal,29127.08,3475.83,2024-05-21,2025-05-21,True,False
4243,POL004243,20220719,1882,4,11,1,New Business,148414.03,13180.54,2022-07-19,2023-07-19,False,False
4244,POL004244,20240325,771,1,25,2,Renewal,121244.62,6641.46,2024-03-25,2025-03-25,True,False
4245,POL004245,20240505,1444,3,27,1,New Business,96812.95,6310.43,2024-05-05,2025-05-05,False,False
4246,POL004246,20220801,2362,1,7,5,New Business,61657.97,4920.51,2022-08-01,2023-08-01,False,False
4247,POL004247,20250529,1887,8,1,1,Renewal,171283.82,11857.42,2025-05-29,2026-05-29,True,False
4248,POL004248,20241222,1638,2,37,3,Renewal,24267.21,2260.79,2024-12-22,2025-12-22,True,False
4249,POL004249,20230921,2635,9,18,1,New Business,267530.22,28847.77,2023-09-21,2024-09-20,False,False
4250,POL004250,20241223,277,7,2,3,New Business,990208.32,54117.76,2024-12-23,2025-12-23,False,False
4251,POL004251,20231029,2429,7,31,3,New Business,381770.48,37009.7,2023-10-29,2024-10-28,False,False
4252,POL004252,20240402,2395,1,10,4,New Business,85650.1,4393.96,2024-04-02,2025-04-02,False,False
4253,POL004253,20240604,2149,1,5,4,Renewal,71039.79,3834.29,2024-06-04,2025-06-04,True,False
4254,POL004254,20240328,2504,4,40,4,Renewal,167602.27,15857.11,2024-03-28,2025-03-28,True,False
4255,POL004255,20250628,2571,1,38,1,New Business,95325.75,7124.72,2025-06-28,2026-06-28,False,False
4256,POL004256,20250121,861,9,34,2,New Business,93892.7,6690.58,2025-01-21,2026-01-21,False,False
4257,POL004257,20250612,413,5,6,1,New Business,502332.86,35896.78,2025-06-12,2026-06-12,False,False
4258,POL004258,20240411,1228,8,30,3,New Business,31272.16,3620.08,2024-04-11,2025-04-11,False,False
4259,POL004259,20260302,1688,1,19,5,Renewal,46164.88,2489.28,2026-03-02,2027-03-02,True,False
4260,POL004260,20250504,768,1,20,4,Renewal,27181.56,2262.89,2025-05-04,2026-05-04,True,False
4261,POL004261,20230224,1705,2,11,1,New Business,14939.56,1474.14,2023-02-24,2024-02-24,False,False
4262,POL004262,20260517,945,1,22,5,Renewal,94033.98,5368.29,2026-05-17,2027-05-17,True,False
4263,POL004263,20240712,2850,5,11,1,New Business,1770972.76,161004.8,2024-07-12,2025-07-12,False,False
4264,POL004264,20250731,2008,2,6,1,Renewal,23389.98,2135.4,2025-07-31,2026-07-31,True,False
4265,POL004265,20250304,1132,2,25,2,New Business,21292.31,2434.88,2025-03-04,2026-03-04,False,False
4266,POL004266,20241122,2557,9,22,5,Renewal,318244.97,28644.25,2024-11-22,2025-11-22,True,False
4267,POL004267,20220902,2953,6,4,5,New Business,440345.5,25086.23,2022-09-02,2023-09-02,False,False
4268,POL004268,20260227,2338,1,34,2,Renewal,49511.85,5548.23,2026-02-27,2027-02-27,True,False
4269,POL004269,20240117,1465,3,7,5,New Business,95510.68,7927.8,2024-01-17,2025-01-16,False,False
4270,POL004270,20240217,2591,1,6,1,Renewal,39156.39,4891.21,2024-02-17,2025-02-16,True,False
4271,POL004271,20241223,1193,1,7,5,Renewal,23270.25,1819.08,2024-12-23,2025-12-23,True,False
4272,POL004272,20221210,171,2,39,1,New Business,22587.34,2046.49,2022-12-10,2023-12-10,False,False
4273,POL004273,20250626,2166,8,22,5,New Business,139607.61,13552.9,2025-06-26,2026-06-26,False,False
4274,POL004274,20240701,1781,6,26,1,New Business,391719.9,22202.03,2024-07-01,2025-07-01,False,False
4275,POL004275,20250914,1395,1,39,1,Renewal,69833.44,7928.37,2025-09-14,2026-09-14,True,False
4276,POL004276,20231119,2854,8,21,3,Renewal,97582.66,7353.11,2023-11-19,2024-11-18,True,False
4277,POL004277,20250729,2732,4,24,1,Renewal,276155.09,18933.34,2025-07-29,2026-07-29,True,False
4278,POL004278,20240424,2884,4,22,5,New Business,239616.69,13586.85,2024-04-24,2025-04-24,False,False
4279,POL004279,20260502,698,4,6,1,Renewal,441490.81,24054.93,2026-05-02,2027-05-02,True,False
4280,POL004280,20240201,421,5,19,5,New Business,1889273.88,125995.59,2024-02-01,2025-01-31,False,False
4281,POL004281,20231022,2064,4,8,5,New Business,181400.72,15897.11,2023-10-22,2024-10-21,False,False
4282,POL004282,20250701,887,7,33,2,Cancellation,1169062.88,21373.95,2025-07-01,2026-07-01,False,True
4283,POL004283,20250116,777,4,38,1,New Business,431209.25,23619.3,2025-01-16,2026-01-16,False,False
4284,POL004284,20251101,631,2,1,1,Cancellation,33572.28,954.81,2025-11-01,2026-11-01,False,True
4285,POL004285,20221208,1845,1,20,4,Renewal,44199.52,4498.33,2022-12-08,2023-12-08,True,False
4286,POL004286,20250210,2073,4,20,4,Renewal,268370.4,20284.87,2025-02-10,2026-02-10,True,False
4287,POL004287,20250422,2104,9,34,2,New Business,193483.93,15644.11,2025-04-22,2026-04-22,False,False
4288,POL004288,20231218,304,2,35,4,New Business,16416.34,1603.25,2023-12-18,2024-12-17,False,False
4289,POL004289,20230224,511,8,16,4,Renewal,195171.06,14473.47,2023-02-24,2024-02-24,True,False
4290,POL004290,20250913,2485,6,7,5,Cancellation,319692.83,6438.34,2025-09-13,2026-09-13,False,True
4291,POL004291,20251229,507,5,21,3,New Business,1551364.63,158393.01,2025-12-29,2026-12-29,False,False
4292,POL004292,20231219,2682,1,2,3,Renewal,24825.41,2704.15,2023-12-19,2024-12-18,True,False
4293,POL004293,20260207,1289,1,9,5,New Business,32153.59,2611.64,2026-02-07,2027-02-07,False,False
4294,POL004294,20260207,2186,8,11,1,Renewal,50646.65,4676.57,2026-02-07,2027-02-07,True,False
4295,POL004295,20240731,1027,1,1,1,Renewal,19210.4,1966.14,2024-07-31,2025-07-31,True,False
4296,POL004296,20251207,1032,6,26,1,New Business,200930.72,15800.43,2025-12-07,2026-12-07,False,False
4297,POL004297,20260103,2580,8,16,4,Cancellation,80931.23,4885.84,2026-01-03,2027-01-03,False,True
4298,POL004298,20260408,1037,2,11,1,New Business,24453.87,1868.57,2026-04-08,2027-04-08,False,False
4299,POL004299,20250411,1836,8,31,3,New Business,48827.07,4162.14,2025-04-11,2026-04-11,False,False
4300,POL004300,20251204,2998,1,13,3,Renewal,101892.47,6525.81,2025-12-04,2026-12-04,True,False
4301,POL004301,20220331,2417,6,35,4,Renewal,262619.02,15942.44,2022-03-31,2023-03-31,True,False
4302,POL004302,20231010,2902,8,26,1,Cancellation,101621.35,5118.12,2023-10-10,2024-10-09,False,True
4303,POL004303,20240106,2045,6,32,1,Renewal,319669.02,35915.99,2024-01-06,2025-01-05,True,False
4304,POL004304,20240624,1385,3,12,2,Renewal,93332.84,5152.51,2024-06-24,2025-06-24,True,False
4305,POL004305,20251211,988,1,14,2,Renewal,121014.63,6509.79,2025-12-11,2026-12-11,True,False
4306,POL004306,20260417,300,2,2,3,Renewal,37402.59,2104.52,2026-04-17,2027-04-17,True,False
4307,POL004307,20260219,2928,7,32,1,Cancellation,381434.13,19555.76,2026-02-19,2027-02-19,False,True
4308,POL004308,20231211,564,8,23,3,New Business,161254.69,12228.19,2023-12-11,2024-12-10,False,False
4309,POL004309,20250201,266,2,28,4,Renewal,17211.62,1075.92,2025-02-01,2026-02-01,True,False
4310,POL004310,20230819,2749,3,14,2,Renewal,142632.88,10317.21,2023-08-19,2024-08-18,True,False
4311,POL004311,20260420,2966,8,15,3,Renewal,130668.31,11046.67,2026-04-20,2027-04-20,True,False
4312,POL004312,20250525,2276,1,7,5,Renewal,18420.13,1836.3,2025-05-25,2026-05-25,True,False
4313,POL004313,20250113,2362,9,13,3,Cancellation,145320.78,5389.44,2025-01-13,2026-01-13,False,True
4314,POL004314,20250912,1882,5,36,5,Renewal,2727286.26,192175.09,2025-09-12,2026-09-12,True,False
4315,POL004315,20240408,163,3,18,1,New Business,212366.91,11468.85,2024-04-08,2025-04-08,False,False
4316,POL004316,20240708,1871,2,15,3,New Business,17150.55,1115.82,2024-07-08,2025-07-08,False,False
4317,POL004317,20231227,964,2,5,4,Renewal,12296.33,736.06,2023-12-27,2024-12-26,True,False
4318,POL004318,20251203,2430,6,12,2,Renewal,630949.92,39909.27,2025-12-03,2026-12-03,True,False
4319,POL004319,20240704,1280,2,30,3,Renewal,14203.61,1168.62,2024-07-04,2025-07-04,True,False
4320,POL004320,20231006,2685,8,1,1,Renewal,102630.44,8210.78,2023-10-06,2024-10-05,True,False
4321,POL004321,20250427,2260,6,20,4,Renewal,521312.26,32779.78,2025-04-27,2026-04-27,True,False
4322,POL004322,20241127,1637,4,13,3,Renewal,118424.77,8789.9,2024-11-27,2025-11-27,True,False
4323,POL004323,20240806,2886,3,27,1,New Business,57296.89,6475.46,2024-08-06,2025-08-06,False,False
4324,POL004324,20260313,48,4,21,3,Cancellation,176383.77,5813.73,2026-03-13,2027-03-13,False,True
4325,POL004325,20240417,2263,8,18,1,Renewal,18396.23,1622.98,2024-04-17,2025-04-17,True,False
4326,POL004326,20251016,1519,1,38,1,New Business,20742.72,2252.23,2025-10-16,2026-10-16,False,False
4327,POL004327,20260122,774,8,3,2,Renewal,104010.36,6776.8,2026-01-22,2027-01-22,True,False
4328,POL004328,20240613,395,2,38,1,New Business,9842.1,618.48,2024-06-13,2025-06-13,False,False
4329,POL004329,20241118,2884,2,7,5,New Business,20766.65,1606.25,2024-11-18,2025-11-18,False,False
4330,POL004330,20260427,440,2,15,3,Cancellation,32211.28,572.88,2026-04-27,2027-04-27,False,True
4331,POL004331,20221020,1457,2,39,1,New Business,17016.53,932.82,2022-10-20,2023-10-20,False,False
4332,POL004332,20231203,1032,6,5,4,Renewal,302770.49,21689.16,2023-12-03,2024-12-02,True,False
4333,POL004333,20250821,584,9,10,4,New Business,122681.31,12763.75,2025-08-21,2026-08-21,False,False
4334,POL004334,20250817,1995,8,33,2,Renewal,128379.78,9444.23,2025-08-17,2026-08-17,True,False
4335,POL004335,20250130,162,9,13,3,Renewal,522456.79,29166.82,2025-01-30,2026-01-30,True,False
4336,POL004336,20250101,2595,1,35,4,New Business,92366.64,6508.61,2025-01-01,2026-01-01,False,False
4337,POL004337,20241130,2156,3,40,4,Renewal,126551.04,8526.3,2024-11-30,2025-11-30,True,False
4338,POL004338,20241128,1259,1,29,3,Renewal,93424.61,5127.78,2024-11-28,2025-11-28,True,False
4339,POL004339,20260110,570,2,8,5,New Business,18857.0,1898.08,2026-01-10,2027-01-10,False,False
4340,POL004340,20251007,2382,7,28,4,New Business,124493.98,6810.56,2025-10-07,2026-10-07,False,False
4341,POL004341,20260418,891,8,5,4,New Business,179504.27,11750.81,2026-04-18,2027-04-18,False,False
4342,POL004342,20260102,978,9,7,5,Renewal,217913.88,10919.86,2026-01-02,2027-01-02,True,False
4343,POL004343,20230502,664,3,16,4,New Business,29087.06,2206.27,2023-05-02,2024-05-01,False,False
4344,POL004344,20221018,2382,7,17,3,Renewal,161611.49,19433.42,2022-10-18,2023-10-18,True,False
4345,POL004345,20251122,2182,1,7,5,Renewal,66233.53,8053.15,2025-11-22,2026-11-22,True,False
4346,POL004346,20260502,1220,6,36,5,Cancellation,268476.22,7103.31,2026-05-02,2027-05-02,False,True
4347,POL004347,20260225,529,9,5,4,Renewal,318014.56,27286.57,2026-02-25,2027-02-25,True,False
4348,POL004348,20251124,98,6,35,4,New Business,185028.78,21649.67,2025-11-24,2026-11-24,False,False
4349,POL004349,20250702,1732,3,5,4,Renewal,132289.11,9059.76,2025-07-02,2026-07-02,True,False
4350,POL004350,20241117,2628,3,13,3,New Business,53455.04,6094.68,2024-11-17,2025-11-17,False,False
4351,POL004351,20250415,2351,4,31,3,Renewal,358904.4,19667.68,2025-04-15,2026-04-15,True,False
4352,POL004352,20251115,526,1,2,3,New Business,90834.25,5774.32,2025-11-15,2026-11-15,False,False
4353,POL004353,20260413,1048,6,14,2,Renewal,259617.73,22224.8,2026-04-13,2027-04-13,True,False
4354,POL004354,20221111,178,1,27,1,New Business,116200.07,6298.29,2022-11-11,2023-11-11,False,False
4355,POL004355,20230430,1206,8,26,1,New Business,57819.74,7099.81,2023-04-30,2024-04-29,False,False
4356,POL004356,20250819,817,2,8,5,New Business,18798.27,1516.4,2025-08-19,2026-08-19,False,False
4357,POL004357,20250127,1865,9,37,3,New Business,47242.98,5513.95,2025-01-27,2026-01-27,False,False
4358,POL004358,20260714,602,3,9,5,Renewal,157125.68,10363.43,2026-07-14,2027-07-14,True,False
4359,POL004359,20250531,2837,2,30,3,New Business,19879.48,2203.68,2025-05-31,2026-05-31,False,False
4360,POL004360,20240206,315,2,34,2,Renewal,16484.29,1084.57,2024-02-06,2025-02-05,True,False
4361,POL004361,20250120,2385,7,36,5,Renewal,266564.63,18202.11,2025-01-20,2026-01-20,True,False
4362,POL004362,20240924,1860,8,32,1,Renewal,155776.11,9257.73,2024-09-24,2025-09-24,True,False
4363,POL004363,20240810,261,9,14,2,Renewal,200495.76,14767.71,2024-08-10,2025-08-10,True,False
4364,POL004364,20251217,873,1,39,1,Renewal,24756.15,1719.61,2025-12-17,2026-12-17,True,False
4365,POL004365,20251106,2518,4,30,3,Renewal,360258.34,20470.88,2025-11-06,2026-11-06,True,False
4366,POL004366,20231022,2076,1,31,3,New Business,55281.03,4892.59,2023-10-22,2024-10-21,False,False
4367,POL004367,20240926,1036,1,21,3,New Business,83405.66,5950.96,2024-09-26,2025-09-26,False,False
4368,POL004368,20241013,347,9,30,3,Renewal,224580.66,21027.84,2024-10-13,2025-10-13,True,False
4369,POL004369,20250317,2276,1,2,3,Renewal,177136.98,8994.57,2025-03-17,2026-03-17,True,False
4370,POL004370,20240831,1277,5,3,2,New Business,2912793.78,186667.54,2024-08-31,2025-08-31,False,False
4371,POL004371,20240410,1985,1,21,3,Renewal,37195.83,2409.4,2024-04-10,2025-04-10,True,False
4372,POL004372,20221102,435,8,35,4,Renewal,70407.27,6482.51,2022-11-02,2023-11-02,True,False
4373,POL004373,20231022,575,2,3,2,New Business,13091.87,1153.76,2023-10-22,2024-10-21,False,False
4374,POL004374,20230713,784,2,16,4,Renewal,12540.79,937.51,2023-07-13,2024-07-12,True,False
4375,POL004375,20250411,1296,6,17,3,New Business,439544.07,34002.18,2025-04-11,2026-04-11,False,False
4376,POL004376,20221126,1723,3,30,3,New Business,96228.65,4878.4,2022-11-26,2023-11-26,False,False
4377,POL004377,20241124,2601,6,5,4,Renewal,265027.76,25565.45,2024-11-24,2025-11-24,True,False
4378,POL004378,20250203,1144,4,12,2,New Business,236743.47,12630.41,2025-02-03,2026-02-03,False,False
4379,POL004379,20260116,2658,2,23,3,Renewal,15381.51,901.13,2026-01-16,2027-01-16,True,False
4380,POL004380,20251021,1094,6,19,5,Cancellation,535235.52,9564.02,2025-10-21,2026-10-21,False,True
4381,POL004381,20240630,2115,9,38,1,Renewal,397088.33,29474.23,2024-06-30,2025-06-30,True,False
4382,POL004382,20230818,2062,6,34,2,Renewal,530547.69,30093.59,2023-08-18,2024-08-17,True,False
4383,POL004383,20260316,675,9,9,5,Cancellation,336137.54,9195.13,2026-03-16,2027-03-16,False,True
4384,POL004384,20230408,159,1,30,3,Renewal,78260.49,4845.96,2023-04-08,2024-04-07,True,False
4385,POL004385,20230318,1136,1,2,3,Renewal,47972.01,3110.5,2023-03-18,2024-03-17,True,False
4386,POL004386,20230327,279,3,8,5,Renewal,125761.44,10897.36,2023-03-27,2024-03-26,True,False
4387,POL004387,20231109,1817,1,24,1,Renewal,129149.88,8938.34,2023-11-09,2024-11-08,True,False
4388,POL004388,20250412,1145,1,7,5,Cancellation,34432.91,1859.93,2025-04-12,2026-04-12,False,True
4389,POL004389,20220601,1752,2,27,1,Renewal,31693.43,2222.26,2022-06-01,2023-06-01,True,False
4390,POL004390,20221016,1120,1,10,4,Cancellation,39499.29,1022.14,2022-10-16,2023-10-16,False,True
4391,POL004391,20251221,2039,8,4,5,Renewal,82704.23,5605.01,2025-12-21,2026-12-21,True,False
4392,POL004392,20240617,337,2,8,5,Renewal,12763.33,646.05,2024-06-17,2025-06-17,True,False
4393,POL004393,20250715,1910,3,1,1,New Business,33553.95,3394.65,2025-07-15,2026-07-15,False,False
4394,POL004394,20250209,193,3,19,5,Renewal,50988.07,4769.9,2025-02-09,2026-02-09,True,False
4395,POL004395,20250903,1899,7,16,4,New Business,569286.86,31484.86,2025-09-03,2026-09-03,False,False
4396,POL004396,20250828,2172,5,37,3,Cancellation,3821335.51,88546.04,2025-08-28,2026-08-28,False,True
4397,POL004397,20251210,2783,1,4,5,Renewal,84566.63,5397.05,2025-12-10,2026-12-10,True,False
4398,POL004398,20250624,933,1,33,2,Cancellation,101770.67,1853.52,2025-06-24,2026-06-24,False,True
4399,POL004399,20241027,2049,4,38,1,Renewal,79108.37,7105.46,2024-10-27,2025-10-27,True,False
4400,POL004400,20241022,659,8,19,5,Renewal,34036.75,2988.27,2024-10-22,2025-10-22,True,False
4401,POL004401,20260226,432,3,13,3,New Business,29476.58,2084.64,2026-02-26,2027-02-26,False,False
4402,POL004402,20240724,1182,7,16,4,New Business,142522.89,15827.34,2024-07-24,2025-07-24,False,False
4403,POL004403,20230818,1464,1,25,2,Renewal,52150.9,5691.61,2023-08-18,2024-08-17,True,False
4404,POL004404,20240808,681,7,30,3,New Business,645197.94,71943.78,2024-08-08,2025-08-08,False,False
4405,POL004405,20260605,233,8,2,3,New Business,30452.92,2792.72,2026-06-05,2027-06-05,False,False
4406,POL004406,20230325,1110,7,13,3,Renewal,596451.22,60524.64,2023-03-25,2024-03-24,True,False
4407,POL004407,20250324,2797,8,31,3,New Business,293057.12,14898.64,2025-03-24,2026-03-24,False,False
4408,POL004408,20250531,2822,8,22,5,New Business,86045.01,8910.24,2025-05-31,2026-05-31,False,False
4409,POL004409,20260607,2660,1,10,4,New Business,38840.79,4375.7,2026-06-07,2027-06-07,False,False
4410,POL004410,20251213,448,2,5,4,New Business,16644.8,923.09,2025-12-13,2026-12-13,False,False
4411,POL004411,20260316,2622,8,9,5,New Business,117424.16,14427.41,2026-03-16,2027-03-16,False,False
4412,POL004412,20250725,1647,1,38,1,New Business,113269.09,6506.46,2025-07-25,2026-07-25,False,False
4413,POL004413,20240827,527,2,12,2,New Business,28862.5,1792.84,2024-08-27,2025-08-27,False,False
4414,POL004414,20250910,2650,1,28,4,Renewal,42556.94,3211.15,2025-09-10,2026-09-10,True,False
4415,POL004415,20260105,1001,9,24,1,Renewal,63928.44,4341.06,2026-01-05,2027-01-05,True,False
4416,POL004416,20251006,1295,6,28,4,New Business,436382.93,24256.66,2025-10-06,2026-10-06,False,False
4417,POL004417,20260524,2808,1,21,3,Renewal,118977.3,7698.76,2026-05-24,2027-05-24,True,False
4418,POL004418,20230101,1275,6,18,1,Renewal,296250.53,22864.05,2023-01-01,2024-01-01,True,False
4419,POL004419,20260411,2188,6,18,1,Renewal,456835.59,38218.03,2026-04-11,2027-04-11,True,False
4420,POL004420,20250301,1298,1,35,4,Cancellation,40492.95,516.92,2025-03-01,2026-03-01,False,True
4421,POL004421,20251005,1511,5,4,5,Renewal,1529939.29,136157.53,2025-10-05,2026-10-05,True,False
4422,POL004422,20240401,2691,4,20,4,Cancellation,231909.87,4452.56,2024-04-01,2025-04-01,False,True
4423,POL004423,20250722,2274,1,24,1,Renewal,53980.03,3014.68,2025-07-22,2026-07-22,True,False
4424,POL004424,20221014,2842,3,14,2,Cancellation,108662.75,2673.0,2022-10-14,2023-10-14,False,True
4425,POL004425,20260706,703,8,33,2,Renewal,170801.04,14194.67,2026-07-06,2027-07-06,True,False
4426,POL004426,20231105,2031,9,21,3,New Business,303335.88,21721.32,2023-11-05,2024-11-04,False,False
4427,POL004427,20230611,361,6,38,1,Renewal,164115.63,8775.88,2023-06-11,2024-06-10,True,False
4428,POL004428,20250630,868,8,24,1,New Business,150184.35,8592.18,2025-06-30,2026-06-30,False,False
4429,POL004429,20240205,539,2,23,3,New Business,12083.24,734.77,2024-02-05,2025-02-04,False,False
4430,POL004430,20230923,2002,3,31,3,New Business,83013.51,4786.5,2023-09-23,2024-09-22,False,False
4431,POL004431,20260706,1600,1,17,3,Renewal,94722.21,8655.66,2026-07-06,2027-07-06,True,False
4432,POL004432,20250718,1157,2,4,5,New Business,10531.81,1299.5,2025-07-18,2026-07-18,False,False
4433,POL004433,20250517,2094,4,9,5,New Business,278662.58,19144.12,2025-05-17,2026-05-17,False,False
4434,POL004434,20230809,2751,1,30,3,New Business,63704.28,5145.71,2023-08-09,2024-08-08,False,False
4435,POL004435,20231202,1895,1,38,1,New Business,57038.44,3061.38,2023-12-02,2024-12-01,False,False
4436,POL004436,20230818,1441,9,19,5,Renewal,247026.14,19670.71,2023-08-18,2024-08-17,True,False
4437,POL004437,20240628,573,4,8,5,New Business,102320.17,5635.2,2024-06-28,2025-06-28,False,False
4438,POL004438,20250226,644,1,24,1,New Business,165089.36,8366.09,2025-02-26,2026-02-26,False,False
4439,POL004439,20221111,2471,6,28,4,New Business,526775.1,30863.33,2022-11-11,2023-11-11,False,False
4440,POL004440,20220526,2517,1,15,3,New Business,132662.98,8511.24,2022-05-26,2023-05-26,False,False
4441,POL004441,20231208,128,1,29,3,Renewal,58330.03,4569.29,2023-12-08,2024-12-07,True,False
4442,POL004442,20241015,2738,1,7,5,Renewal,65969.5,5706.81,2024-10-15,2025-10-15,True,False
4443,POL004443,20231103,1615,1,4,5,New Business,107592.61,8634.49,2023-11-03,2024-11-02,False,False
4444,POL004444,20251019,947,5,38,1,New Business,2512020.29,156144.05,2025-10-19,2026-10-19,False,False
4445,POL004445,20250311,2176,4,17,3,Cancellation,110503.36,1893.75,2025-03-11,2026-03-11,False,True
4446,POL004446,20250624,637,4,16,4,Renewal,179440.08,10291.18,2025-06-24,2026-06-24,True,False
4447,POL004447,20251203,1084,3,37,3,New Business,67050.98,6013.13,2025-12-03,2026-12-03,False,False
4448,POL004448,20250501,1255,9,39,1,Renewal,172241.32,9186.1,2025-05-01,2026-05-01,True,False
4449,POL004449,20231031,1451,6,30,3,Renewal,733345.1,39618.52,2023-10-31,2024-10-30,True,False
4450,POL004450,20220703,2971,1,13,3,Renewal,69438.75,4989.8,2022-07-03,2023-07-03,True,False
4451,POL004451,20250224,2790,8,10,4,Renewal,104196.95,11230.97,2025-02-24,2026-02-24,True,False
4452,POL004452,20260127,595,1,18,1,Cancellation,45810.02,1843.36,2026-01-27,2027-01-27,False,True
4453,POL004453,20230506,2727,1,9,5,Renewal,48080.97,5210.14,2023-05-06,2024-05-05,True,False
4454,POL004454,20260210,1109,2,2,3,Renewal,7030.4,620.99,2026-02-10,2027-02-10,True,False
4455,POL004455,20240125,2984,1,25,2,New Business,54013.38,4356.27,2024-01-25,2025-01-24,False,False
4456,POL004456,20230131,2263,1,25,2,New Business,20658.5,2307.32,2023-01-31,2024-01-31,False,False
4457,POL004457,20240724,66,1,23,3,New Business,82751.52,8592.84,2024-07-24,2025-07-24,False,False
4458,POL004458,20241109,538,8,35,4,Renewal,145784.45,14661.69,2024-11-09,2025-11-09,True,False
4459,POL004459,20230822,2662,3,19,5,Renewal,120094.08,9956.3,2023-08-22,2024-08-21,True,False
4460,POL004460,20250818,2155,2,9,5,Renewal,29748.34,1551.41,2025-08-18,2026-08-18,True,False
4461,POL004461,20250323,1973,2,18,1,New Business,30118.13,1943.18,2025-03-23,2026-03-23,False,False
4462,POL004462,20250705,1086,2,14,2,Cancellation,11401.48,444.76,2025-07-05,2026-07-05,False,True
4463,POL004463,20251128,793,8,9,5,Renewal,169945.11,11934.05,2025-11-28,2026-11-28,True,False
4464,POL004464,20231225,1714,1,38,1,New Business,151414.54,8459.64,2023-12-25,2024-12-24,False,False
4465,POL004465,20230302,169,2,1,1,New Business,8807.62,1098.62,2023-03-02,2024-03-01,False,False
4466,POL004466,20260711,677,3,5,4,New Business,154157.07,8231.19,2026-07-11,2027-07-11,False,False
4467,POL004467,20260729,2855,5,34,2,New Business,2324671.15,125478.15,2026-07-29,2027-07-29,False,False
4468,POL004468,20230103,1568,6,22,5,New Business,304674.62,21823.86,2023-01-03,2024-01-03,False,False
4469,POL004469,20240730,1461,2,31,3,New Business,12004.9,611.4,2024-07-30,2025-07-30,False,False
4470,POL004470,20220501,18,2,36,5,Renewal,14212.89,1375.28,2022-05-01,2023-05-01,True,False
4471,POL004471,20241009,910,4,2,3,Renewal,135091.6,9115.41,2024-10-09,2025-10-09,True,False
4472,POL004472,20241203,1951,2,40,4,New Business,20103.81,1862.28,2024-12-03,2025-12-03,False,False
4473,POL004473,20240623,933,3,7,5,Cancellation,144485.46,5596.29,2024-06-23,2025-06-23,False,True
4474,POL004474,20231124,1128,8,6,1,Renewal,159043.57,11195.26,2023-11-24,2024-11-23,True,False
4475,POL004475,20241001,655,1,30,3,Renewal,116293.74,5822.78,2024-10-01,2025-10-01,True,False
4476,POL004476,20240909,2854,4,2,3,Renewal,197622.84,15267.88,2024-09-09,2025-09-09,True,False
4477,POL004477,20241013,2,6,39,1,New Business,234626.81,23919.74,2024-10-13,2025-10-13,False,False
4478,POL004478,20230621,2684,1,31,3,New Business,70100.83,7095.61,2023-06-21,2024-06-20,False,False
4479,POL004479,20240428,2140,7,38,1,Renewal,1252111.49,63540.4,2024-04-28,2025-04-28,True,False
4480,POL004480,20241107,1005,2,39,1,Cancellation,35025.55,822.69,2024-11-07,2025-11-07,False,True
4481,POL004481,20250803,539,7,16,4,New Business,991404.96,55840.22,2025-08-03,2026-08-03,False,False
4482,POL004482,20260118,2556,8,34,2,Renewal,260752.66,13473.56,2026-01-18,2027-01-18,True,False
4483,POL004483,20230912,1478,1,29,3,Renewal,18827.26,2253.5,2023-09-12,2024-09-11,True,False
4484,POL004484,20260519,57,1,36,5,Renewal,56410.57,6498.73,2026-05-19,2027-05-19,True,False
4485,POL004485,20230818,13,3,39,1,New Business,104349.47,11851.9,2023-08-18,2024-08-17,False,False
4486,POL004486,20240819,694,2,18,1,New Business,22370.62,2100.05,2024-08-19,2025-08-19,False,False
4487,POL004487,20251025,1818,1,33,2,Renewal,98089.55,7500.14,2025-10-25,2026-10-25,True,False
4488,POL004488,20251223,2113,5,32,1,New Business,3533277.32,218194.3,2025-12-23,2026-12-23,False,False
4489,POL004489,20241214,21,2,38,1,New Business,31316.32,1838.17,2024-12-14,2025-12-14,False,False
4490,POL004490,20220823,177,2,19,5,Renewal,23175.75,1225.92,2022-08-23,2023-08-23,True,False
4491,POL004491,20250520,1017,1,26,1,New Business,73581.31,6401.04,2025-05-20,2026-05-20,False,False
4492,POL004492,20230521,1825,2,12,2,Renewal,37410.01,1921.89,2023-05-21,2024-05-20,True,False
4493,POL004493,20260322,512,1,19,5,Renewal,45179.19,4700.29,2026-03-22,2027-03-22,True,False
4494,POL004494,20240615,926,2,36,5,New Business,21309.49,1336.39,2024-06-15,2025-06-15,False,False
4495,POL004495,20250101,2794,9,17,3,Cancellation,178456.97,6284.0,2025-01-01,2026-01-01,False,True
4496,POL004496,20220830,2714,2,13,3,Cancellation,9895.12,130.1,2022-08-30,2023-08-30,False,True
4497,POL004497,20220614,1174,4,7,5,Renewal,173415.1,9350.62,2022-06-14,2023-06-14,True,False
4498,POL004498,20231013,1547,9,29,3,New Business,101633.63,12096.15,2023-10-13,2024-10-12,False,False
4499,POL004499,20221216,2781,4,36,5,Renewal,349036.31,21361.23,2022-12-16,2023-12-16,True,False
4500,POL004500,20240123,2853,4,24,1,Renewal,215121.64,16104.06,2024-01-23,2025-01-22,True,False
4501,POL004501,20250126,353,5,4,5,New Business,2023812.54,114129.77,2025-01-26,2026-01-26,False,False
4502,POL004502,20241206,2626,3,10,4,Cancellation,87561.09,1112.59,2024-12-06,2025-12-06,False,True
4503,POL004503,20251002,968,3,38,1,Renewal,162164.0,10575.59,2025-10-02,2026-10-02,True,False
4504,POL004504,20240101,1862,2,31,3,New Business,43776.93,2233.04,2024-01-01,2024-12-31,False,False
4505,POL004505,20251028,872,1,8,5,Renewal,60136.36,5373.33,2025-10-28,2026-10-28,True,False
4506,POL004506,20231114,2448,6,34,2,Cancellation,148303.04,1779.27,2023-11-14,2024-11-13,False,True
4507,POL004507,20250425,1797,1,35,4,New Business,84425.92,6355.1,2025-04-25,2026-04-25,False,False
4508,POL004508,20240312,1977,2,38,1,New Business,16983.4,1399.57,2024-03-12,2025-03-12,False,False
4509,POL004509,20250225,1832,8,24,1,New Business,171702.43,11478.31,2025-02-25,2026-02-25,False,False
4510,POL004510,20260209,2856,9,38,1,New Business,188826.9,21951.28,2026-02-09,2027-02-09,False,False
4511,POL004511,20260421,904,9,11,1,Renewal,180384.5,17179.29,2026-04-21,2027-04-21,True,False
4512,POL004512,20260131,2033,2,8,5,New Business,9083.16,716.75,2026-01-31,2027-01-31,False,False
4513,POL004513,20250509,757,3,5,4,New Business,64083.23,5831.04,2025-05-09,2026-05-09,False,False
4514,POL004514,20231026,1399,1,30,3,Renewal,115198.61,6277.76,2023-10-26,2024-10-25,True,False
4515,POL004515,20230823,2405,2,8,5,New Business,17893.73,1844.27,2023-08-23,2024-08-22,False,False
4516,POL004516,20250809,1395,2,25,2,New Business,18973.44,2347.36,2025-08-09,2026-08-09,False,False
4517,POL004517,20260417,2966,3,1,1,Renewal,131892.1,10987.59,2026-04-17,2027-04-17,True,False
4518,POL004518,20250110,2203,3,14,2,New Business,80004.45,5239.67,2025-01-10,2026-01-10,False,False
4519,POL004519,20230702,842,6,2,3,New Business,279790.94,14787.72,2023-07-02,2024-07-01,False,False
4520,POL004520,20250421,1008,1,26,1,New Business,49626.8,4832.88,2025-04-21,2026-04-21,False,False
4521,POL004521,20220527,1324,4,28,4,Renewal,132954.63,9211.68,2022-05-27,2023-05-27,True,False
4522,POL004522,20251210,2784,4,39,1,Cancellation,332644.15,11484.38,2025-12-10,2026-12-10,False,True
4523,POL004523,20241211,114,3,32,1,Renewal,110574.12,8431.58,2024-12-11,2025-12-11,True,False
4524,POL004524,20250513,1116,1,25,2,New Business,51639.48,4555.37,2025-05-13,2026-05-13,False,False
4525,POL004525,20230711,1824,1,3,2,Cancellation,141453.42,3791.88,2023-07-11,2024-07-10,False,True
4526,POL004526,20250507,2706,1,32,1,Cancellation,35573.68,460.07,2025-05-07,2026-05-07,False,True
4527,POL004527,20230507,1793,2,6,1,Renewal,30999.1,1981.64,2023-05-07,2024-05-06,True,False
4528,POL004528,20250923,1563,8,16,4,Renewal,190474.14,11592.78,2025-09-23,2026-09-23,True,False
4529,POL004529,20250831,325,3,23,3,Renewal,82043.19,4973.98,2025-08-31,2026-08-31,True,False
4530,POL004530,20220327,26,8,21,3,New Business,109203.08,8739.13,2022-03-27,2023-03-27,False,False
4531,POL004531,20260118,1758,3,8,5,Renewal,113925.6,9918.96,2026-01-18,2027-01-18,True,False
4532,POL004532,20231023,2046,3,20,4,New Business,71343.8,7103.07,2023-10-23,2024-10-22,False,False
4533,POL004533,20251123,958,3,5,4,New Business,117105.47,7008.31,2025-11-23,2026-11-23,False,False
4534,POL004534,20230315,2051,4,31,3,New Business,217065.7,20698.79,2023-03-15,2024-03-14,False,False
4535,POL004535,20250528,2343,1,12,2,New Business,88980.19,8958.58,2025-05-28,2026-05-28,False,False
4536,POL004536,20260112,897,1,37,3,Renewal,67129.26,3726.51,2026-01-12,2027-01-12,True,False
4537,POL004537,20250908,653,3,8,5,New Business,116209.64,6668.84,2025-09-08,2026-09-08,False,False
4538,POL004538,20251015,2862,1,8,5,New Business,101213.44,5153.94,2025-10-15,2026-10-15,False,False
4539,POL004539,20250729,28,6,19,5,Renewal,562310.95,29019.65,2025-07-29,2026-07-29,True,False
4540,POL004540,20260703,1439,1,27,1,Renewal,64126.45,3655.84,2026-07-03,2027-07-03,True,False
4541,POL004541,20230124,2732,1,18,1,New Business,36531.09,1882.33,2023-01-24,2024-01-24,False,False
4542,POL004542,20240113,1556,5,25,2,New Business,1571916.79,133351.06,2024-01-13,2025-01-12,False,False
4543,POL004543,20250306,945,4,37,3,New Business,156875.63,17079.98,2025-03-06,2026-03-06,False,False
4544,POL004544,20231021,1271,6,24,1,Renewal,293153.68,22888.22,2023-10-21,2024-10-20,True,False
4545,POL004545,20251216,2734,9,29,3,Renewal,159426.33,12461.04,2025-12-16,2026-12-16,True,False
4546,POL004546,20240217,1941,2,28,4,New Business,42164.03,2299.53,2024-02-17,2025-02-16,False,False
4547,POL004547,20260530,1615,3,3,2,Renewal,23783.65,2501.26,2026-05-30,2027-05-30,True,False
4548,POL004548,20250815,1401,3,9,5,Renewal,43146.31,3678.22,2025-08-15,2026-08-15,True,False
4549,POL004549,20250217,758,8,5,4,Renewal,50465.58,5771.27,2025-02-17,2026-02-17,True,False
4550,POL004550,20260420,2201,4,34,2,Renewal,76965.83,8007.0,2026-04-20,2027-04-20,True,False
4551,POL004551,20221120,1998,4,10,4,Renewal,80286.75,6927.82,2022-11-20,2023-11-20,True,False
4552,POL004552,20230201,683,1,1,1,Renewal,45816.41,2820.64,2023-02-01,2024-02-01,True,False
4553,POL004553,20260426,2836,4,3,2,New Business,326100.8,21330.66,2026-04-26,2027-04-26,False,False
4554,POL004554,20260415,2197,4,30,3,Renewal,127042.32,11778.54,2026-04-15,2027-04-15,True,False
4555,POL004555,20221115,2809,3,18,1,New Business,50787.96,4044.0,2022-11-15,2023-11-15,False,False
4556,POL004556,20241206,1251,3,27,1,Renewal,30965.21,2349.14,2024-12-06,2025-12-06,True,False
4557,POL004557,20220722,1007,4,11,1,Renewal,171188.43,18910.33,2022-07-22,2023-07-22,True,False
4558,POL004558,20240524,795,1,6,1,Renewal,31294.38,3044.49,2024-05-24,2025-05-24,True,False
4559,POL004559,20231016,980,4,16,4,Renewal,224127.17,11945.77,2023-10-16,2024-10-15,True,False
4560,POL004560,20230128,459,1,33,2,New Business,62263.31,7540.28,2023-01-28,2024-01-28,False,False
4561,POL004561,20240505,2056,2,35,4,New Business,27207.52,1905.71,2024-05-05,2025-05-05,False,False
4562,POL004562,20250722,547,2,19,5,New Business,20008.61,1348.82,2025-07-22,2026-07-22,False,False
4563,POL004563,20230805,307,1,18,1,New Business,53785.01,3514.59,2023-08-05,2024-08-04,False,False
4564,POL004564,20230910,1420,9,30,3,Renewal,333145.15,23330.49,2023-09-10,2024-09-09,True,False
4565,POL004565,20260220,1856,2,37,3,Renewal,24586.05,2364.81,2026-02-20,2027-02-20,True,False
4566,POL004566,20230922,2919,3,6,1,Renewal,77327.29,6477.33,2023-09-22,2024-09-21,True,False
4567,POL004567,20231121,1738,9,40,4,Renewal,527436.25,28477.41,2023-11-21,2024-11-20,True,False
4568,POL004568,20230220,833,5,35,4,Renewal,304755.41,20450.62,2023-02-20,2024-02-20,True,False
4569,POL004569,20260116,2201,6,28,4,Renewal,203376.37,23059.85,2026-01-16,2027-01-16,True,False
4570,POL004570,20250901,577,5,21,3,Cancellation,1361614.47,13239.93,2025-09-01,2026-09-01,False,True
4571,POL004571,20230904,2518,1,38,1,Cancellation,42080.07,1357.5,2023-09-04,2024-09-03,False,True
4572,POL004572,20241201,1081,3,28,4,Cancellation,91031.89,2613.38,2024-12-01,2025-12-01,False,True
4573,POL004573,20250410,689,6,38,1,New Business,176065.36,9992.08,2025-04-10,2026-04-10,False,False
4574,POL004574,20230312,2199,6,19,5,New Business,365378.97,25546.46,2023-03-12,2024-03-11,False,False
4575,POL004575,20240612,479,2,32,1,Cancellation,25115.18,590.24,2024-06-12,2025-06-12,False,True
4576,POL004576,20250614,2484,4,4,5,New Business,458436.39,24736.61,2025-06-14,2026-06-14,False,False
4577,POL004577,20260709,2026,1,5,4,Renewal,71783.4,8253.3,2026-07-09,2027-07-09,True,False
4578,POL004578,20251027,2541,7,21,3,Renewal,493144.72,29189.71,2025-10-27,2026-10-27,True,False
4579,POL004579,20251128,37,8,13,3,Renewal,47967.57,3012.11,2025-11-28,2026-11-28,True,False
4580,POL004580,20240927,527,1,8,5,Renewal,110277.5,6258.72,2024-09-27,2025-09-27,True,False
4581,POL004581,20250204,2344,5,3,2,Renewal,4216113.42,224399.3,2025-02-04,2026-02-04,True,False
4582,POL004582,20250731,1568,6,11,1,Renewal,117538.81,6608.46,2025-07-31,2026-07-31,True,False
4583,POL004583,20250128,1709,6,12,2,New Business,212265.6,23258.91,2025-01-28,2026-01-28,False,False
4584,POL004584,20241129,1672,2,14,2,Renewal,19000.67,1754.47,2024-11-29,2025-11-29,True,False
4585,POL004585,20251220,2778,1,23,3,New Business,54704.52,5543.68,2025-12-20,2026-12-20,False,False
4586,POL004586,20240409,539,1,25,2,New Business,90095.38,8275.51,2024-04-09,2025-04-09,False,False
4587,POL004587,20230917,1133,3,1,1,New Business,58970.32,3751.66,2023-09-17,2024-09-16,False,False
4588,POL004588,20251219,2439,2,34,2,Renewal,13867.11,1578.22,2025-12-19,2026-12-19,True,False
4589,POL004589,20230520,654,1,4,5,New Business,52666.97,4621.13,2023-05-20,2024-05-19,False,False
4590,POL004590,20250329,1420,2,4,5,Renewal,29862.6,2402.68,2025-03-29,2026-03-29,True,False
4591,POL004591,20250623,2459,7,14,2,Renewal,544367.8,49663.96,2025-06-23,2026-06-23,True,False
4592,POL004592,20250605,222,1,38,1,Renewal,88638.44,4769.7,2025-06-05,2026-06-05,True,False
4593,POL004593,20240319,1908,4,2,3,New Business,224100.04,19941.35,2024-03-19,2025-03-19,False,False
4594,POL004594,20241230,829,2,6,1,New Business,34003.78,2202.77,2024-12-30,2025-12-30,False,False
4595,POL004595,20260421,395,3,36,5,New Business,89399.48,5541.7,2026-04-21,2027-04-21,False,False
4596,POL004596,20241017,990,6,9,5,Renewal,72681.12,5241.09,2024-10-17,2025-10-17,True,False
4597,POL004597,20260420,904,5,32,1,Renewal,2407075.5,198640.13,2026-04-20,2027-04-20,True,False
4598,POL004598,20251123,266,3,29,3,New Business,107912.16,8785.05,2025-11-23,2026-11-23,False,False
4599,POL004599,20260524,1383,9,21,3,New Business,138583.85,7247.72,2026-05-24,2027-05-24,False,False
4600,POL004600,20240425,399,2,12,2,Cancellation,11560.6,137.26,2024-04-25,2025-04-25,False,True
4601,POL004601,20250425,1012,8,38,1,New Business,232891.9,13490.97,2025-04-25,2026-04-25,False,False
4602,POL004602,20250429,523,7,39,1,New Business,538647.61,39746.56,2025-04-29,2026-04-29,False,False
4603,POL004603,20231217,569,1,5,4,New Business,84822.64,4416.73,2023-12-17,2024-12-16,False,False
4604,POL004604,20240912,1044,1,15,3,Renewal,65181.83,4394.46,2024-09-12,2025-09-12,True,False
4605,POL004605,20230721,1936,3,40,4,Renewal,104444.28,7215.43,2023-07-21,2024-07-20,True,False
4606,POL004606,20250428,1354,4,33,2,New Business,116065.3,10131.17,2025-04-28,2026-04-28,False,False
4607,POL004607,20231014,774,3,14,2,Renewal,148236.08,8241.38,2023-10-14,2024-10-13,True,False
4608,POL004608,20251029,540,1,39,1,Renewal,129479.75,7046.67,2025-10-29,2026-10-29,True,False
4609,POL004609,20240217,459,1,39,1,New Business,162466.47,8190.17,2024-02-17,2025-02-16,False,False
4610,POL004610,20240125,993,2,37,3,Renewal,26416.82,2138.74,2024-01-25,2025-01-24,True,False
4611,POL004611,20250612,359,3,19,5,Renewal,104223.45,11565.85,2025-06-12,2026-06-12,True,False
4612,POL004612,20260208,1727,6,12,2,Cancellation,149159.32,9994.7,2026-02-08,2027-02-08,False,True
4613,POL004613,20250912,2677,2,21,3,Renewal,10885.21,1273.08,2025-09-12,2026-09-12,True,False
4614,POL004614,20230901,1030,6,13,3,New Business,470099.26,25385.21,2023-09-01,2024-08-31,False,False
4615,POL004615,20250109,1189,2,17,3,New Business,19918.11,2006.98,2025-01-09,2026-01-09,False,False
4616,POL004616,20251214,1714,7,38,1,New Business,523490.39,53591.01,2025-12-14,2026-12-14,False,False
4617,POL004617,20260806,2899,6,1,1,Renewal,77821.12,5738.74,2026-08-06,2027-08-06,True,False
4618,POL004618,20250424,1809,1,26,1,Renewal,82827.55,7621.43,2025-04-24,2026-04-24,True,False
4619,POL004619,20241203,2084,1,4,5,Renewal,84487.02,5997.41,2024-12-03,2025-12-03,True,False
4620,POL004620,20240813,1827,8,35,4,New Business,160996.76,11675.87,2024-08-13,2025-08-13,False,False
4621,POL004621,20231122,895,1,13,3,Renewal,28422.31,2280.06,2023-11-22,2024-11-21,True,False
4622,POL004622,20260728,179,1,38,1,New Business,27470.51,3150.3,2026-07-28,2027-07-28,False,False
4623,POL004623,20250120,2598,3,9,5,New Business,43775.99,2610.28,2025-01-20,2026-01-20,False,False
4624,POL004624,20241020,1950,3,29,3,Renewal,101526.78,8902.55,2024-10-20,2025-10-20,True,False
4625,POL004625,20221225,1693,2,8,5,Renewal,16869.95,1152.88,2022-12-25,2023-12-25,True,False
4626,POL004626,20230906,1895,2,2,3,New Business,10839.55,960.05,2023-09-06,2024-09-05,False,False
4627,POL004627,20221110,888,3,15,3,New Business,44868.18,3920.5,2022-11-10,2023-11-10,False,False
4628,POL004628,20250724,2657,2,27,1,Renewal,28756.12,2005.26,2025-07-24,2026-07-24,True,False
4629,POL004629,20241210,267,9,22,5,New Business,123379.34,9542.23,2024-12-10,2025-12-10,False,False
4630,POL004630,20230907,496,1,30,3,New Business,85830.14,8214.86,2023-09-07,2024-09-06,False,False
4631,POL004631,20231011,279,9,33,2,New Business,339517.41,19455.14,2023-10-11,2024-10-10,False,False
4632,POL004632,20240721,2047,8,26,1,Renewal,146133.96,11561.91,2024-07-21,2025-07-21,True,False
4633,POL004633,20260519,2320,6,24,1,Cancellation,431187.83,16529.18,2026-05-19,2027-05-19,False,True
4634,POL004634,20260214,2624,1,15,3,Renewal,52476.8,3924.25,2026-02-14,2027-02-14,True,False
4635,POL004635,20250919,747,2,37,3,Renewal,32583.44,1934.75,2025-09-19,2026-09-19,True,False
4636,POL004636,20230318,2611,3,9,5,New Business,73381.94,4969.17,2023-03-18,2024-03-17,False,False
4637,POL004637,20240713,524,1,21,3,New Business,64272.65,5745.41,2024-07-13,2025-07-13,False,False
4638,POL004638,20260620,2408,2,24,1,Renewal,8427.41,812.24,2026-06-20,2027-06-20,True,False
4639,POL004639,20251217,942,5,32,1,New Business,937042.84,109712.6,2025-12-17,2026-12-17,False,False
4640,POL004640,20250423,590,1,28,4,New Business,27655.3,3182.79,2025-04-23,2026-04-23,False,False
4641,POL004641,20250126,1933,4,3,2,Renewal,138522.65,13009.08,2025-01-26,2026-01-26,True,False
4642,POL004642,20241214,733,3,38,1,Renewal,70877.3,7490.48,2024-12-14,2025-12-14,True,False
4643,POL004643,20250327,821,4,24,1,Renewal,207563.57,21216.2,2025-03-27,2026-03-27,True,False
4644,POL004644,20240723,2750,8,13,3,Renewal,111546.71,11160.98,2024-07-23,2025-07-23,True,False
4645,POL004645,20260813,135,5,6,1,Renewal,3624406.61,225335.41,2026-08-13,2027-08-13,True,False
4646,POL004646,20260723,1252,9,37,3,New Business,229401.48,23903.36,2026-07-23,2027-07-23,False,False
4647,POL004647,20260514,1888,1,28,4,Renewal,96140.15,6004.49,2026-05-14,2027-05-14,True,False
4648,POL004648,20231229,812,8,39,1,New Business,105492.32,7250.71,2023-12-29,2024-12-28,False,False
4649,POL004649,20241113,871,3,19,5,Renewal,152534.87,11884.76,2024-11-13,2025-11-13,True,False
4650,POL004650,20260516,99,6,4,5,Cancellation,522771.27,7014.42,2026-05-16,2027-05-16,False,True
4651,POL004651,20251116,1766,2,26,1,New Business,13901.87,1187.86,2025-11-16,2026-11-16,False,False
4652,POL004652,20250223,1768,4,1,1,Renewal,168261.05,11383.75,2025-02-23,2026-02-23,True,False
4653,POL004653,20251023,2122,2,27,1,Renewal,32392.97,1746.67,2025-10-23,2026-10-23,True,False
4654,POL004654,20250313,2986,7,2,3,Renewal,326153.66,27123.68,2025-03-13,2026-03-13,True,False
4655,POL004655,20250907,2594,1,28,4,New Business,44809.03,3265.8,2025-09-07,2026-09-07,False,False
4656,POL004656,20250519,1558,1,37,3,Renewal,80705.89,8272.34,2025-05-19,2026-05-19,True,False
4657,POL004657,20250505,585,8,21,3,Renewal,244029.74,13728.5,2025-05-05,2026-05-05,True,False
4658,POL004658,20240316,2589,3,20,4,Renewal,213222.62,11473.68,2024-03-16,2025-03-16,True,False
4659,POL004659,20250322,2940,9,39,1,Renewal,226991.01,16589.37,2025-03-22,2026-03-22,True,False
4660,POL004660,20230222,2794,1,18,1,Renewal,81169.62,7873.48,2023-02-22,2024-02-22,True,False
4661,POL004661,20250815,987,6,17,3,Renewal,278585.21,15056.33,2025-08-15,2026-08-15,True,False
4662,POL004662,20231008,1705,9,26,1,New Business,286103.75,23372.09,2023-10-08,2024-10-07,False,False
4663,POL004663,20230907,1222,9,39,1,Renewal,133599.27,10572.89,2023-09-07,2024-09-06,True,False
4664,POL004664,20231207,1551,4,33,2,New Business,346600.3,24711.55,2023-12-07,2024-12-06,False,False
4665,POL004665,20230731,2130,4,34,2,Cancellation,178937.74,3780.76,2023-07-31,2024-07-30,False,True
4666,POL004666,20260804,1027,1,39,1,Renewal,55813.55,5047.41,2026-08-04,2027-08-04,True,False
4667,POL004667,20240719,1007,1,40,4,New Business,85181.3,5981.12,2024-07-19,2025-07-19,False,False
4668,POL004668,20251106,2898,3,21,3,New Business,21118.56,2336.09,2025-11-06,2026-11-06,False,False
4669,POL004669,20250515,1119,6,4,5,Renewal,257936.72,13093.1,2025-05-15,2026-05-15,True,False
4670,POL004670,20250404,2687,1,16,4,Renewal,71097.59,4891.96,2025-04-04,2026-04-04,True,False
4671,POL004671,20260816,497,4,26,1,Renewal,106618.38,10364.01,2026-08-16,2027-08-16,True,False
4672,POL004672,20240417,2399,3,5,4,Renewal,113607.35,7215.54,2024-04-17,2025-04-17,True,False
4673,POL004673,20250202,834,7,32,1,Cancellation,454164.29,14687.64,2025-02-02,2026-02-02,False,True
4674,POL004674,20260312,2499,5,36,5,Renewal,2157883.67,237320.26,2026-03-12,2027-03-12,True,False
4675,POL004675,20250111,647,6,11,1,Cancellation,52053.39,1828.74,2025-01-11,2026-01-11,False,True
4676,POL004676,20240205,1504,1,12,2,New Business,23787.06,1532.06,2024-02-05,2025-02-04,False,False
4677,POL004677,20250816,408,1,24,1,New Business,23892.72,2691.12,2025-08-16,2026-08-16,False,False
4678,POL004678,20260321,1618,1,14,2,Renewal,49020.34,4265.21,2026-03-21,2027-03-21,True,False
4679,POL004679,20240918,2267,1,12,2,New Business,116340.07,8417.99,2024-09-18,2025-09-18,False,False
4680,POL004680,20250315,501,1,36,5,Renewal,46785.32,3566.67,2025-03-15,2026-03-15,True,False
4681,POL004681,20251021,461,1,12,2,Renewal,82850.91,5431.87,2025-10-21,2026-10-21,True,False
4682,POL004682,20220605,1004,8,7,5,Renewal,143722.86,10663.52,2022-06-05,2023-06-05,True,False
4683,POL004683,20240101,1634,5,37,3,Renewal,867472.31,106244.15,2024-01-01,2024-12-31,True,False
4684,POL004684,20240829,2828,6,7,5,Renewal,95355.77,6086.7,2024-08-29,2025-08-29,True,False
4685,POL004685,20220701,325,7,30,3,New Business,85301.63,7042.13,2022-07-01,2023-07-01,False,False
4686,POL004686,20221220,871,9,12,2,Cancellation,416160.2,8341.84,2022-12-20,2023-12-20,False,True
4687,POL004687,20221028,896,1,33,2,Cancellation,33328.17,693.01,2022-10-28,2023-10-28,False,True
4688,POL004688,20260201,1167,1,32,1,New Business,77429.81,5019.54,2026-02-01,2027-02-01,False,False
4689,POL004689,20231110,2566,1,4,5,Renewal,70981.95,4360.23,2023-11-10,2024-11-09,True,False
4690,POL004690,20260331,547,3,31,3,New Business,183059.81,9335.81,2026-03-31,2027-03-31,False,False
4691,POL004691,20230627,1043,8,4,5,New Business,151918.13,14002.98,2023-06-27,2024-06-26,False,False
4692,POL004692,20240823,2945,9,34,2,New Business,66921.06,3630.14,2024-08-23,2025-08-23,False,False
4693,POL004693,20250709,828,9,19,5,Renewal,338153.73,22825.37,2025-07-09,2026-07-09,True,False
4694,POL004694,20260209,840,1,11,1,New Business,78696.19,4920.73,2026-02-09,2027-02-09,False,False
4695,POL004695,20241005,1535,1,39,1,Renewal,71428.79,6753.64,2024-10-05,2025-10-05,True,False
4696,POL004696,20230530,312,1,35,4,New Business,135352.28,8355.65,2023-05-30,2024-05-29,False,False
4697,POL004697,20260306,766,7,29,3,New Business,205732.94,16683.73,2026-03-06,2027-03-06,False,False
4698,POL004698,20241029,176,5,11,1,New Business,1664483.87,178201.91,2024-10-29,2025-10-29,False,False
4699,POL004699,20260126,2311,3,23,3,Renewal,42009.79,4206.24,2026-01-26,2027-01-26,True,False
4700,POL004700,20241010,882,9,11,1,Renewal,319100.24,22908.58,2024-10-10,2025-10-10,True,False
4701,POL004701,20250407,342,1,26,1,Renewal,34820.31,3732.16,2025-04-07,2026-04-07,True,False
4702,POL004702,20220705,1919,8,35,4,New Business,78081.35,8109.49,2022-07-05,2023-07-05,False,False
4703,POL004703,20240911,736,4,21,3,New Business,222409.58,21665.47,2024-09-11,2025-09-11,False,False
4704,POL004704,20260415,1051,2,11,1,Renewal,20957.28,1939.35,2026-04-15,2027-04-15,True,False
4705,POL004705,20240228,701,1,3,2,Renewal,99233.2,8564.63,2024-02-28,2025-02-27,True,False
4706,POL004706,20230917,1385,3,14,2,Renewal,66499.54,8033.41,2023-09-17,2024-09-16,True,False
4707,POL004707,20251124,49,9,24,1,Renewal,202970.38,22725.88,2025-11-24,2026-11-24,True,False
4708,POL004708,20230105,305,3,4,5,Renewal,73121.69,8778.51,2023-01-05,2024-01-05,True,False
4709,POL004709,20260124,1310,2,1,1,Renewal,14349.57,1023.39,2026-01-24,2027-01-24,True,False
4710,POL004710,20250204,1193,1,27,1,Cancellation,109300.84,1770.08,2025-02-04,2026-02-04,False,True
4711,POL004711,20230204,1027,3,28,4,Renewal,45189.05,3249.69,2023-02-04,2024-02-04,True,False
4712,POL004712,20240802,2291,6,15,3,Cancellation,103416.77,1939.12,2024-08-02,2025-08-02,False,True
4713,POL004713,20220930,166,5,22,5,Cancellation,1949052.71,47669.13,2022-09-30,2023-09-30,False,True
4714,POL004714,20251119,345,8,32,1,Cancellation,170729.28,4200.48,2025-11-19,2026-11-19,False,True
4715,POL004715,20230804,1814,4,16,4,Cancellation,91894.8,1844.45,2023-08-04,2024-08-03,False,True
4716,POL004716,20250328,2825,1,36,5,Cancellation,46291.23,1357.5,2025-03-28,2026-03-28,False,True
4717,POL004717,20240501,646,1,5,4,Renewal,55827.09,5044.27,2024-05-01,2025-05-01,True,False
4718,POL004718,20260122,801,3,25,2,Renewal,55148.24,6213.22,2026-01-22,2027-01-22,True,False
4719,POL004719,20250302,162,4,24,1,New Business,119091.49,10236.34,2025-03-02,2026-03-02,False,False
4720,POL004720,20230918,264,2,5,4,Renewal,27299.51,1743.66,2023-09-18,2024-09-17,True,False
4721,POL004721,20240723,1945,8,5,4,Renewal,167209.86,12357.85,2024-07-23,2025-07-23,True,False
4722,POL004722,20241207,1113,6,35,4,New Business,302899.16,17070.55,2024-12-07,2025-12-07,False,False
4723,POL004723,20240718,1785,3,33,2,Renewal,183164.22,9429.04,2024-07-18,2025-07-18,True,False
4724,POL004724,20251030,367,5,11,1,Renewal,1460741.1,83829.52,2025-10-30,2026-10-30,True,False
4725,POL004725,20251008,230,1,29,3,Renewal,50585.86,3317.11,2025-10-08,2026-10-08,True,False
4726,POL004726,20220925,1220,2,35,4,Renewal,39445.78,2045.9,2022-09-25,2023-09-25,True,False
4727,POL004727,20251122,2694,4,34,2,New Business,73071.01,8351.65,2025-11-22,2026-11-22,False,False
4728,POL004728,20231119,1124,1,22,5,Renewal,91075.46,6506.24,2023-11-19,2024-11-18,True,False
4729,POL004729,20260325,1904,6,29,3,New Business,204102.45,23050.13,2026-03-25,2027-03-25,False,False
4730,POL004730,20260209,530,8,18,1,Renewal,142194.34,8437.07,2026-02-09,2027-02-09,True,False
4731,POL004731,20221109,160,1,37,3,New Business,35297.08,3864.07,2022-11-09,2023-11-09,False,False
4732,POL004732,20250109,1357,3,5,4,Cancellation,117394.51,4882.05,2025-01-09,2026-01-09,False,True
4733,POL004733,20250731,165,7,9,5,Renewal,630492.28,39440.85,2025-07-31,2026-07-31,True,False
4734,POL004734,20240718,1031,4,23,3,Cancellation,158316.23,4783.16,2024-07-18,2025-07-18,False,True
4735,POL004735,20251211,1886,1,9,5,New Business,60218.08,5860.55,2025-12-11,2026-12-11,False,False
4736,POL004736,20250801,2529,1,23,3,Renewal,108776.51,6914.35,2025-08-01,2026-08-01,True,False
4737,POL004737,20240405,1097,1,34,2,Renewal,103824.89,7583.1,2024-04-05,2025-04-05,True,False
4738,POL004738,20230720,2904,1,33,2,Renewal,87748.44,4444.84,2023-07-20,2024-07-19,True,False
4739,POL004739,20220727,2538,9,39,1,Renewal,94847.68,9224.55,2022-07-27,2023-07-27,True,False
4740,POL004740,20250218,1391,5,31,3,Renewal,1321711.12,85138.81,2025-02-18,2026-02-18,True,False
4741,POL004741,20251224,1045,1,2,3,Renewal,113109.29,7369.22,2025-12-24,2026-12-24,True,False
4742,POL004742,20240422,1643,4,28,4,New Business,257415.05,16849.71,2024-04-22,2025-04-22,False,False
4743,POL004743,20230217,1574,3,19,5,Renewal,87935.49,7852.22,2023-02-17,2024-02-17,True,False
4744,POL004744,20260520,1018,6,38,1,Renewal,397143.91,33573.35,2026-05-20,2027-05-20,True,False
4745,POL004745,20230128,2774,7,23,3,New Business,584663.82,53752.53,2023-01-28,2024-01-28,False,False
4746,POL004746,20251208,2265,1,27,1,Renewal,21001.64,1632.7,2025-12-08,2026-12-08,True,False
4747,POL004747,20251123,638,7,31,3,New Business,886703.98,45056.75,2025-11-23,2026-11-23,False,False
4748,POL004748,20240827,962,8,20,4,Renewal,190605.26,9891.85,2024-08-27,2025-08-27,True,False
4749,POL004749,20250802,232,5,7,5,New Business,1969723.92,190621.27,2025-08-02,2026-08-02,False,False
4750,POL004750,20251229,243,1,8,5,New Business,109151.79,5890.44,2025-12-29,2026-12-29,False,False
4751,POL004751,20220815,1632,1,13,3,New Business,125394.24,7707.83,2022-08-15,2023-08-15,False,False
4752,POL004752,20230129,1703,2,14,2,New Business,36822.85,2092.62,2023-01-29,2024-01-29,False,False
4753,POL004753,20250621,1719,3,12,2,Renewal,105494.01,10203.01,2025-06-21,2026-06-21,True,False
4754,POL004754,20251110,1161,3,18,1,New Business,41256.64,3338.77,2025-11-10,2026-11-10,False,False
4755,POL004755,20240813,2673,6,20,4,New Business,639065.25,34628.01,2024-08-13,2025-08-13,False,False
4756,POL004756,20241026,345,9,5,4,New Business,266086.98,22037.27,2024-10-26,2025-10-26,False,False
4757,POL004757,20250212,1086,8,19,5,Cancellation,41991.31,1473.7,2025-02-12,2026-02-12,False,True
4758,POL004758,20250711,332,1,36,5,Renewal,30906.47,2666.33,2025-07-11,2026-07-11,True,False
4759,POL004759,20231228,1230,8,25,2,New Business,41134.2,4415.47,2023-12-28,2024-12-27,False,False
4760,POL004760,20240713,662,2,40,4,New Business,20764.43,1051.66,2024-07-13,2025-07-13,False,False
4761,POL004761,20260113,2012,2,40,4,New Business,13507.78,1225.74,2026-01-13,2027-01-13,False,False
4762,POL004762,20250830,730,2,38,1,Renewal,13959.49,996.16,2025-08-30,2026-08-30,True,False
4763,POL004763,20221208,1038,3,29,3,Renewal,107702.39,9067.0,2022-12-08,2023-12-08,True,False
4764,POL004764,20250127,2547,5,40,4,Renewal,1154060.44,82727.7,2025-01-27,2026-01-27,True,False
4765,POL004765,20250709,2335,7,8,5,New Business,976208.55,53494.38,2025-07-09,2026-07-09,False,False
4766,POL004766,20240611,1295,1,8,5,New Business,34196.28,1728.93,2024-06-11,2025-06-11,False,False
4767,POL004767,20251211,2167,5,15,3,Renewal,1758110.56,127757.74,2025-12-11,2026-12-11,True,False
4768,POL004768,20260124,2816,4,16,4,New Business,107721.76,5525.8,2026-01-24,2027-01-24,False,False
4769,POL004769,20240811,2285,8,11,1,New Business,230455.52,13651.12,2024-08-11,2025-08-11,False,False
4770,POL004770,20220906,106,9,33,2,New Business,124690.38,11323.21,2022-09-06,2023-09-06,False,False
4771,POL004771,20240826,978,9,31,3,Renewal,355390.58,21982.94,2024-08-26,2025-08-26,True,False
4772,POL004772,20230817,689,9,20,4,New Business,102982.76,12017.57,2023-08-17,2024-08-16,False,False
4773,POL004773,20230531,291,8,18,1,Renewal,53640.48,6574.43,2023-05-31,2024-05-30,True,False
4774,POL004774,20250318,2419,3,25,2,New Business,34605.46,4160.4,2025-03-18,2026-03-18,False,False
4775,POL004775,20230928,2437,8,27,1,New Business,149609.29,11206.28,2023-09-28,2024-09-27,False,False
4776,POL004776,20230617,420,2,10,4,Renewal,40701.42,2319.22,2023-06-17,2024-06-16,True,False
4777,POL004777,20240909,2012,3,39,1,Cancellation,147458.88,2778.07,2024-09-09,2025-09-09,False,True
4778,POL004778,20241025,318,1,18,1,Renewal,55492.84,4548.61,2024-10-25,2025-10-25,True,False
4779,POL004779,20241013,441,1,11,1,New Business,36489.94,3775.27,2024-10-13,2025-10-13,False,False
4780,POL004780,20251203,334,9,27,1,New Business,343056.35,18134.54,2025-12-03,2026-12-03,False,False
4781,POL004781,20260418,767,7,31,3,New Business,413301.6,21593.3,2026-04-18,2027-04-18,False,False
4782,POL004782,20240727,1703,5,33,2,Cancellation,3796504.27,37903.35,2024-07-27,2025-07-27,False,True
4783,POL004783,20231204,2270,1,26,1,Renewal,36928.46,3305.66,2023-12-04,2024-12-03,True,False
4784,POL004784,20240313,2245,6,19,5,New Business,282601.54,33482.66,2024-03-13,2025-03-13,False,False
4785,POL004785,20241207,1619,3,25,2,Renewal,127354.16,7165.61,2024-12-07,2025-12-07,True,False
4786,POL004786,20230614,1855,7,33,2,Renewal,94910.11,9522.32,2023-06-14,2024-06-13,True,False
4787,POL004787,20250110,2652,9,5,4,New Business,205581.05,18130.16,2025-01-10,2026-01-10,False,False
4788,POL004788,20251224,1055,1,26,1,New Business,117029.06,8537.14,2025-12-24,2026-12-24,False,False
4789,POL004789,20250213,695,8,16,4,Renewal,197939.11,13746.61,2025-02-13,2026-02-13,True,False
4790,POL004790,20240219,2943,3,23,3,Renewal,43443.95,4328.86,2024-02-19,2025-02-18,True,False
4791,POL004791,20260618,1320,6,39,1,Renewal,417499.15,27475.24,2026-06-18,2027-06-18,True,False
4792,POL004792,20231216,1326,3,31,3,Renewal,43283.45,4098.78,2023-12-16,2024-12-15,True,False
4793,POL004793,20240817,2007,7,39,1,Renewal,502654.94,33252.29,2024-08-17,2025-08-17,True,False
4794,POL004794,20230925,1288,1,32,1,Renewal,75480.53,5537.52,2023-09-25,2024-09-24,True,False
4795,POL004795,20250218,2627,8,35,4,Renewal,93276.8,8876.99,2025-02-18,2026-02-18,True,False
4796,POL004796,20240214,65,3,31,3,New Business,92388.03,5957.13,2024-02-14,2025-02-13,False,False
4797,POL004797,20231014,2403,1,14,2,Renewal,43690.27,2607.26,2023-10-14,2024-10-13,True,False
4798,POL004798,20260528,1297,3,1,1,Renewal,180523.55,10137.39,2026-05-28,2027-05-28,True,False
4799,POL004799,20260625,229,1,16,4,New Business,126727.8,7159.01,2026-06-25,2027-06-25,False,False
4800,POL004800,20241229,547,7,34,2,New Business,978858.2,66960.4,2024-12-29,2025-12-29,False,False
4801,POL004801,20250911,2592,2,25,2,Renewal,6054.88,740.12,2025-09-11,2026-09-11,True,False
4802,POL004802,20240731,867,4,23,3,New Business,312750.4,22969.27,2024-07-31,2025-07-31,False,False
4803,POL004803,20240222,71,9,32,1,New Business,167252.74,18619.53,2024-02-22,2025-02-21,False,False
4804,POL004804,20250504,234,1,6,1,Renewal,64415.45,6741.99,2025-05-04,2026-05-04,True,False
4805,POL004805,20250122,561,1,25,2,New Business,25142.86,1584.82,2025-01-22,2026-01-22,False,False
4806,POL004806,20230411,2157,9,2,3,Renewal,34545.94,3610.62,2023-04-11,2024-04-10,True,False
4807,POL004807,20251101,2386,1,19,5,New Business,78302.81,6424.33,2025-11-01,2026-11-01,False,False
4808,POL004808,20240928,2594,7,15,3,New Business,530050.53,42465.15,2024-09-28,2025-09-28,False,False
4809,POL004809,20250527,1133,2,16,4,Renewal,16307.54,1213.55,2025-05-27,2026-05-27,True,False
4810,POL004810,20250120,2420,6,22,5,New Business,161563.09,12086.58,2025-01-20,2026-01-20,False,False
4811,POL004811,20250805,2793,8,24,1,Renewal,19521.7,1644.22,2025-08-05,2026-08-05,True,False
4812,POL004812,20231212,1991,8,17,3,Renewal,233176.21,13721.24,2023-12-12,2024-12-11,True,False
4813,POL004813,20240909,2980,6,10,4,New Business,180931.9,18011.13,2024-09-09,2025-09-09,False,False
4814,POL004814,20231031,2257,9,19,5,New Business,133701.24,7632.52,2023-10-31,2024-10-30,False,False
4815,POL004815,20260325,211,8,6,1,Renewal,73451.09,4157.95,2026-03-25,2027-03-25,True,False
4816,POL004816,20251129,647,7,31,3,Renewal,553431.44,35443.58,2025-11-29,2026-11-29,True,False
4817,POL004817,20230811,1122,1,37,3,Renewal,32608.36,1794.62,2023-08-11,2024-08-10,True,False
4818,POL004818,20240510,664,3,14,2,Renewal,35723.56,2797.7,2024-05-10,2025-05-10,True,False
4819,POL004819,20250612,2396,1,37,3,Renewal,65938.75,6793.25,2025-06-12,2026-06-12,True,False
4820,POL004820,20250501,2723,8,34,2,New Business,64511.53,7628.57,2025-05-01,2026-05-01,False,False
4821,POL004821,20230726,2295,1,17,3,Renewal,30176.57,2491.9,2023-07-26,2024-07-25,True,False
4822,POL004822,20250509,528,6,19,5,New Business,477898.62,32354.32,2025-05-09,2026-05-09,False,False
4823,POL004823,20240317,1312,2,15,3,Renewal,22508.49,1550.14,2024-03-17,2025-03-17,True,False
4824,POL004824,20231025,827,1,39,1,Renewal,107420.72,8592.7,2023-10-25,2024-10-24,True,False
4825,POL004825,20230918,660,1,40,4,New Business,45451.25,5139.29,2023-09-18,2024-09-17,False,False
4826,POL004826,20251211,1780,1,11,1,New Business,73286.03,8409.56,2025-12-11,2026-12-11,False,False
4827,POL004827,20260106,92,2,26,1,Renewal,11350.03,1085.72,2026-01-06,2027-01-06,True,False
4828,POL004828,20250612,313,8,5,4,Renewal,158437.7,11334.66,2025-06-12,2026-06-12,True,False
4829,POL004829,20220722,1839,3,10,4,Renewal,40923.74,2588.72,2022-07-22,2023-07-22,True,False
4830,POL004830,20260501,2471,8,13,3,Renewal,55410.09,3399.7,2026-05-01,2027-05-01,True,False
4831,POL004831,20240523,420,1,40,4,New Business,55414.97,6143.33,2024-05-23,2025-05-23,False,False
4832,POL004832,20250613,1576,8,4,5,Cancellation,70721.27,3486.8,2025-06-13,2026-06-13,False,True
4833,POL004833,20220721,948,8,4,5,Renewal,158260.83,12676.63,2022-07-21,2023-07-21,True,False
4834,POL004834,20240720,2168,2,20,4,New Business,30222.75,1908.93,2024-07-20,2025-07-20,False,False
4835,POL004835,20220801,223,8,12,2,Renewal,206153.98,13244.26,2022-08-01,2023-08-01,True,False
4836,POL004836,20250422,358,9,15,3,Renewal,252072.17,17218.16,2025-04-22,2026-04-22,True,False
4837,POL004837,20230207,649,1,5,4,New Business,61931.61,5690.39,2023-02-07,2024-02-07,False,False
4838,POL004838,20230806,2970,2,27,1,Renewal,9187.8,680.97,2023-08-06,2024-08-05,True,False
4839,POL004839,20230606,984,3,27,1,New Business,190770.74,9808.47,2023-06-06,2024-06-05,False,False
4840,POL004840,20240830,1463,2,23,3,New Business,25095.1,1628.52,2024-08-30,2025-08-30,False,False
4841,POL004841,20221126,1025,1,33,2,New Business,77307.61,6458.51,2022-11-26,2023-11-26,False,False
4842,POL004842,20251204,1025,8,13,3,New Business,171582.98,10171.53,2025-12-04,2026-12-04,False,False
4843,POL004843,20250702,207,1,9,5,New Business,82050.28,7850.33,2025-07-02,2026-07-02,False,False
4844,POL004844,20240308,842,2,16,4,Renewal,22926.67,1586.81,2024-03-08,2025-03-08,True,False
4845,POL004845,20240520,555,6,13,3,Renewal,373466.87,36389.26,2024-05-20,2025-05-20,True,False
4846,POL004846,20260122,337,9,14,2,New Business,348867.78,20591.3,2026-01-22,2027-01-22,False,False
4847,POL004847,20240326,2683,1,34,2,New Business,71502.94,4215.84,2024-03-26,2025-03-26,False,False
4848,POL004848,20260312,94,1,10,4,New Business,56351.67,6865.15,2026-03-12,2027-03-12,False,False
4849,POL004849,20241020,1731,1,1,1,New Business,74780.99,6572.83,2024-10-20,2025-10-20,False,False
4850,POL004850,20240626,2590,1,8,5,Renewal,79185.43,6847.91,2024-06-26,2025-06-26,True,False
4851,POL004851,20221224,1956,8,28,4,New Business,52468.87,2734.1,2022-12-24,2023-12-24,False,False
4852,POL004852,20230311,1721,8,19,5,Renewal,95534.94,8735.66,2023-03-11,2024-03-10,True,False
4853,POL004853,20230317,2708,9,9,5,Renewal,314112.85,16937.87,2023-03-17,2024-03-16,True,False
4854,POL004854,20260405,1858,8,16,4,New Business,187599.42,12508.64,2026-04-05,2027-04-05,False,False
4855,POL004855,20231101,2322,1,21,3,Renewal,105222.59,5532.58,2023-11-01,2024-10-31,True,False
4856,POL004856,20250215,2731,2,3,2,New Business,11696.14,692.64,2025-02-15,2026-02-15,False,False
4857,POL004857,20230713,1480,7,33,2,Renewal,482199.97,35858.21,2023-07-13,2024-07-12,True,False
4858,POL004858,20250927,659,7,24,1,Renewal,217824.51,15080.46,2025-09-27,2026-09-27,True,False
4859,POL004859,20240619,2292,3,39,1,Renewal,81889.56,5422.83,2024-06-19,2025-06-19,True,False
4860,POL004860,20260506,2943,8,38,1,Cancellation,155320.86,5377.45,2026-05-06,2027-05-06,False,True
4861,POL004861,20251108,1574,9,22,5,Renewal,197538.48,22430.64,2025-11-08,2026-11-08,True,False
4862,POL004862,20260820,2392,6,18,1,New Business,281255.15,15802.63,2026-08-20,2027-08-20,False,False
4863,POL004863,20240808,1201,5,20,4,Renewal,1209386.76,70274.52,2024-08-08,2025-08-08,True,False
4864,POL004864,20240130,2393,1,1,1,New Business,42396.25,4779.41,2024-01-30,2025-01-29,False,False
4865,POL004865,20260511,1242,2,10,4,Cancellation,20246.05,511.66,2026-05-11,2027-05-11,False,True
4866,POL004866,20251116,2206,2,24,1,New Business,22203.07,1594.53,2025-11-16,2026-11-16,False,False
4867,POL004867,20260310,284,1,33,2,Renewal,66680.59,3889.19,2026-03-10,2027-03-10,True,False
4868,POL004868,20240724,1420,4,3,2,New Business,144491.15,8909.16,2024-07-24,2025-07-24,False,False
4869,POL004869,20240412,179,2,40,4,Renewal,21567.38,2007.74,2024-04-12,2025-04-12,True,False
4870,POL004870,20260617,2629,3,22,5,Cancellation,46334.5,1516.99,2026-06-17,2027-06-17,False,True
4871,POL004871,20240108,235,6,20,4,Renewal,391181.86,28896.99,2024-01-08,2025-01-07,True,False
4872,POL004872,20250807,133,8,32,1,New Business,181695.0,11070.43,2025-08-07,2026-08-07,False,False
4873,POL004873,20230811,2757,3,16,4,New Business,37888.51,4130.47,2023-08-11,2024-08-10,False,False
4874,POL004874,20251101,52,6,32,1,Renewal,258571.12,27132.24,2025-11-01,2026-11-01,True,False
4875,POL004875,20240215,360,6,25,2,Renewal,180403.36,14786.43,2024-02-15,2025-02-14,True,False
4876,POL004876,20260328,727,2,32,1,New Business,13728.96,870.51,2026-03-28,2027-03-28,False,False
4877,POL004877,20260816,2915,6,13,3,Renewal,204073.57,11917.84,2026-08-16,2027-08-16,True,False
4878,POL004878,20241127,2007,7,33,2,New Business,561076.41,61767.27,2024-11-27,2025-11-27,False,False
4879,POL004879,20240928,214,2,28,4,Cancellation,8876.31,396.98,2024-09-28,2025-09-28,False,True
4880,POL004880,20251225,1469,1,30,3,New Business,57139.16,4801.12,2025-12-25,2026-12-25,False,False
4881,POL004881,20240720,2775,8,27,1,New Business,50795.99,3890.5,2024-07-20,2025-07-20,False,False
4882,POL004882,20240503,2385,4,20,4,Cancellation,184829.97,3878.17,2024-05-03,2025-05-03,False,True
4883,POL004883,20250324,1590,7,17,3,New Business,207935.44,25451.68,2025-03-24,2026-03-24,False,False
4884,POL004884,20250209,1518,4,21,3,New Business,250349.66,19317.33,2025-02-09,2026-02-09,False,False
4885,POL004885,20250313,294,8,15,3,New Business,83099.44,6918.81,2025-03-13,2026-03-13,False,False
4886,POL004886,20260402,768,9,9,5,New Business,208639.31,16748.22,2026-04-02,2027-04-02,False,False
4887,POL004887,20240126,609,1,24,1,New Business,47326.93,3683.29,2024-01-26,2025-01-25,False,False
4888,POL004888,20250903,334,4,10,4,Renewal,220507.27,16761.12,2025-09-03,2026-09-03,True,False
4889,POL004889,20250408,1278,4,36,5,Renewal,291249.83,17762.79,2025-04-08,2026-04-08,True,False
4890,POL004890,20250428,1992,2,36,5,New Business,27123.55,1968.21,2025-04-28,2026-04-28,False,False
4891,POL004891,20230719,2079,7,39,1,Cancellation,122811.9,1038.12,2023-07-19,2024-07-18,False,True
4892,POL004892,20240807,920,3,4,5,New Business,109522.31,7858.99,2024-08-07,2025-08-07,False,False
4893,POL004893,20260110,2903,1,14,2,New Business,67804.85,3665.0,2026-01-10,2027-01-10,False,False
4894,POL004894,20250524,740,9,23,3,Renewal,403863.71,24066.3,2025-05-24,2026-05-24,True,False
4895,POL004895,20221020,546,3,16,4,New Business,31020.25,3283.95,2022-10-20,2023-10-20,False,False
4896,POL004896,20240311,1661,3,38,1,Cancellation,48104.16,434.49,2024-03-11,2025-03-11,False,True
4897,POL004897,20241222,443,2,39,1,New Business,28705.91,1603.15,2024-12-22,2025-12-22,False,False
4898,POL004898,20241125,999,8,30,3,Cancellation,159102.71,5214.18,2024-11-25,2025-11-25,False,True
4899,POL004899,20240419,1417,2,15,3,Renewal,15474.49,1921.54,2024-04-19,2025-04-19,True,False
4900,POL004900,20241224,712,7,13,3,New Business,531037.77,51744.16,2024-12-24,2025-12-24,False,False
4901,POL004901,20260402,845,2,23,3,Renewal,21159.71,1694.87,2026-04-02,2027-04-02,True,False
4902,POL004902,20250921,1186,5,11,1,Renewal,3290976.21,230944.93,2025-09-21,2026-09-21,True,False
4903,POL004903,20241102,8,8,20,4,Renewal,169574.53,9390.99,2024-11-02,2025-11-02,True,False
4904,POL004904,20240428,890,6,11,1,Renewal,219852.41,26740.85,2024-04-28,2025-04-28,True,False
4905,POL004905,20251026,1264,7,34,2,New Business,246036.32,18451.98,2025-10-26,2026-10-26,False,False
4906,POL004906,20260611,1561,8,14,2,Renewal,42070.57,3535.78,2026-06-11,2027-06-11,True,False
4907,POL004907,20240118,940,6,22,5,Renewal,313093.93,34903.15,2024-01-18,2025-01-17,True,False
4908,POL004908,20230311,2829,4,10,4,New Business,66698.29,6111.25,2023-03-11,2024-03-10,False,False
4909,POL004909,20230502,14,9,28,4,Renewal,116292.25,7236.07,2023-05-02,2024-05-01,True,False
4910,POL004910,20240402,1350,6,33,2,Renewal,181669.2,14020.99,2024-04-02,2025-04-02,True,False
4911,POL004911,20250717,275,1,36,5,New Business,152937.47,8040.14,2025-07-17,2026-07-17,False,False
4912,POL004912,20240305,263,9,7,5,New Business,530646.37,27693.49,2024-03-05,2025-03-05,False,False
4913,POL004913,20251216,322,3,30,3,Renewal,33738.13,2214.55,2025-12-16,2026-12-16,True,False
4914,POL004914,20240422,857,8,26,1,Renewal,99050.17,7787.62,2024-04-22,2025-04-22,True,False
4915,POL004915,20250611,2950,2,40,4,New Business,17081.88,1690.9,2025-06-11,2026-06-11,False,False
4916,POL004916,20240929,1009,1,11,1,New Business,111103.97,6108.44,2024-09-29,2025-09-29,False,False
4917,POL004917,20250223,1147,4,22,5,New Business,74702.1,7174.19,2025-02-23,2026-02-23,False,False
4918,POL004918,20220413,2504,6,4,5,Renewal,352636.29,22020.34,2022-04-13,2023-04-13,True,False
4919,POL004919,20260630,127,4,15,3,Renewal,252318.93,23748.8,2026-06-30,2027-06-30,True,False
4920,POL004920,20260119,811,5,7,5,Renewal,810580.59,82178.94,2026-01-19,2027-01-19,True,False
4921,POL004921,20220814,1405,1,9,5,Renewal,26040.98,1946.47,2022-08-14,2023-08-14,True,False
4922,POL004922,20250726,1699,6,29,3,Renewal,210905.42,14074.84,2025-07-26,2026-07-26,True,False
4923,POL004923,20241019,2997,2,16,4,New Business,11260.55,877.42,2024-10-19,2025-10-19,False,False
4924,POL004924,20251119,253,3,30,3,Renewal,48468.63,5096.8,2025-11-19,2026-11-19,True,False
4925,POL004925,20230605,1631,8,22,5,New Business,228358.03,12553.64,2023-06-05,2024-06-04,False,False
4926,POL004926,20220327,2220,5,39,1,New Business,567801.26,46288.85,2022-03-27,2023-03-27,False,False
4927,POL004927,20240913,2456,8,33,2,New Business,206606.88,14722.49,2024-09-13,2025-09-13,False,False
4928,POL004928,20260420,17,1,5,4,New Business,56942.31,5030.93,2026-04-20,2027-04-20,False,False
4929,POL004929,20260414,2035,3,27,1,New Business,91689.38,10107.92,2026-04-14,2027-04-14,False,False
4930,POL004930,20230430,348,2,27,1,Renewal,25782.49,1940.64,2023-04-30,2024-04-29,True,False
4931,POL004931,20240820,564,8,33,2,Cancellation,49481.5,826.18,2024-08-20,2025-08-20,False,True
4932,POL004932,20240701,1585,9,7,5,Renewal,269169.78,16965.04,2024-07-01,2025-07-01,True,False
4933,POL004933,20251223,2902,5,37,3,Renewal,652872.73,78807.72,2025-12-23,2026-12-23,True,False
4934,POL004934,20231116,537,8,37,3,New Business,25987.93,1422.42,2023-11-16,2024-11-15,False,False
4935,POL004935,20250609,1215,4,13,3,Renewal,222945.02,13163.84,2025-06-09,2026-06-09,True,False
4936,POL004936,20250208,1311,1,30,3,Renewal,126555.2,7147.81,2025-02-08,2026-02-08,True,False
4937,POL004937,20221221,1619,2,5,4,Renewal,10148.99,935.17,2022-12-21,2023-12-21,True,False
4938,POL004938,20230421,1790,4,22,5,Renewal,174538.3,21291.73,2023-04-21,2024-04-20,True,False
4939,POL004939,20260501,140,6,38,1,Renewal,568488.05,34728.97,2026-05-01,2027-05-01,True,False
4940,POL004940,20251017,2951,4,26,1,Renewal,102126.52,7198.69,2025-10-17,2026-10-17,True,False
4941,POL004941,20241017,854,1,37,3,Renewal,80441.88,4088.39,2024-10-17,2025-10-17,True,False
4942,POL004942,20230203,1494,7,38,1,Renewal,236305.52,18749.23,2023-02-03,2024-02-03,True,False
4943,POL004943,20230826,480,1,38,1,Renewal,73371.56,8113.16,2023-08-26,2024-08-25,True,False
4944,POL004944,20240404,126,5,27,1,New Business,1389293.22,94233.78,2024-04-04,2025-04-04,False,False
4945,POL004945,20241229,942,2,27,1,New Business,33323.82,2318.56,2024-12-29,2025-12-29,False,False
4946,POL004946,20260203,1796,3,9,5,New Business,107693.63,11127.38,2026-02-03,2027-02-03,False,False
4947,POL004947,20230614,916,8,14,2,Renewal,95900.01,6573.18,2023-06-14,2024-06-13,True,False
4948,POL004948,20240609,647,9,1,1,Renewal,54135.3,3624.95,2024-06-09,2025-06-09,True,False
4949,POL004949,20221214,1953,3,28,4,Cancellation,27992.15,1202.83,2022-12-14,2023-12-14,False,True
4950,POL004950,20241107,1818,1,15,3,New Business,36271.78,3296.64,2024-11-07,2025-11-07,False,False
4951,POL004951,20230425,1538,1,24,1,Renewal,31910.43,3983.06,2023-04-25,2024-04-24,True,False
4952,POL004952,20250519,2373,5,1,1,New Business,1447043.34,90939.06,2025-05-19,2026-05-19,False,False
4953,POL004953,20260123,1176,2,13,3,Renewal,9452.01,681.5,2026-01-23,2027-01-23,True,False
4954,POL004954,20251210,1068,1,26,1,Renewal,35873.09,3444.46,2025-12-10,2026-12-10,True,False
4955,POL004955,20251111,1608,1,17,3,Renewal,31833.66,3945.84,2025-11-11,2026-11-11,True,False
4956,POL004956,20260507,1400,9,18,1,Cancellation,162602.62,3705.87,2026-05-07,2027-05-07,False,True
4957,POL004957,20240601,988,3,4,5,Renewal,124876.8,8788.07,2024-06-01,2025-06-01,True,False
4958,POL004958,20260311,2187,3,8,5,New Business,77037.73,7758.13,2026-03-11,2027-03-11,False,False
4959,POL004959,20240516,388,1,9,5,Cancellation,123423.92,2181.24,2024-05-16,2025-05-16,False,True
4960,POL004960,20251208,524,8,21,3,New Business,61431.51,4405.57,2025-12-08,2026-12-08,False,False
4961,POL004961,20260521,200,3,3,2,Renewal,84724.21,5971.47,2026-05-21,2027-05-21,True,False
4962,POL004962,20250329,372,2,19,5,New Business,25351.75,1409.7,2025-03-29,2026-03-29,False,False
4963,POL004963,20240719,1913,4,1,1,New Business,120313.73,13603.88,2024-07-19,2025-07-19,False,False
4964,POL004964,20260116,228,4,3,2,Renewal,206988.17,14547.3,2026-01-16,2027-01-16,True,False
4965,POL004965,20260403,1056,9,26,1,Renewal,74462.39,4354.7,2026-04-03,2027-04-03,True,False
4966,POL004966,20250425,1266,1,32,1,New Business,133835.83,7380.14,2025-04-25,2026-04-25,False,False
4967,POL004967,20240630,951,7,37,3,Renewal,325065.48,38748.12,2024-06-30,2025-06-30,True,False
4968,POL004968,20260401,429,4,14,2,New Business,101823.38,7084.08,2026-04-01,2027-04-01,False,False
4969,POL004969,20230408,1549,9,32,1,New Business,262252.69,24674.66,2023-04-08,2024-04-07,False,False
4970,POL004970,20250406,55,1,23,3,New Business,117548.65,6125.46,2025-04-06,2026-04-06,False,False
4971,POL004971,20250412,1037,4,12,2,New Business,217851.19,24718.83,2025-04-12,2026-04-12,False,False
4972,POL004972,20260422,2388,1,3,2,New Business,35590.4,2907.6,2026-04-22,2027-04-22,False,False
4973,POL004973,20250203,59,2,37,3,New Business,13434.46,842.71,2025-02-03,2026-02-03,False,False
4974,POL004974,20260201,744,2,21,3,Renewal,24365.61,1576.31,2026-02-01,2027-02-01,True,False
4975,POL004975,20231118,2416,6,3,2,Renewal,67361.94,6272.51,2023-11-18,2024-11-17,True,False
4976,POL004976,20221007,1012,7,36,5,Renewal,646002.72,48310.47,2022-10-07,2023-10-07,True,False
4977,POL004977,20230810,1918,2,25,2,Renewal,17715.36,2100.15,2023-08-10,2024-08-09,True,False
4978,POL004978,20251213,678,5,34,2,Renewal,608514.41,51385.36,2025-12-13,2026-12-13,True,False
4979,POL004979,20241203,291,9,13,3,Renewal,305999.96,17021.39,2024-12-03,2025-12-03,True,False
4980,POL004980,20251219,871,1,37,3,Renewal,88399.15,4490.62,2025-12-19,2026-12-19,True,False
4981,POL004981,20241208,2187,4,30,3,New Business,282342.8,17614.0,2024-12-08,2025-12-08,False,False
4982,POL004982,20250615,88,5,34,2,New Business,1277742.15,123350.44,2025-06-15,2026-06-15,False,False
4983,POL004983,20260210,2829,1,37,3,Renewal,37044.36,2374.08,2026-02-10,2027-02-10,True,False
4984,POL004984,20230316,1834,8,1,1,New Business,108471.08,6371.16,2023-03-16,2024-03-15,False,False
4985,POL004985,20230718,684,1,1,1,Renewal,108629.35,8919.39,2023-07-18,2024-07-17,True,False
4986,POL004986,20240105,328,2,36,5,New Business,16759.08,1570.74,2024-01-05,2025-01-04,False,False
4987,POL004987,20260704,432,8,5,4,Renewal,30628.82,2170.37,2026-07-04,2027-07-04,True,False
4988,POL004988,20240805,1793,1,29,3,New Business,67917.72,5057.98,2024-08-05,2025-08-05,False,False
4989,POL004989,20260501,560,1,36,5,Renewal,31896.98,3316.63,2026-05-01,2027-05-01,True,False
4990,POL004990,20230501,933,1,4,5,Cancellation,88377.96,3637.0,2023-05-01,2024-04-30,False,True
4991,POL004991,20231111,1794,3,18,1,New Business,58570.36,4171.15,2023-11-11,2024-11-10,False,False
4992,POL004992,20250820,761,7,16,4,Renewal,238065.58,29191.62,2025-08-20,2026-08-20,True,False
4993,POL004993,20240326,1549,2,29,3,Renewal,22731.61,1648.88,2024-03-26,2025-03-26,True,False
4994,POL004994,20241125,2636,4,11,1,New Business,178238.1,11753.11,2024-11-25,2025-11-25,False,False
4995,POL004995,20240109,717,6,25,2,New Business,574995.66,33807.78,2024-01-09,2025-01-08,False,False
4996,POL004996,20251119,776,3,26,1,New Business,178093.55,9840.33,2025-11-19,2026-11-19,False,False
4997,POL004997,20230610,1060,3,24,1,New Business,160902.0,9497.67,2023-06-10,2024-06-09,False,False
4998,POL004998,20251004,1854,2,23,3,Renewal,21493.15,1752.35,2025-10-04,2026-10-04,True,False
4999,POL004999,20260111,1218,6,34,2,Renewal,783076.2,39554.94,2026-01-11,2027-01-11,True,False
5000,POL005000,20251229,2951,2,27,1,Renewal,44038.7,2272.65,2025-12-29,2026-12-29,True,False
5001,POL005001,20241121,199,4,8,5,Renewal,187333.34,15127.53,2024-11-21,2025-11-21,True,False
5002,POL005002,20250909,422,1,8,5,New Business,80163.82,6076.07,2025-09-09,2026-09-09,False,False
5003,POL005003,20221226,952,8,35,4,Renewal,43028.92,4837.53,2022-12-26,2023-12-26,True,False
5004,POL005004,20250404,1175,3,27,1,Renewal,34078.23,4035.35,2025-04-04,2026-04-04,True,False
5005,POL005005,20251121,2708,2,27,1,Renewal,16350.06,900.48,2025-11-21,2026-11-21,True,False
5006,POL005006,20230209,2493,3,35,4,New Business,34641.16,2059.18,2023-02-09,2024-02-09,False,False
5007,POL005007,20230208,2388,9,15,3,New Business,181455.38,15269.74,2023-02-08,2024-02-08,False,False
5008,POL005008,20250318,1987,1,21,3,Renewal,54510.93,4148.5,2025-03-18,2026-03-18,True,False
5009,POL005009,20240424,2563,1,20,4,Renewal,78384.97,4169.55,2024-04-24,2025-04-24,True,False
5010,POL005010,20250529,2819,2,16,4,Renewal,33095.48,1909.82,2025-05-29,2026-05-29,True,False
5011,POL005011,20251005,1001,4,20,4,Renewal,94878.75,5093.11,2025-10-05,2026-10-05,True,False
5012,POL005012,20231126,1315,1,29,3,New Business,50609.2,5670.14,2023-11-26,2024-11-25,False,False
5013,POL005013,20251027,1382,8,31,3,Renewal,103533.73,5374.8,2025-10-27,2026-10-27,True,False
5014,POL005014,20231023,1649,5,13,3,Renewal,567350.42,70123.99,2023-10-23,2024-10-22,True,False
5015,POL005015,20241113,681,5,18,1,Cancellation,3001434.04,98577.6,2024-11-13,2025-11-13,False,True
5016,POL005016,20260528,1547,3,8,5,Renewal,83349.43,4911.78,2026-05-28,2027-05-28,True,False
5017,POL005017,20250619,659,2,33,2,Cancellation,18665.64,845.51,2025-06-19,2026-06-19,False,True
5018,POL005018,20250219,1028,9,31,3,New Business,238705.16,13512.74,2025-02-19,2026-02-19,False,False
5019,POL005019,20230813,884,9,31,3,New Business,438017.91,27014.2,2023-08-13,2024-08-12,False,False
5020,POL005020,20250323,1144,2,31,3,Renewal,18607.55,1396.25,2025-03-23,2026-03-23,True,False
5021,POL005021,20250524,760,8,27,1,Renewal,149285.71,10053.2,2025-05-24,2026-05-24,True,False
5022,POL005022,20240402,504,8,40,4,New Business,133215.11,7983.24,2024-04-02,2025-04-02,False,False
5023,POL005023,20221230,370,9,12,2,Cancellation,136366.77,1409.72,2022-12-30,2023-12-30,False,True
5024,POL005024,20250922,4,7,26,1,New Business,549681.53,50485.84,2025-09-22,2026-09-22,False,False
5025,POL005025,20260424,3000,4,7,5,Cancellation,62511.09,1373.64,2026-04-24,2027-04-24,False,True
5026,POL005026,20240703,2209,1,40,4,New Business,111392.97,7700.72,2024-07-03,2025-07-03,False,False
5027,POL005027,20251222,980,3,6,1,New Business,77282.46,9608.42,2025-12-22,2026-12-22,False,False
5028,POL005028,20231004,1422,8,26,1,New Business,100173.59,9598.57,2023-10-04,2024-10-03,False,False
5029,POL005029,20260224,2069,9,10,4,Renewal,160671.89,15615.27,2026-02-24,2027-02-24,True,False
5030,POL005030,20220426,2509,6,1,1,New Business,367026.15,27469.29,2022-04-26,2023-04-26,False,False
5031,POL005031,20251001,2240,8,25,2,New Business,85946.66,9338.84,2025-10-01,2026-10-01,False,False
5032,POL005032,20251029,2064,8,38,1,Renewal,68407.24,4315.66,2025-10-29,2026-10-29,True,False
5033,POL005033,20250129,606,1,24,1,New Business,97393.41,7483.79,2025-01-29,2026-01-29,False,False
5034,POL005034,20250611,1671,8,35,4,New Business,92999.27,8082.63,2025-06-11,2026-06-11,False,False
5035,POL005035,20220916,1221,5,29,3,New Business,2950694.12,181887.08,2022-09-16,2023-09-16,False,False
5036,POL005036,20241223,2205,3,12,2,New Business,42510.55,2849.34,2024-12-23,2025-12-23,False,False
5037,POL005037,20221216,2230,8,29,3,New Business,223180.15,14706.3,2022-12-16,2023-12-16,False,False
5038,POL005038,20240228,1186,5,26,1,Renewal,3300588.49,178396.14,2024-02-28,2025-02-27,True,False
5039,POL005039,20260803,858,1,5,4,New Business,93951.53,8596.5,2026-08-03,2027-08-03,False,False
5040,POL005040,20240523,1203,8,25,2,New Business,168471.57,12361.19,2024-05-23,2025-05-23,False,False
5041,POL005041,20260604,624,7,33,2,Renewal,520243.83,48048.83,2026-06-04,2027-06-04,True,False
5042,POL005042,20250307,1660,1,20,4,Renewal,24696.95,1740.84,2025-03-07,2026-03-07,True,False
5043,POL005043,20260622,2735,8,32,1,New Business,78412.27,8742.75,2026-06-22,2027-06-22,False,False
5044,POL005044,20250829,982,1,17,3,Renewal,39236.89,2379.67,2025-08-29,2026-08-29,True,False
5045,POL005045,20250124,2785,8,3,2,New Business,33234.71,3636.1,2025-01-24,2026-01-24,False,False
5046,POL005046,20250228,2825,6,7,5,New Business,181652.77,16791.06,2025-02-28,2026-02-28,False,False
5047,POL005047,20231220,733,2,10,4,Renewal,20905.68,1692.22,2023-12-20,2024-12-19,True,False
5048,POL005048,20250410,297,2,19,5,Renewal,17051.87,1184.07,2025-04-10,2026-04-10,True,False
5049,POL005049,20260615,2521,2,25,2,New Business,28597.48,1525.95,2026-06-15,2027-06-15,False,False
5050,POL005050,20250711,427,2,1,1,Renewal,30570.67,2134.14,2025-07-11,2026-07-11,True,False
5051,POL005051,20230731,1568,1,27,1,Renewal,55867.33,3310.21,2023-07-31,2024-07-30,True,False
5052,POL005052,20250214,749,8,25,2,Renewal,142372.23,12321.98,2025-02-14,2026-02-14,True,False
5053,POL005053,20250404,2610,4,7,5,Renewal,125849.77,8198.79,2025-04-04,2026-04-04,True,False
5054,POL005054,20231219,2094,2,40,4,New Business,27044.31,1513.06,2023-12-19,2024-12-18,False,False
5055,POL005055,20230513,550,2,20,4,New Business,35407.08,1808.99,2023-05-13,2024-05-12,False,False
5056,POL005056,20241113,2567,2,32,1,Renewal,16302.19,1423.19,2024-11-13,2025-11-13,True,False
5057,POL005057,20240828,905,9,10,4,Cancellation,334032.46,3246.98,2024-08-28,2025-08-28,False,True
5058,POL005058,20240716,2799,1,18,1,New Business,45267.78,4295.87,2024-07-16,2025-07-16,False,False
5059,POL005059,20240124,799,3,23,3,New Business,106625.64,9648.57,2024-01-24,2025-01-23,False,False
5060,POL005060,20230718,1888,8,5,4,Renewal,169631.83,10799.85,2023-07-18,2024-07-17,True,False
5061,POL005061,20230812,1901,1,11,1,Renewal,77070.95,6166.49,2023-08-12,2024-08-11,True,False
5062,POL005062,20241014,2709,1,2,3,Cancellation,71128.42,2154.67,2024-10-14,2025-10-14,False,True
5063,POL005063,20231225,1777,8,29,3,New Business,77899.9,5375.87,2023-12-25,2024-12-24,False,False
5064,POL005064,20240729,911,1,13,3,Renewal,121395.33,8673.95,2024-07-29,2025-07-29,True,False
5065,POL005065,20260402,1865,1,37,3,Renewal,77680.46,6324.75,2026-04-02,2027-04-02,True,False
5066,POL005066,20230714,271,6,11,1,Renewal,341384.51,19401.6,2023-07-14,2024-07-13,True,False
5067,POL005067,20250802,680,4,19,5,Renewal,187620.08,12551.62,2025-08-02,2026-08-02,True,False
5068,POL005068,20240202,737,1,33,2,Cancellation,164190.57,1188.39,2024-02-02,2025-02-01,False,True
5069,POL005069,20230830,742,7,4,5,Renewal,168107.44,9179.02,2023-08-30,2024-08-29,True,False
5070,POL005070,20260507,569,6,8,5,Renewal,586680.65,31754.91,2026-05-07,2027-05-07,True,False
5071,POL005071,20241128,493,4,11,1,New Business,159326.25,12105.63,2024-11-28,2025-11-28,False,False
5072,POL005072,20231008,187,2,21,3,Renewal,9373.15,682.84,2023-10-08,2024-10-07,True,False
5073,POL005073,20230905,2919,1,9,5,New Business,97631.1,5134.03,2023-09-05,2024-09-04,False,False
5074,POL005074,20221210,2461,1,19,5,New Business,80594.52,7350.31,2022-12-10,2023-12-10,False,False
5075,POL005075,20251101,692,9,24,1,New Business,432838.37,25359.65,2025-11-01,2026-11-01,False,False
5076,POL005076,20260423,2460,3,26,1,Renewal,143303.74,8207.58,2026-04-23,2027-04-23,True,False
5077,POL005077,20241110,944,1,33,2,Cancellation,51458.79,2135.94,2024-11-10,2025-11-10,False,True
5078,POL005078,20241017,2782,9,15,3,Renewal,207780.49,16340.32,2024-10-17,2025-10-17,True,False
5079,POL005079,20220901,2442,1,38,1,Renewal,81599.85,8282.3,2022-09-01,2023-09-01,True,False
5080,POL005080,20251119,1460,6,34,2,New Business,163747.42,15307.54,2025-11-19,2026-11-19,False,False
5081,POL005081,20241015,1683,1,17,3,Renewal,39216.09,3425.05,2024-10-15,2025-10-15,True,False
5082,POL005082,20260118,1007,2,9,5,Renewal,18162.35,2121.35,2026-01-18,2027-01-18,True,False
5083,POL005083,20250102,84,2,22,5,Cancellation,22340.26,309.52,2025-01-02,2026-01-02,False,True
5084,POL005084,20241017,2030,6,7,5,New Business,308524.98,37025.45,2024-10-17,2025-10-17,False,False
5085,POL005085,20240117,2282,2,9,5,Cancellation,24826.96,338.09,2024-01-17,2025-01-16,False,True
5086,POL005086,20251013,213,1,31,3,New Business,46562.19,4200.14,2025-10-13,2026-10-13,False,False
5087,POL005087,20231204,949,4,37,3,New Business,144283.5,16283.59,2023-12-04,2024-12-03,False,False
5088,POL005088,20251104,1030,1,1,1,New Business,127026.92,7689.14,2025-11-04,2026-11-04,False,False
5089,POL005089,20260115,2163,2,33,2,Renewal,22797.65,1200.87,2026-01-15,2027-01-15,True,False
5090,POL005090,20241204,1350,3,32,1,Renewal,106893.16,7776.11,2024-12-04,2025-12-04,True,False
5091,POL005091,20231220,2453,7,25,2,New Business,244183.62,12620.91,2023-12-20,2024-12-19,False,False
5092,POL005092,20260414,898,3,26,1,New Business,61165.1,7033.21,2026-04-14,2027-04-14,False,False
5093,POL005093,20250831,1925,2,17,3,New Business,9176.72,1135.71,2025-08-31,2026-08-31,False,False
5094,POL005094,20250519,7,1,13,3,Renewal,76187.44,5035.34,2025-05-19,2026-05-19,True,False
5095,POL005095,20260213,631,3,23,3,Renewal,74183.0,7732.95,2026-02-13,2027-02-13,True,False
5096,POL005096,20251004,2399,3,19,5,New Business,96406.72,9102.41,2025-10-04,2026-10-04,False,False
5097,POL005097,20260419,1496,1,8,5,New Business,34957.6,3626.01,2026-04-19,2027-04-19,False,False
5098,POL005098,20241125,2903,4,22,5,Renewal,272202.49,20475.77,2024-11-25,2025-11-25,True,False
5099,POL005099,20220922,1764,1,27,1,Renewal,133972.27,6917.99,2022-09-22,2023-09-22,True,False
5100,POL005100,20240607,889,9,7,5,Renewal,219524.65,17144.21,2024-06-07,2025-06-07,True,False
5101,POL005101,20240429,1884,3,21,3,New Business,177590.29,9860.25,2024-04-29,2025-04-29,False,False
5102,POL005102,20250619,1018,4,22,5,New Business,112865.54,8939.36,2025-06-19,2026-06-19,False,False
5103,POL005103,20240722,2498,1,33,2,New Business,101212.99,6589.68,2024-07-22,2025-07-22,False,False
5104,POL005104,20250116,2557,1,23,3,New Business,83143.16,6704.91,2025-01-16,2026-01-16,False,False
5105,POL005105,20260701,1627,7,3,2,Renewal,631043.2,43678.1,2026-07-01,2027-07-01,True,False
5106,POL005106,20251011,741,2,39,1,Renewal,11939.18,661.81,2025-10-11,2026-10-11,True,False
5107,POL005107,20260216,1189,8,2,3,New Business,54699.74,4951.32,2026-02-16,2027-02-16,False,False
5108,POL005108,20250629,2003,8,20,4,Renewal,114254.83,9562.26,2025-06-29,2026-06-29,True,False
5109,POL005109,20230909,827,6,29,3,Renewal,181293.0,21471.84,2023-09-09,2024-09-08,True,False
5110,POL005110,20250912,2523,7,3,2,Renewal,73018.59,5615.03,2025-09-12,2026-09-12,True,False
5111,POL005111,20240927,2471,3,20,4,New Business,125926.63,7194.87,2024-09-27,2025-09-27,False,False
5112,POL005112,20260421,1378,9,37,3,Renewal,253205.62,18883.77,2026-04-21,2027-04-21,True,False
5113,POL005113,20221229,386,4,3,2,Renewal,120079.26,6949.12,2022-12-29,2023-12-29,True,False
5114,POL005114,20241116,1406,1,31,3,New Business,134606.89,7173.6,2024-11-16,2025-11-16,False,False
5115,POL005115,20260209,2988,4,38,1,New Business,167190.23,19408.81,2026-02-09,2027-02-09,False,False
5116,POL005116,20240102,83,8,19,5,Renewal,147294.06,8943.64,2024-01-02,2025-01-01,True,False
5117,POL005117,20240622,1286,3,28,4,Renewal,25921.48,2286.86,2024-06-22,2025-06-22,True,False
5118,POL005118,20250814,1941,1,11,1,Renewal,155746.09,8295.79,2025-08-14,2026-08-14,True,False
5119,POL005119,20240819,2074,3,30,3,Renewal,138824.74,7877.69,2024-08-19,2025-08-19,True,False
5120,POL005120,20231115,1739,6,37,3,Renewal,418425.54,33086.36,2023-11-15,2024-11-14,True,False
5121,POL005121,20251118,742,3,15,3,New Business,85040.71,7269.41,2025-11-18,2026-11-18,False,False
5122,POL005122,20221011,132,1,17,3,Renewal,20481.87,1709.42,2022-10-11,2023-10-11,True,False
5123,POL005123,20230211,2925,9,27,1,Renewal,352669.39,18605.69,2023-02-11,2024-02-11,True,False
5124,POL005124,20240918,1578,9,21,3,Renewal,191231.68,11709.83,2024-09-18,2025-09-18,True,False
5125,POL005125,20230919,274,4,36,5,Cancellation,406194.64,8832.89,2023-09-19,2024-09-18,False,True
5126,POL005126,20260313,2010,1,36,5,Renewal,56102.14,3086.88,2026-03-13,2027-03-13,True,False
5127,POL005127,20220801,2657,3,11,1,New Business,145238.24,7462.12,2022-08-01,2023-08-01,False,False
5128,POL005128,20250614,2559,4,26,1,New Business,259563.96,18078.08,2025-06-14,2026-06-14,False,False
5129,POL005129,20220916,2850,1,23,3,Renewal,91147.99,6190.81,2022-09-16,2023-09-16,True,False
5130,POL005130,20240629,1507,2,13,3,Renewal,24278.18,2264.14,2024-06-29,2025-06-29,True,False
5131,POL005131,20231013,1140,6,14,2,Renewal,188309.16,14489.86,2023-10-13,2024-10-12,True,False
5132,POL005132,20250403,1315,1,24,1,Renewal,58664.08,2985.25,2025-04-03,2026-04-03,True,False
5133,POL005133,20250105,505,1,28,4,Renewal,140910.35,7821.7,2025-01-05,2026-01-05,True,False
5134,POL005134,20240519,2909,1,7,5,New Business,71168.95,6101.01,2024-05-19,2025-05-19,False,False
5135,POL005135,20240630,1114,1,3,2,Renewal,108341.79,8712.58,2024-06-30,2025-06-30,True,False
5136,POL005136,20260813,977,1,8,5,New Business,33559.29,2566.93,2026-08-13,2027-08-13,False,False
5137,POL005137,20250812,166,9,29,3,Renewal,237644.05,15545.29,2025-08-12,2026-08-12,True,False
5138,POL005138,20250721,1684,1,34,2,Renewal,87207.26,8619.38,2025-07-21,2026-07-21,True,False
5139,POL005139,20230611,2711,4,22,5,Renewal,251268.15,21538.41,2023-06-11,2024-06-10,True,False
5140,POL005140,20240120,845,3,18,1,New Business,121577.81,8070.6,2024-01-20,2025-01-19,False,False
5141,POL005141,20230315,2455,3,10,4,Renewal,102976.58,8239.44,2023-03-15,2024-03-14,True,False
5142,POL005142,20241229,2630,8,39,1,Renewal,118475.64,11459.24,2024-12-29,2025-12-29,True,False
5143,POL005143,20241107,2585,2,21,3,Cancellation,8510.44,363.41,2024-11-07,2025-11-07,False,True
5144,POL005144,20250710,1891,3,36,5,Renewal,79841.03,4141.08,2025-07-10,2026-07-10,True,False
5145,POL005145,20241124,997,9,31,3,Cancellation,163216.31,4483.0,2024-11-24,2025-11-24,False,True
5146,POL005146,20260621,2405,2,10,4,New Business,36351.12,2194.14,2026-06-21,2027-06-21,False,False
5147,POL005147,20240913,1762,1,32,1,Renewal,118826.55,8084.02,2024-09-13,2025-09-13,True,False
5148,POL005148,20240921,1644,1,1,1,Renewal,48497.51,5225.0,2024-09-21,2025-09-21,True,False
5149,POL005149,20220308,920,2,2,3,New Business,37793.44,1932.56,2022-03-08,2023-03-08,False,False
5150,POL005150,20251022,1545,1,4,5,New Business,69897.88,7395.81,2025-10-22,2026-10-22,False,False
5151,POL005151,20250215,1676,8,26,1,Renewal,120289.49,8859.03,2025-02-15,2026-02-15,True,False
5152,POL005152,20260128,3,1,29,3,New Business,20411.05,2068.2,2026-01-28,2027-01-28,False,False
5153,POL005153,20230614,2895,3,30,3,New Business,33350.09,2534.26,2023-06-14,2024-06-13,False,False
5154,POL005154,20231122,1335,7,1,1,New Business,278022.38,15831.73,2023-11-22,2024-11-21,False,False
5155,POL005155,20250901,2853,2,30,3,New Business,20506.67,1231.75,2025-09-01,2026-09-01,False,False
5156,POL005156,20220726,2817,9,19,5,New Business,321743.8,22077.93,2022-07-26,2023-07-26,False,False
5157,POL005157,20250930,2947,1,27,1,Renewal,23526.91,2444.12,2025-09-30,2026-09-30,True,False
5158,POL005158,20240507,1796,8,3,2,New Business,24633.42,2023.63,2024-05-07,2025-05-07,False,False
5159,POL005159,20231117,295,1,26,1,Renewal,50012.64,2513.73,2023-11-17,2024-11-16,True,False
5160,POL005160,20241017,1305,4,33,2,New Business,89080.01,6824.96,2024-10-17,2025-10-17,False,False
5161,POL005161,20230919,517,8,22,5,New Business,49325.12,2753.45,2023-09-19,2024-09-18,False,False
5162,POL005162,20220907,1915,2,33,2,New Business,38306.98,2418.3,2022-09-07,2023-09-07,False,False
5163,POL005163,20240621,1786,6,40,4,New Business,338506.54,20736.16,2024-06-21,2025-06-21,False,False
5164,POL005164,20250509,2909,1,23,3,New Business,105734.65,5954.3,2025-05-09,2026-05-09,False,False
5165,POL005165,20240829,265,2,16,4,New Business,11275.16,686.72,2024-08-29,2025-08-29,False,False
5166,POL005166,20241108,1931,8,15,3,New Business,16736.43,1739.61,2024-11-08,2025-11-08,False,False
5167,POL005167,20251018,2753,8,4,5,Renewal,218224.44,13188.51,2025-10-18,2026-10-18,True,False
5168,POL005168,20251223,1784,2,26,1,Cancellation,23984.02,214.15,2025-12-23,2026-12-23,False,True
5169,POL005169,20251002,2601,1,12,2,New Business,37815.92,2435.57,2025-10-02,2026-10-02,False,False
5170,POL005170,20240121,2833,5,27,1,Cancellation,1811958.28,42773.48,2024-01-21,2025-01-20,False,True
5171,POL005171,20230220,2051,6,28,4,Cancellation,132106.68,4204.89,2023-02-20,2024-02-20,False,True
5172,POL005172,20250226,278,2,16,4,Cancellation,23604.41,956.66,2025-02-26,2026-02-26,False,True
5173,POL005173,20250408,766,3,8,5,New Business,148869.15,8600.58,2025-04-08,2026-04-08,False,False
5174,POL005174,20241106,2286,3,36,5,New Business,71064.1,5785.67,2024-11-06,2025-11-06,False,False
5175,POL005175,20251129,547,8,27,1,New Business,83242.66,8827.7,2025-11-29,2026-11-29,False,False
5176,POL005176,20260514,1425,3,24,1,Cancellation,57343.6,4119.91,2026-05-14,2027-05-14,False,True
5177,POL005177,20231119,1530,1,3,2,Renewal,24615.09,1711.85,2023-11-19,2024-11-18,True,False
5178,POL005178,20260814,1094,8,19,5,New Business,176642.48,10228.71,2026-08-14,2027-08-14,False,False
5179,POL005179,20240312,2760,2,38,1,Renewal,23492.67,1290.07,2024-03-12,2025-03-12,True,False
5180,POL005180,20260612,2414,6,28,4,Renewal,527326.57,27474.47,2026-06-12,2027-06-12,True,False
5181,POL005181,20251203,1627,2,39,1,New Business,16402.68,1282.46,2025-12-03,2026-12-03,False,False
5182,POL005182,20251121,103,2,3,2,New Business,12661.02,1235.82,2025-11-21,2026-11-21,False,False
5183,POL005183,20240323,258,6,24,1,New Business,545806.01,31004.55,2024-03-23,2025-03-23,False,False
5184,POL005184,20260425,1830,9,24,1,New Business,139297.79,9273.93,2026-04-25,2027-04-25,False,False
5185,POL005185,20250802,2134,3,17,3,Renewal,81822.09,7708.48,2025-08-02,2026-08-02,True,False
5186,POL005186,20250627,708,8,30,3,Renewal,152443.66,13604.46,2025-06-27,2026-06-27,True,False
5187,POL005187,20260531,1370,8,34,2,Renewal,84030.78,5242.6,2026-05-31,2027-05-31,True,False
5188,POL005188,20260502,2018,5,28,4,Renewal,1600030.21,171236.44,2026-05-02,2027-05-02,True,False
5189,POL005189,20250112,1708,9,6,1,New Business,265261.49,16375.26,2025-01-12,2026-01-12,False,False
5190,POL005190,20260422,610,1,28,4,Renewal,36117.94,3289.69,2026-04-22,2027-04-22,True,False
5191,POL005191,20250527,523,8,17,3,Cancellation,129432.13,895.28,2025-05-27,2026-05-27,False,True
5192,POL005192,20240511,389,6,1,1,New Business,77543.21,5408.87,2024-05-11,2025-05-11,False,False
5193,POL005193,20250508,2388,1,29,3,New Business,78841.84,5363.23,2025-05-08,2026-05-08,False,False
5194,POL005194,20260526,2276,1,39,1,Renewal,32368.31,2035.8,2026-05-26,2027-05-26,True,False
5195,POL005195,20231017,1238,1,36,5,Renewal,144681.82,7611.72,2023-10-17,2024-10-16,True,False
5196,POL005196,20250305,490,5,9,5,Renewal,2006002.75,141427.98,2025-03-05,2026-03-05,True,False
5197,POL005197,20231213,2464,3,16,4,New Business,96123.1,11764.71,2023-12-13,2024-12-12,False,False
5198,POL005198,20231023,1326,8,33,2,Renewal,98047.29,6487.51,2023-10-23,2024-10-22,True,False
5199,POL005199,20241230,1351,8,33,2,New Business,54261.49,5742.65,2024-12-30,2025-12-30,False,False
5200,POL005200,20260721,888,1,19,5,Renewal,54689.07,6587.5,2026-07-21,2027-07-21,True,False
5201,POL005201,20230523,2265,9,8,5,Renewal,239397.7,12789.56,2023-05-23,2024-05-22,True,False
5202,POL005202,20231118,2909,2,15,3,New Business,10655.14,678.72,2023-11-18,2024-11-17,False,False
5203,POL005203,20240719,2693,6,28,4,Renewal,128337.97,8501.62,2024-07-19,2025-07-19,True,False
5204,POL005204,20251008,756,1,7,5,Renewal,67065.51,3353.98,2025-10-08,2026-10-08,True,False
5205,POL005205,20230318,2874,1,27,1,Renewal,85795.35,6591.41,2023-03-18,2024-03-17,True,False
5206,POL005206,20241204,2607,8,5,4,New Business,250516.0,12865.37,2024-12-04,2025-12-04,False,False
5207,POL005207,20231130,1762,2,29,3,Renewal,24154.86,1395.48,2023-11-30,2024-11-29,True,False
5208,POL005208,20250916,471,1,10,4,Renewal,125941.08,7546.33,2025-09-16,2026-09-16,True,False
5209,POL005209,20260204,2146,2,13,3,New Business,12736.35,1285.94,2026-02-04,2027-02-04,False,False
5210,POL005210,20251002,1096,3,40,4,Renewal,146234.9,9934.44,2025-10-02,2026-10-02,True,False
5211,POL005211,20240604,2396,8,21,3,Renewal,93552.04,5149.61,2024-06-04,2025-06-04,True,False
5212,POL005212,20240216,2371,2,10,4,New Business,23798.33,2226.41,2024-02-16,2025-02-15,False,False
5213,POL005213,20230531,1064,6,28,4,New Business,461518.31,23518.75,2023-05-31,2024-05-30,False,False
5214,POL005214,20220923,2931,2,8,5,Renewal,18041.99,1421.87,2022-09-23,2023-09-23,True,False
5215,POL005215,20240917,2099,3,7,5,New Business,79351.74,6945.5,2024-09-17,2025-09-17,False,False
5216,POL005216,20260411,1415,4,4,5,New Business,205559.74,10747.99,2026-04-11,2027-04-11,False,False
5217,POL005217,20240701,1623,4,19,5,Renewal,272736.79,21348.88,2024-07-01,2025-07-01,True,False
5218,POL005218,20240208,2165,2,25,2,New Business,32644.64,1956.02,2024-02-08,2025-02-07,False,False
5219,POL005219,20240613,1323,9,13,3,Renewal,231582.49,24218.53,2024-06-13,2025-06-13,True,False
5220,POL005220,20260126,927,1,2,3,Renewal,21851.91,2235.95,2026-01-26,2027-01-26,True,False
5221,POL005221,20230615,2980,1,36,5,Cancellation,63545.02,739.86,2023-06-15,2024-06-14,False,True
5222,POL005222,20241215,405,1,14,2,Renewal,77025.84,5196.68,2024-12-15,2025-12-15,True,False
5223,POL005223,20240113,1488,8,32,1,New Business,45741.68,3148.29,2024-01-13,2025-01-12,False,False
5224,POL005224,20240702,55,1,21,3,Renewal,90993.48,8748.59,2024-07-02,2025-07-02,True,False
5225,POL005225,20240621,149,1,34,2,New Business,100603.96,8938.17,2024-06-21,2025-06-21,False,False
5226,POL005226,20260118,1144,8,10,4,Renewal,55026.95,4020.7,2026-01-18,2027-01-18,True,False
5227,POL005227,20250705,2313,3,35,4,Cancellation,79983.86,1565.97,2025-07-05,2026-07-05,False,True
5228,POL005228,20240425,1570,3,24,1,New Business,93499.19,9030.48,2024-04-25,2025-04-25,False,False
5229,POL005229,20260721,2450,2,27,1,Renewal,24944.28,1284.3,2026-07-21,2027-07-21,True,False
5230,POL005230,20230121,669,3,9,5,New Business,111711.67,7722.11,2023-01-21,2024-01-21,False,False
5231,POL005231,20260127,713,1,31,3,New Business,68024.77,3605.05,2026-01-27,2027-01-27,False,False
5232,POL005232,20220919,844,1,40,4,Renewal,100264.6,6097.11,2022-09-19,2023-09-19,True,False
5233,POL005233,20251114,1390,9,31,3,Renewal,142833.44,7999.95,2025-11-14,2026-11-14,True,False
5234,POL005234,20230305,135,7,11,1,Cancellation,495715.98,14555.79,2023-03-05,2024-03-04,False,True
5235,POL005235,20241007,2106,8,2,3,New Business,88338.73,6566.86,2024-10-07,2025-10-07,False,False
5236,POL005236,20230919,110,1,27,1,New Business,23043.53,1994.35,2023-09-19,2024-09-18,False,False
5237,POL005237,20250805,73,8,9,5,Renewal,43733.96,2745.99,2025-08-05,2026-08-05,True,False
5238,POL005238,20250608,1096,4,30,3,New Business,127173.22,10274.92,2025-06-08,2026-06-08,False,False
5239,POL005239,20240212,392,1,19,5,Renewal,53428.61,3456.95,2024-02-12,2025-02-11,True,False
5240,POL005240,20250610,889,1,12,2,Cancellation,89258.98,858.3,2025-06-10,2026-06-10,False,True
5241,POL005241,20250204,2716,3,28,4,Cancellation,139458.35,3193.14,2025-02-04,2026-02-04,False,True
5242,POL005242,20251019,1729,8,32,1,Cancellation,152407.47,4689.27,2025-10-19,2026-10-19,False,True
5243,POL005243,20240730,212,5,7,5,New Business,3203891.19,173466.55,2024-07-30,2025-07-30,False,False
5244,POL005244,20240730,2259,2,15,3,Renewal,12746.55,1162.71,2024-07-30,2025-07-30,True,False
5245,POL005245,20241221,2285,3,12,2,New Business,105375.24,6018.6,2024-12-21,2025-12-21,False,False
5246,POL005246,20250423,1831,5,31,3,Renewal,2966382.06,170186.57,2025-04-23,2026-04-23,True,False
5247,POL005247,20240604,2640,7,15,3,New Business,1303854.82,67914.98,2024-06-04,2025-06-04,False,False
5248,POL005248,20231023,584,9,9,5,New Business,98024.67,6492.7,2023-10-23,2024-10-22,False,False
5249,POL005249,20251017,532,9,9,5,New Business,52811.63,4286.31,2025-10-17,2026-10-17,False,False
5250,POL005250,20260211,1954,7,29,3,Renewal,720754.4,53500.75,2026-02-11,2027-02-11,True,False
5251,POL005251,20221219,1827,1,22,5,New Business,130770.86,6557.73,2022-12-19,2023-12-19,False,False
5252,POL005252,20230814,2135,5,34,2,Renewal,2320870.48,226638.31,2023-08-14,2024-08-13,True,False
5253,POL005253,20250711,1155,1,34,2,New Business,168863.1,8467.13,2025-07-11,2026-07-11,False,False
5254,POL005254,20240509,1551,1,13,3,Renewal,67282.01,4488.69,2024-05-09,2025-05-09,True,False
5255,POL005255,20260126,2189,2,32,1,Renewal,33574.08,2386.9,2026-01-26,2027-01-26,True,False
5256,POL005256,20230118,65,2,19,5,Renewal,35035.99,1863.36,2023-01-18,2024-01-18,True,False
5257,POL005257,20241024,2408,5,36,5,New Business,650743.33,40771.75,2024-10-24,2025-10-24,False,False
5258,POL005258,20250718,1275,8,29,3,Renewal,125054.01,14420.88,2025-07-18,2026-07-18,True,False
5259,POL005259,20220516,2874,2,16,4,Renewal,17924.14,1769.08,2022-05-16,2023-05-16,True,False
5260,POL005260,20251101,536,2,4,5,New Business,23819.13,1210.31,2025-11-01,2026-11-01,False,False
5261,POL005261,20230510,1669,2,6,1,Renewal,38525.71,2327.52,2023-05-10,2024-05-09,True,False
5262,POL005262,20250807,1943,6,38,1,Cancellation,420553.48,19294.3,2025-08-07,2026-08-07,False,True
5263,POL005263,20250525,2152,5,5,4,Renewal,3247578.64,189467.35,2025-05-25,2026-05-25,True,False
5264,POL005264,20230116,1780,3,14,2,Renewal,51660.04,3046.8,2023-01-16,2024-01-16,True,False
5265,POL005265,20241210,921,1,37,3,New Business,132200.29,7952.49,2024-12-10,2025-12-10,False,False
5266,POL005266,20220906,1344,7,38,1,New Business,662277.68,33672.28,2022-09-06,2023-09-06,False,False
5267,POL005267,20230504,2295,1,22,5,Renewal,36265.36,3599.54,2023-05-04,2024-05-03,True,False
5268,POL005268,20260608,1361,9,4,5,New Business,160504.76,14117.24,2026-06-08,2027-06-08,False,False
5269,POL005269,20250225,1997,1,37,3,Renewal,55953.8,4367.18,2025-02-25,2026-02-25,True,False
5270,POL005270,20250926,2390,1,25,2,Renewal,88756.07,7253.12,2025-09-26,2026-09-26,True,False
5271,POL005271,20230517,2305,7,40,4,Renewal,170739.68,10573.69,2023-05-17,2024-05-16,True,False
5272,POL005272,20240409,2900,4,31,3,Renewal,192281.71,12341.61,2024-04-09,2025-04-09,True,False
5273,POL005273,20240427,554,8,2,3,New Business,35450.44,2133.36,2024-04-27,2025-04-27,False,False
5274,POL005274,20240915,124,1,7,5,Renewal,40039.22,3950.64,2024-09-15,2025-09-15,True,False
5275,POL005275,20250306,2736,8,27,1,Renewal,162169.6,12727.82,2025-03-06,2026-03-06,True,False
5276,POL005276,20250126,1319,2,32,1,New Business,23447.47,1940.64,2025-01-26,2026-01-26,False,False
5277,POL005277,20251220,2387,1,3,2,Renewal,112791.53,8832.22,2025-12-20,2026-12-20,True,False
5278,POL005278,20241006,2857,1,1,1,Renewal,56730.91,7008.08,2024-10-06,2025-10-06,True,False
5279,POL005279,20241007,2586,6,23,3,Renewal,215419.37,15604.48,2024-10-07,2025-10-07,True,False
5280,POL005280,20240214,642,1,12,2,Renewal,36355.61,2260.83,2024-02-14,2025-02-13,True,False
5281,POL005281,20230615,2952,5,38,1,Cancellation,2969126.59,102557.42,2023-06-15,2024-06-14,False,True
5282,POL005282,20250406,1219,1,34,2,New Business,65782.62,7704.25,2025-04-06,2026-04-06,False,False
5283,POL005283,20240106,471,9,30,3,New Business,124572.49,9175.27,2024-01-06,2025-01-05,False,False
5284,POL005284,20241105,262,7,12,2,Renewal,985548.69,53633.14,2024-11-05,2025-11-05,True,False
5285,POL005285,20260227,963,1,21,3,New Business,47013.66,3565.9,2026-02-27,2027-02-27,False,False
5286,POL005286,20220731,1833,2,31,3,Renewal,21219.24,2010.9,2022-07-31,2023-07-31,True,False
5287,POL005287,20250603,533,8,25,2,Renewal,244442.62,14188.29,2025-06-03,2026-06-03,True,False
5288,POL005288,20250613,1975,3,21,3,New Business,33385.99,2088.27,2025-06-13,2026-06-13,False,False
5289,POL005289,20250827,2904,1,38,1,Renewal,40920.3,4493.87,2025-08-27,2026-08-27,True,False
5290,POL005290,20240107,1956,1,5,4,Renewal,134797.36,8306.12,2024-01-07,2025-01-06,True,False
5291,POL005291,20240408,2089,1,2,3,Cancellation,98093.1,4317.27,2024-04-08,2025-04-08,False,True
5292,POL005292,20240725,2443,9,3,2,Renewal,98522.86,8819.99,2024-07-25,2025-07-25,True,False
5293,POL005293,20240313,2900,2,27,1,Renewal,23404.11,1675.26,2024-03-13,2025-03-13,True,False
5294,POL005294,20240424,1944,6,10,4,Renewal,126701.95,6748.41,2024-04-24,2025-04-24,True,False
5295,POL005295,20260306,1882,7,8,5,Renewal,801310.65,79785.28,2026-03-06,2027-03-06,True,False
5296,POL005296,20251130,1509,7,25,2,Renewal,369301.99,23259.89,2025-11-30,2026-11-30,True,False
5297,POL005297,20230128,207,1,14,2,New Business,120316.17,7041.79,2023-01-28,2024-01-28,False,False
5298,POL005298,20260303,2347,2,24,1,Renewal,27625.9,1485.03,2026-03-03,2027-03-03,True,False
5299,POL005299,20260528,1825,2,25,2,Renewal,9879.64,834.28,2026-05-28,2027-05-28,True,False
5300,POL005300,20240126,2295,1,6,1,Renewal,139165.48,8733.74,2024-01-26,2025-01-25,True,False
5301,POL005301,20260516,2821,1,15,3,Renewal,52671.78,4552.28,2026-05-16,2027-05-16,True,False
5302,POL005302,20221125,1582,3,18,1,Cancellation,149285.5,5050.56,2022-11-25,2023-11-25,False,True
5303,POL005303,20221213,752,9,25,2,New Business,88417.78,5774.14,2022-12-13,2023-12-13,False,False
5304,POL005304,20221106,2489,5,14,2,Renewal,1859297.17,115900.73,2022-11-06,2023-11-06,True,False
5305,POL005305,20250111,2348,1,26,1,New Business,142673.71,7299.81,2025-01-11,2026-01-11,False,False
5306,POL005306,20240826,1616,3,20,4,New Business,175247.67,11713.53,2024-08-26,2025-08-26,False,False
5307,POL005307,20250130,2389,7,21,3,New Business,114064.15,7473.8,2025-01-30,2026-01-30,False,False
5308,POL005308,20240309,1643,2,14,2,Cancellation,10817.46,367.51,2024-03-09,2025-03-09,False,True
5309,POL005309,20230609,2913,2,8,5,Renewal,20217.26,2338.39,2023-06-09,2024-06-08,True,False
5310,POL005310,20250308,1593,6,17,3,New Business,469162.26,33215.0,2025-03-08,2026-03-08,False,False
5311,POL005311,20250902,2918,8,4,5,Renewal,37599.71,2080.63,2025-09-02,2026-09-02,True,False
5312,POL005312,20240602,371,3,14,2,Renewal,41727.06,3373.97,2024-06-02,2025-06-02,True,False
5313,POL005313,20260606,801,8,31,3,Renewal,63144.08,3169.37,2026-06-06,2027-06-06,True,False
5314,POL005314,20251211,2476,5,27,1,New Business,1457239.76,146882.9,2025-12-11,2026-12-11,False,False
5315,POL005315,20260228,669,9,39,1,New Business,474998.18,27954.9,2026-02-28,2027-02-28,False,False
5316,POL005316,20230328,1888,2,31,3,Renewal,24260.12,2019.04,2023-03-28,2024-03-27,True,False
5317,POL005317,20250503,2428,2,38,1,Renewal,16049.5,1900.88,2025-05-03,2026-05-03,True,False
5318,POL005318,20260512,747,1,38,1,Cancellation,86974.85,3329.89,2026-05-12,2027-05-12,False,True
5319,POL005319,20221011,1334,9,19,5,Renewal,44422.07,4356.4,2022-10-11,2023-10-11,True,False
5320,POL005320,20230523,1959,8,1,1,New Business,74886.04,7859.98,2023-05-23,2024-05-22,False,False
5321,POL005321,20260307,2849,1,7,5,New Business,24796.92,2598.09,2026-03-07,2027-03-07,False,False
5322,POL005322,20260102,799,3,31,3,Renewal,71628.96,5489.52,2026-01-02,2027-01-02,True,False
5323,POL005323,20260320,1023,1,28,4,Renewal,138194.93,7621.74,2026-03-20,2027-03-20,True,False
5324,POL005324,20230323,1474,2,32,1,Renewal,13648.27,836.38,2023-03-23,2024-03-22,True,False
5325,POL005325,20250722,277,7,34,2,New Business,1194168.79,72794.68,2025-07-22,2026-07-22,False,False
5326,POL005326,20240206,259,5,38,1,New Business,1183428.86,91284.98,2024-02-06,2025-02-05,False,False
5327,POL005327,20260321,1785,1,24,1,New Business,31224.53,2054.19,2026-03-21,2027-03-21,False,False
5328,POL005328,20231013,2838,1,24,1,New Business,74458.33,7791.99,2023-10-13,2024-10-12,False,False
5329,POL005329,20251023,2279,4,32,1,Renewal,178398.1,9676.87,2025-10-23,2026-10-23,True,False
5330,POL005330,20260427,799,8,1,1,Renewal,140848.33,14348.36,2026-04-27,2027-04-27,True,False
5331,POL005331,20260310,2923,1,12,2,Renewal,84084.73,7877.85,2026-03-10,2027-03-10,True,False
5332,POL005332,20230705,589,1,35,4,Renewal,74758.66,5218.44,2023-07-05,2024-07-04,True,False
5333,POL005333,20260405,1535,3,13,3,New Business,154403.51,8184.48,2026-04-05,2027-04-05,False,False
5334,POL005334,20220427,1231,5,32,1,Cancellation,725295.9,24244.55,2022-04-27,2023-04-27,False,True
5335,POL005335,20251228,2044,8,18,1,New Business,98385.21,6106.84,2025-12-28,2026-12-28,False,False
5336,POL005336,20240217,1864,2,10,4,Renewal,19704.9,1800.41,2024-02-17,2025-02-16,True,False
5337,POL005337,20240516,504,7,36,5,Cancellation,983446.85,7334.8,2024-05-16,2025-05-16,False,True
5338,POL005338,20241012,2212,4,31,3,New Business,389674.42,23084.41,2024-10-12,2025-10-12,False,False
5339,POL005339,20250421,1437,8,2,3,Renewal,155612.01,12902.06,2025-04-21,2026-04-21,True,False
5340,POL005340,20260302,50,1,21,3,Renewal,42245.31,4539.35,2026-03-02,2027-03-02,True,False
5341,POL005341,20230516,2629,4,36,5,Renewal,125357.51,7009.33,2023-05-16,2024-05-15,True,False
5342,POL005342,20250226,2015,3,17,3,New Business,127465.6,9639.76,2025-02-26,2026-02-26,False,False
5343,POL005343,20251002,1830,4,35,4,Renewal,321021.69,19155.78,2025-10-02,2026-10-02,True,False
5344,POL005344,20230816,1544,9,13,3,Renewal,306512.1,17585.65,2023-08-16,2024-08-15,True,False
5345,POL005345,20250620,1354,2,16,4,Cancellation,7848.83,369.37,2025-06-20,2026-06-20,False,True
5346,POL005346,20240612,2352,3,27,1,Cancellation,118712.19,3884.32,2024-06-12,2025-06-12,False,True
5347,POL005347,20241010,606,8,10,4,Renewal,49143.05,2562.7,2024-10-10,2025-10-10,True,False
5348,POL005348,20231022,698,3,33,2,New Business,147811.6,7739.46,2023-10-22,2024-10-21,False,False
5349,POL005349,20260724,743,2,14,2,Renewal,15174.36,1447.82,2026-07-24,2027-07-24,True,False
5350,POL005350,20220927,2043,8,16,4,New Business,52025.65,4424.45,2022-09-27,2023-09-27,False,False
5351,POL005351,20251026,675,2,8,5,Renewal,10783.29,1330.6,2025-10-26,2026-10-26,True,False
5352,POL005352,20250323,16,8,17,3,Renewal,80636.1,4738.12,2025-03-23,2026-03-23,True,False
5353,POL005353,20220820,1959,1,37,3,Renewal,50889.62,3360.81,2022-08-20,2023-08-20,True,False
5354,POL005354,20251126,2407,1,32,1,Renewal,84956.73,4308.57,2025-11-26,2026-11-26,True,False
5355,POL005355,20240302,66,2,37,3,Renewal,41737.72,2470.01,2024-03-02,2025-03-02,True,False
5356,POL005356,20251220,471,2,39,1,Renewal,28886.62,2177.0,2025-12-20,2026-12-20,True,False
5357,POL005357,20250314,2952,2,15,3,New Business,16191.0,1308.04,2025-03-14,2026-03-14,False,False
5358,POL005358,20240404,2645,4,34,2,Renewal,91329.09,6392.16,2024-04-04,2025-04-04,True,False
5359,POL005359,20240616,2073,8,39,1,Renewal,66028.69,5431.66,2024-06-16,2025-06-16,True,False
5360,POL005360,20250715,1484,5,29,3,New Business,1591864.38,170093.19,2025-07-15,2026-07-15,False,False
5361,POL005361,20240529,2193,5,17,3,Cancellation,946273.88,42056.29,2024-05-29,2025-05-29,False,True
5362,POL005362,20250106,1599,4,5,4,Cancellation,194840.41,6821.5,2025-01-06,2026-01-06,False,True
5363,POL005363,20240925,1962,1,17,3,Renewal,78298.63,5673.62,2024-09-25,2025-09-25,True,False
5364,POL005364,20250904,2623,1,11,1,New Business,56848.5,5329.32,2025-09-04,2026-09-04,False,False
5365,POL005365,20251031,1865,1,29,3,New Business,125311.4,6655.03,2025-10-31,2026-10-31,False,False
5366,POL005366,20260421,2543,1,6,1,Cancellation,87298.43,2640.22,2026-04-21,2027-04-21,False,True
5367,POL005367,20260302,1530,3,32,1,Renewal,57660.54,3597.99,2026-03-02,2027-03-02,True,False
5368,POL005368,20240605,905,8,9,5,Renewal,210092.32,11824.39,2024-06-05,2025-06-05,True,False
5369,POL005369,20241115,117,1,4,5,New Business,44359.54,5444.53,2024-11-15,2025-11-15,False,False
5370,POL005370,20260123,465,2,29,3,New Business,16800.74,1415.99,2026-01-23,2027-01-23,False,False
5371,POL005371,20241127,133,2,21,3,Renewal,20744.64,2355.77,2024-11-27,2025-11-27,True,False
5372,POL005372,20250301,1241,1,12,2,New Business,58436.95,6145.94,2025-03-01,2026-03-01,False,False
5373,POL005373,20241111,1923,5,7,5,Cancellation,2376942.16,50299.99,2024-11-11,2025-11-11,False,True
5374,POL005374,20240720,227,9,27,1,New Business,272794.22,26164.45,2024-07-20,2025-07-20,False,False
5375,POL005375,20260522,798,8,24,1,Renewal,55559.57,4065.04,2026-05-22,2027-05-22,True,False
5376,POL005376,20250323,2398,9,35,4,New Business,343785.22,26960.55,2025-03-23,2026-03-23,False,False
5377,POL005377,20241204,2064,8,12,2,Renewal,87156.2,9232.2,2024-12-04,2025-12-04,True,False
5378,POL005378,20240618,1,2,34,2,Renewal,13541.79,976.65,2024-06-18,2025-06-18,True,False
5379,POL005379,20240523,2593,5,31,3,Renewal,1501602.82,81988.63,2024-05-23,2025-05-23,True,False
5380,POL005380,20250404,2874,1,31,3,Cancellation,42203.66,1770.47,2025-04-04,2026-04-04,False,True
5381,POL005381,20240604,2409,1,31,3,Renewal,114136.21,7623.04,2024-06-04,2025-06-04,True,False
5382,POL005382,20230717,2969,8,16,4,Renewal,256346.51,14126.48,2023-07-17,2024-07-16,True,False
5383,POL005383,20231124,2332,2,32,1,Renewal,31004.48,1554.17,2023-11-24,2024-11-23,True,False
5384,POL005384,20241026,1335,3,22,5,Cancellation,102231.34,2788.11,2024-10-26,2025-10-26,False,True
5385,POL005385,20240304,1198,6,18,1,Cancellation,125731.09,2538.46,2024-03-04,2025-03-04,False,True
5386,POL005386,20251122,1638,1,11,1,Cancellation,51602.62,1279.74,2025-11-22,2026-11-22,False,True
5387,POL005387,20241226,112,9,6,1,New Business,337641.53,25391.7,2024-12-26,2025-12-26,False,False
5388,POL005388,20260710,746,1,10,4,New Business,15870.89,1624.02,2026-07-10,2027-07-10,False,False
5389,POL005389,20230323,1416,3,19,5,New Business,44297.75,5409.82,2023-03-23,2024-03-22,False,False
5390,POL005390,20230315,2748,5,6,1,Renewal,3168112.62,241762.03,2023-03-15,2024-03-14,True,False
5391,POL005391,20260625,1880,1,29,3,New Business,72680.26,4842.56,2026-06-25,2027-06-25,False,False
5392,POL005392,20220629,2970,8,29,3,New Business,56000.77,3178.51,2022-06-29,2023-06-29,False,False
5393,POL005393,20260213,371,2,38,1,Renewal,23121.01,1272.53,2026-02-13,2027-02-13,True,False
5394,POL005394,20251224,141,3,33,2,Renewal,113162.7,9713.62,2025-12-24,2026-12-24,True,False
5395,POL005395,20221020,2916,3,21,3,Renewal,35914.16,2204.92,2022-10-20,2023-10-20,True,False
5396,POL005396,20260316,1494,8,13,3,Renewal,169550.82,14053.37,2026-03-16,2027-03-16,True,False
5397,POL005397,20250328,582,5,28,4,Renewal,1916108.47,103881.52,2025-03-28,2026-03-28,True,False
5398,POL005398,20250531,137,9,30,3,Renewal,302752.71,15379.91,2025-05-31,2026-05-31,True,False
5399,POL005399,20240920,778,2,3,2,New Business,20044.39,1543.67,2024-09-20,2025-09-20,False,False
5400,POL005400,20241117,527,1,35,4,New Business,58769.37,4643.04,2024-11-17,2025-11-17,False,False
5401,POL005401,20251107,1843,1,2,3,Renewal,48382.17,4744.31,2025-11-07,2026-11-07,True,False
5402,POL005402,20250526,2133,8,22,5,New Business,166466.61,11225.03,2025-05-26,2026-05-26,False,False
5403,POL005403,20250921,638,8,8,5,New Business,26676.52,1366.29,2025-09-21,2026-09-21,False,False
5404,POL005404,20240718,1271,4,6,1,New Business,187889.66,20331.96,2024-07-18,2025-07-18,False,False
5405,POL005405,20251210,1746,1,13,3,Renewal,132941.75,7407.66,2025-12-10,2026-12-10,True,False
5406,POL005406,20250329,2174,3,14,2,New Business,148692.35,10107.42,2025-03-29,2026-03-29,False,False
5407,POL005407,20260321,2056,6,14,2,Cancellation,63624.61,2752.26,2026-03-21,2027-03-21,False,True
5408,POL005408,20250723,507,3,28,4,Renewal,27502.87,2647.71,2025-07-23,2026-07-23,True,False
5409,POL005409,20250405,1377,2,27,1,New Business,10670.83,834.37,2025-04-05,2026-04-05,False,False
5410,POL005410,20240324,1434,3,37,3,New Business,205720.62,11812.2,2024-03-24,2025-03-24,False,False
5411,POL005411,20240610,1340,6,19,5,New Business,81136.29,10096.52,2024-06-10,2025-06-10,False,False
5412,POL005412,20230701,2617,9,29,3,Renewal,271963.86,17096.82,2023-07-01,2024-06-30,True,False
5413,POL005413,20251216,49,2,19,5,New Business,17241.24,1444.17,2025-12-16,2026-12-16,False,False
5414,POL005414,20240512,2184,8,40,4,Renewal,128277.37,8799.7,2024-05-12,2025-05-12,True,False
5415,POL005415,20241219,2215,1,21,3,Renewal,67840.67,4729.82,2024-12-19,2025-12-19,True,False
5416,POL005416,20251124,1404,1,32,1,Renewal,66048.93,3868.65,2025-11-24,2026-11-24,True,False
5417,POL005417,20260208,2578,7,10,4,New Business,118009.9,14294.94,2026-02-08,2027-02-08,False,False
5418,POL005418,20250214,468,2,2,3,Renewal,9741.77,1079.09,2025-02-14,2026-02-14,True,False
5419,POL005419,20250802,1913,1,20,4,Renewal,41064.64,4367.04,2025-08-02,2026-08-02,True,False
5420,POL005420,20260601,2143,2,8,5,Renewal,22775.19,1408.8,2026-06-01,2027-06-01,True,False
5421,POL005421,20260207,1407,1,24,1,Renewal,90975.11,4634.38,2026-02-07,2027-02-07,True,False
5422,POL005422,20240705,2654,1,19,5,New Business,45412.23,4016.68,2024-07-05,2025-07-05,False,False
5423,POL005423,20240401,1460,6,3,2,New Business,241854.32,13101.41,2024-04-01,2025-04-01,False,False
5424,POL005424,20250903,2261,2,20,4,New Business,32281.3,2057.62,2025-09-03,2026-09-03,False,False
5425,POL005425,20251101,533,4,31,3,New Business,287452.1,15546.62,2025-11-01,2026-11-01,False,False
5426,POL005426,20250227,2793,4,3,2,Cancellation,255158.58,8162.47,2025-02-27,2026-02-27,False,True
5427,POL005427,20231107,992,2,22,5,Renewal,26295.71,2159.03,2023-11-07,2024-11-06,True,False
5428,POL005428,20240406,2661,6,33,2,Cancellation,443737.79,4954.53,2024-04-06,2025-04-06,False,True
5429,POL005429,20241214,865,5,36,5,New Business,2327384.71,202125.1,2024-12-14,2025-12-14,False,False
5430,POL005430,20250915,675,1,20,4,New Business,103640.7,6006.56,2025-09-15,2026-09-15,False,False
5431,POL005431,20250725,399,9,32,1,New Business,333073.65,19879.54,2025-07-25,2026-07-25,False,False
5432,POL005432,20251101,265,1,19,5,Renewal,92417.5,5770.83,2025-11-01,2026-11-01,True,False
5433,POL005433,20240629,2650,1,40,4,Renewal,83824.68,5073.42,2024-06-29,2025-06-29,True,False
5434,POL005434,20260430,1015,2,39,1,New Business,13022.06,1534.26,2026-04-30,2027-04-30,False,False
5435,POL005435,20251006,1463,1,14,2,Renewal,96104.95,4959.64,2025-10-06,2026-10-06,True,False
5436,POL005436,20250622,1120,4,36,5,Renewal,153378.05,10559.74,2025-06-22,2026-06-22,True,False
5437,POL005437,20250205,2031,6,11,1,Renewal,239786.47,25912.0,2025-02-05,2026-02-05,True,False
5438,POL005438,20241028,2357,1,25,2,New Business,101263.64,7642.33,2024-10-28,2025-10-28,False,False
5439,POL005439,20240622,2057,4,29,3,New Business,115428.31,8260.34,2024-06-22,2025-06-22,False,False
5440,POL005440,20230327,2417,1,33,2,Cancellation,31696.49,993.9,2023-03-27,2024-03-26,False,True
5441,POL005441,20231108,2298,9,7,5,New Business,164108.65,19979.58,2023-11-08,2024-11-07,False,False
5442,POL005442,20240210,2235,8,19,5,New Business,127304.99,13684.32,2024-02-10,2025-02-09,False,False
5443,POL005443,20250627,393,1,24,1,New Business,83259.2,6622.45,2025-06-27,2026-06-27,False,False
5444,POL005444,20230715,1675,2,25,2,Cancellation,23093.85,400.77,2023-07-15,2024-07-14,False,True
5445,POL005445,20241222,1431,1,15,3,Renewal,54392.04,5709.39,2024-12-22,2025-12-22,True,False
5446,POL005446,20240810,2051,2,29,3,New Business,38083.95,2208.62,2024-08-10,2025-08-10,False,False
5447,POL005447,20260113,2393,1,23,3,Cancellation,79915.25,1915.25,2026-01-13,2027-01-13,False,True
5448,POL005448,20240226,2001,9,18,1,New Business,406063.73,27690.3,2024-02-26,2025-02-25,False,False
5449,POL005449,20260629,2653,5,33,2,Renewal,1474838.63,109929.44,2026-06-29,2027-06-29,True,False
5450,POL005450,20230526,949,3,15,3,New Business,97225.02,8073.68,2023-05-26,2024-05-25,False,False
5451,POL005451,20230627,1738,3,3,2,Renewal,26814.47,2662.84,2023-06-27,2024-06-26,True,False
5452,POL005452,20221103,338,9,17,3,Renewal,319589.55,18537.71,2022-11-03,2023-11-03,True,False
5453,POL005453,20260527,1710,3,22,5,New Business,53219.43,4760.7,2026-05-27,2027-05-27,False,False
5454,POL005454,20230125,1516,7,12,2,Renewal,478820.0,41975.44,2023-01-25,2024-01-25,True,False
5455,POL005455,20240610,2702,2,33,2,Renewal,15875.91,1633.12,2024-06-10,2025-06-10,True,False
5456,POL005456,20220608,1697,8,39,1,New Business,136454.48,6880.42,2022-06-08,2023-06-08,False,False
5457,POL005457,20260214,2703,1,37,3,Renewal,15635.34,1667.94,2026-02-14,2027-02-14,True,False
5458,POL005458,20230706,2992,1,30,3,Renewal,92132.81,8336.69,2023-07-06,2024-07-05,True,False
5459,POL005459,20230825,1756,3,9,5,New Business,112371.59,10939.38,2023-08-25,2024-08-24,False,False
5460,POL005460,20260130,788,4,29,3,New Business,203698.85,16031.55,2026-01-30,2027-01-30,False,False
5461,POL005461,20250517,675,2,20,4,Renewal,44220.95,2484.18,2025-05-17,2026-05-17,True,False
5462,POL005462,20250511,10,6,32,1,New Business,496632.84,30826.69,2025-05-11,2026-05-11,False,False
5463,POL005463,20260218,1072,2,18,1,New Business,14751.34,1468.63,2026-02-18,2027-02-18,False,False
5464,POL005464,20251120,780,6,23,3,New Business,130981.49,13285.38,2025-11-20,2026-11-20,False,False
5465,POL005465,20230719,1579,2,6,1,Renewal,7469.36,768.41,2023-07-19,2024-07-18,True,False
5466,POL005466,20250502,2949,9,10,4,Renewal,169112.35,16115.36,2025-05-02,2026-05-02,True,False
5467,POL005467,20240804,504,1,24,1,New Business,139792.27,7719.24,2024-08-04,2025-08-04,False,False
5468,POL005468,20240716,1441,4,18,1,Cancellation,132749.79,2980.52,2024-07-16,2025-07-16,False,True
5469,POL005469,20230912,1972,7,22,5,New Business,251808.51,19636.4,2023-09-12,2024-09-11,False,False
5470,POL005470,20230523,2616,4,4,5,Renewal,209460.61,18558.6,2023-05-23,2024-05-22,True,False
5471,POL005471,20221228,705,8,1,1,Renewal,146711.27,10748.27,2022-12-28,2023-12-28,True,False
5472,POL005472,20241127,771,1,14,2,New Business,45215.13,2772.71,2024-11-27,2025-11-27,False,False
5473,POL005473,20260413,2533,1,14,2,Renewal,169045.89,8788.19,2026-04-13,2027-04-13,True,False
5474,POL005474,20241205,1017,6,10,4,New Business,318639.29,32184.85,2024-12-05,2025-12-05,False,False
5475,POL005475,20240206,634,1,27,1,New Business,82323.67,6159.24,2024-02-06,2025-02-05,False,False
5476,POL005476,20240202,1799,6,19,5,Renewal,294870.46,19181.21,2024-02-02,2025-02-01,True,False
5477,POL005477,20220720,2084,9,8,5,Renewal,479394.67,26435.82,2022-07-20,2023-07-20,True,False
5478,POL005478,20230310,2202,7,29,3,Renewal,990196.41,73382.38,2023-03-10,2024-03-09,True,False
5479,POL005479,20260205,2810,2,10,4,Cancellation,18801.98,661.26,2026-02-05,2027-02-05,False,True
5480,POL005480,20250803,299,1,13,3,New Business,39306.92,3232.76,2025-08-03,2026-08-03,False,False
5481,POL005481,20260512,644,8,26,1,New Business,40028.8,3597.25,2026-05-12,2027-05-12,False,False
5482,POL005482,20230426,19,8,22,5,New Business,94858.21,6007.63,2023-04-26,2024-04-25,False,False
5483,POL005483,20260328,2647,8,33,2,New Business,55011.23,5371.82,2026-03-28,2027-03-28,False,False
5484,POL005484,20240303,1626,1,8,5,Cancellation,144049.34,1770.22,2024-03-03,2025-03-03,False,True
5485,POL005485,20221028,1844,1,39,1,New Business,24705.64,2262.44,2022-10-28,2023-10-28,False,False
5486,POL005486,20230929,850,1,36,5,Renewal,48056.06,4508.37,2023-09-29,2024-09-28,True,False
5487,POL005487,20220524,2680,1,21,3,Renewal,88879.52,5562.98,2022-05-24,2023-05-24,True,False
5488,POL005488,20230322,393,8,33,2,New Business,39141.8,3063.66,2023-03-22,2024-03-21,False,False
5489,POL005489,20230511,47,1,11,1,New Business,40471.75,4206.14,2023-05-11,2024-05-10,False,False
5490,POL005490,20250325,489,1,39,1,New Business,87959.35,6132.96,2025-03-25,2026-03-25,False,False
5491,POL005491,20260711,2518,6,24,1,Cancellation,289723.83,9047.98,2026-07-11,2027-07-11,False,True
5492,POL005492,20250806,2737,7,16,4,Renewal,1143459.31,78695.74,2025-08-06,2026-08-06,True,False
5493,POL005493,20260729,1986,1,16,4,New Business,71970.81,7962.22,2026-07-29,2027-07-29,False,False
5494,POL005494,20250517,346,2,2,3,Renewal,20594.22,1190.5,2025-05-17,2026-05-17,True,False
5495,POL005495,20230828,1722,1,12,2,New Business,90913.76,7237.97,2023-08-28,2024-08-27,False,False
5496,POL005496,20240520,1627,1,3,2,Cancellation,47665.15,2192.19,2024-05-20,2025-05-20,False,True
5497,POL005497,20231210,588,1,20,4,Renewal,125132.15,8980.68,2023-12-10,2024-12-09,True,False
5498,POL005498,20241224,540,5,10,4,Cancellation,2793572.74,21818.73,2024-12-24,2025-12-24,False,True
5499,POL005499,20240108,2853,7,10,4,Renewal,344003.02,18371.24,2024-01-08,2025-01-07,True,False
5500,POL005500,20240711,407,9,16,4,New Business,311977.98,16027.13,2024-07-11,2025-07-11,False,False
5501,POL005501,20260610,248,1,34,2,New Business,14462.79,1619.82,2026-06-10,2027-06-10,False,False
5502,POL005502,20231211,2514,8,38,1,Renewal,212011.58,13402.06,2023-12-11,2024-12-10,True,False
5503,POL005503,20251202,2905,2,40,4,Renewal,11515.11,1312.78,2025-12-02,2026-12-02,True,False
5504,POL005504,20251113,2506,4,31,3,Renewal,190781.11,18690.79,2025-11-13,2026-11-13,True,False
5505,POL005505,20240622,2175,9,26,1,New Business,204296.55,16356.77,2024-06-22,2025-06-22,False,False
5506,POL005506,20240824,879,9,27,1,Renewal,61011.76,3556.79,2024-08-24,2025-08-24,True,False
5507,POL005507,20260217,2760,4,11,1,New Business,208536.34,24523.11,2026-02-17,2027-02-17,False,False
5508,POL005508,20230715,1930,9,13,3,New Business,312826.78,19273.6,2023-07-15,2024-07-14,False,False
5509,POL005509,20240320,1150,3,13,3,Renewal,108676.12,10510.13,2024-03-20,2025-03-20,True,False
5510,POL005510,20250924,636,1,2,3,Cancellation,107706.66,4409.94,2025-09-24,2026-09-24,False,True
5511,POL005511,20240526,726,6,26,1,Renewal,253617.16,18393.37,2024-05-26,2025-05-26,True,False
5512,POL005512,20260410,2671,5,19,5,Renewal,2451905.8,173108.4,2026-04-10,2027-04-10,True,False
5513,POL005513,20260120,2676,2,29,3,Renewal,20639.13,1243.68,2026-01-20,2027-01-20,True,False
5514,POL005514,20251217,2524,8,11,1,New Business,106655.06,10645.43,2025-12-17,2026-12-17,False,False
5515,POL005515,20250917,481,1,22,5,Cancellation,46307.98,2318.83,2025-09-17,2026-09-17,False,True
5516,POL005516,20240221,554,1,37,3,Renewal,66110.31,4094.02,2024-02-21,2025-02-20,True,False
5517,POL005517,20250116,1344,9,17,3,New Business,228198.81,19739.39,2025-01-16,2026-01-16,False,False
5518,POL005518,20250426,2769,6,16,4,Renewal,181461.84,9349.51,2025-04-26,2026-04-26,True,False
5519,POL005519,20240629,2005,8,24,1,New Business,164770.04,10501.19,2024-06-29,2025-06-29,False,False
5520,POL005520,20250214,1646,3,20,4,New Business,41575.16,3705.72,2025-02-14,2026-02-14,False,False
5521,POL005521,20231013,236,4,31,3,Renewal,288350.04,16042.74,2023-10-13,2024-10-12,True,False
5522,POL005522,20250412,1105,4,28,4,New Business,90234.05,6976.99,2025-04-12,2026-04-12,False,False
5523,POL005523,20220802,2144,4,16,4,Renewal,265614.99,21763.45,2022-08-02,2023-08-02,True,False
5524,POL005524,20230606,2661,9,24,1,Renewal,261435.97,23010.26,2023-06-06,2024-06-05,True,False
5525,POL005525,20250830,2229,9,16,4,Renewal,217611.84,17648.34,2025-08-30,2026-08-30,True,False
5526,POL005526,20250904,2048,1,30,3,Cancellation,125037.79,1031.69,2025-09-04,2026-09-04,False,True
5527,POL005527,20250429,1818,1,10,4,New Business,71997.62,3882.16,2025-04-29,2026-04-29,False,False
5528,POL005528,20260623,1486,8,38,1,Renewal,109361.91,13621.92,2026-06-23,2027-06-23,True,False
5529,POL005529,20230522,969,1,8,5,Renewal,78743.7,6300.95,2023-05-22,2024-05-21,True,False
5530,POL005530,20240723,1723,3,17,3,New Business,29829.12,3474.51,2024-07-23,2025-07-23,False,False
5531,POL005531,20240120,127,2,6,1,Renewal,20959.14,1299.7,2024-01-20,2025-01-19,True,False
5532,POL005532,20251011,856,9,21,3,New Business,448840.69,24674.47,2025-10-11,2026-10-11,False,False
5533,POL005533,20230725,714,3,25,2,New Business,62571.93,4226.53,2023-07-25,2024-07-24,False,False
5534,POL005534,20250719,1589,1,18,1,New Business,24038.63,1902.4,2025-07-19,2026-07-19,False,False
5535,POL005535,20250825,929,8,15,3,New Business,28150.2,3081.95,2025-08-25,2026-08-25,False,False
5536,POL005536,20241211,2252,1,10,4,New Business,70106.53,8661.95,2024-12-11,2025-12-11,False,False
5537,POL005537,20240814,2831,3,29,3,New Business,86977.46,4962.37,2024-08-14,2025-08-14,False,False
5538,POL005538,20260325,1906,2,17,3,New Business,27714.19,1616.09,2026-03-25,2027-03-25,False,False
5539,POL005539,20260217,2609,4,37,3,New Business,361240.02,24659.78,2026-02-17,2027-02-17,False,False
5540,POL005540,20231031,2908,4,1,1,New Business,395652.06,22028.95,2023-10-31,2024-10-30,False,False
5541,POL005541,20251020,1692,8,29,3,Renewal,44575.54,4130.04,2025-10-20,2026-10-20,True,False
5542,POL005542,20250128,1709,2,15,3,New Business,10522.61,846.62,2025-01-28,2026-01-28,False,False
5543,POL005543,20250216,1771,3,16,4,New Business,101517.8,9092.67,2025-02-16,2026-02-16,False,False
5544,POL005544,20240325,116,1,10,4,Renewal,153789.86,8700.77,2024-03-25,2025-03-25,True,False
5545,POL005545,20250112,1542,9,31,3,Cancellation,65406.58,2321.67,2025-01-12,2026-01-12,False,True
5546,POL005546,20240713,89,7,11,1,New Business,423813.9,42333.49,2024-07-13,2025-07-13,False,False
5547,POL005547,20231126,1826,1,29,3,Renewal,80589.57,8980.5,2023-11-26,2024-11-25,True,False
5548,POL005548,20260201,180,2,24,1,Renewal,21788.9,1558.52,2026-02-01,2027-02-01,True,False
5549,POL005549,20251122,527,1,32,1,Renewal,25752.33,1662.67,2025-11-22,2026-11-22,True,False
5550,POL005550,20230618,2021,4,23,3,New Business,187032.54,9436.39,2023-06-18,2024-06-17,False,False
5551,POL005551,20230614,1903,2,34,2,Renewal,17382.51,918.67,2023-06-14,2024-06-13,True,False
5552,POL005552,20240428,2437,9,8,5,New Business,147482.45,8807.89,2024-04-28,2025-04-28,False,False
5553,POL005553,20220826,405,8,31,3,Cancellation,129907.49,6365.56,2022-08-26,2023-08-26,False,True
5554,POL005554,20221004,1058,1,11,1,Renewal,76810.97,8178.24,2022-10-04,2023-10-04,True,False
5555,POL005555,20230807,2052,2,20,4,Cancellation,37502.55,1172.99,2023-08-07,2024-08-06,False,True
5556,POL005556,20250317,305,3,14,2,Renewal,140223.52,7350.37,2025-03-17,2026-03-17,True,False
5557,POL005557,20221209,2925,3,17,3,New Business,205996.92,11018.08,2022-12-09,2023-12-09,False,False
5558,POL005558,20250906,1679,1,26,1,Renewal,97519.43,8318.51,2025-09-06,2026-09-06,True,False
5559,POL005559,20221123,2682,9,4,5,Renewal,225557.29,16455.59,2022-11-23,2023-11-23,True,False
5560,POL005560,20240112,787,8,17,3,New Business,43588.12,4604.24,2024-01-12,2025-01-11,False,False
5561,POL005561,20250520,372,9,32,1,New Business,424827.97,22505.92,2025-05-20,2026-05-20,False,False
5562,POL005562,20240102,1585,3,7,5,New Business,83843.06,4526.66,2024-01-02,2025-01-01,False,False
5563,POL005563,20260513,2753,1,9,5,Renewal,35557.7,2471.5,2026-05-13,2027-05-13,True,False
5564,POL005564,20230802,2723,8,34,2,Renewal,74155.37,4693.46,2023-08-02,2024-08-01,True,False
5565,POL005565,20240910,122,3,16,4,Cancellation,61988.95,1319.34,2024-09-10,2025-09-10,False,True
5566,POL005566,20251029,1729,9,17,3,New Business,152850.95,17441.14,2025-10-29,2026-10-29,False,False
5567,POL005567,20260618,2663,1,21,3,New Business,72720.3,7607.87,2026-06-18,2027-06-18,False,False
5568,POL005568,20251208,235,2,29,3,Renewal,26935.42,1380.51,2025-12-08,2026-12-08,True,False
5569,POL005569,20231202,308,8,8,5,Renewal,153094.22,13474.33,2023-12-02,2024-12-01,True,False
5570,POL005570,20220804,2821,1,12,2,New Business,88405.75,5549.81,2022-08-04,2023-08-04,False,False
5571,POL005571,20250723,286,9,8,5,New Business,278995.33,13961.78,2025-07-23,2026-07-23,False,False
5572,POL005572,20260417,1195,2,26,1,Cancellation,16056.31,915.13,2026-04-17,2027-04-17,False,True
5573,POL005573,20251016,520,3,15,3,Cancellation,96238.54,3439.7,2025-10-16,2026-10-16,False,True
5574,POL005574,20220825,1204,9,9,5,Renewal,77727.44,4426.61,2022-08-25,2023-08-25,True,False
5575,POL005575,20260616,2094,3,17,3,New Business,30650.9,2866.77,2026-06-16,2027-06-16,False,False
5576,POL005576,20250419,2448,8,23,3,New Business,87591.57,5334.34,2025-04-19,2026-04-19,False,False
5577,POL005577,20231026,976,4,18,1,Cancellation,319888.39,6345.99,2023-10-26,2024-10-25,False,True
5578,POL005578,20250611,2029,1,19,5,Renewal,89653.69,7535.81,2025-06-11,2026-06-11,True,False
5579,POL005579,20240313,957,7,7,5,Cancellation,1295875.4,17900.33,2024-03-13,2025-03-13,False,True
5580,POL005580,20250204,40,8,28,4,New Business,145583.15,12251.44,2025-02-04,2026-02-04,False,False
5581,POL005581,20240917,424,8,7,5,Renewal,138513.24,13118.85,2024-09-17,2025-09-17,True,False
5582,POL005582,20260606,2676,9,7,5,Cancellation,86674.65,1354.02,2026-06-06,2027-06-06,False,True
5583,POL005583,20260224,992,3,7,5,Renewal,47134.72,5788.67,2026-02-24,2027-02-24,True,False
5584,POL005584,20260204,2452,3,3,2,Renewal,80545.6,5583.23,2026-02-04,2027-02-04,True,False
5585,POL005585,20250421,2804,4,21,3,Renewal,180338.93,14416.86,2025-04-21,2026-04-21,True,False
5586,POL005586,20260327,2159,1,15,3,Cancellation,100850.7,3999.11,2026-03-27,2027-03-27,False,True
5587,POL005587,20250801,1140,2,19,5,Renewal,16545.19,916.44,2025-08-01,2026-08-01,True,False
5588,POL005588,20260312,1096,1,15,3,New Business,125242.2,7900.37,2026-03-12,2027-03-12,False,False
5589,POL005589,20240411,2494,5,31,3,New Business,3863567.77,225825.04,2024-04-11,2025-04-11,False,False
5590,POL005590,20250618,385,3,28,4,Renewal,48548.47,3939.66,2025-06-18,2026-06-18,True,False
5591,POL005591,20260406,1487,8,16,4,New Business,236244.92,13344.3,2026-04-06,2027-04-06,False,False
5592,POL005592,20260116,1310,6,4,5,New Business,157663.98,19587.62,2026-01-16,2027-01-16,False,False
5593,POL005593,20250808,1941,4,2,3,New Business,145494.87,8572.84,2025-08-08,2026-08-08,False,False
5594,POL005594,20241210,2546,3,26,1,Renewal,188693.21,11534.96,2024-12-10,2025-12-10,True,False
5595,POL005595,20250123,74,1,40,4,New Business,77263.54,5229.02,2025-01-23,2026-01-23,False,False
5596,POL005596,20240604,2692,2,23,3,New Business,23087.25,1892.21,2024-06-04,2025-06-04,False,False
5597,POL005597,20250419,628,9,33,2,New Business,35764.32,3192.44,2025-04-19,2026-04-19,False,False
5598,POL005598,20231207,1600,6,26,1,Renewal,435949.95,34163.38,2023-12-07,2024-12-06,True,False
5599,POL005599,20260214,2484,1,39,1,Renewal,22729.45,2258.73,2026-02-14,2027-02-14,True,False
5600,POL005600,20250214,2603,1,7,5,New Business,36679.61,3017.42,2025-02-14,2026-02-14,False,False
5601,POL005601,20241129,2827,1,25,2,New Business,68702.5,4958.46,2024-11-29,2025-11-29,False,False
5602,POL005602,20260313,2505,5,2,3,Renewal,280077.02,19459.4,2026-03-13,2027-03-13,True,False
5603,POL005603,20240716,2688,6,4,5,New Business,251080.11,14275.07,2024-07-16,2025-07-16,False,False
5604,POL005604,20231029,503,1,10,4,Cancellation,44823.82,828.64,2023-10-29,2024-10-28,False,True
5605,POL005605,20230823,2469,4,9,5,Renewal,82508.02,8434.47,2023-08-23,2024-08-22,True,False
5606,POL005606,20240428,657,8,14,2,New Business,56949.48,6344.83,2024-04-28,2025-04-28,False,False
5607,POL005607,20230425,1991,2,32,1,New Business,11788.77,1468.51,2023-04-25,2024-04-24,False,False
5608,POL005608,20251010,878,6,34,2,Renewal,403289.63,20880.15,2025-10-10,2026-10-10,True,False
5609,POL005609,20250711,505,8,28,4,New Business,41766.29,3087.87,2025-07-11,2026-07-11,False,False
5610,POL005610,20250913,1070,1,6,1,New Business,27607.63,1578.13,2025-09-13,2026-09-13,False,False
5611,POL005611,20240301,2902,3,32,1,New Business,111716.89,10722.83,2024-03-01,2025-03-01,False,False
5612,POL005612,20250915,953,5,32,1,Renewal,1609287.18,158413.46,2025-09-15,2026-09-15,True,False
5613,POL005613,20240401,2770,7,20,4,Renewal,146069.34,17939.38,2024-04-01,2025-04-01,True,False
5614,POL005614,20260120,143,1,29,3,Renewal,121466.78,6475.95,2026-01-20,2027-01-20,True,False
5615,POL005615,20260105,1514,1,33,2,Renewal,43571.0,2827.2,2026-01-05,2027-01-05,True,False
5616,POL005616,20250625,588,4,22,5,New Business,453712.88,24775.24,2025-06-25,2026-06-25,False,False
5617,POL005617,20241231,2321,2,9,5,Renewal,17016.72,936.89,2024-12-31,2025-12-31,True,False
5618,POL005618,20260523,2626,2,1,1,Renewal,22721.52,1525.33,2026-05-23,2027-05-23,True,False
5619,POL005619,20260615,2802,2,36,5,Renewal,26742.75,1748.63,2026-06-15,2027-06-15,True,False
5620,POL005620,20240120,2486,9,15,3,New Business,178211.36,11098.76,2024-01-20,2025-01-19,False,False
5621,POL005621,20251116,864,1,30,3,Renewal,118013.07,8776.83,2025-11-16,2026-11-16,True,False
5622,POL005622,20251101,2956,1,7,5,Renewal,66911.76,4137.46,2025-11-01,2026-11-01,True,False
5623,POL005623,20231202,523,8,38,1,New Business,60593.82,5573.26,2023-12-02,2024-12-01,False,False
5624,POL005624,20260504,2703,1,5,4,New Business,67032.18,6390.27,2026-05-04,2027-05-04,False,False
5625,POL005625,20231231,1948,1,22,5,New Business,156898.32,8109.92,2023-12-31,2024-12-30,False,False
5626,POL005626,20251118,730,6,17,3,New Business,538579.38,36094.75,2025-11-18,2026-11-18,False,False
5627,POL005627,20240806,1182,9,7,5,New Business,208181.92,21521.5,2024-08-06,2025-08-06,False,False
5628,POL005628,20240329,743,6,15,3,Renewal,207928.55,11015.39,2024-03-29,2025-03-29,True,False
5629,POL005629,20240523,1022,4,34,2,Renewal,441254.15,23675.21,2024-05-23,2025-05-23,True,False
5630,POL005630,20241207,1944,8,4,5,Cancellation,87026.57,2342.26,2024-12-07,2025-12-07,False,True
5631,POL005631,20260819,2396,2,7,5,New Business,17299.52,2124.4,2026-08-19,2027-08-19,False,False
5632,POL005632,20220423,1447,3,36,5,Renewal,39858.66,2043.46,2022-04-23,2023-04-23,True,False
5633,POL005633,20250825,2532,1,11,1,New Business,32010.56,1650.17,2025-08-25,2026-08-25,False,False
5634,POL005634,20260108,2269,1,12,2,New Business,129569.94,8203.73,2026-01-08,2027-01-08,False,False
5635,POL005635,20250310,2529,3,39,1,New Business,59994.21,6808.8,2025-03-10,2026-03-10,False,False
5636,POL005636,20221213,950,1,5,4,Cancellation,57495.9,796.26,2022-12-13,2023-12-13,False,True
5637,POL005637,20260321,2231,6,36,5,Renewal,663357.87,37586.17,2026-03-21,2027-03-21,True,False
5638,POL005638,20260818,809,4,29,3,Renewal,452416.74,22831.71,2026-08-18,2027-08-18,True,False
5639,POL005639,20240418,948,3,35,4,New Business,40675.58,3808.58,2024-04-18,2025-04-18,False,False
5640,POL005640,20251012,251,1,17,3,Renewal,23667.66,1856.54,2025-10-12,2026-10-12,True,False
5641,POL005641,20240317,1501,2,21,3,New Business,21757.54,1638.93,2024-03-17,2025-03-17,False,False
5642,POL005642,20231208,63,3,1,1,New Business,31136.19,2885.21,2023-12-08,2024-12-07,False,False
5643,POL005643,20250527,2663,2,33,2,Renewal,39377.36,2157.82,2025-05-27,2026-05-27,True,False
5644,POL005644,20230202,2261,9,7,5,Renewal,220188.1,12691.94,2023-02-02,2024-02-02,True,False
5645,POL005645,20260627,2275,1,12,2,Renewal,97593.0,5756.89,2026-06-27,2027-06-27,True,False
5646,POL005646,20260727,1319,3,4,5,Renewal,31151.27,3233.01,2026-07-27,2027-07-27,True,False
5647,POL005647,20251204,1149,9,32,1,Renewal,321825.09,16333.45,2025-12-04,2026-12-04,True,False
5648,POL005648,20240512,1396,7,33,2,Renewal,825662.14,67404.95,2024-05-12,2025-05-12,True,False
5649,POL005649,20230421,1521,3,28,4,Renewal,86204.8,9366.24,2023-04-21,2024-04-20,True,False
5650,POL005650,20251008,962,8,14,2,Renewal,117070.81,8766.08,2025-10-08,2026-10-08,True,False
5651,POL005651,20230711,1684,1,27,1,Renewal,83745.35,6015.75,2023-07-11,2024-07-10,True,False
5652,POL005652,20240817,2714,5,26,1,New Business,3221957.85,170789.72,2024-08-17,2025-08-17,False,False
5653,POL005653,20240520,2348,1,5,4,Renewal,88292.27,5395.67,2024-05-20,2025-05-20,True,False
5654,POL005654,20260520,2418,9,22,5,New Business,130492.61,12261.32,2026-05-20,2027-05-20,False,False
5655,POL005655,20260126,2008,4,14,2,Renewal,93341.88,5159.21,2026-01-26,2027-01-26,True,False
5656,POL005656,20230514,234,1,15,3,Renewal,133797.47,8647.03,2023-05-14,2024-05-13,True,False
5657,POL005657,20250803,35,9,14,2,Renewal,405720.57,26054.0,2025-08-03,2026-08-03,True,False
5658,POL005658,20251103,1697,1,7,5,Renewal,131341.86,8774.54,2025-11-03,2026-11-03,True,False
5659,POL005659,20220719,60,8,19,5,Cancellation,60620.22,802.22,2022-07-19,2023-07-19,False,True
5660,POL005660,20220831,396,3,26,1,New Business,111069.27,9878.43,2022-08-31,2023-08-31,False,False
5661,POL005661,20221013,1223,9,9,5,New Business,326161.94,22177.98,2022-10-13,2023-10-13,False,False
5662,POL005662,20251129,999,9,10,4,New Business,173915.73,9953.92,2025-11-29,2026-11-29,False,False
5663,POL005663,20231016,1740,2,22,5,Renewal,33426.41,2242.42,2023-10-16,2024-10-15,True,False
5664,POL005664,20260327,1374,4,15,3,New Business,291966.59,15380.97,2026-03-27,2027-03-27,False,False
5665,POL005665,20260606,2604,3,8,5,New Business,130721.67,7354.93,2026-06-06,2027-06-06,False,False
5666,POL005666,20240529,2983,9,3,2,Renewal,181906.39,13258.26,2024-05-29,2025-05-29,True,False
5667,POL005667,20240512,2480,8,2,3,Renewal,147168.23,12508.65,2024-05-12,2025-05-12,True,False
5668,POL005668,20260325,1315,9,1,1,Cancellation,317923.75,8455.45,2026-03-25,2027-03-25,False,True
5669,POL005669,20230626,1698,7,35,4,Renewal,797514.21,41428.33,2023-06-26,2024-06-25,True,False
5670,POL005670,20260316,1138,7,21,3,Renewal,150136.45,7732.0,2026-03-16,2027-03-16,True,False
5671,POL005671,20241128,2856,3,35,4,Renewal,152477.93,8521.91,2024-11-28,2025-11-28,True,False
5672,POL005672,20230822,1206,3,12,2,New Business,64588.95,5485.2,2023-08-22,2024-08-21,False,False
5673,POL005673,20230627,2605,1,24,1,Cancellation,55191.85,1571.81,2023-06-27,2024-06-26,False,True
5674,POL005674,20260402,2728,9,21,3,New Business,175922.1,10012.2,2026-04-02,2027-04-02,False,False
5675,POL005675,20250213,2311,2,12,2,New Business,20915.55,1248.53,2025-02-13,2026-02-13,False,False
5676,POL005676,20250818,1295,5,39,1,Renewal,3402472.9,210618.9,2025-08-18,2026-08-18,True,False
5677,POL005677,20241201,99,1,5,4,New Business,74712.36,6736.95,2024-12-01,2025-12-01,False,False
5678,POL005678,20240427,1242,5,3,2,New Business,1737393.81,111731.24,2024-04-27,2025-04-27,False,False
5679,POL005679,20230717,2581,1,31,3,New Business,50999.41,5752.29,2023-07-17,2024-07-16,False,False
5680,POL005680,20240618,1114,1,28,4,New Business,48364.84,3398.85,2024-06-18,2025-06-18,False,False
5681,POL005681,20231209,201,1,1,1,New Business,46002.38,3991.33,2023-12-09,2024-12-08,False,False
5682,POL005682,20240228,2922,1,27,1,New Business,98887.47,8036.09,2024-02-28,2025-02-27,False,False
5683,POL005683,20230502,1578,5,34,2,Renewal,2343202.81,202904.74,2023-05-02,2024-05-01,True,False
5684,POL005684,20230618,1806,9,23,3,New Business,199632.17,15504.86,2023-06-18,2024-06-17,False,False
5685,POL005685,20221207,2260,2,38,1,Renewal,14286.21,779.98,2022-12-07,2023-12-07,True,False
5686,POL005686,20250819,552,2,21,3,Renewal,18837.48,2158.72,2025-08-19,2026-08-19,True,False
5687,POL005687,20250320,2173,9,3,2,Renewal,215221.24,14132.09,2025-03-20,2026-03-20,True,False
5688,POL005688,20250219,366,6,33,2,New Business,583131.11,36420.54,2025-02-19,2026-02-19,False,False
5689,POL005689,20230616,1574,1,23,3,New Business,78152.0,4916.92,2023-06-16,2024-06-15,False,False
5690,POL005690,20230903,2765,1,8,5,New Business,93078.91,7783.29,2023-09-03,2024-09-02,False,False
5691,POL005691,20250117,985,1,7,5,New Business,26752.96,3239.48,2025-01-17,2026-01-17,False,False
5692,POL005692,20260522,290,8,32,1,New Business,163220.2,10473.95,2026-05-22,2027-05-22,False,False
5693,POL005693,20240130,1971,6,31,3,Renewal,209856.6,10681.01,2024-01-30,2025-01-29,True,False
5694,POL005694,20230712,773,6,7,5,Renewal,80470.81,4940.08,2023-07-12,2024-07-11,True,False
5695,POL005695,20250427,641,8,16,4,New Business,146226.13,10829.32,2025-04-27,2026-04-27,False,False
5696,POL005696,20221022,665,3,24,1,New Business,26393.56,2109.96,2022-10-22,2023-10-22,False,False
5697,POL005697,20260317,1041,2,19,5,New Business,27423.87,1813.2,2026-03-17,2027-03-17,False,False
5698,POL005698,20251006,2637,2,33,2,Renewal,37276.84,2178.75,2025-10-06,2026-10-06,True,False
5699,POL005699,20250921,1263,1,6,1,Cancellation,87233.96,1158.22,2025-09-21,2026-09-21,False,True
5700,POL005700,20250217,276,8,6,1,Renewal,153961.73,8776.78,2025-02-17,2026-02-17,True,False
5701,POL005701,20250827,2592,8,9,5,New Business,242858.33,14327.45,2025-08-27,2026-08-27,False,False
5702,POL005702,20230301,2020,6,39,1,Renewal,219088.53,22162.78,2023-03-01,2024-02-29,True,False
5703,POL005703,20240710,2937,4,21,3,Cancellation,146817.5,8537.1,2024-07-10,2025-07-10,False,True
5704,POL005704,20231013,1227,9,34,2,Cancellation,48835.66,828.64,2023-10-13,2024-10-12,False,True
5705,POL005705,20240728,2353,8,20,4,New Business,195061.89,10712.49,2024-07-28,2025-07-28,False,False
5706,POL005706,20240911,1045,8,26,1,New Business,255183.53,12989.19,2024-09-11,2025-09-11,False,False
5707,POL005707,20251231,2640,4,19,5,Renewal,352699.29,19468.93,2025-12-31,2026-12-31,True,False
5708,POL005708,20251026,2295,3,2,3,Renewal,112803.57,8222.38,2025-10-26,2026-10-26,True,False
5709,POL005709,20240111,1628,1,31,3,New Business,88710.55,8023.95,2024-01-11,2025-01-10,False,False
5710,POL005710,20231226,843,4,29,3,Renewal,286555.87,24162.46,2023-12-26,2024-12-25,True,False
5711,POL005711,20241102,607,1,23,3,New Business,76600.54,8330.32,2024-11-02,2025-11-02,False,False
5712,POL005712,20230205,503,3,28,4,New Business,98003.84,6778.17,2023-02-05,2024-02-05,False,False
5713,POL005713,20230205,1809,3,28,4,Renewal,125463.6,9511.76,2023-02-05,2024-02-05,True,False
5714,POL005714,20250526,1640,6,4,5,Renewal,316076.42,35200.29,2025-05-26,2026-05-26,True,False
5715,POL005715,20240307,778,1,24,1,New Business,58656.23,3247.27,2024-03-07,2025-03-07,False,False
5716,POL005716,20260526,2363,1,40,4,New Business,109316.0,8170.17,2026-05-26,2027-05-26,False,False
5717,POL005717,20251230,2033,8,1,1,Renewal,102104.47,8327.96,2025-12-30,2026-12-30,True,False
5718,POL005718,20240630,1833,7,21,3,Renewal,472206.72,56797.29,2024-06-30,2025-06-30,True,False
5719,POL005719,20240312,2674,2,28,4,Renewal,13039.59,1235.9,2024-03-12,2025-03-12,True,False
5720,POL005720,20250718,2422,8,27,1,Renewal,192807.94,12096.7,2025-07-18,2026-07-18,True,False
5721,POL005721,20231105,1825,8,31,3,Cancellation,148471.79,4666.43,2023-11-05,2024-11-04,False,True
5722,POL005722,20230601,1456,1,29,3,Renewal,120907.23,8879.24,2023-06-01,2024-05-31,True,False
5723,POL005723,20250326,553,9,24,1,Cancellation,498847.79,13165.12,2025-03-26,2026-03-26,False,True
5724,POL005724,20250711,1156,2,17,3,Renewal,13599.44,1613.34,2025-07-11,2026-07-11,True,False
5725,POL005725,20250828,2544,8,40,4,Renewal,176464.76,14893.42,2025-08-28,2026-08-28,True,False
5726,POL005726,20250426,542,8,24,1,New Business,199189.35,12802.06,2025-04-26,2026-04-26,False,False
5727,POL005727,20240117,1095,3,36,5,New Business,44381.77,3686.32,2024-01-17,2025-01-16,False,False
5728,POL005728,20250522,2741,2,31,3,New Business,43432.4,2412.73,2025-05-22,2026-05-22,False,False
5729,POL005729,20220724,1680,7,14,2,New Business,274192.19,22737.24,2022-07-24,2023-07-24,False,False
5730,POL005730,20250523,753,1,1,1,Renewal,125721.05,6351.43,2025-05-23,2026-05-23,True,False
5731,POL005731,20251129,2316,1,22,5,Cancellation,27218.5,694.27,2025-11-29,2026-11-29,False,True
5732,POL005732,20241125,1926,1,9,5,Renewal,118939.93,7216.66,2024-11-25,2025-11-25,True,False
5733,POL005733,20250628,1945,7,25,2,Renewal,1063779.53,66208.9,2025-06-28,2026-06-28,True,False
5734,POL005734,20240717,2040,8,4,5,Cancellation,42623.18,1730.9,2024-07-17,2025-07-17,False,True
5735,POL005735,20250725,646,8,28,4,Renewal,63540.38,7679.33,2025-07-25,2026-07-25,True,False
5736,POL005736,20240128,1736,2,40,4,Renewal,10714.72,613.83,2024-01-28,2025-01-27,True,False
5737,POL005737,20230918,1904,1,28,4,Renewal,38416.93,3290.59,2023-09-18,2024-09-17,True,False
5738,POL005738,20240108,2628,4,39,1,Cancellation,329016.37,4525.46,2024-01-08,2025-01-07,False,True
5739,POL005739,20241124,190,6,4,5,Cancellation,52457.95,1029.52,2024-11-24,2025-11-24,False,True
5740,POL005740,20251029,1454,1,15,3,Renewal,70747.31,3834.95,2025-10-29,2026-10-29,True,False
5741,POL005741,20250517,2153,3,17,3,New Business,84197.14,6060.98,2025-05-17,2026-05-17,False,False
5742,POL005742,20260420,1180,3,37,3,Cancellation,149301.6,2927.0,2026-04-20,2027-04-20,False,True
5743,POL005743,20220729,1755,9,38,1,New Business,438925.5,24044.97,2022-07-29,2023-07-29,False,False
5744,POL005744,20230519,712,6,22,5,Renewal,251254.71,20711.41,2023-05-19,2024-05-18,True,False
5745,POL005745,20250131,2484,1,5,4,New Business,75965.2,4946.75,2025-01-31,2026-01-31,False,False
5746,POL005746,20250929,1968,3,40,4,Renewal,42814.07,4078.34,2025-09-29,2026-09-29,True,False
5747,POL005747,20260531,189,3,2,3,Renewal,77206.71,7452.3,2026-05-31,2027-05-31,True,False
5748,POL005748,20251022,1262,7,38,1,New Business,332161.67,31628.41,2025-10-22,2026-10-22,False,False
5749,POL005749,20260510,1228,7,15,3,New Business,1139917.68,57436.1,2026-05-10,2027-05-10,False,False
5750,POL005750,20260214,2934,4,12,2,Renewal,73061.41,6440.25,2026-02-14,2027-02-14,True,False
5751,POL005751,20250306,2262,2,1,1,New Business,7676.56,611.58,2025-03-06,2026-03-06,False,False
5752,POL005752,20260119,1444,4,40,4,Renewal,192451.39,20439.19,2026-01-19,2027-01-19,True,False
5753,POL005753,20240425,2345,6,20,4,Renewal,151859.07,13614.63,2024-04-25,2025-04-25,True,False
5754,POL005754,20240108,439,1,35,4,New Business,40376.15,2980.72,2024-01-08,2025-01-07,False,False
5755,POL005755,20231109,387,4,17,3,Renewal,202111.11,16449.54,2023-11-09,2024-11-08,True,False
5756,POL005756,20250102,337,2,10,4,New Business,19921.0,1941.09,2025-01-02,2026-01-02,False,False
5757,POL005757,20260815,244,1,24,1,Renewal,82780.72,6560.91,2026-08-15,2027-08-15,True,False
5758,POL005758,20241127,1773,3,38,1,New Business,46711.64,4405.88,2024-11-27,2025-11-27,False,False
5759,POL005759,20240304,1189,9,13,3,Renewal,297658.88,28365.49,2024-03-04,2025-03-04,True,False
5760,POL005760,20231024,2769,3,19,5,Renewal,111470.06,7763.18,2023-10-24,2024-10-23,True,False
5761,POL005761,20260722,993,2,31,3,Renewal,18363.11,1685.33,2026-07-22,2027-07-22,True,False
5762,POL005762,20251110,2581,5,21,3,New Business,1343341.5,122975.13,2025-11-10,2026-11-10,False,False
5763,POL005763,20230528,2995,8,12,2,Renewal,44569.66,3253.55,2023-05-28,2024-05-27,True,False
5764,POL005764,20230114,325,1,30,3,Renewal,90244.96,5079.0,2023-01-14,2024-01-14,True,False
5765,POL005765,20240629,1466,2,3,2,Cancellation,16842.66,280.15,2024-06-29,2025-06-29,False,True
5766,POL005766,20221023,2529,3,39,1,New Business,145445.71,7929.23,2022-10-23,2023-10-23,False,False
5767,POL005767,20240715,1251,5,33,2,New Business,2237432.91,164635.35,2024-07-15,2025-07-15,False,False
5768,POL005768,20251218,2288,2,30,3,Renewal,18616.09,1344.22,2025-12-18,2026-12-18,True,False
5769,POL005769,20240515,2090,8,34,2,Renewal,91524.8,8156.7,2024-05-15,2025-05-15,True,False
5770,POL005770,20241228,703,4,34,2,Cancellation,268473.34,7124.95,2024-12-28,2025-12-28,False,True
5771,POL005771,20260228,2040,3,35,4,New Business,173380.89,11259.29,2026-02-28,2027-02-28,False,False
5772,POL005772,20220917,74,1,29,3,New Business,77784.27,4212.79,2022-09-17,2023-09-17,False,False
5773,POL005773,20260517,2445,7,25,2,Renewal,679353.22,34862.99,2026-05-17,2027-05-17,True,False
5774,POL005774,20260129,749,2,19,5,New Business,11693.77,990.92,2026-01-29,2027-01-29,False,False
5775,POL005775,20250801,2727,1,33,2,New Business,28492.54,3466.67,2025-08-01,2026-08-01,False,False
5776,POL005776,20220415,318,1,1,1,Renewal,20697.83,2243.08,2022-04-15,2023-04-15,True,False
5777,POL005777,20230209,2438,1,18,1,New Business,102353.68,6294.15,2023-02-09,2024-02-09,False,False
5778,POL005778,20241226,738,3,28,4,New Business,30855.75,2150.33,2024-12-26,2025-12-26,False,False
5779,POL005779,20250318,2541,1,26,1,New Business,88278.49,7182.22,2025-03-18,2026-03-18,False,False
5780,POL005780,20241227,2386,1,14,2,New Business,145618.19,7732.62,2024-12-27,2025-12-27,False,False
5781,POL005781,20260307,125,6,8,5,Renewal,170339.5,12051.85,2026-03-07,2027-03-07,True,False
5782,POL005782,20230330,1815,2,15,3,Cancellation,19416.33,446.92,2023-03-30,2024-03-29,False,True
5783,POL005783,20230406,190,1,5,4,Cancellation,137557.4,2003.22,2023-04-06,2024-04-05,False,True
5784,POL005784,20241109,1848,1,24,1,New Business,50596.5,6071.66,2024-11-09,2025-11-09,False,False
5785,POL005785,20260204,956,3,1,1,New Business,109006.21,11792.3,2026-02-04,2027-02-04,False,False
5786,POL005786,20251001,1824,9,14,2,Renewal,224095.21,20687.15,2025-10-01,2026-10-01,True,False
5787,POL005787,20241209,2596,4,3,2,New Business,259909.79,13952.85,2024-12-09,2025-12-09,False,False
5788,POL005788,20230328,2706,1,19,5,Renewal,81320.92,6272.45,2023-03-28,2024-03-27,True,False
5789,POL005789,20240213,2260,1,40,4,Renewal,120450.93,6328.84,2024-02-13,2025-02-12,True,False
5790,POL005790,20250203,2974,1,17,3,New Business,59548.27,7442.57,2025-02-03,2026-02-03,False,False
5791,POL005791,20251114,2148,1,25,2,New Business,77799.25,4284.64,2025-11-14,2026-11-14,False,False
5792,POL005792,20260130,1651,4,4,5,New Business,99539.67,6298.41,2026-01-30,2027-01-30,False,False
5793,POL005793,20250424,1110,8,16,4,New Business,85615.11,5138.22,2025-04-24,2026-04-24,False,False
5794,POL005794,20241203,1930,8,6,1,New Business,116073.6,7904.04,2024-12-03,2025-12-03,False,False
5795,POL005795,20251117,134,8,20,4,New Business,68243.96,7586.99,2025-11-17,2026-11-17,False,False
5796,POL005796,20260613,993,2,5,4,Renewal,23182.04,1559.39,2026-06-13,2027-06-13,True,False
5797,POL005797,20240706,2569,2,27,1,New Business,37873.05,1935.31,2024-07-06,2025-07-06,False,False
5798,POL005798,20240429,2460,3,13,3,Renewal,119967.72,7300.24,2024-04-29,2025-04-29,True,False
5799,POL005799,20221208,2026,1,32,1,Renewal,42724.93,3285.1,2022-12-08,2023-12-08,True,False
5800,POL005800,20250607,1052,8,33,2,Renewal,179581.61,14980.81,2025-06-07,2026-06-07,True,False
5801,POL005801,20230930,1935,1,23,3,New Business,56322.81,4992.99,2023-09-30,2024-09-29,False,False
5802,POL005802,20231005,1642,1,17,3,Renewal,52306.15,4137.66,2023-10-05,2024-10-04,True,False
5803,POL005803,20240425,2716,8,33,2,New Business,95280.57,10228.12,2024-04-25,2025-04-25,False,False
5804,POL005804,20250622,2016,6,22,5,Renewal,521431.09,28097.8,2025-06-22,2026-06-22,True,False
5805,POL005805,20260407,653,6,32,1,Renewal,69066.47,7416.58,2026-04-07,2027-04-07,True,False
5806,POL005806,20220427,2301,1,36,5,Renewal,77639.82,8470.74,2022-04-27,2023-04-27,True,False
5807,POL005807,20231207,2279,1,2,3,Cancellation,130841.9,3848.17,2023-12-07,2024-12-06,False,True
5808,POL005808,20260719,1451,8,32,1,New Business,103599.44,10313.69,2026-07-19,2027-07-19,False,False
5809,POL005809,20260613,2247,3,25,2,Renewal,103382.53,8677.99,2026-06-13,2027-06-13,True,False
5810,POL005810,20251124,1110,1,19,5,New Business,33208.84,2865.8,2025-11-24,2026-11-24,False,False
5811,POL005811,20221130,563,9,40,4,Cancellation,238768.97,3701.09,2022-11-30,2023-11-30,False,True
5812,POL005812,20230705,2578,2,2,3,Renewal,19914.8,2281.97,2023-07-05,2024-07-04,True,False
5813,POL005813,20260419,179,2,5,4,New Business,13621.67,1435.93,2026-04-19,2027-04-19,False,False
5814,POL005814,20250104,2097,3,27,1,Cancellation,132798.61,2182.03,2025-01-04,2026-01-04,False,True
5815,POL005815,20260204,2529,1,29,3,New Business,74541.6,7672.24,2026-02-04,2027-02-04,False,False
5816,POL005816,20240711,2973,1,37,3,Renewal,45248.2,4815.29,2024-07-11,2025-07-11,True,False
5817,POL005817,20260526,23,1,29,3,Cancellation,97736.15,855.52,2026-05-26,2027-05-26,False,True
5818,POL005818,20240816,181,5,28,4,Renewal,4677388.84,248531.75,2024-08-16,2025-08-16,True,False
5819,POL005819,20231204,1475,1,37,3,Renewal,122207.0,7609.25,2023-12-04,2024-12-03,True,False
5820,POL005820,20230827,2665,1,30,3,New Business,90005.18,5342.7,2023-08-27,2024-08-26,False,False
5821,POL005821,20221207,1282,6,17,3,New Business,303666.58,22480.7,2022-12-07,2023-12-07,False,False
5822,POL005822,20240531,155,1,2,3,Renewal,83334.26,6318.45,2024-05-31,2025-05-31,True,False
5823,POL005823,20240519,1873,1,23,3,Renewal,33632.46,3604.54,2024-05-19,2025-05-19,True,False
5824,POL005824,20250919,25,7,1,1,Renewal,219753.44,11595.83,2025-09-19,2026-09-19,True,False
5825,POL005825,20220929,734,4,33,2,New Business,113595.5,9151.57,2022-09-29,2023-09-29,False,False
5826,POL005826,20240620,421,3,34,2,Renewal,160909.54,8445.93,2024-06-20,2025-06-20,True,False
5827,POL005827,20240723,188,3,28,4,Renewal,62481.29,6525.65,2024-07-23,2025-07-23,True,False
5828,POL005828,20251210,2975,1,11,1,Renewal,34870.96,3444.89,2025-12-10,2026-12-10,True,False
5829,POL005829,20250222,1227,7,38,1,Renewal,584637.85,52635.28,2025-02-22,2026-02-22,True,False
5830,POL005830,20231231,2602,1,38,1,Renewal,46326.39,4965.88,2023-12-31,2024-12-30,True,False
5831,POL005831,20221107,724,1,24,1,Renewal,122768.72,8515.65,2022-11-07,2023-11-07,True,False
5832,POL005832,20260422,1900,1,18,1,Renewal,14978.29,1731.07,2026-04-22,2027-04-22,True,False
5833,POL005833,20230419,2361,3,7,5,New Business,179981.55,10437.15,2023-04-19,2024-04-18,False,False
5834,POL005834,20250905,2393,2,18,1,Renewal,20361.59,1252.49,2025-09-05,2026-09-05,True,False
5835,POL005835,20260101,1602,5,38,1,Renewal,2841646.93,197324.88,2026-01-01,2027-01-01,True,False
5836,POL005836,20240812,120,8,6,1,New Business,136176.68,7875.81,2024-08-12,2025-08-12,False,False
5837,POL005837,20230120,1659,2,9,5,New Business,25405.07,2398.03,2023-01-20,2024-01-20,False,False
5838,POL005838,20221228,60,1,36,5,Renewal,44888.7,4587.66,2022-12-28,2023-12-28,True,False
5839,POL005839,20251125,2696,3,3,2,Renewal,68849.27,3783.17,2025-11-25,2026-11-25,True,False
5840,POL005840,20250111,690,8,4,5,Renewal,129518.83,10135.6,2025-01-11,2026-01-11,True,False
5841,POL005841,20221218,256,1,15,3,Cancellation,143136.19,3065.01,2022-12-18,2023-12-18,False,True
5842,POL005842,20250613,2551,8,7,5,New Business,178648.71,14070.04,2025-06-13,2026-06-13,False,False
5843,POL005843,20260705,315,8,28,4,Renewal,32432.1,3302.63,2026-07-05,2027-07-05,True,False
5844,POL005844,20250107,1423,4,35,4,Renewal,298749.12,15654.18,2025-01-07,2026-01-07,True,False
5845,POL005845,20241130,1581,7,4,5,New Business,478858.67,38878.05,2024-11-30,2025-11-30,False,False
5846,POL005846,20260422,1539,9,33,2,Renewal,365505.31,19122.84,2026-04-22,2027-04-22,True,False
5847,POL005847,20231109,2535,8,10,4,New Business,49689.36,2689.24,2023-11-09,2024-11-08,False,False
5848,POL005848,20241104,2252,2,2,3,New Business,18194.62,1621.8,2024-11-04,2025-11-04,False,False
5849,POL005849,20241121,2291,4,30,3,Renewal,91990.21,5148.24,2024-11-21,2025-11-21,True,False
5850,POL005850,20240121,2290,8,32,1,Cancellation,211371.24,4367.19,2024-01-21,2025-01-20,False,True
5851,POL005851,20230102,1178,1,8,5,Renewal,118331.37,5980.29,2023-01-02,2024-01-02,True,False
5852,POL005852,20230721,1791,5,25,2,New Business,1357944.31,117933.65,2023-07-21,2024-07-20,False,False
5853,POL005853,20250326,987,2,37,3,New Business,19538.37,2346.15,2025-03-26,2026-03-26,False,False
5854,POL005854,20231103,1764,1,4,5,New Business,147767.03,8328.12,2023-11-03,2024-11-02,False,False
5855,POL005855,20231212,2927,8,27,1,New Business,64823.73,4500.34,2023-12-12,2024-12-11,False,False
5856,POL005856,20240117,2576,6,32,1,Renewal,402022.41,31891.97,2024-01-17,2025-01-16,True,False
5857,POL005857,20260204,2799,4,16,4,Renewal,84564.84,5460.79,2026-02-04,2027-02-04,True,False
5858,POL005858,20250507,1158,1,30,3,Renewal,71574.92,3627.66,2025-05-07,2026-05-07,True,False
5859,POL005859,20241123,1290,5,36,5,Renewal,965201.79,111042.02,2024-11-23,2025-11-23,True,False
5860,POL005860,20250903,519,3,32,1,Renewal,85316.47,5716.96,2025-09-03,2026-09-03,True,False
5861,POL005861,20240811,1866,1,28,4,New Business,77910.81,8321.15,2024-08-11,2025-08-11,False,False
5862,POL005862,20251128,2809,1,4,5,New Business,115991.2,7451.13,2025-11-28,2026-11-28,False,False
5863,POL005863,20240110,485,1,40,4,Renewal,126890.43,6537.11,2024-01-10,2025-01-09,True,False
5864,POL005864,20251114,1346,9,20,4,Renewal,314884.23,16718.18,2025-11-14,2026-11-14,True,False
5865,POL005865,20221227,1,3,35,4,New Business,51358.3,3717.15,2022-12-27,2023-12-27,False,False
5866,POL005866,20250829,656,1,33,2,New Business,66101.23,5551.91,2025-08-29,2026-08-29,False,False
5867,POL005867,20250616,671,1,23,3,New Business,59867.5,5866.25,2025-06-16,2026-06-16,False,False
5868,POL005868,20231013,574,2,35,4,New Business,13742.48,1161.15,2023-10-13,2024-10-12,False,False
5869,POL005869,20250519,230,2,8,5,New Business,12043.37,1218.47,2025-05-19,2026-05-19,False,False
5870,POL005870,20250426,377,3,29,3,Renewal,74115.47,5414.71,2025-04-26,2026-04-26,True,False
5871,POL005871,20260502,1416,7,1,1,Renewal,698997.63,73850.64,2026-05-02,2027-05-02,True,False
5872,POL005872,20260128,2550,9,8,5,Renewal,238959.94,15297.12,2026-01-28,2027-01-28,True,False
5873,POL005873,20250701,101,1,23,3,Renewal,128640.03,7202.44,2025-07-01,2026-07-01,True,False
5874,POL005874,20240823,91,1,1,1,Renewal,132779.48,8520.57,2024-08-23,2025-08-23,True,False
5875,POL005875,20260413,1126,1,24,1,New Business,106250.33,8089.81,2026-04-13,2027-04-13,False,False
5876,POL005876,20230708,872,4,14,2,Renewal,229617.69,23315.47,2023-07-08,2024-07-07,True,False
5877,POL005877,20250221,2560,2,10,4,Renewal,18631.51,1479.62,2025-02-21,2026-02-21,True,False
5878,POL005878,20241227,2392,4,17,3,Renewal,115890.33,8201.06,2024-12-27,2025-12-27,True,False
5879,POL005879,20240110,832,8,3,2,Renewal,81201.26,8277.19,2024-01-10,2025-01-09,True,False
5880,POL005880,20230729,835,2,39,1,New Business,39039.66,1977.18,2023-07-29,2024-07-28,False,False
5881,POL005881,20230421,814,2,27,1,Renewal,10342.36,779.54,2023-04-21,2024-04-20,True,False
5882,POL005882,20240406,505,1,14,2,Renewal,81932.39,5349.14,2024-04-06,2025-04-06,True,False
5883,POL005883,20240518,355,2,9,5,Renewal,34512.72,2392.99,2024-05-18,2025-05-18,True,False
5884,POL005884,20240820,2325,8,15,3,Renewal,26335.77,2078.19,2024-08-20,2025-08-20,True,False
5885,POL005885,20251015,777,2,28,4,New Business,24033.93,1225.28,2025-10-15,2026-10-15,False,False
5886,POL005886,20240920,2840,2,13,3,New Business,20042.48,1716.73,2024-09-20,2025-09-20,False,False
5887,POL005887,20221216,1291,6,39,1,Cancellation,380547.7,19301.88,2022-12-16,2023-12-16,False,True
5888,POL005888,20250622,481,4,24,1,New Business,76200.07,5249.17,2025-06-22,2026-06-22,False,False
5889,POL005889,20240404,446,2,19,5,New Business,20330.1,1883.72,2024-04-04,2025-04-04,False,False
5890,POL005890,20250204,442,5,35,4,Renewal,655575.86,44880.64,2025-02-04,2026-02-04,True,False
5891,POL005891,20231215,1683,3,15,3,New Business,73702.78,4581.95,2023-12-15,2024-12-14,False,False
5892,POL005892,20250929,813,1,1,1,New Business,48089.71,2713.04,2025-09-29,2026-09-29,False,False
5893,POL005893,20250320,910,1,34,2,Renewal,134543.51,7864.91,2025-03-20,2026-03-20,True,False
5894,POL005894,20250603,2335,1,25,2,New Business,66915.72,6868.71,2025-06-03,2026-06-03,False,False
5895,POL005895,20241106,2975,1,10,4,Renewal,91458.17,8237.94,2024-11-06,2025-11-06,True,False
5896,POL005896,20260112,1272,1,16,4,Renewal,67212.0,4617.72,2026-01-12,2027-01-12,True,False
5897,POL005897,20241117,1555,3,28,4,Renewal,154643.99,11364.51,2024-11-17,2025-11-17,True,False
5898,POL005898,20240905,2672,8,10,4,New Business,31742.67,1882.87,2024-09-05,2025-09-05,False,False
5899,POL005899,20250616,1953,3,33,2,Renewal,123456.18,6354.43,2025-06-16,2026-06-16,True,False
5900,POL005900,20230830,2063,1,2,3,New Business,107450.65,5467.76,2023-08-30,2024-08-29,False,False
5901,POL005901,20250308,2171,3,4,5,Renewal,134932.29,7801.56,2025-03-08,2026-03-08,True,False
5902,POL005902,20250421,604,9,13,3,New Business,478520.3,26215.5,2025-04-21,2026-04-21,False,False
5903,POL005903,20231007,122,4,6,1,Renewal,144063.84,7232.83,2023-10-07,2024-10-06,True,False
5904,POL005904,20230106,1207,4,30,3,Renewal,245507.86,15767.14,2023-01-06,2024-01-06,True,False
5905,POL005905,20250727,407,3,34,2,Renewal,47098.4,3692.81,2025-07-27,2026-07-27,True,False
5906,POL005906,20241207,2308,1,33,2,Renewal,85849.41,4636.71,2024-12-07,2025-12-07,True,False
5907,POL005907,20231117,1696,5,13,3,New Business,1595240.91,111330.93,2023-11-17,2024-11-16,False,False
5908,POL005908,20230616,713,9,33,2,Renewal,55050.27,6244.18,2023-06-16,2024-06-15,True,False
5909,POL005909,20250324,2352,3,25,2,New Business,74521.43,5942.31,2025-03-24,2026-03-24,False,False
5910,POL005910,20250822,1635,8,33,2,Renewal,56475.38,3954.04,2025-08-22,2026-08-22,True,False
5911,POL005911,20231031,654,8,32,1,Renewal,75084.69,6396.21,2023-10-31,2024-10-30,True,False
5912,POL005912,20250514,1514,8,11,1,Renewal,89219.44,7969.5,2025-05-14,2026-05-14,True,False
5913,POL005913,20240524,96,2,28,4,Renewal,18377.87,2064.71,2024-05-24,2025-05-24,True,False
5914,POL005914,20240504,550,3,11,1,Renewal,56142.37,6095.57,2024-05-04,2025-05-04,True,False
5915,POL005915,20251027,1870,4,39,1,Renewal,120256.66,11341.41,2025-10-27,2026-10-27,True,False
5916,POL005916,20240725,256,1,34,2,New Business,91604.42,6229.4,2024-07-25,2025-07-25,False,False
5917,POL005917,20250414,2237,1,23,3,Renewal,74266.1,6689.59,2025-04-14,2026-04-14,True,False
5918,POL005918,20221203,1868,8,36,5,Renewal,188190.8,9735.95,2022-12-03,2023-12-03,True,False
5919,POL005919,20241105,1113,8,35,4,New Business,164534.54,14876.9,2024-11-05,2025-11-05,False,False
5920,POL005920,20260206,1304,8,35,4,New Business,229913.27,14101.12,2026-02-06,2027-02-06,False,False
5921,POL005921,20250721,2599,9,9,5,New Business,203744.91,19987.58,2025-07-21,2026-07-21,False,False
5922,POL005922,20230706,2745,1,33,2,Renewal,74685.37,5715.01,2023-07-06,2024-07-05,True,False
5923,POL005923,20260328,2979,3,27,1,New Business,34079.24,2877.8,2026-03-28,2027-03-28,False,False
5924,POL005924,20260104,2368,5,31,3,Renewal,1070013.1,91891.47,2026-01-04,2027-01-04,True,False
5925,POL005925,20240614,2176,5,32,1,Renewal,1336365.1,164914.72,2024-06-14,2025-06-14,True,False
5926,POL005926,20230706,1824,6,34,2,New Business,95890.81,4865.69,2023-07-06,2024-07-05,False,False
5927,POL005927,20250605,2892,7,16,4,Renewal,133387.65,14010.31,2025-06-05,2026-06-05,True,False
5928,POL005928,20230104,2155,6,34,2,Renewal,103554.59,9045.67,2023-01-04,2024-01-04,True,False
5929,POL005929,20221122,1367,8,21,3,Renewal,45047.3,2321.37,2022-11-22,2023-11-22,True,False
5930,POL005930,20251128,2588,1,29,3,New Business,48263.45,5402.27,2025-11-28,2026-11-28,False,False
5931,POL005931,20220425,490,8,31,3,Renewal,114112.74,9019.08,2022-04-25,2023-04-25,True,False
5932,POL005932,20230723,1969,1,39,1,Renewal,173083.45,8837.22,2023-07-23,2024-07-22,True,False
5933,POL005933,20241115,805,1,8,5,Renewal,70309.34,4837.11,2024-11-15,2025-11-15,True,False
5934,POL005934,20250426,2959,3,3,2,New Business,155659.96,8474.4,2025-04-26,2026-04-26,False,False
5935,POL005935,20220309,1781,3,9,5,New Business,83603.26,7141.37,2022-03-09,2023-03-09,False,False
5936,POL005936,20230701,1805,1,34,2,New Business,109665.36,5776.13,2023-07-01,2024-06-30,False,False
5937,POL005937,20230815,56,1,8,5,New Business,54235.66,4050.99,2023-08-15,2024-08-14,False,False
5938,POL005938,20230817,1582,2,9,5,New Business,32976.79,2145.04,2023-08-17,2024-08-16,False,False
5939,POL005939,20260304,2713,3,21,3,Renewal,106412.14,8783.26,2026-03-04,2027-03-04,True,False
5940,POL005940,20230728,1408,1,20,4,New Business,39576.93,3295.55,2023-07-28,2024-07-27,False,False
5941,POL005941,20251207,1647,7,30,3,New Business,576722.86,56854.34,2025-12-07,2026-12-07,False,False
5942,POL005942,20221122,1898,4,11,1,New Business,397130.41,23889.84,2022-11-22,2023-11-22,False,False
5943,POL005943,20220820,1112,3,3,2,Renewal,52831.05,6379.29,2022-08-20,2023-08-20,True,False
5944,POL005944,20260720,1065,2,7,5,New Business,23635.47,2372.16,2026-07-20,2027-07-20,False,False
5945,POL005945,20230508,956,6,36,5,New Business,307407.04,21273.02,2023-05-08,2024-05-07,False,False
5946,POL005946,20250107,970,1,40,4,New Business,23919.28,2292.29,2025-01-07,2026-01-07,False,False
5947,POL005947,20241130,2482,3,34,2,New Business,30150.43,3057.35,2024-11-30,2025-11-30,False,False
5948,POL005948,20250108,1036,5,28,4,Renewal,4178255.55,247590.23,2025-01-08,2026-01-08,True,False
5949,POL005949,20260802,1689,1,28,4,Cancellation,54873.42,1762.3,2026-08-02,2027-08-02,False,True
5950,POL005950,20250513,1101,2,36,5,New Business,12533.39,660.8,2025-05-13,2026-05-13,False,False
5951,POL005951,20260322,2670,1,6,1,Renewal,139282.96,7742.59,2026-03-22,2027-03-22,True,False
5952,POL005952,20240807,1682,4,10,4,Renewal,171527.27,11050.05,2024-08-07,2025-08-07,True,False
5953,POL005953,20240209,1634,1,3,2,New Business,21976.01,2462.08,2024-02-09,2025-02-08,False,False
5954,POL005954,20241016,1690,8,19,5,Renewal,178726.96,11427.29,2024-10-16,2025-10-16,True,False
5955,POL005955,20230122,1778,1,5,4,New Business,36973.39,2125.12,2023-01-22,2024-01-22,False,False
5956,POL005956,20221223,343,4,1,1,New Business,158364.08,17071.43,2022-12-23,2023-12-23,False,False
5957,POL005957,20240917,2728,2,38,1,Renewal,23360.12,1995.42,2024-09-17,2025-09-17,True,False
5958,POL005958,20260106,2951,9,16,4,New Business,91067.64,9949.45,2026-01-06,2027-01-06,False,False
5959,POL005959,20240217,1101,8,26,1,New Business,105188.27,6252.9,2024-02-17,2025-02-16,False,False
5960,POL005960,20260110,1222,3,11,1,Renewal,72510.43,9006.41,2026-01-10,2027-01-10,True,False
5961,POL005961,20260201,741,5,9,5,New Business,2716555.92,168757.52,2026-02-01,2027-02-01,False,False
5962,POL005962,20230722,1875,4,13,3,New Business,178574.29,10331.32,2023-07-22,2024-07-21,False,False
5963,POL005963,20260111,447,1,27,1,Cancellation,34263.63,1336.99,2026-01-11,2027-01-11,False,True
5964,POL005964,20221224,435,2,3,2,Renewal,18104.44,2078.72,2022-12-24,2023-12-24,True,False
5965,POL005965,20251215,2736,3,26,1,Renewal,23863.0,2715.19,2025-12-15,2026-12-15,True,False
5966,POL005966,20250903,2027,1,6,1,New Business,79787.46,4209.47,2025-09-03,2026-09-03,False,False
5967,POL005967,20260111,602,1,23,3,New Business,29745.4,3597.06,2026-01-11,2027-01-11,False,False
5968,POL005968,20230803,605,1,30,3,Cancellation,87268.85,1055.74,2023-08-03,2024-08-02,False,True
5969,POL005969,20240807,2357,2,20,4,Renewal,28200.65,2174.84,2024-08-07,2025-08-07,True,False
5970,POL005970,20240218,1766,1,23,3,New Business,65714.12,5550.85,2024-02-18,2025-02-17,False,False
5971,POL005971,20240901,2045,1,32,1,Renewal,25888.24,2319.61,2024-09-01,2025-09-01,True,False
5972,POL005972,20260406,1685,1,1,1,New Business,30431.26,2436.82,2026-04-06,2027-04-06,False,False
5973,POL005973,20260423,1444,4,13,3,Renewal,260541.59,13166.86,2026-04-23,2027-04-23,True,False
5974,POL005974,20251206,2202,9,32,1,New Business,59505.74,3916.38,2025-12-06,2026-12-06,False,False
5975,POL005975,20250122,2022,8,21,3,Renewal,57183.0,3390.57,2025-01-22,2026-01-22,True,False
5976,POL005976,20251201,2965,1,5,4,Renewal,165097.22,8886.11,2025-12-01,2026-12-01,True,False
5977,POL005977,20250905,2169,1,11,1,Renewal,58190.92,6768.9,2025-09-05,2026-09-05,True,False
5978,POL005978,20241017,1636,8,18,1,Renewal,75046.1,9101.3,2024-10-17,2025-10-17,True,False
5979,POL005979,20260208,2569,5,9,5,Renewal,285024.4,20446.38,2026-02-08,2027-02-08,True,False
5980,POL005980,20240227,1208,6,19,5,New Business,220029.47,12712.24,2024-02-27,2025-02-26,False,False
5981,POL005981,20240130,2430,9,20,4,New Business,363977.34,27004.11,2024-01-30,2025-01-29,False,False
5982,POL005982,20250617,2044,3,19,5,Renewal,18979.92,2195.35,2025-06-17,2026-06-17,True,False
5983,POL005983,20250506,1936,9,30,3,New Business,186135.75,11904.7,2025-05-06,2026-05-06,False,False
5984,POL005984,20231210,2947,7,18,1,Cancellation,925591.37,33175.52,2023-12-10,2024-12-09,False,True
5985,POL005985,20221102,2089,7,14,2,Renewal,667986.57,57835.19,2022-11-02,2023-11-02,True,False
5986,POL005986,20250115,42,4,27,1,Renewal,298510.85,15899.65,2025-01-15,2026-01-15,True,False
5987,POL005987,20260520,306,5,2,3,New Business,3530723.95,237476.63,2026-05-20,2027-05-20,False,False
5988,POL005988,20240917,1195,4,12,2,Renewal,189094.65,18946.37,2024-09-17,2025-09-17,True,False
5989,POL005989,20231024,271,4,25,2,Renewal,199946.45,20885.16,2023-10-24,2024-10-23,True,False
5990,POL005990,20250903,519,1,28,4,New Business,81061.3,6653.18,2025-09-03,2026-09-03,False,False
5991,POL005991,20240929,207,4,12,2,New Business,235132.06,15565.81,2024-09-29,2025-09-29,False,False
5992,POL005992,20250516,2635,1,24,1,Renewal,124701.34,8382.88,2025-05-16,2026-05-16,True,False
5993,POL005993,20250818,2166,1,17,3,New Business,87381.78,5413.13,2025-08-18,2026-08-18,False,False
5994,POL005994,20260615,1552,2,23,3,Cancellation,18183.96,686.68,2026-06-15,2027-06-15,False,True
5995,POL005995,20250921,838,1,17,3,New Business,113588.69,6842.42,2025-09-21,2026-09-21,False,False
5996,POL005996,20231013,110,3,33,2,Renewal,54149.31,4174.05,2023-10-13,2024-10-12,True,False
5997,POL005997,20251126,292,5,16,4,Renewal,3678288.79,240031.15,2025-11-26,2026-11-26,True,False
5998,POL005998,20250529,1322,2,29,3,Renewal,14874.39,854.8,2025-05-29,2026-05-29,True,False
5999,POL005999,20250208,1336,9,40,4,New Business,394888.98,28885.14,2025-02-08,2026-02-08,False,False
6000,POL006000,20250703,2983,9,8,5,New Business,213460.08,21426.45,2025-07-03,2026-07-03,False,False
6001,POL006001,20250524,293,5,12,2,New Business,1464768.65,93603.53,2025-05-24,2026-05-24,False,False
6002,POL006002,20260422,2704,1,33,2,New Business,81037.83,7318.95,2026-04-22,2027-04-22,False,False
6003,POL006003,20230218,2268,7,33,2,Renewal,774382.38,45005.02,2023-02-18,2024-02-18,True,False
6004,POL006004,20250910,1867,5,4,5,Renewal,2529695.98,203367.12,2025-09-10,2026-09-10,True,False
6005,POL006005,20230913,103,1,40,4,New Business,34602.77,2197.87,2023-09-13,2024-09-12,False,False
6006,POL006006,20250519,1648,1,9,5,New Business,56205.51,5298.53,2025-05-19,2026-05-19,False,False
6007,POL006007,20241130,735,3,17,3,Renewal,192768.65,10429.92,2024-11-30,2025-11-30,True,False
6008,POL006008,20250722,829,8,9,5,Renewal,44611.44,3320.28,2025-07-22,2026-07-22,True,False
6009,POL006009,20250318,2032,1,39,1,Renewal,28159.68,2545.16,2025-03-18,2026-03-18,True,False
6010,POL006010,20240224,1972,3,33,2,Renewal,101390.74,5795.83,2024-02-24,2025-02-23,True,False
6011,POL006011,20251202,990,8,29,3,Renewal,155050.19,10914.91,2025-12-02,2026-12-02,True,False
6012,POL006012,20241228,1347,3,11,1,Renewal,176258.42,11140.64,2024-12-28,2025-12-28,True,False
6013,POL006013,20220312,2547,5,28,4,Renewal,1528174.42,147764.31,2022-03-12,2023-03-12,True,False
6014,POL006014,20240520,446,4,34,2,New Business,272622.86,24071.96,2024-05-20,2025-05-20,False,False
6015,POL006015,20240808,2781,1,38,1,Renewal,33001.44,3085.87,2024-08-08,2025-08-08,True,False
6016,POL006016,20231209,1485,3,29,3,Cancellation,211336.65,1999.92,2023-12-09,2024-12-08,False,True
6017,POL006017,20251014,602,1,39,1,New Business,112099.75,8601.28,2025-10-14,2026-10-14,False,False
6018,POL006018,20220823,429,9,21,3,Renewal,116027.97,7772.78,2022-08-23,2023-08-23,True,False
6019,POL006019,20240228,1164,1,29,3,Renewal,124610.22,8581.53,2024-02-28,2025-02-27,True,False
6020,POL006020,20260809,2024,7,7,5,New Business,665520.3,55562.29,2026-08-09,2027-08-09,False,False
6021,POL006021,20230224,839,1,5,4,Cancellation,55756.62,2381.96,2023-02-24,2024-02-24,False,True
6022,POL006022,20250902,2725,1,14,2,Renewal,132811.79,7458.24,2025-09-02,2026-09-02,True,False
6023,POL006023,20230521,1569,2,5,4,Renewal,27467.33,2100.55,2023-05-21,2024-05-20,True,False
6024,POL006024,20230408,1904,1,25,2,New Business,65662.93,7628.97,2023-04-08,2024-04-07,False,False
6025,POL006025,20221017,84,1,2,3,Renewal,30627.7,3045.0,2022-10-17,2023-10-17,True,False
6026,POL006026,20221127,1261,3,40,4,Renewal,75821.02,6173.69,2022-11-27,2023-11-27,True,False
6027,POL006027,20260503,2138,8,30,3,New Business,20465.1,2539.1,2026-05-03,2027-05-03,False,False
6028,POL006028,20240316,513,1,21,3,New Business,58645.36,3124.47,2024-03-16,2025-03-16,False,False
6029,POL006029,20250214,2662,1,27,1,New Business,95542.59,6216.66,2025-02-14,2026-02-14,False,False
6030,POL006030,20260605,884,1,32,1,Renewal,34140.92,2710.26,2026-06-05,2027-06-05,True,False
6031,POL006031,20260725,699,4,36,5,Renewal,104970.72,7041.92,2026-07-25,2027-07-25,True,False
6032,POL006032,20250805,688,8,32,1,New Business,164771.05,9098.08,2025-08-05,2026-08-05,False,False
6033,POL006033,20250116,768,2,12,2,New Business,28226.96,1989.58,2025-01-16,2026-01-16,False,False
6034,POL006034,20231223,1300,4,13,3,New Business,339635.8,20022.95,2023-12-23,2024-12-22,False,False
6035,POL006035,20260304,2738,2,17,3,Renewal,7799.61,744.46,2026-03-04,2027-03-04,True,False
6036,POL006036,20240321,2689,3,2,3,Renewal,70678.47,5293.16,2024-03-21,2025-03-21,True,False
6037,POL006037,20250702,398,1,20,4,Renewal,31052.37,2677.52,2025-07-02,2026-07-02,True,False
6038,POL006038,20240611,1097,5,8,5,Renewal,1194442.25,80848.55,2024-06-11,2025-06-11,True,False
6039,POL006039,20250823,1293,5,37,3,Cancellation,1449575.8,36061.52,2025-08-23,2026-08-23,False,True
6040,POL006040,20250524,1077,1,13,3,Renewal,26907.49,3331.74,2025-05-24,2026-05-24,True,False
6041,POL006041,20241119,2936,4,10,4,Renewal,164404.6,12304.75,2024-11-19,2025-11-19,True,False
6042,POL006042,20230404,1454,6,29,3,Renewal,254472.36,23688.99,2023-04-04,2024-04-03,True,False
6043,POL006043,20250116,2163,5,22,5,New Business,2691730.71,201833.65,2025-01-16,2026-01-16,False,False
6044,POL006044,20251109,450,2,35,4,New Business,8383.46,924.91,2025-11-09,2026-11-09,False,False
6045,POL006045,20231119,126,8,13,3,New Business,126284.86,8785.01,2023-11-19,2024-11-18,False,False
6046,POL006046,20260104,78,3,31,3,New Business,64906.86,7005.62,2026-01-04,2027-01-04,False,False
6047,POL006047,20251214,1529,1,27,1,Renewal,170263.39,8988.72,2025-12-14,2026-12-14,True,False
6048,POL006048,20250924,1649,4,30,3,Renewal,408735.62,23283.93,2025-09-24,2026-09-24,True,False
6049,POL006049,20251215,2949,9,22,5,New Business,129626.6,11528.71,2025-12-15,2026-12-15,False,False
6050,POL006050,20260210,7,1,6,1,New Business,69784.27,6825.25,2026-02-10,2027-02-10,False,False
6051,POL006051,20220317,1402,5,30,3,New Business,1570674.73,134831.41,2022-03-17,2023-03-17,False,False
6052,POL006052,20250806,2632,2,26,1,New Business,19573.87,1450.37,2025-08-06,2026-08-06,False,False
6053,POL006053,20230613,571,1,38,1,Renewal,47997.21,3489.1,2023-06-13,2024-06-12,True,False
6054,POL006054,20250608,241,2,22,5,New Business,11751.53,825.49,2025-06-08,2026-06-08,False,False
6055,POL006055,20260531,2976,4,10,4,New Business,181539.44,20977.07,2026-05-31,2027-05-31,False,False
6056,POL006056,20221011,1746,7,12,2,New Business,881256.92,53618.51,2022-10-11,2023-10-11,False,False
6057,POL006057,20250321,1713,5,7,5,Renewal,3372369.4,173750.41,2025-03-21,2026-03-21,True,False
6058,POL006058,20260317,1896,2,15,3,Renewal,11395.78,651.7,2026-03-17,2027-03-17,True,False
6059,POL006059,20241225,1214,2,11,1,Renewal,6341.86,792.65,2024-12-25,2025-12-25,True,False
6060,POL006060,20240711,2164,3,5,4,Renewal,163860.85,9110.64,2024-07-11,2025-07-11,True,False
6061,POL006061,20250427,830,1,4,5,Cancellation,156521.07,2564.0,2025-04-27,2026-04-27,False,True
6062,POL006062,20250905,231,2,31,3,New Business,26874.21,1484.21,2025-09-05,2026-09-05,False,False
6063,POL006063,20260605,499,3,26,1,Renewal,80010.58,7517.64,2026-06-05,2027-06-05,True,False
6064,POL006064,20220723,1883,8,4,5,New Business,37725.88,4334.69,2022-07-23,2023-07-23,False,False
6065,POL006065,20260305,1885,1,37,3,Renewal,82967.76,5130.14,2026-03-05,2027-03-05,True,False
6066,POL006066,20260304,1765,3,13,3,New Business,120070.76,8056.78,2026-03-04,2027-03-04,False,False
6067,POL006067,20250101,1816,2,3,2,Renewal,12284.07,794.41,2025-01-01,2026-01-01,True,False
6068,POL006068,20240907,2251,6,30,3,New Business,240471.06,18437.79,2024-09-07,2025-09-07,False,False
6069,POL006069,20241106,610,1,10,4,Renewal,67012.41,3497.17,2024-11-06,2025-11-06,True,False
6070,POL006070,20221120,2102,1,32,1,Renewal,68380.24,5828.7,2022-11-20,2023-11-20,True,False
6071,POL006071,20250612,2307,3,35,4,Renewal,152881.99,10875.91,2025-06-12,2026-06-12,True,False
6072,POL006072,20250820,888,1,30,3,New Business,26397.55,2056.01,2025-08-20,2026-08-20,False,False
6073,POL006073,20251031,1605,3,35,4,Renewal,60833.98,3048.59,2025-10-31,2026-10-31,True,False
6074,POL006074,20230719,1039,3,33,2,New Business,166034.52,10153.59,2023-07-19,2024-07-18,False,False
6075,POL006075,20241224,147,1,37,3,Renewal,18401.07,2096.36,2024-12-24,2025-12-24,True,False
6076,POL006076,20250618,2000,2,22,5,Renewal,25323.57,2065.68,2025-06-18,2026-06-18,True,False
6077,POL006077,20241224,797,1,14,2,New Business,48573.28,2655.04,2024-12-24,2025-12-24,False,False
6078,POL006078,20230824,360,6,5,4,Renewal,187979.12,14939.97,2023-08-24,2024-08-23,True,False
6079,POL006079,20220415,2138,7,5,4,New Business,405818.17,28126.31,2022-04-15,2023-04-15,False,False
6080,POL006080,20221112,748,8,19,5,Renewal,149045.79,11582.15,2022-11-12,2023-11-12,True,False
6081,POL006081,20231215,2632,9,8,5,Renewal,90241.1,6738.15,2023-12-15,2024-12-14,True,False
6082,POL006082,20221213,1336,3,4,5,Renewal,127163.51,7927.26,2022-12-13,2023-12-13,True,False
6083,POL006083,20250714,888,1,7,5,New Business,121019.35,8154.55,2025-07-14,2026-07-14,False,False
6084,POL006084,20240309,1922,5,35,4,New Business,348074.6,32614.04,2024-03-09,2025-03-09,False,False
6085,POL006085,20231008,2504,8,5,4,New Business,150144.75,10609.52,2023-10-08,2024-10-07,False,False
6086,POL006086,20250516,989,1,25,2,Renewal,140837.71,7984.02,2025-05-16,2026-05-16,True,False
6087,POL006087,20221223,1803,1,39,1,New Business,87980.63,6672.02,2022-12-23,2023-12-23,False,False
6088,POL006088,20230531,2452,2,17,3,New Business,21511.35,1768.24,2023-05-31,2024-05-30,False,False
6089,POL006089,20260531,266,8,22,5,New Business,175341.45,10237.71,2026-05-31,2027-05-31,False,False
6090,POL006090,20250108,638,4,32,1,Renewal,176032.0,9443.98,2025-01-08,2026-01-08,True,False
6091,POL006091,20240613,2881,9,5,4,Renewal,198277.17,12218.06,2024-06-13,2025-06-13,True,False
6092,POL006092,20230624,2191,3,39,1,New Business,104775.31,6766.87,2023-06-24,2024-06-23,False,False
6093,POL006093,20260105,1745,8,4,5,Renewal,94884.13,5294.17,2026-01-05,2027-01-05,True,False
6094,POL006094,20250213,1194,3,20,4,Renewal,131635.8,10012.77,2025-02-13,2026-02-13,True,False
6095,POL006095,20241110,2960,5,25,2,New Business,1452478.07,105843.47,2024-11-10,2025-11-10,False,False
6096,POL006096,20230507,624,3,39,1,New Business,204866.72,10428.87,2023-05-07,2024-05-06,False,False
6097,POL006097,20251105,1921,2,4,5,Renewal,10595.5,1267.77,2025-11-05,2026-11-05,True,False
6098,POL006098,20260606,1412,7,36,5,New Business,1473063.54,73700.52,2026-06-06,2027-06-06,False,False
6099,POL006099,20250517,2553,1,31,3,Renewal,133079.08,8209.7,2025-05-17,2026-05-17,True,False
6100,POL006100,20251104,1321,9,31,3,New Business,378149.25,18924.89,2025-11-04,2026-11-04,False,False
6101,POL006101,20250706,241,1,13,3,New Business,61841.53,7048.27,2025-07-06,2026-07-06,False,False
6102,POL006102,20260309,1695,7,6,1,Renewal,447471.94,29685.52,2026-03-09,2027-03-09,True,False
6103,POL006103,20230515,730,4,10,4,Renewal,274846.22,17929.5,2023-05-15,2024-05-14,True,False
6104,POL006104,20250530,1918,5,27,1,New Business,1589678.02,81453.47,2025-05-30,2026-05-30,False,False
6105,POL006105,20251030,2416,4,23,3,Renewal,101392.49,5284.59,2025-10-30,2026-10-30,True,False
6106,POL006106,20241218,1487,1,5,4,Renewal,50089.1,5924.35,2024-12-18,2025-12-18,True,False
6107,POL006107,20250509,1653,1,15,3,New Business,39194.79,2042.76,2025-05-09,2026-05-09,False,False
6108,POL006108,20231106,594,8,29,3,Cancellation,86510.08,3000.58,2023-11-06,2024-11-05,False,True
6109,POL006109,20250921,1341,1,37,3,New Business,98202.12,6081.41,2025-09-21,2026-09-21,False,False
6110,POL006110,20240127,706,3,16,4,Renewal,182852.59,10805.33,2024-01-27,2025-01-26,True,False
6111,POL006111,20251015,1082,7,13,3,Renewal,143885.59,12994.49,2025-10-15,2026-10-15,True,False
6112,POL006112,20230913,375,7,16,4,Renewal,450740.47,55991.19,2023-09-13,2024-09-12,True,False
6113,POL006113,20240501,2655,1,22,5,Renewal,101312.63,6654.69,2024-05-01,2025-05-01,True,False
6114,POL006114,20251021,2754,7,24,1,Renewal,345680.07,37444.08,2025-10-21,2026-10-21,True,False
6115,POL006115,20251027,1485,5,24,1,Renewal,1584946.19,144335.04,2025-10-27,2026-10-27,True,False
6116,POL006116,20240831,839,8,31,3,New Business,66447.19,4729.04,2024-08-31,2025-08-31,False,False
6117,POL006117,20250314,2028,1,16,4,New Business,94162.19,7955.98,2025-03-14,2026-03-14,False,False
6118,POL006118,20231224,1310,1,10,4,Renewal,134148.04,8077.11,2023-12-24,2024-12-23,True,False
6119,POL006119,20230929,962,1,17,3,Renewal,24576.98,2685.41,2023-09-29,2024-09-28,True,False
6120,POL006120,20241014,1432,1,31,3,Renewal,140837.61,7559.65,2024-10-14,2025-10-14,True,False
6121,POL006121,20251009,1791,2,11,1,Renewal,15285.23,1100.45,2025-10-09,2026-10-09,True,False
6122,POL006122,20260602,1532,8,2,3,New Business,156114.09,9453.73,2026-06-02,2027-06-02,False,False
6123,POL006123,20230818,1335,8,21,3,Renewal,52916.67,6202.44,2023-08-18,2024-08-17,True,False
6124,POL006124,20260103,2124,8,11,1,Renewal,94043.18,8169.66,2026-01-03,2027-01-03,True,False
6125,POL006125,20250911,2781,3,35,4,New Business,54612.37,4352.1,2025-09-11,2026-09-11,False,False
6126,POL006126,20260510,1423,2,34,2,Renewal,22366.32,2202.19,2026-05-10,2027-05-10,True,False
6127,POL006127,20230621,1851,1,2,3,Renewal,161639.28,8727.92,2023-06-21,2024-06-20,True,False
6128,POL006128,20221101,2621,1,24,1,Renewal,38203.73,1967.14,2022-11-01,2023-11-01,True,False
6129,POL006129,20241123,1559,6,2,3,Renewal,109816.32,8851.67,2024-11-23,2025-11-23,True,False
6130,POL006130,20240115,2771,3,9,5,New Business,36409.44,2133.1,2024-01-15,2025-01-14,False,False
6131,POL006131,20230826,2722,9,6,1,Cancellation,348127.8,5008.51,2023-08-26,2024-08-25,False,True
6132,POL006132,20240319,346,1,24,1,New Business,72782.91,7559.39,2024-03-19,2025-03-19,False,False
6133,POL006133,20231105,101,9,14,2,Renewal,92028.26,5349.32,2023-11-05,2024-11-04,True,False
6134,POL006134,20231124,1170,8,29,3,Renewal,109463.65,9084.41,2023-11-24,2024-11-23,True,False
6135,POL006135,20230702,2859,2,35,4,Renewal,37919.39,2354.11,2023-07-02,2024-07-01,True,False
6136,POL006136,20240922,1998,1,6,1,New Business,67461.94,5081.89,2024-09-22,2025-09-22,False,False
6137,POL006137,20251023,2201,4,31,3,New Business,151786.02,18129.56,2025-10-23,2026-10-23,False,False
6138,POL006138,20250622,1364,8,16,4,Renewal,171589.16,11853.77,2025-06-22,2026-06-22,True,False
6139,POL006139,20241120,309,4,12,2,Renewal,288696.56,18206.71,2024-11-20,2025-11-20,True,False
6140,POL006140,20260313,2700,7,40,4,New Business,151408.65,8443.64,2026-03-13,2027-03-13,False,False
6141,POL006141,20260721,1490,3,13,3,Renewal,165276.31,11941.37,2026-07-21,2027-07-21,True,False
6142,POL006142,20240926,1106,7,19,5,New Business,337491.92,34081.87,2024-09-26,2025-09-26,False,False
6143,POL006143,20230426,1571,2,10,4,Cancellation,10295.09,388.04,2023-04-26,2024-04-25,False,True
6144,POL006144,20251216,842,8,18,1,Renewal,192392.01,10704.23,2025-12-16,2026-12-16,True,False
6145,POL006145,20240603,539,6,38,1,Renewal,129131.0,7683.82,2024-06-03,2025-06-03,True,False
6146,POL006146,20240707,2121,1,4,5,Renewal,132091.32,8980.91,2024-07-07,2025-07-07,True,False
6147,POL006147,20260809,1541,8,3,2,Cancellation,98159.24,2949.26,2026-08-09,2027-08-09,False,True
6148,POL006148,20230124,2479,5,39,1,New Business,1957000.81,220113.74,2023-01-24,2024-01-24,False,False
6149,POL006149,20250618,2696,9,34,2,New Business,180858.86,10865.46,2025-06-18,2026-06-18,False,False
6150,POL006150,20230513,290,4,25,2,New Business,277583.89,18522.17,2023-05-13,2024-05-12,False,False
6151,POL006151,20241224,1548,9,1,1,New Business,131974.02,12905.11,2024-12-24,2025-12-24,False,False
6152,POL006152,20250607,2872,3,32,1,Renewal,88766.1,9575.92,2025-06-07,2026-06-07,True,False
6153,POL006153,20260128,1727,1,13,3,Renewal,92989.53,7545.69,2026-01-28,2027-01-28,True,False
6154,POL006154,20251113,2668,4,27,1,Cancellation,106673.87,1060.98,2025-11-13,2026-11-13,False,True
6155,POL006155,20231217,2513,4,20,4,New Business,129226.91,12224.56,2023-12-17,2024-12-16,False,False
6156,POL006156,20220317,2166,1,35,4,Renewal,138135.69,8579.14,2022-03-17,2023-03-17,True,False
6157,POL006157,20250515,2775,8,36,5,Renewal,92111.46,5381.49,2025-05-15,2026-05-15,True,False
6158,POL006158,20250223,1572,3,2,3,Renewal,33780.18,3711.64,2025-02-23,2026-02-23,True,False
6159,POL006159,20230831,1886,8,7,5,New Business,84833.33,5009.46,2023-08-31,2024-08-30,False,False
6160,POL006160,20250723,837,9,26,1,New Business,394163.01,22705.92,2025-07-23,2026-07-23,False,False
6161,POL006161,20250608,121,2,33,2,Renewal,17677.62,893.77,2025-06-08,2026-06-08,True,False
6162,POL006162,20260320,1173,6,17,3,Renewal,288703.49,25630.77,2026-03-20,2027-03-20,True,False
6163,POL006163,20240402,1999,8,9,5,Renewal,71072.62,3929.93,2024-04-02,2025-04-02,True,False
6164,POL006164,20250415,2925,1,32,1,Cancellation,112662.67,1273.39,2025-04-15,2026-04-15,False,True
6165,POL006165,20220826,917,4,5,4,Renewal,96957.68,10880.58,2022-08-26,2023-08-26,True,False
6166,POL006166,20260120,225,9,20,4,New Business,199273.85,10654.71,2026-01-20,2027-01-20,False,False
6167,POL006167,20260614,192,6,38,1,Cancellation,484709.12,11239.36,2026-06-14,2027-06-14,False,True
6168,POL006168,20230430,1540,9,33,2,Renewal,252414.61,22664.38,2023-04-30,2024-04-29,True,False
6169,POL006169,20230604,498,1,36,5,Renewal,31499.92,3752.06,2023-06-04,2024-06-03,True,False
6170,POL006170,20240831,1936,8,18,1,Renewal,168590.85,11105.65,2024-08-31,2025-08-31,True,False
6171,POL006171,20250124,2837,6,15,3,New Business,110748.73,11171.09,2025-01-24,2026-01-24,False,False
6172,POL006172,20240124,2536,2,29,3,New Business,6172.61,763.14,2024-01-24,2025-01-23,False,False
6173,POL006173,20230125,2811,1,14,2,New Business,45917.62,5179.07,2023-01-25,2024-01-25,False,False
6174,POL006174,20251125,1835,3,2,3,New Business,62465.93,3799.86,2025-11-25,2026-11-25,False,False
6175,POL006175,20231116,2024,8,21,3,Renewal,209757.0,14350.33,2023-11-16,2024-11-15,True,False
6176,POL006176,20240222,2184,8,21,3,Renewal,143361.99,14334.64,2024-02-22,2025-02-21,True,False
6177,POL006177,20260420,100,2,17,3,New Business,25147.32,2073.35,2026-04-20,2027-04-20,False,False
6178,POL006178,20230718,686,8,26,1,New Business,125231.61,6711.84,2023-07-18,2024-07-17,False,False
6179,POL006179,20230906,2355,1,23,3,New Business,95412.62,4966.76,2023-09-06,2024-09-05,False,False
6180,POL006180,20240901,285,1,30,3,Renewal,61267.71,3391.15,2024-09-01,2025-09-01,True,False
6181,POL006181,20251221,264,7,15,3,New Business,183461.04,11725.15,2025-12-21,2026-12-21,False,False
6182,POL006182,20231209,2226,1,2,3,New Business,73822.11,4628.33,2023-12-09,2024-12-08,False,False
6183,POL006183,20260201,724,9,2,3,Renewal,232589.17,14691.0,2026-02-01,2027-02-01,True,False
6184,POL006184,20251206,373,4,39,1,New Business,144642.3,16257.44,2025-12-06,2026-12-06,False,False
6185,POL006185,20231026,1136,9,25,2,Renewal,142488.25,15852.49,2023-10-26,2024-10-25,True,False
6186,POL006186,20250328,1651,6,3,2,Cancellation,467420.96,18344.28,2025-03-28,2026-03-28,False,True
6187,POL006187,20230811,2592,1,19,5,New Business,48707.81,2978.47,2023-08-11,2024-08-10,False,False
6188,POL006188,20230909,2259,4,1,1,Renewal,345724.07,19090.4,2023-09-09,2024-09-08,True,False
6189,POL006189,20250926,2807,1,23,3,New Business,100985.34,5171.55,2025-09-26,2026-09-26,False,False
6190,POL006190,20250701,459,2,26,1,Renewal,11358.77,870.1,2025-07-01,2026-07-01,True,False
6191,POL006191,20251125,280,2,3,2,New Business,33847.84,1880.18,2025-11-25,2026-11-25,False,False
6192,POL006192,20220909,490,1,32,1,New Business,96093.23,5182.51,2022-09-09,2023-09-09,False,False
6193,POL006193,20230115,306,2,22,5,New Business,19257.22,1807.16,2023-01-15,2024-01-15,False,False
6194,POL006194,20231124,2424,1,26,1,Renewal,55310.77,6385.95,2023-11-24,2024-11-23,True,False
6195,POL006195,20220626,2403,8,10,4,New Business,81463.76,10181.13,2022-06-26,2023-06-26,False,False
6196,POL006196,20240227,2613,2,13,3,New Business,31501.59,2021.77,2024-02-27,2025-02-26,False,False
6197,POL006197,20250414,1383,2,16,4,New Business,9466.43,1100.92,2025-04-14,2026-04-14,False,False
6198,POL006198,20250512,923,8,34,2,Cancellation,80336.85,1555.44,2025-05-12,2026-05-12,False,True
6199,POL006199,20241230,415,1,38,1,New Business,98759.32,7027.91,2024-12-30,2025-12-30,False,False
6200,POL006200,20251106,114,6,36,5,New Business,255999.86,20154.01,2025-11-06,2026-11-06,False,False
6201,POL006201,20240917,2000,6,24,1,New Business,190802.02,11521.57,2024-09-17,2025-09-17,False,False
6202,POL006202,20240909,988,3,8,5,New Business,104679.41,8474.23,2024-09-09,2025-09-09,False,False
6203,POL006203,20231002,73,9,15,3,Renewal,321244.81,18652.67,2023-10-02,2024-10-01,True,False
6204,POL006204,20231025,1517,8,24,1,Renewal,56809.89,3527.2,2023-10-25,2024-10-24,True,False
6205,POL006205,20250831,1190,6,25,2,Renewal,120504.61,10523.6,2025-08-31,2026-08-31,True,False
6206,POL006206,20250623,401,1,33,2,New Business,110547.17,7020.09,2025-06-23,2026-06-23,False,False
6207,POL006207,20241223,576,4,14,2,New Business,201572.01,22056.08,2024-12-23,2025-12-23,False,False
6208,POL006208,20240319,431,9,39,1,Renewal,486365.08,25363.46,2024-03-19,2025-03-19,True,False
6209,POL006209,20260311,65,1,39,1,New Business,109458.62,7909.29,2026-03-11,2027-03-11,False,False
6210,POL006210,20260420,1870,2,22,5,New Business,19874.51,1003.89,2026-04-20,2027-04-20,False,False
6211,POL006211,20250911,662,4,25,2,Renewal,307474.29,22712.41,2025-09-11,2026-09-11,True,False
6212,POL006212,20221229,86,5,18,1,New Business,1237729.28,66456.1,2022-12-29,2023-12-29,False,False
6213,POL006213,20260203,2712,5,10,4,Renewal,925981.01,49020.36,2026-02-03,2027-02-03,True,False
6214,POL006214,20230531,1163,5,13,3,Renewal,1239941.52,77080.02,2023-05-31,2024-05-30,True,False
6215,POL006215,20241212,2204,2,36,5,Renewal,27769.63,1772.4,2024-12-12,2025-12-12,True,False
6216,POL006216,20240628,675,7,1,1,New Business,591215.27,73516.45,2024-06-28,2025-06-28,False,False
6217,POL006217,20260525,2277,8,32,1,New Business,85506.62,10229.88,2026-05-25,2027-05-25,False,False
6218,POL006218,20251130,2760,1,22,5,New Business,111396.82,8040.4,2025-11-30,2026-11-30,False,False
6219,POL006219,20250114,363,7,17,3,New Business,628950.02,64760.93,2025-01-14,2026-01-14,False,False
6220,POL006220,20250306,1922,9,8,5,Renewal,296374.48,19778.71,2025-03-06,2026-03-06,True,False
6221,POL006221,20260126,1211,3,22,5,New Business,139185.54,7579.45,2026-01-26,2027-01-26,False,False
6222,POL006222,20230907,1509,2,23,3,New Business,10636.97,722.66,2023-09-07,2024-09-06,False,False
6223,POL006223,20251208,595,1,40,4,Renewal,127179.62,6435.97,2025-12-08,2026-12-08,True,False
6224,POL006224,20260304,1434,6,20,4,Renewal,429822.13,21833.25,2026-03-04,2027-03-04,True,False
6225,POL006225,20240712,1042,3,9,5,Renewal,66776.4,4108.02,2024-07-12,2025-07-12,True,False
6226,POL006226,20240104,833,4,27,1,Renewal,115519.69,13660.86,2024-01-04,2025-01-03,True,False
6227,POL006227,20241211,102,7,37,3,Renewal,240976.22,24307.06,2024-12-11,2025-12-11,True,False
6228,POL006228,20260425,2642,2,34,2,New Business,27510.2,1665.55,2026-04-25,2027-04-25,False,False
6229,POL006229,20241020,1811,6,3,2,New Business,397603.31,38314.62,2024-10-20,2025-10-20,False,False
6230,POL006230,20250603,1211,1,8,5,Renewal,32323.54,1856.37,2025-06-03,2026-06-03,True,False
6231,POL006231,20251009,711,1,24,1,New Business,64302.25,5414.47,2025-10-09,2026-10-09,False,False
6232,POL006232,20260118,2707,9,6,1,New Business,280998.48,16611.37,2026-01-18,2027-01-18,False,False
6233,POL006233,20231217,764,3,12,2,Renewal,163468.48,8653.81,2023-12-17,2024-12-16,True,False
6234,POL006234,20250813,284,2,32,1,New Business,19965.39,1236.43,2025-08-13,2026-08-13,False,False
6235,POL006235,20250925,1014,1,29,3,Renewal,19805.21,1621.79,2025-09-25,2026-09-25,True,False
6236,POL006236,20260714,2272,4,11,1,Renewal,81594.67,6113.18,2026-07-14,2027-07-14,True,False
6237,POL006237,20250101,866,4,40,4,Renewal,111725.68,7244.92,2025-01-01,2026-01-01,True,False
6238,POL006238,20240213,108,8,35,4,New Business,130867.42,8712.58,2024-02-13,2025-02-12,False,False
6239,POL006239,20240602,1450,5,28,4,Cancellation,1213647.99,16424.7,2024-06-02,2025-06-02,False,True
6240,POL006240,20240405,1568,8,19,5,New Business,179501.32,10780.71,2024-04-05,2025-04-05,False,False
6241,POL006241,20230727,1965,8,25,2,New Business,41254.1,2814.05,2023-07-27,2024-07-26,False,False
6242,POL006242,20250104,695,2,22,5,Renewal,22608.68,1542.1,2025-01-04,2026-01-04,True,False
6243,POL006243,20250523,238,9,5,4,Renewal,458634.95,22949.14,2025-05-23,2026-05-23,True,False
6244,POL006244,20260312,1016,9,37,3,Renewal,166687.17,16900.4,2026-03-12,2027-03-12,True,False
6245,POL006245,20241019,64,3,38,1,Renewal,62887.51,6258.97,2024-10-19,2025-10-19,True,False
6246,POL006246,20221205,34,3,10,4,Renewal,177655.66,11429.42,2022-12-05,2023-12-05,True,False
6247,POL006247,20251206,439,7,17,3,New Business,1047808.66,65023.89,2025-12-06,2026-12-06,False,False
6248,POL006248,20251010,2800,1,22,5,New Business,55644.7,5080.14,2025-10-10,2026-10-10,False,False
6249,POL006249,20240618,2755,9,35,4,Renewal,130582.29,10838.35,2024-06-18,2025-06-18,True,False
6250,POL006250,20260328,2199,4,8,5,Renewal,152257.66,10320.05,2026-03-28,2027-03-28,True,False
6251,POL006251,20220628,145,8,23,3,New Business,74091.95,4054.28,2022-06-28,2023-06-28,False,False
6252,POL006252,20221031,175,8,22,5,New Business,270222.32,13752.4,2022-10-31,2023-10-31,False,False
6253,POL006253,20260620,62,3,35,4,New Business,31556.17,3653.61,2026-06-20,2027-06-20,False,False
6254,POL006254,20230629,2160,4,19,5,New Business,227616.43,13507.22,2023-06-29,2024-06-28,False,False
6255,POL006255,20240720,1901,5,26,1,Renewal,3894797.93,238175.59,2024-07-20,2025-07-20,True,False
6256,POL006256,20230915,2383,8,8,5,Renewal,134729.88,11283.36,2023-09-15,2024-09-14,True,False
6257,POL006257,20260716,416,8,38,1,Renewal,163344.05,10730.42,2026-07-16,2027-07-16,True,False
6258,POL006258,20240606,1202,9,20,4,New Business,185592.04,11261.67,2024-06-06,2025-06-06,False,False
6259,POL006259,20241201,1788,1,38,1,Cancellation,74132.76,2026.27,2024-12-01,2025-12-01,False,True
6260,POL006260,20250813,1863,1,28,4,Renewal,115383.67,7888.05,2025-08-13,2026-08-13,True,False
6261,POL006261,20260422,477,2,21,3,Renewal,17473.26,1401.01,2026-04-22,2027-04-22,True,False
6262,POL006262,20251215,2492,3,21,3,Renewal,136987.84,10115.7,2025-12-15,2026-12-15,True,False
6263,POL006263,20240622,1545,1,12,2,Renewal,25267.93,2357.31,2024-06-22,2025-06-22,True,False
6264,POL006264,20240222,895,6,11,1,Cancellation,254881.53,4532.55,2024-02-22,2025-02-21,False,True
6265,POL006265,20230610,2771,1,40,4,New Business,40172.74,2510.59,2023-06-10,2024-06-09,False,False
6266,POL006266,20250320,1676,1,26,1,Renewal,87349.84,5392.35,2025-03-20,2026-03-20,True,False
6267,POL006267,20260510,1088,9,5,4,Renewal,236980.06,20257.66,2026-05-10,2027-05-10,True,False
6268,POL006268,20230305,1837,1,26,1,Renewal,140004.47,7662.62,2023-03-05,2024-03-04,True,False
6269,POL006269,20240522,2365,1,33,2,Renewal,114718.23,6471.05,2024-05-22,2025-05-22,True,False
6270,POL006270,20240517,2626,4,28,4,New Business,180243.73,14712.97,2024-05-17,2025-05-17,False,False
6271,POL006271,20260627,356,6,38,1,New Business,122274.47,6983.41,2026-06-27,2027-06-27,False,False
6272,POL006272,20220515,1098,1,12,2,Renewal,63833.27,4860.48,2022-05-15,2023-05-15,True,False
6273,POL006273,20250918,1026,1,14,2,Renewal,25036.11,1737.49,2025-09-18,2026-09-18,True,False
6274,POL006274,20240415,309,1,34,2,Cancellation,18669.52,248.97,2024-04-15,2025-04-15,False,True
6275,POL006275,20240913,2761,2,31,3,Renewal,36392.49,2061.02,2024-09-13,2025-09-13,True,False
6276,POL006276,20231212,586,7,27,1,New Business,693827.55,74574.36,2023-12-12,2024-12-11,False,False
6277,POL006277,20260523,1890,9,25,2,Cancellation,188627.42,6057.03,2026-05-23,2027-05-23,False,True
6278,POL006278,20230413,2207,1,31,3,Renewal,100903.84,5935.05,2023-04-13,2024-04-12,True,False
6279,POL006279,20250528,1279,6,8,5,New Business,703328.87,35939.04,2025-05-28,2026-05-28,False,False
6280,POL006280,20251225,1711,9,20,4,Renewal,553830.7,28775.02,2025-12-25,2026-12-25,True,False
6281,POL006281,20250401,2671,1,7,5,Renewal,48784.32,3449.54,2025-04-01,2026-04-01,True,False
6282,POL006282,20241027,722,2,26,1,New Business,20151.19,1472.93,2024-10-27,2025-10-27,False,False
6283,POL006283,20230101,57,6,35,4,Renewal,126601.95,8870.53,2023-01-01,2024-01-01,True,False
6284,POL006284,20240501,916,4,36,5,New Business,181464.63,19111.79,2024-05-01,2025-05-01,False,False
6285,POL006285,20250628,1499,4,31,3,Renewal,367941.09,18447.94,2025-06-28,2026-06-28,True,False
6286,POL006286,20240416,1530,1,28,4,New Business,50091.21,3489.66,2024-04-16,2025-04-16,False,False
6287,POL006287,20250916,2777,1,17,3,Renewal,49924.23,3540.96,2025-09-16,2026-09-16,True,False
6288,POL006288,20231024,2749,5,9,5,New Business,298709.09,15416.41,2023-10-24,2024-10-23,False,False
6289,POL006289,20250422,757,8,36,5,Renewal,42397.07,4220.43,2025-04-22,2026-04-22,True,False
6290,POL006290,20260123,841,1,17,3,Renewal,27271.83,3243.63,2026-01-23,2027-01-23,True,False
6291,POL006291,20221101,2233,9,30,3,New Business,126825.94,7165.18,2022-11-01,2023-11-01,False,False
6292,POL006292,20251230,321,8,17,3,Renewal,160236.48,9845.82,2025-12-30,2026-12-30,True,False
6293,POL006293,20221206,779,3,29,3,Cancellation,45565.0,1048.3,2022-12-06,2023-12-06,False,True
6294,POL006294,20260323,29,1,20,4,New Business,108793.17,6885.99,2026-03-23,2027-03-23,False,False
6295,POL006295,20250809,2631,1,34,2,Renewal,16396.48,1524.08,2025-08-09,2026-08-09,True,False
6296,POL006296,20251027,2681,4,6,1,New Business,220301.72,15870.74,2025-10-27,2026-10-27,False,False
6297,POL006297,20251104,758,1,31,3,New Business,121084.74,7435.24,2025-11-04,2026-11-04,False,False
6298,POL006298,20221026,393,2,14,2,Renewal,38544.87,2016.99,2022-10-26,2023-10-26,True,False
6299,POL006299,20250719,539,3,11,1,Renewal,37590.63,2121.61,2025-07-19,2026-07-19,True,False
6300,POL006300,20250924,423,7,36,5,New Business,614813.43,50625.83,2025-09-24,2026-09-24,False,False
6301,POL006301,20230118,2375,1,12,2,New Business,83970.93,5978.18,2023-01-18,2024-01-18,False,False
6302,POL006302,20260603,717,1,6,1,New Business,80182.99,5793.49,2026-06-03,2027-06-03,False,False
6303,POL006303,20240925,2670,2,16,4,New Business,24190.88,2062.15,2024-09-25,2025-09-25,False,False
6304,POL006304,20260523,1940,9,34,2,Renewal,113113.12,13861.78,2026-05-23,2027-05-23,True,False
6305,POL006305,20250222,1269,3,39,1,Cancellation,45016.77,1010.76,2025-02-22,2026-02-22,False,True
6306,POL006306,20250530,1028,6,34,2,Renewal,89554.62,11130.87,2025-05-30,2026-05-30,True,False
6307,POL006307,20230323,1017,6,38,1,New Business,139128.65,10104.29,2023-03-23,2024-03-22,False,False
6308,POL006308,20230913,2176,1,33,2,Renewal,96801.01,7261.48,2023-09-13,2024-09-12,True,False
6309,POL006309,20251127,2465,5,35,4,New Business,1484066.79,95068.91,2025-11-27,2026-11-27,False,False
6310,POL006310,20260610,238,1,36,5,Renewal,80468.99,4108.39,2026-06-10,2027-06-10,True,False
6311,POL006311,20230714,1836,8,34,2,New Business,114794.84,8757.36,2023-07-14,2024-07-13,False,False
6312,POL006312,20250404,2432,2,21,3,New Business,38969.89,2254.17,2025-04-04,2026-04-04,False,False
6313,POL006313,20260704,2987,4,10,4,New Business,367127.72,18732.98,2026-07-04,2027-07-04,False,False
6314,POL006314,20260613,1797,1,11,1,Renewal,102404.17,5762.55,2026-06-13,2027-06-13,True,False
6315,POL006315,20240803,2782,2,6,1,New Business,24183.01,1374.25,2024-08-03,2025-08-03,False,False
6316,POL006316,20231005,653,6,15,3,Cancellation,690998.95,11421.54,2023-10-05,2024-10-04,False,True
6317,POL006317,20230423,265,4,37,3,New Business,273544.65,19687.18,2023-04-23,2024-04-22,False,False
6318,POL006318,20260327,1135,9,5,4,Renewal,94750.1,6429.7,2026-03-27,2027-03-27,True,False
6319,POL006319,20230713,1046,9,19,5,Renewal,216646.62,10885.32,2023-07-13,2024-07-12,True,False
6320,POL006320,20230820,650,8,3,2,Cancellation,69826.29,2077.08,2023-08-20,2024-08-19,False,True
6321,POL006321,20260224,1829,2,20,4,Renewal,27765.19,2163.69,2026-02-24,2027-02-24,True,False
6322,POL006322,20240923,1838,1,35,4,Renewal,37572.98,2560.53,2024-09-23,2025-09-23,True,False
6323,POL006323,20251225,1965,6,15,3,Renewal,66170.17,6922.14,2025-12-25,2026-12-25,True,False
6324,POL006324,20230205,1669,3,2,3,Renewal,62317.64,3164.82,2023-02-05,2024-02-05,True,False
6325,POL006325,20250716,2664,1,22,5,Renewal,57606.69,3497.51,2025-07-16,2026-07-16,True,False
6326,POL006326,20231020,2331,2,38,1,New Business,13658.47,1108.93,2023-10-20,2024-10-19,False,False
6327,POL006327,20260124,305,3,27,1,Renewal,22355.43,2030.08,2026-01-24,2027-01-24,True,False
6328,POL006328,20220925,1701,1,26,1,Cancellation,92472.48,1890.17,2022-09-25,2023-09-25,False,True
6329,POL006329,20240919,1522,7,27,1,Renewal,206403.53,10935.68,2024-09-19,2025-09-19,True,False
6330,POL006330,20251101,1449,3,15,3,New Business,125281.24,9325.24,2025-11-01,2026-11-01,False,False
6331,POL006331,20250723,2149,6,24,1,Renewal,488791.74,30068.56,2025-07-23,2026-07-23,True,False
6332,POL006332,20230401,1390,1,33,2,New Business,24551.95,2763.45,2023-04-01,2024-03-31,False,False
6333,POL006333,20240213,2102,9,13,3,Renewal,106378.63,9057.62,2024-02-13,2025-02-12,True,False
6334,POL006334,20231230,681,8,13,3,Renewal,272549.51,14621.55,2023-12-30,2024-12-29,True,False
6335,POL006335,20241231,1156,2,9,5,New Business,17720.76,1490.05,2024-12-31,2025-12-31,False,False
6336,POL006336,20250716,1598,1,32,1,Renewal,52123.5,5283.75,2025-07-16,2026-07-16,True,False
6337,POL006337,20230816,2118,9,12,2,Renewal,60548.09,3465.08,2023-08-16,2024-08-15,True,False
6338,POL006338,20240828,2239,4,5,4,Cancellation,260763.49,7036.32,2024-08-28,2025-08-28,False,True
6339,POL006339,20240812,1795,9,27,1,New Business,230934.0,23227.7,2024-08-12,2025-08-12,False,False
6340,POL006340,20231122,913,2,33,2,Cancellation,37428.02,258.57,2023-11-22,2024-11-21,False,True
6341,POL006341,20240410,1047,1,6,1,Renewal,101582.55,7669.78,2024-04-10,2025-04-10,True,False
6342,POL006342,20250804,2249,8,1,1,Renewal,113075.65,9043.25,2025-08-04,2026-08-04,True,False
6343,POL006343,20250706,493,2,1,1,Renewal,11893.22,686.66,2025-07-06,2026-07-06,True,False
6344,POL006344,20230406,2432,1,30,3,Cancellation,19983.05,865.3,2023-04-06,2024-04-05,False,True
6345,POL006345,20240711,2058,6,14,2,Renewal,353890.97,33769.84,2024-07-11,2025-07-11,True,False
6346,POL006346,20250520,524,1,40,4,New Business,65629.45,6564.51,2025-05-20,2026-05-20,False,False
6347,POL006347,20250714,1504,3,38,1,New Business,45841.34,3724.64,2025-07-14,2026-07-14,False,False
6348,POL006348,20250115,1653,1,24,1,Renewal,29510.96,2384.02,2025-01-15,2026-01-15,True,False
6349,POL006349,20260215,2136,3,25,2,New Business,55045.89,5627.53,2026-02-15,2027-02-15,False,False
6350,POL006350,20240902,45,1,32,1,Renewal,49474.02,2901.07,2024-09-02,2025-09-02,True,False
6351,POL006351,20230428,1616,7,4,5,Renewal,368990.53,30625.16,2023-04-28,2024-04-27,True,False
6352,POL006352,20260317,861,2,34,2,Renewal,23934.03,1394.97,2026-03-17,2027-03-17,True,False
6353,POL006353,20240928,475,8,4,5,Renewal,13497.14,1670.53,2024-09-28,2025-09-28,True,False
6354,POL006354,20230416,1768,1,25,2,Renewal,111250.73,8626.6,2023-04-16,2024-04-15,True,False
6355,POL006355,20231110,2761,9,5,4,Renewal,154355.35,14950.91,2023-11-10,2024-11-09,True,False
6356,POL006356,20260715,1551,1,26,1,New Business,119301.67,7312.41,2026-07-15,2027-07-15,False,False
6357,POL006357,20240219,2842,2,24,1,New Business,30752.67,2268.52,2024-02-19,2025-02-18,False,False
6358,POL006358,20250318,2091,4,6,1,New Business,90798.98,8437.22,2025-03-18,2026-03-18,False,False
6359,POL006359,20230916,1586,6,40,4,Cancellation,96941.19,2161.7,2023-09-16,2024-09-15,False,True
6360,POL006360,20250126,1077,8,26,1,Renewal,177561.9,14076.5,2025-01-26,2026-01-26,True,False
6361,POL006361,20260408,740,1,27,1,New Business,37400.76,3619.8,2026-04-08,2027-04-08,False,False
6362,POL006362,20230103,2239,8,11,1,Renewal,98560.69,8407.07,2023-01-03,2024-01-03,True,False
6363,POL006363,20241117,1783,6,38,1,New Business,601482.16,35992.72,2024-11-17,2025-11-17,False,False
6364,POL006364,20250530,2974,4,8,5,Renewal,334906.67,19592.54,2025-05-30,2026-05-30,True,False
6365,POL006365,20230121,149,3,19,5,New Business,130399.86,8319.98,2023-01-21,2024-01-21,False,False
6366,POL006366,20250315,914,1,20,4,Renewal,96707.17,8695.74,2025-03-15,2026-03-15,True,False
6367,POL006367,20240925,1599,1,8,5,Cancellation,105216.38,3023.53,2024-09-25,2025-09-25,False,True
6368,POL006368,20260311,675,4,11,1,Renewal,236978.16,12654.93,2026-03-11,2027-03-11,True,False
6369,POL006369,20250919,91,1,39,1,Renewal,84729.96,7371.26,2025-09-19,2026-09-19,True,False
6370,POL006370,20230131,288,1,11,1,New Business,61950.27,5975.39,2023-01-31,2024-01-31,False,False
6371,POL006371,20250427,2921,9,21,3,New Business,91698.44,6907.96,2025-04-27,2026-04-27,False,False
6372,POL006372,20241001,126,4,3,2,Renewal,237499.26,19609.14,2024-10-01,2025-10-01,True,False
6373,POL006373,20260723,2282,2,32,1,New Business,18112.55,1647.42,2026-07-23,2027-07-23,False,False
6374,POL006374,20251010,860,2,27,1,New Business,37326.35,2032.78,2025-10-10,2026-10-10,False,False
6375,POL006375,20250821,1811,9,5,4,Renewal,61002.16,4902.34,2025-08-21,2026-08-21,True,False
6376,POL006376,20240724,216,9,19,5,New Business,365228.28,28561.96,2024-07-24,2025-07-24,False,False
6377,POL006377,20240819,1556,3,32,1,Renewal,108537.63,6147.87,2024-08-19,2025-08-19,True,False
6378,POL006378,20250924,2637,5,13,3,Renewal,3534499.5,212484.41,2025-09-24,2026-09-24,True,False
6379,POL006379,20250918,2464,1,25,2,Renewal,115954.93,8516.72,2025-09-18,2026-09-18,True,False
6380,POL006380,20230820,1932,4,21,3,New Business,205172.82,15290.16,2023-08-20,2024-08-19,False,False
6381,POL006381,20240613,542,9,2,3,Renewal,174996.58,14996.88,2024-06-13,2025-06-13,True,False
6382,POL006382,20260109,98,1,11,1,Renewal,80235.51,5178.17,2026-01-09,2027-01-09,True,False
6383,POL006383,20260406,1222,6,14,2,Renewal,350690.22,20823.37,2026-04-06,2027-04-06,True,False
6384,POL006384,20230721,2409,1,29,3,New Business,20315.17,1790.52,2023-07-21,2024-07-20,False,False
6385,POL006385,20220512,2766,1,25,2,New Business,99719.42,8876.23,2022-05-12,2023-05-12,False,False
6386,POL006386,20230120,1747,4,33,2,Renewal,258209.9,17216.88,2023-01-20,2024-01-20,True,False
6387,POL006387,20240212,34,4,34,2,Renewal,220139.27,15482.48,2024-02-12,2025-02-11,True,False
6388,POL006388,20250120,323,1,20,4,New Business,124768.3,7648.67,2025-01-20,2026-01-20,False,False
6389,POL006389,20241201,157,2,40,4,New Business,14442.31,1672.48,2024-12-01,2025-12-01,False,False
6390,POL006390,20251014,1193,2,17,3,Renewal,23287.29,2275.24,2025-10-14,2026-10-14,True,False
6391,POL006391,20260318,565,1,24,1,New Business,38903.68,3209.06,2026-03-18,2027-03-18,False,False
6392,POL006392,20231119,2297,1,27,1,New Business,30955.56,2034.03,2023-11-19,2024-11-18,False,False
6393,POL006393,20250120,2660,1,11,1,Renewal,49773.59,4394.17,2025-01-20,2026-01-20,True,False
6394,POL006394,20260417,1301,1,6,1,Renewal,89144.21,8142.32,2026-04-17,2027-04-17,True,False
6395,POL006395,20240623,1035,1,25,2,Renewal,74526.65,6855.67,2024-06-23,2025-06-23,True,False
6396,POL006396,20240608,2290,4,2,3,New Business,302910.68,23360.37,2024-06-08,2025-06-08,False,False
6397,POL006397,20250907,2496,9,8,5,Renewal,138027.12,16785.01,2025-09-07,2026-09-07,True,False
6398,POL006398,20250803,1525,5,35,4,Renewal,1975891.88,146269.06,2025-08-03,2026-08-03,True,False
6399,POL006399,20240724,1924,8,23,3,New Business,66038.34,6413.56,2024-07-24,2025-07-24,False,False
6400,POL006400,20250728,2557,5,14,2,Renewal,3488268.81,229377.22,2025-07-28,2026-07-28,True,False
6401,POL006401,20260307,1321,1,26,1,Cancellation,46646.85,1410.92,2026-03-07,2027-03-07,False,True
6402,POL006402,20221114,1959,9,20,4,Renewal,154272.62,8706.66,2022-11-14,2023-11-14,True,False
6403,POL006403,20260130,377,8,31,3,Renewal,101998.55,11584.71,2026-01-30,2027-01-30,True,False
6404,POL006404,20231209,1665,2,27,1,Renewal,37979.93,2258.31,2023-12-09,2024-12-08,True,False
6405,POL006405,20241009,1685,8,5,4,New Business,81806.0,7582.22,2024-10-09,2025-10-09,False,False
6406,POL006406,20241014,2301,1,26,1,New Business,85358.64,5923.7,2024-10-14,2025-10-14,False,False
6407,POL006407,20231014,811,1,10,4,Renewal,36331.36,2811.83,2023-10-14,2024-10-13,True,False
6408,POL006408,20260305,2519,2,34,2,Renewal,15409.49,1850.61,2026-03-05,2027-03-05,True,False
6409,POL006409,20230704,1625,1,24,1,Renewal,32676.81,2886.22,2023-07-04,2024-07-03,True,False
6410,POL006410,20251019,125,3,21,3,New Business,36885.36,3189.86,2025-10-19,2026-10-19,False,False
6411,POL006411,20250206,1018,9,17,3,Cancellation,109533.25,1689.18,2025-02-06,2026-02-06,False,True
6412,POL006412,20250816,2674,1,30,3,New Business,44193.32,5150.28,2025-08-16,2026-08-16,False,False
6413,POL006413,20250413,129,4,5,4,Renewal,132263.62,7200.59,2025-04-13,2026-04-13,True,False
6414,POL006414,20240710,1044,4,33,2,New Business,200080.97,24671.44,2024-07-10,2025-07-10,False,False
6415,POL006415,20220510,2762,1,38,1,New Business,34809.77,4232.01,2022-05-10,2023-05-10,False,False
6416,POL006416,20240923,1579,1,21,3,New Business,48402.23,3103.54,2024-09-23,2025-09-23,False,False
6417,POL006417,20221230,1747,2,40,4,New Business,8543.64,1008.32,2022-12-30,2023-12-30,False,False
6418,POL006418,20260610,2463,9,11,1,Renewal,164334.59,16020.57,2026-06-10,2027-06-10,True,False
6419,POL006419,20251214,1295,7,9,5,Renewal,448414.54,54852.13,2025-12-14,2026-12-14,True,False
6420,POL006420,20260406,504,1,21,3,Renewal,98081.2,8225.08,2026-04-06,2027-04-06,True,False
6421,POL006421,20260722,2848,6,10,4,Renewal,61486.78,4327.85,2026-07-22,2027-07-22,True,False
6422,POL006422,20250218,382,9,12,2,Renewal,466457.39,26249.61,2025-02-18,2026-02-18,True,False
6423,POL006423,20220607,2338,6,13,3,Renewal,108675.11,10142.9,2022-06-07,2023-06-07,True,False
6424,POL006424,20251205,1786,8,40,4,New Business,42349.88,4296.75,2025-12-05,2026-12-05,False,False
6425,POL006425,20221203,1097,1,17,3,Renewal,70834.21,5296.82,2022-12-03,2023-12-03,True,False
6426,POL006426,20251201,344,9,27,1,Renewal,156928.5,9449.28,2025-12-01,2026-12-01,True,False
6427,POL006427,20251130,2357,9,24,1,New Business,45218.1,3485.55,2025-11-30,2026-11-30,False,False
6428,POL006428,20240807,876,1,5,4,Renewal,39026.33,4457.12,2024-08-07,2025-08-07,True,False
6429,POL006429,20250103,1995,5,16,4,Renewal,1231922.79,78660.38,2025-01-03,2026-01-03,True,False
6430,POL006430,20240502,576,2,14,2,New Business,46682.37,2335.29,2024-05-02,2025-05-02,False,False
6431,POL006431,20250526,1483,2,19,5,Renewal,11174.73,1275.28,2025-05-26,2026-05-26,True,False
6432,POL006432,20220811,253,8,15,3,Renewal,167359.79,11542.28,2022-08-11,2023-08-11,True,False
6433,POL006433,20240517,1685,6,30,3,Renewal,91894.75,6947.45,2024-05-17,2025-05-17,True,False
6434,POL006434,20250314,213,2,5,4,Renewal,39127.11,2025.07,2025-03-14,2026-03-14,True,False
6435,POL006435,20220907,2530,7,12,2,Renewal,749748.05,53092.2,2022-09-07,2023-09-07,True,False
6436,POL006436,20241108,1230,4,14,2,Renewal,312279.74,15783.69,2024-11-08,2025-11-08,True,False
6437,POL006437,20251224,2624,2,17,3,Renewal,12123.55,1000.77,2025-12-24,2026-12-24,True,False
6438,POL006438,20241003,1761,6,9,5,Renewal,492742.73,34229.2,2024-10-03,2025-10-03,True,False
6439,POL006439,20240912,2649,8,1,1,Renewal,184745.16,9294.47,2024-09-12,2025-09-12,True,False
6440,POL006440,20230627,1017,1,33,2,New Business,91828.47,5552.15,2023-06-27,2024-06-26,False,False
6441,POL006441,20230709,299,8,16,4,Renewal,29416.33,2653.04,2023-07-09,2024-07-08,True,False
6442,POL006442,20241005,2756,1,18,1,Renewal,80047.94,5703.09,2024-10-05,2025-10-05,True,False
6443,POL006443,20260704,76,6,24,1,Renewal,568956.05,39433.86,2026-07-04,2027-07-04,True,False
6444,POL006444,20230820,2744,9,17,3,New Business,117443.01,9666.72,2023-08-20,2024-08-19,False,False
6445,POL006445,20220908,1104,9,27,1,Renewal,251919.9,28188.55,2022-09-08,2023-09-08,True,False
6446,POL006446,20251010,2527,1,2,3,Renewal,140819.62,8948.78,2025-10-10,2026-10-10,True,False
6447,POL006447,20231206,2557,1,23,3,Renewal,32204.76,2394.05,2023-12-06,2024-12-05,True,False
6448,POL006448,20260614,638,5,22,5,New Business,370463.85,46234.55,2026-06-14,2027-06-14,False,False
6449,POL006449,20241028,2192,1,18,1,New Business,30328.18,2825.22,2024-10-28,2025-10-28,False,False
6450,POL006450,20250815,1026,7,18,1,Renewal,728158.63,42578.9,2025-08-15,2026-08-15,True,False
6451,POL006451,20251027,2818,4,21,3,New Business,46095.49,5619.77,2025-10-27,2026-10-27,False,False
6452,POL006452,20250213,676,4,14,2,New Business,204424.04,16675.36,2025-02-13,2026-02-13,False,False
6453,POL006453,20230430,1935,9,36,5,Renewal,74370.71,9090.54,2023-04-30,2024-04-29,True,False
6454,POL006454,20231230,2804,8,13,3,Renewal,64128.3,3525.55,2023-12-30,2024-12-29,True,False
6455,POL006455,20250307,1113,1,14,2,Cancellation,57835.86,612.5,2025-03-07,2026-03-07,False,True
6456,POL006456,20260725,103,2,22,5,Renewal,23618.1,1370.94,2026-07-25,2027-07-25,True,False
6457,POL006457,20240903,1419,2,25,2,Renewal,28070.18,1504.51,2024-09-03,2025-09-03,True,False
6458,POL006458,20230413,2040,2,24,1,New Business,17278.63,1423.14,2023-04-13,2024-04-12,False,False
6459,POL006459,20241028,2238,9,15,3,Renewal,312773.53,17647.71,2024-10-28,2025-10-28,True,False
6460,POL006460,20260429,2468,4,38,1,Renewal,207070.3,19739.31,2026-04-29,2027-04-29,True,False
6461,POL006461,20231125,2794,1,23,3,New Business,31951.41,2207.51,2023-11-25,2024-11-24,False,False
6462,POL006462,20231219,1823,3,36,5,Renewal,225988.07,11860.67,2023-12-19,2024-12-18,True,False
6463,POL006463,20250324,2169,7,1,1,Renewal,1052606.78,71168.29,2025-03-24,2026-03-24,True,False
6464,POL006464,20250925,2974,3,33,2,New Business,71104.92,5326.86,2025-09-25,2026-09-25,False,False
6465,POL006465,20250403,2794,1,5,4,Renewal,90862.39,6160.39,2025-04-03,2026-04-03,True,False
6466,POL006466,20250702,2586,8,38,1,Renewal,217288.53,13441.94,2025-07-02,2026-07-02,True,False
6467,POL006467,20250918,2602,2,2,3,Renewal,42280.23,2480.62,2025-09-18,2026-09-18,True,False
6468,POL006468,20250419,1719,2,11,1,Renewal,24186.56,1497.9,2025-04-19,2026-04-19,True,False
6469,POL006469,20240114,1916,2,1,1,Renewal,29144.5,1538.26,2024-01-14,2025-01-13,True,False
6470,POL006470,20220821,2189,3,33,2,Renewal,67069.05,4708.29,2022-08-21,2023-08-21,True,False
6471,POL006471,20250312,219,8,38,1,Renewal,118147.27,14094.73,2025-03-12,2026-03-12,True,False
6472,POL006472,20240207,1990,1,22,5,Renewal,58276.74,3652.31,2024-02-07,2025-02-06,True,False
6473,POL006473,20260212,1033,1,26,1,Renewal,38046.56,2532.21,2026-02-12,2027-02-12,True,False
6474,POL006474,20260529,1896,1,19,5,New Business,23706.97,2873.42,2026-05-29,2027-05-29,False,False
6475,POL006475,20241124,1064,2,35,4,New Business,16597.38,832.06,2024-11-24,2025-11-24,False,False
6476,POL006476,20251202,688,1,3,2,New Business,115429.77,7423.4,2025-12-02,2026-12-02,False,False
6477,POL006477,20250808,1102,1,1,1,Renewal,30663.29,2832.29,2025-08-08,2026-08-08,True,False
6478,POL006478,20231011,1982,1,6,1,Cancellation,73024.99,2188.54,2023-10-11,2024-10-10,False,True
6479,POL006479,20240401,277,1,12,2,New Business,90688.4,8761.91,2024-04-01,2025-04-01,False,False
6480,POL006480,20220512,737,2,40,4,Renewal,28234.37,1788.4,2022-05-12,2023-05-12,True,False
6481,POL006481,20240405,2533,6,17,3,Cancellation,484293.21,3655.19,2024-04-05,2025-04-05,False,True
6482,POL006482,20241022,1607,5,27,1,Renewal,2304926.6,204065.36,2024-10-22,2025-10-22,True,False
6483,POL006483,20240421,120,1,32,1,Renewal,87723.05,8245.81,2024-04-21,2025-04-21,True,False
6484,POL006484,20230606,1400,1,27,1,New Business,59351.56,2987.93,2023-06-06,2024-06-05,False,False
6485,POL006485,20240616,2228,6,16,4,New Business,576731.21,35564.89,2024-06-16,2025-06-16,False,False
6486,POL006486,20250416,790,8,1,1,Renewal,39887.41,4480.31,2025-04-16,2026-04-16,True,False
6487,POL006487,20260712,2604,2,34,2,New Business,7758.8,853.84,2026-07-12,2027-07-12,False,False
6488,POL006488,20231227,2330,1,3,2,New Business,128033.87,6580.33,2023-12-27,2024-12-26,False,False
6489,POL006489,20241231,1570,2,25,2,Renewal,21364.31,1905.23,2024-12-31,2025-12-31,True,False
6490,POL006490,20230506,2253,9,25,2,New Business,58565.21,5065.68,2023-05-06,2024-05-05,False,False
6491,POL006491,20240309,2718,4,16,4,New Business,277357.86,19969.86,2024-03-09,2025-03-09,False,False
6492,POL006492,20250127,1232,1,25,2,Renewal,61862.12,5610.77,2025-01-27,2026-01-27,True,False
6493,POL006493,20231112,474,2,3,2,New Business,11600.1,663.29,2023-11-12,2024-11-11,False,False
6494,POL006494,20220408,1861,1,16,4,Renewal,79879.47,5944.5,2022-04-08,2023-04-08,True,False
6495,POL006495,20251021,2534,3,11,1,New Business,46062.0,4865.54,2025-10-21,2026-10-21,False,False
6496,POL006496,20230808,246,1,30,3,New Business,73639.35,4814.0,2023-08-08,2024-08-07,False,False
6497,POL006497,20260125,1054,3,31,3,Renewal,164378.48,8504.57,2026-01-25,2027-01-25,True,False
6498,POL006498,20230903,191,3,7,5,Renewal,36826.17,2733.29,2023-09-03,2024-09-02,True,False
6499,POL006499,20221029,1601,6,18,1,Renewal,209849.32,11380.89,2022-10-29,2023-10-29,True,False
6500,POL006500,20230905,1356,3,35,4,Renewal,149195.09,11088.85,2023-09-05,2024-09-04,True,False
6501,POL006501,20250807,2428,2,2,3,Renewal,27973.59,1583.41,2025-08-07,2026-08-07,True,False
6502,POL006502,20250119,2575,1,30,3,Renewal,40388.86,3410.53,2025-01-19,2026-01-19,True,False
6503,POL006503,20260409,2982,4,18,1,Renewal,244449.77,12745.04,2026-04-09,2027-04-09,True,False
6504,POL006504,20260203,85,9,38,1,Renewal,70794.21,4266.37,2026-02-03,2027-02-03,True,False
6505,POL006505,20240606,2564,4,14,2,Renewal,140150.47,7262.11,2024-06-06,2025-06-06,True,False
6506,POL006506,20250618,2212,3,26,1,New Business,97544.18,9196.6,2025-06-18,2026-06-18,False,False
6507,POL006507,20230331,19,1,19,5,New Business,16195.59,1532.5,2023-03-31,2024-03-30,False,False
6508,POL006508,20260408,869,1,2,3,New Business,145880.55,8189.13,2026-04-08,2027-04-08,False,False
6509,POL006509,20221202,1897,1,3,2,New Business,86050.67,8738.79,2022-12-02,2023-12-02,False,False
6510,POL006510,20250116,1920,9,23,3,New Business,269114.31,20143.21,2025-01-16,2026-01-16,False,False
6511,POL006511,20250110,2904,1,40,4,Renewal,93844.93,8169.4,2025-01-10,2026-01-10,True,False
6512,POL006512,20240216,1739,6,14,2,Renewal,321529.49,26577.11,2024-02-16,2025-02-15,True,False
6513,POL006513,20260622,578,1,13,3,New Business,101175.01,5586.0,2026-06-22,2027-06-22,False,False
6514,POL006514,20240531,672,2,6,1,Renewal,22840.53,1171.67,2024-05-31,2025-05-31,True,False
6515,POL006515,20221224,923,9,16,4,Renewal,336472.45,23158.69,2022-12-24,2023-12-24,True,False
6516,POL006516,20240820,1058,8,36,5,Cancellation,186093.45,4300.59,2024-08-20,2025-08-20,False,True
6517,POL006517,20240311,2193,5,33,2,Renewal,2620425.78,141137.2,2024-03-11,2025-03-11,True,False
6518,POL006518,20220917,682,1,24,1,Renewal,71534.27,6150.3,2022-09-17,2023-09-17,True,False
6519,POL006519,20231220,949,6,4,5,New Business,81511.11,6894.45,2023-12-20,2024-12-19,False,False
6520,POL006520,20251111,1903,8,31,3,New Business,80749.65,8778.01,2025-11-11,2026-11-11,False,False
6521,POL006521,20240405,2877,3,26,1,Renewal,78296.55,9775.47,2024-04-05,2025-04-05,True,False
6522,POL006522,20250825,389,3,30,3,Cancellation,144064.99,4498.01,2025-08-25,2026-08-25,False,True
6523,POL006523,20230914,528,9,6,1,New Business,516120.09,26901.81,2023-09-14,2024-09-13,False,False
6524,POL006524,20220716,2677,3,29,3,New Business,34791.93,4268.98,2022-07-16,2023-07-16,False,False
6525,POL006525,20240926,1618,7,35,4,New Business,770709.86,48973.32,2024-09-26,2025-09-26,False,False
6526,POL006526,20250501,1259,1,7,5,New Business,167626.08,8994.52,2025-05-01,2026-05-01,False,False
6527,POL006527,20251116,2486,2,20,4,Renewal,35629.88,2402.35,2025-11-16,2026-11-16,True,False
6528,POL006528,20230110,1912,1,19,5,Cancellation,45216.45,965.86,2023-01-10,2024-01-10,False,True
6529,POL006529,20241107,1556,3,35,4,Renewal,177906.63,11991.79,2024-11-07,2025-11-07,True,False
6530,POL006530,20250102,2939,6,31,3,Renewal,325751.46,30577.79,2025-01-02,2026-01-02,True,False
6531,POL006531,20240714,1532,8,6,1,New Business,229523.75,12204.73,2024-07-14,2025-07-14,False,False
6532,POL006532,20240807,2971,1,11,1,Cancellation,49096.11,1330.04,2024-08-07,2025-08-07,False,True
6533,POL006533,20250501,124,6,7,5,New Business,542289.31,32484.14,2025-05-01,2026-05-01,False,False
6534,POL006534,20230131,1446,8,4,5,Renewal,80519.07,4587.39,2023-01-31,2024-01-31,True,False
6535,POL006535,20240623,1439,8,7,5,Renewal,68249.07,3526.76,2024-06-23,2025-06-23,True,False
6536,POL006536,20250913,2586,6,15,3,New Business,243588.03,28013.26,2025-09-13,2026-09-13,False,False
6537,POL006537,20250404,2013,2,10,4,New Business,32833.38,2175.53,2025-04-04,2026-04-04,False,False
6538,POL006538,20240520,375,1,24,1,Renewal,36425.94,2318.75,2024-05-20,2025-05-20,True,False
6539,POL006539,20231110,1412,9,15,3,New Business,475381.5,27425.91,2023-11-10,2024-11-09,False,False
6540,POL006540,20241128,376,7,26,1,New Business,721725.68,42252.76,2024-11-28,2025-11-28,False,False
6541,POL006541,20240405,2375,6,2,3,Renewal,496719.9,34090.79,2024-04-05,2025-04-05,True,False
6542,POL006542,20240623,357,7,21,3,Renewal,249380.45,14888.18,2024-06-23,2025-06-23,True,False
6543,POL006543,20260330,2711,2,13,3,New Business,29210.13,1524.42,2026-03-30,2027-03-30,False,False
6544,POL006544,20231019,1440,3,6,1,Renewal,53728.41,5075.62,2023-10-19,2024-10-18,True,False
6545,POL006545,20240908,1123,9,37,3,New Business,213841.89,19446.99,2024-09-08,2025-09-08,False,False
6546,POL006546,20241220,251,3,34,2,Renewal,59566.66,3871.36,2024-12-20,2025-12-20,True,False
6547,POL006547,20251218,1020,9,19,5,Renewal,219672.2,19039.81,2025-12-18,2026-12-18,True,False
6548,POL006548,20240815,386,6,28,4,Renewal,359609.71,36955.26,2024-08-15,2025-08-15,True,False
6549,POL006549,20230630,2011,8,19,5,New Business,201581.62,13083.93,2023-06-30,2024-06-29,False,False
6550,POL006550,20250126,1235,2,9,5,Renewal,8878.92,852.72,2025-01-26,2026-01-26,True,False
6551,POL006551,20250616,968,2,20,4,Renewal,18854.75,2274.35,2025-06-16,2026-06-16,True,False
6552,POL006552,20220401,2615,6,12,2,Renewal,358183.83,29781.17,2022-04-01,2023-04-01,True,False
6553,POL006553,20260718,692,3,36,5,Renewal,21499.47,2533.47,2026-07-18,2027-07-18,True,False
6554,POL006554,20231214,1085,2,34,2,Renewal,25494.51,2034.43,2023-12-14,2024-12-13,True,False
6555,POL006555,20260217,843,3,15,3,New Business,137418.38,7196.21,2026-02-17,2027-02-17,False,False
6556,POL006556,20240404,394,2,9,5,Renewal,33196.33,1710.1,2024-04-04,2025-04-04,True,False
6557,POL006557,20251011,1905,4,26,1,Cancellation,139117.74,1348.92,2025-10-11,2026-10-11,False,True
6558,POL006558,20250219,2552,8,29,3,Cancellation,42334.5,577.44,2025-02-19,2026-02-19,False,True
6559,POL006559,20260322,1743,9,22,5,Renewal,63179.45,3471.9,2026-03-22,2027-03-22,True,False
6560,POL006560,20250126,1643,1,40,4,New Business,39730.85,2260.09,2025-01-26,2026-01-26,False,False
6561,POL006561,20260111,471,9,27,1,Renewal,231538.65,26316.08,2026-01-11,2027-01-11,True,False
6562,POL006562,20260423,1890,2,7,5,New Business,23032.46,1417.2,2026-04-23,2027-04-23,False,False
6563,POL006563,20250831,2267,1,20,4,New Business,51869.24,3301.93,2025-08-31,2026-08-31,False,False
6564,POL006564,20260302,2565,1,21,3,New Business,52670.71,6364.19,2026-03-02,2027-03-02,False,False
6565,POL006565,20240707,1801,8,17,3,Renewal,102029.43,6179.59,2024-07-07,2025-07-07,True,False
6566,POL006566,20230512,1986,9,27,1,New Business,70382.81,4882.21,2023-05-12,2024-05-11,False,False
6567,POL006567,20231024,472,3,15,3,Renewal,99824.87,9077.71,2023-10-24,2024-10-23,True,False
6568,POL006568,20240627,1785,1,3,2,Renewal,143713.24,8318.52,2024-06-27,2025-06-27,True,False
6569,POL006569,20251214,2485,1,19,5,Renewal,42902.93,2742.02,2025-12-14,2026-12-14,True,False
6570,POL006570,20230921,523,8,17,3,New Business,85184.02,7444.04,2023-09-21,2024-09-20,False,False
6571,POL006571,20250303,2217,9,35,4,New Business,249942.53,13531.02,2025-03-03,2026-03-03,False,False
6572,POL006572,20231018,1494,6,16,4,New Business,302163.8,21822.5,2023-10-18,2024-10-17,False,False
6573,POL006573,20230506,1446,6,20,4,New Business,700976.07,39627.94,2023-05-06,2024-05-05,False,False
6574,POL006574,20250628,2641,1,38,1,Renewal,59494.2,7090.04,2025-06-28,2026-06-28,True,False
6575,POL006575,20241228,2759,1,30,3,Renewal,124353.69,8392.03,2024-12-28,2025-12-28,True,False
6576,POL006576,20230914,326,6,11,1,Renewal,484800.12,34438.34,2023-09-14,2024-09-13,True,False
6577,POL006577,20251008,1284,5,34,2,New Business,1811801.62,123078.99,2025-10-08,2026-10-08,False,False
6578,POL006578,20230730,34,8,7,5,New Business,64019.79,4673.69,2023-07-30,2024-07-29,False,False
6579,POL006579,20231017,1813,1,32,1,Renewal,34690.78,1828.3,2023-10-17,2024-10-16,True,False
6580,POL006580,20230803,2056,2,22,5,New Business,11687.44,649.1,2023-08-03,2024-08-02,False,False
6581,POL006581,20241108,2420,1,7,5,Renewal,47445.79,4168.71,2024-11-08,2025-11-08,True,False
6582,POL006582,20230601,1034,3,1,1,Cancellation,46308.09,1132.03,2023-06-01,2024-05-31,False,True
6583,POL006583,20241021,2204,8,39,1,Renewal,99312.7,9932.37,2024-10-21,2025-10-21,True,False
6584,POL006584,20230623,1649,5,17,3,Renewal,2565073.89,168088.45,2023-06-23,2024-06-22,True,False
6585,POL006585,20260409,1335,7,36,5,Renewal,134590.03,16031.71,2026-04-09,2027-04-09,True,False
6586,POL006586,20241201,1004,6,30,3,Renewal,434530.86,36627.77,2024-12-01,2025-12-01,True,False
6587,POL006587,20230401,2622,8,21,3,Renewal,75833.15,3870.21,2023-04-01,2024-03-31,True,False
6588,POL006588,20240710,691,3,16,4,Renewal,122412.93,9701.45,2024-07-10,2025-07-10,True,False
6589,POL006589,20231225,1696,2,3,2,Cancellation,32010.25,617.19,2023-12-25,2024-12-24,False,True
6590,POL006590,20250909,2741,4,8,5,Renewal,323910.99,18809.22,2025-09-09,2026-09-09,True,False
6591,POL006591,20240920,29,3,16,4,New Business,68034.03,5676.05,2024-09-20,2025-09-20,False,False
6592,POL006592,20250522,2204,1,10,4,Renewal,19367.05,1516.9,2025-05-22,2026-05-22,True,False
6593,POL006593,20230809,1963,3,11,1,Renewal,126896.57,7997.13,2023-08-09,2024-08-08,True,False
6594,POL006594,20260604,210,5,13,3,New Business,1882739.34,212829.15,2026-06-04,2027-06-04,False,False
6595,POL006595,20250402,2222,9,5,4,Renewal,149297.36,11406.13,2025-04-02,2026-04-02,True,False
6596,POL006596,20260311,682,6,14,2,Renewal,515999.17,34208.81,2026-03-11,2027-03-11,True,False
6597,POL006597,20250815,2653,2,26,1,New Business,23314.51,1880.91,2025-08-15,2026-08-15,False,False
6598,POL006598,20251207,2855,1,5,4,Cancellation,152345.01,993.06,2025-12-07,2026-12-07,False,True
6599,POL006599,20260503,2782,1,9,5,Renewal,14780.42,1538.17,2026-05-03,2027-05-03,True,False
6600,POL006600,20260605,2845,6,39,1,New Business,439309.74,24600.07,2026-06-05,2027-06-05,False,False
6601,POL006601,20250320,2289,1,27,1,New Business,81800.1,5658.85,2025-03-20,2026-03-20,False,False
6602,POL006602,20251211,1255,8,38,1,New Business,261043.32,14046.44,2025-12-11,2026-12-11,False,False
6603,POL006603,20251115,2387,1,35,4,Renewal,49215.17,3103.08,2025-11-15,2026-11-15,True,False
6604,POL006604,20240803,1439,4,39,1,New Business,320060.68,20901.92,2024-08-03,2025-08-03,False,False
6605,POL006605,20240708,941,7,16,4,New Business,1416649.65,77879.97,2024-07-08,2025-07-08,False,False
6606,POL006606,20241013,1866,3,10,4,Renewal,156915.13,9935.42,2024-10-13,2025-10-13,True,False
6607,POL006607,20220603,2683,1,14,2,Renewal,51328.32,2884.83,2022-06-03,2023-06-03,True,False
6608,POL006608,20240203,1781,1,6,1,Renewal,47401.03,5696.6,2024-02-03,2025-02-02,True,False
6609,POL006609,20260520,2274,2,32,1,New Business,12823.98,1559.6,2026-05-20,2027-05-20,False,False
6610,POL006610,20220415,2405,5,27,1,New Business,2307145.36,138693.07,2022-04-15,2023-04-15,False,False
6611,POL006611,20250202,234,4,40,4,New Business,204664.77,15571.97,2025-02-02,2026-02-02,False,False
6612,POL006612,20251225,2570,4,11,1,Renewal,66472.57,6488.15,2025-12-25,2026-12-25,True,False
6613,POL006613,20240727,2081,4,40,4,Renewal,328147.13,20160.57,2024-07-27,2025-07-27,True,False
6614,POL006614,20230731,1079,1,35,4,New Business,73999.93,8359.31,2023-07-31,2024-07-30,False,False
6615,POL006615,20250207,496,9,31,3,Renewal,187416.59,13235.75,2025-02-07,2026-02-07,True,False
6616,POL006616,20230708,2114,2,20,4,Renewal,29678.76,2150.05,2023-07-08,2024-07-07,True,False
6617,POL006617,20230907,176,4,3,2,Renewal,132548.73,13134.4,2023-09-07,2024-09-06,True,False
6618,POL006618,20241224,2117,1,26,1,New Business,102710.96,7092.91,2024-12-24,2025-12-24,False,False
6619,POL006619,20230125,2021,1,12,2,Cancellation,31049.19,655.51,2023-01-25,2024-01-25,False,True
6620,POL006620,20241231,1457,6,30,3,Renewal,212421.23,23697.14,2024-12-31,2025-12-31,True,False
6621,POL006621,20251219,1169,8,14,2,Cancellation,129360.65,4861.18,2025-12-19,2026-12-19,False,True
6622,POL006622,20230121,2809,3,10,4,Renewal,71006.41,4609.94,2023-01-21,2024-01-21,True,False
6623,POL006623,20230220,2857,2,24,1,Renewal,23681.6,1813.29,2023-02-20,2024-02-20,True,False
6624,POL006624,20230225,2817,1,36,5,New Business,110591.85,6207.65,2023-02-25,2024-02-25,False,False
6625,POL006625,20251204,6,6,7,5,New Business,218707.71,13807.53,2025-12-04,2026-12-04,False,False
6626,POL006626,20231215,865,1,25,2,Renewal,63400.97,5621.46,2023-12-15,2024-12-14,True,False
6627,POL006627,20250806,2543,1,19,5,Renewal,51531.47,3192.66,2025-08-06,2026-08-06,True,False
6628,POL006628,20251113,1413,1,8,5,Renewal,51043.57,6021.11,2025-11-13,2026-11-13,True,False
6629,POL006629,20230323,1837,8,9,5,New Business,17143.4,1526.33,2023-03-23,2024-03-22,False,False
6630,POL006630,20231215,2546,3,24,1,Renewal,131750.23,9633.36,2023-12-15,2024-12-14,True,False
6631,POL006631,20250807,653,3,19,5,Renewal,84616.91,6125.99,2025-08-07,2026-08-07,True,False
6632,POL006632,20230428,995,3,4,5,Cancellation,112044.41,2078.07,2023-04-28,2024-04-27,False,True
6633,POL006633,20241012,2198,1,39,1,New Business,103878.65,6738.51,2024-10-12,2025-10-12,False,False
6634,POL006634,20241124,2763,8,4,5,New Business,80963.14,4970.26,2024-11-24,2025-11-24,False,False
6635,POL006635,20241002,1094,2,30,3,New Business,20660.55,1198.14,2024-10-02,2025-10-02,False,False
6636,POL006636,20251117,59,1,17,3,Renewal,63925.14,6648.22,2025-11-17,2026-11-17,True,False
6637,POL006637,20250824,643,6,13,3,New Business,625437.34,36002.97,2025-08-24,2026-08-24,False,False
6638,POL006638,20260804,1411,4,30,3,New Business,489496.62,24710.76,2026-08-04,2027-08-04,False,False
6639,POL006639,20231113,2275,8,12,2,Cancellation,150960.46,2399.35,2023-11-13,2024-11-12,False,True
6640,POL006640,20240210,1475,9,23,3,New Business,356107.03,29719.28,2024-02-10,2025-02-09,False,False
6641,POL006641,20240324,1327,2,25,2,Renewal,19529.65,1585.06,2024-03-24,2025-03-24,True,False
6642,POL006642,20250905,1746,6,25,2,New Business,532251.79,27137.84,2025-09-05,2026-09-05,False,False
6643,POL006643,20221104,688,3,26,1,New Business,154453.9,7848.85,2022-11-04,2023-11-04,False,False
6644,POL006644,20230118,919,3,3,2,New Business,120016.79,11872.24,2023-01-18,2024-01-18,False,False
6645,POL006645,20250303,1660,2,17,3,New Business,11674.4,1062.09,2025-03-03,2026-03-03,False,False
6646,POL006646,20250105,2547,2,33,2,New Business,33992.02,2263.18,2025-01-05,2026-01-05,False,False
6647,POL006647,20260606,2084,5,19,5,New Business,559881.86,69355.52,2026-06-06,2027-06-06,False,False
6648,POL006648,20230307,2824,8,20,4,New Business,97695.49,8177.21,2023-03-07,2024-03-06,False,False
6649,POL006649,20250221,869,7,13,3,Renewal,334225.14,25457.42,2025-02-21,2026-02-21,True,False
6650,POL006650,20251025,2658,8,7,5,Renewal,208083.9,14580.99,2025-10-25,2026-10-25,True,False
6651,POL006651,20241015,2656,4,8,5,New Business,110773.05,7038.01,2024-10-15,2025-10-15,False,False
6652,POL006652,20250808,1491,8,40,4,New Business,39885.66,2701.15,2025-08-08,2026-08-08,False,False
6653,POL006653,20240426,2355,1,34,2,Cancellation,139160.73,1942.39,2024-04-26,2025-04-26,False,True
6654,POL006654,20260318,622,9,19,5,New Business,351255.15,21935.9,2026-03-18,2027-03-18,False,False
6655,POL006655,20230213,1893,3,6,1,New Business,90468.97,11210.94,2023-02-13,2024-02-13,False,False
6656,POL006656,20240625,2841,1,25,2,Renewal,44071.07,2532.05,2024-06-25,2025-06-25,True,False
6657,POL006657,20240430,794,2,25,2,New Business,23473.48,2101.83,2024-04-30,2025-04-30,False,False
6658,POL006658,20221117,11,5,38,1,Renewal,2000185.98,131216.72,2022-11-17,2023-11-17,True,False
6659,POL006659,20250912,1058,3,15,3,Renewal,31024.54,2084.8,2025-09-12,2026-09-12,True,False
6660,POL006660,20250807,1036,1,39,1,New Business,26204.34,1676.5,2025-08-07,2026-08-07,False,False
6661,POL006661,20260117,1600,7,34,2,Renewal,801983.35,76040.34,2026-01-17,2027-01-17,True,False
6662,POL006662,20221018,334,3,26,1,Renewal,61090.0,6721.92,2022-10-18,2023-10-18,True,False
6663,POL006663,20260131,2726,9,31,3,Renewal,197038.72,15641.48,2026-01-31,2027-01-31,True,False
6664,POL006664,20260223,1296,9,34,2,Renewal,387311.96,26755.45,2026-02-23,2027-02-23,True,False
6665,POL006665,20260311,2533,1,27,1,Renewal,48894.09,4913.6,2026-03-11,2027-03-11,True,False
6666,POL006666,20230722,2844,1,29,3,Renewal,29218.14,1735.8,2023-07-22,2024-07-21,True,False
6667,POL006667,20260817,114,5,21,3,New Business,1090533.19,124242.76,2026-08-17,2027-08-17,False,False
6668,POL006668,20260616,82,9,24,1,New Business,143250.21,7892.25,2026-06-16,2027-06-16,False,False
6669,POL006669,20240610,574,2,35,4,Renewal,28358.29,2439.65,2024-06-10,2025-06-10,True,False
6670,POL006670,20241005,1505,2,35,4,Renewal,23112.6,1196.97,2024-10-05,2025-10-05,True,False
6671,POL006671,20250818,1315,3,24,1,Renewal,173769.76,9611.32,2025-08-18,2026-08-18,True,False
6672,POL006672,20230312,1703,5,34,2,New Business,215332.83,25583.34,2023-03-12,2024-03-11,False,False
6673,POL006673,20240714,1848,3,14,2,New Business,132789.44,9323.4,2024-07-14,2025-07-14,False,False
6674,POL006674,20250225,1428,6,38,1,Cancellation,324399.65,16318.27,2025-02-25,2026-02-25,False,True
6675,POL006675,20250422,1072,7,21,3,Renewal,149780.11,14875.17,2025-04-22,2026-04-22,True,False
6676,POL006676,20260424,1515,1,34,2,New Business,78180.45,4601.63,2026-04-24,2027-04-24,False,False
6677,POL006677,20240818,1308,2,32,1,New Business,18118.24,1965.21,2024-08-18,2025-08-18,False,False
6678,POL006678,20260310,734,2,30,3,New Business,14772.54,1407.99,2026-03-10,2027-03-10,False,False
6679,POL006679,20250330,1160,1,39,1,New Business,40235.47,2252.9,2025-03-30,2026-03-30,False,False
6680,POL006680,20260402,2031,1,4,5,New Business,51061.01,5552.76,2026-04-02,2027-04-02,False,False
6681,POL006681,20240205,137,1,9,5,Renewal,34566.35,3887.7,2024-02-05,2025-02-04,True,False
6682,POL006682,20231210,12,9,32,1,New Business,531626.47,29592.37,2023-12-10,2024-12-09,False,False
6683,POL006683,20240328,851,1,18,1,Renewal,44836.5,5587.3,2024-03-28,2025-03-28,True,False
6684,POL006684,20260616,1538,5,14,2,New Business,1005907.08,81123.61,2026-06-16,2027-06-16,False,False
6685,POL006685,20250627,2910,1,26,1,Renewal,37539.42,2484.57,2025-06-27,2026-06-27,True,False
6686,POL006686,20251019,2029,4,3,2,Renewal,192095.25,16049.01,2025-10-19,2026-10-19,True,False
6687,POL006687,20250311,2954,1,6,1,New Business,33733.77,2151.67,2025-03-11,2026-03-11,False,False
6688,POL006688,20260401,1438,6,7,5,Renewal,289581.61,18333.23,2026-04-01,2027-04-01,True,False
6689,POL006689,20230728,2079,6,24,1,New Business,120399.31,7182.59,2023-07-28,2024-07-27,False,False
6690,POL006690,20250708,1278,8,35,4,New Business,181025.67,14297.31,2025-07-08,2026-07-08,False,False
6691,POL006691,20240915,581,5,16,4,New Business,1074058.38,67714.14,2024-09-15,2025-09-15,False,False
6692,POL006692,20220420,691,1,17,3,New Business,53489.68,4519.74,2022-04-20,2023-04-20,False,False
6693,POL006693,20240725,1476,6,16,4,New Business,356013.84,27668.16,2024-07-25,2025-07-25,False,False
6694,POL006694,20220327,475,1,15,3,Renewal,44746.4,5557.72,2022-03-27,2023-03-27,True,False
6695,POL006695,20251117,2175,2,39,1,New Business,29405.62,2378.04,2025-11-17,2026-11-17,False,False
6696,POL006696,20231025,805,5,18,1,New Business,3086340.56,222010.51,2023-10-25,2024-10-24,False,False
6697,POL006697,20240105,1716,7,36,5,Renewal,934835.34,47303.47,2024-01-05,2025-01-04,True,False
6698,POL006698,20240823,897,6,22,5,New Business,300471.6,24443.45,2024-08-23,2025-08-23,False,False
6699,POL006699,20240210,1519,1,38,1,Renewal,47959.69,3351.53,2024-02-10,2025-02-09,True,False
6700,POL006700,20230801,1068,1,14,2,Renewal,31383.15,1810.4,2023-08-01,2024-07-31,True,False
6701,POL006701,20260610,1596,2,38,1,Renewal,12980.14,1522.5,2026-06-10,2027-06-10,True,False
6702,POL006702,20240313,1473,2,32,1,Renewal,24607.89,2343.16,2024-03-13,2025-03-13,True,False
6703,POL006703,20250213,830,8,34,2,New Business,92420.68,5968.41,2025-02-13,2026-02-13,False,False
6704,POL006704,20240320,516,6,26,1,Renewal,232290.88,28994.21,2024-03-20,2025-03-20,True,False
6705,POL006705,20260729,42,6,20,4,New Business,482986.63,25947.84,2026-07-29,2027-07-29,False,False
6706,POL006706,20220704,421,2,30,3,Renewal,11224.22,1371.11,2022-07-04,2023-07-04,True,False
6707,POL006707,20230907,1605,2,23,3,Renewal,11324.66,798.08,2023-09-07,2024-09-06,True,False
6708,POL006708,20230407,2597,7,3,2,Renewal,299879.88,25249.01,2023-04-07,2024-04-06,True,False
6709,POL006709,20260515,2420,9,32,1,Renewal,400980.11,23608.29,2026-05-15,2027-05-15,True,False
6710,POL006710,20230713,671,6,13,3,New Business,193731.54,19030.27,2023-07-13,2024-07-12,False,False
6711,POL006711,20250307,75,1,4,5,New Business,119955.09,7367.16,2025-03-07,2026-03-07,False,False
6712,POL006712,20260417,153,4,28,4,Renewal,173495.79,12727.11,2026-04-17,2027-04-17,True,False
6713,POL006713,20241130,1009,8,25,2,Renewal,56479.54,4676.01,2024-11-30,2025-11-30,True,False
6714,POL006714,20251109,2752,1,6,1,Renewal,47970.97,2424.67,2025-11-09,2026-11-09,True,False
6715,POL006715,20260523,203,1,10,4,Renewal,72020.01,7739.32,2026-05-23,2027-05-23,True,False
6716,POL006716,20250822,886,8,11,1,Renewal,167783.95,10387.87,2025-08-22,2026-08-22,True,False
6717,POL006717,20250927,495,9,18,1,New Business,269614.35,15622.96,2025-09-27,2026-09-27,False,False
6718,POL006718,20240409,1352,5,20,4,New Business,2395100.61,215097.11,2024-04-09,2025-04-09,False,False
6719,POL006719,20241202,700,4,19,5,New Business,150246.53,15356.41,2024-12-02,2025-12-02,False,False
6720,POL006720,20251017,2878,6,4,5,New Business,251179.2,27426.96,2025-10-17,2026-10-17,False,False
6721,POL006721,20220301,2157,1,39,1,New Business,128237.37,8059.4,2022-03-01,2023-03-01,False,False
6722,POL006722,20240829,2713,1,16,4,New Business,129682.98,8266.21,2024-08-29,2025-08-29,False,False
6723,POL006723,20250407,2324,8,7,5,Renewal,79297.65,7342.36,2025-04-07,2026-04-07,True,False
6724,POL006724,20250429,663,1,39,1,New Business,89308.3,7106.24,2025-04-29,2026-04-29,False,False
6725,POL006725,20260107,1986,5,27,1,New Business,187411.52,16485.69,2026-01-07,2027-01-07,False,False
6726,POL006726,20250329,2128,6,18,1,New Business,213721.45,15421.9,2025-03-29,2026-03-29,False,False
6727,POL006727,20260711,230,2,35,4,Renewal,43648.84,2324.35,2026-07-11,2027-07-11,True,False
6728,POL006728,20240111,1861,4,30,3,Renewal,263846.55,21355.77,2024-01-11,2025-01-10,True,False
6729,POL006729,20251216,1127,2,1,1,Renewal,7019.37,877.07,2025-12-16,2026-12-16,True,False
6730,POL006730,20250625,2448,3,4,5,New Business,92853.71,4951.28,2025-06-25,2026-06-25,False,False
6731,POL006731,20240220,225,1,9,5,Renewal,50004.38,4877.4,2024-02-20,2025-02-19,True,False
6732,POL006732,20240229,1370,1,28,4,Renewal,44084.76,2641.64,2024-02-29,2025-02-28,True,False
6733,POL006733,20230910,2007,3,13,3,Renewal,174303.93,11579.81,2023-09-10,2024-09-09,True,False
6734,POL006734,20221112,2451,2,35,4,Renewal,10158.61,615.96,2022-11-12,2023-11-12,True,False
6735,POL006735,20250406,801,8,35,4,Renewal,67592.36,6634.73,2025-04-06,2026-04-06,True,False
6736,POL006736,20250311,2059,2,10,4,New Business,27439.79,2080.96,2025-03-11,2026-03-11,False,False
6737,POL006737,20260810,679,4,12,2,Cancellation,137442.18,3743.05,2026-08-10,2027-08-10,False,True
6738,POL006738,20251230,2953,1,6,1,New Business,113903.42,5912.23,2025-12-30,2026-12-30,False,False
6739,POL006739,20231004,2957,2,11,1,New Business,13729.98,902.3,2023-10-04,2024-10-03,False,False
6740,POL006740,20230701,593,1,32,1,Renewal,76164.85,4413.58,2023-07-01,2024-06-30,True,False
6741,POL006741,20230729,1194,8,3,2,Renewal,141319.9,8697.0,2023-07-29,2024-07-28,True,False
6742,POL006742,20250101,1226,9,5,4,New Business,153429.56,12721.42,2025-01-01,2026-01-01,False,False
6743,POL006743,20230701,2418,1,10,4,New Business,52603.39,4229.87,2023-07-01,2024-06-30,False,False
6744,POL006744,20251218,108,3,34,2,Renewal,127282.66,8086.43,2025-12-18,2026-12-18,True,False
6745,POL006745,20240128,2893,1,15,3,Cancellation,125502.83,2102.64,2024-01-28,2025-01-27,False,True
6746,POL006746,20251001,641,1,40,4,Renewal,32669.37,3153.6,2025-10-01,2026-10-01,True,False
6747,POL006747,20240901,1141,9,8,5,New Business,44315.9,4277.18,2024-09-01,2025-09-01,False,False
6748,POL006748,20230109,2980,2,15,3,New Business,14896.65,1044.1,2023-01-09,2024-01-09,False,False
6749,POL006749,20260102,2386,3,24,1,Renewal,104702.1,11690.41,2026-01-02,2027-01-02,True,False
6750,POL006750,20231130,2497,8,2,3,New Business,165232.29,9634.91,2023-11-30,2024-11-29,False,False
6751,POL006751,20250401,1098,4,22,5,Renewal,228137.07,18492.25,2025-04-01,2026-04-01,True,False
6752,POL006752,20241002,2084,2,12,2,New Business,13581.77,718.25,2024-10-02,2025-10-02,False,False
6753,POL006753,20260307,746,1,13,3,New Business,24720.56,1793.34,2026-03-07,2027-03-07,False,False
6754,POL006754,20240411,287,4,36,5,Renewal,402872.12,22683.41,2024-04-11,2025-04-11,True,False
6755,POL006755,20221112,1221,3,26,1,Renewal,104464.75,9146.29,2022-11-12,2023-11-12,True,False
6756,POL006756,20240828,1434,6,11,1,Renewal,314608.5,34287.18,2024-08-28,2025-08-28,True,False
6757,POL006757,20240523,1503,4,25,2,Renewal,123767.97,14567.66,2024-05-23,2025-05-23,True,False
6758,POL006758,20231127,1561,5,37,3,New Business,1224651.38,67808.04,2023-11-27,2024-11-26,False,False
6759,POL006759,20250809,2706,3,1,1,Renewal,85836.52,7155.86,2025-08-09,2026-08-09,True,False
6760,POL006760,20260209,2799,1,24,1,Renewal,78908.54,5051.22,2026-02-09,2027-02-09,True,False
6761,POL006761,20250915,2564,6,7,5,Renewal,625398.42,36892.43,2025-09-15,2026-09-15,True,False
6762,POL006762,20221228,1508,1,23,3,Renewal,33503.16,3305.6,2022-12-28,2023-12-28,True,False
6763,POL006763,20240314,294,2,10,4,Renewal,13747.6,1065.88,2024-03-14,2025-03-14,True,False
6764,POL006764,20220701,2642,3,33,2,New Business,43366.61,2750.23,2022-07-01,2023-07-01,False,False
6765,POL006765,20230304,1087,4,4,5,Renewal,95648.2,6453.52,2023-03-04,2024-03-03,True,False
6766,POL006766,20240718,146,2,16,4,New Business,13954.19,781.4,2024-07-18,2025-07-18,False,False
6767,POL006767,20260119,1184,1,21,3,Renewal,94153.5,4769.45,2026-01-19,2027-01-19,True,False
6768,POL006768,20240427,1762,1,21,3,New Business,47434.77,2837.41,2024-04-27,2025-04-27,False,False
6769,POL006769,20230710,1672,1,5,4,New Business,63669.36,5979.54,2023-07-10,2024-07-09,False,False
6770,POL006770,20240217,2849,8,14,2,Renewal,135736.75,11178.41,2024-02-17,2025-02-16,True,False
6771,POL006771,20230706,2914,8,18,1,New Business,37568.27,3980.89,2023-07-06,2024-07-05,False,False
6772,POL006772,20240925,1373,4,27,1,Renewal,83438.8,5278.75,2024-09-25,2025-09-25,True,False
6773,POL006773,20240731,1496,1,16,4,Renewal,160865.55,8301.31,2024-07-31,2025-07-31,True,False
6774,POL006774,20251127,764,7,11,1,Cancellation,96723.23,5145.86,2025-11-27,2026-11-27,False,True
6775,POL006775,20241113,2403,2,29,3,New Business,26581.89,1822.14,2024-11-13,2025-11-13,False,False
6776,POL006776,20241109,1796,1,25,2,New Business,15976.99,1604.13,2024-11-09,2025-11-09,False,False
6777,POL006777,20241124,954,2,3,2,Renewal,38693.24,2432.23,2024-11-24,2025-11-24,True,False
6778,POL006778,20231016,2148,1,6,1,Renewal,29600.06,1763.92,2023-10-16,2024-10-15,True,False
6779,POL006779,20250503,448,6,9,5,New Business,288795.42,15980.52,2025-05-03,2026-05-03,False,False
6780,POL006780,20260220,38,2,24,1,New Business,30017.46,1914.13,2026-02-20,2027-02-20,False,False
6781,POL006781,20241110,430,9,8,5,Renewal,50849.68,3687.86,2024-11-10,2025-11-10,True,False
6782,POL006782,20230214,2675,6,2,3,New Business,112053.64,10118.51,2023-02-14,2024-02-14,False,False
6783,POL006783,20241104,224,1,4,5,Renewal,49649.47,3030.44,2024-11-04,2025-11-04,True,False
6784,POL006784,20220604,2999,6,19,5,Cancellation,332796.56,3811.01,2022-06-04,2023-06-04,False,True
6785,POL006785,20260803,852,4,2,3,Renewal,234705.74,18094.68,2026-08-03,2027-08-03,True,False
6786,POL006786,20240226,1086,1,6,1,New Business,21724.78,2494.82,2024-02-26,2025-02-25,False,False
6787,POL006787,20231014,1125,1,14,2,New Business,106427.3,6044.06,2023-10-14,2024-10-13,False,False
6788,POL006788,20231004,39,2,14,2,New Business,39395.52,2354.04,2023-10-04,2024-10-03,False,False
6789,POL006789,20240126,2252,3,21,3,New Business,100177.79,7716.03,2024-01-26,2025-01-25,False,False
6790,POL006790,20250324,1823,7,23,3,Renewal,761430.26,67940.66,2025-03-24,2026-03-24,True,False
6791,POL006791,20240423,934,1,23,3,Cancellation,104074.11,959.59,2024-04-23,2025-04-23,False,True
6792,POL006792,20250401,1089,2,9,5,Cancellation,29660.6,959.07,2025-04-01,2026-04-01,False,True
6793,POL006793,20221229,944,1,35,4,New Business,66181.43,7149.64,2022-12-29,2023-12-29,False,False
6794,POL006794,20240709,482,2,6,1,Cancellation,32067.96,1292.39,2024-07-09,2025-07-09,False,True
6795,POL006795,20250227,395,3,17,3,New Business,67926.96,5461.5,2025-02-27,2026-02-27,False,False
6796,POL006796,20241027,459,1,3,2,New Business,32642.32,2070.44,2024-10-27,2025-10-27,False,False
6797,POL006797,20241021,1334,3,1,1,Renewal,50436.51,2593.76,2024-10-21,2025-10-21,True,False
6798,POL006798,20260428,766,8,21,3,New Business,130037.68,13749.2,2026-04-28,2027-04-28,False,False
6799,POL006799,20241013,2035,6,13,3,Renewal,52328.04,5884.46,2024-10-13,2025-10-13,True,False
6800,POL006800,20240214,1797,1,10,4,New Business,54987.21,6560.08,2024-02-14,2025-02-13,False,False
6801,POL006801,20240324,1255,5,21,3,Renewal,3295221.21,194163.41,2024-03-24,2025-03-24,True,False
6802,POL006802,20240905,82,2,36,5,Renewal,11916.77,716.56,2024-09-05,2025-09-05,True,False
6803,POL006803,20250622,2498,1,28,4,Renewal,46060.96,4828.22,2025-06-22,2026-06-22,True,False
6804,POL006804,20221129,944,7,16,4,New Business,281206.67,30600.49,2022-11-29,2023-11-29,False,False
6805,POL006805,20230609,2386,1,40,4,Renewal,29283.04,1684.32,2023-06-09,2024-06-08,True,False
6806,POL006806,20251005,2420,8,7,5,Cancellation,87342.96,1243.89,2025-10-05,2026-10-05,False,True
6807,POL006807,20241223,2438,1,40,4,Renewal,54535.4,5819.49,2024-12-23,2025-12-23,True,False
6808,POL006808,20260810,2558,8,29,3,Cancellation,62231.73,3307.14,2026-08-10,2027-08-10,False,True
6809,POL006809,20241026,2871,1,12,2,Renewal,24713.79,1848.51,2024-10-26,2025-10-26,True,False
6810,POL006810,20251012,315,8,22,5,Renewal,223642.27,12179.13,2025-10-12,2026-10-12,True,False
6811,POL006811,20250304,615,1,23,3,New Business,30306.99,2942.25,2025-03-04,2026-03-04,False,False
6812,POL006812,20260411,181,6,10,4,New Business,228945.53,20575.33,2026-04-11,2027-04-11,False,False
6813,POL006813,20250927,995,1,35,4,Cancellation,73487.03,2213.25,2025-09-27,2026-09-27,False,True
6814,POL006814,20231117,1792,2,18,1,Renewal,28326.32,1527.46,2023-11-17,2024-11-16,True,False
6815,POL006815,20230801,288,1,11,1,Renewal,81294.48,4851.93,2023-08-01,2024-07-31,True,False
6816,POL006816,20251121,1919,6,10,4,Renewal,210891.55,20538.1,2025-11-21,2026-11-21,True,False
6817,POL006817,20250402,2019,6,31,3,Renewal,104137.92,7333.73,2025-04-02,2026-04-02,True,False
6818,POL006818,20251220,1866,6,30,3,Renewal,233951.38,28744.95,2025-12-20,2026-12-20,True,False
6819,POL006819,20231214,2832,1,9,5,New Business,75354.52,8715.84,2023-12-14,2024-12-13,False,False
6820,POL006820,20250529,914,4,23,3,New Business,242274.5,14831.27,2025-05-29,2026-05-29,False,False
6821,POL006821,20250323,783,8,7,5,Cancellation,29341.1,412.67,2025-03-23,2026-03-23,False,True
6822,POL006822,20240623,2752,4,16,4,Renewal,99813.48,7906.56,2024-06-23,2025-06-23,True,False
6823,POL006823,20231225,1587,8,11,1,New Business,58019.19,4344.51,2023-12-25,2024-12-24,False,False
6824,POL006824,20251027,619,9,38,1,Renewal,356280.16,29927.68,2025-10-27,2026-10-27,True,False
6825,POL006825,20260331,576,1,25,2,Renewal,41488.33,2244.26,2026-03-31,2027-03-31,True,False
6826,POL006826,20220813,2794,1,36,5,Cancellation,73713.23,2225.91,2022-08-13,2023-08-13,False,True
6827,POL006827,20251027,359,7,2,3,Renewal,63878.64,7965.17,2025-10-27,2026-10-27,True,False
6828,POL006828,20251230,111,1,37,3,New Business,125501.53,7911.88,2025-12-30,2026-12-30,False,False
6829,POL006829,20251012,1956,9,26,1,Renewal,196115.86,18508.06,2025-10-12,2026-10-12,True,False
6830,POL006830,20230425,2166,2,27,1,New Business,16026.41,907.93,2023-04-25,2024-04-24,False,False
6831,POL006831,20260203,2389,1,39,1,Renewal,65008.38,5347.3,2026-02-03,2027-02-03,True,False
6832,POL006832,20220219,2877,2,26,1,Renewal,25417.95,1826.17,2022-02-19,2023-02-19,True,False
6833,POL006833,20230115,2933,1,22,5,New Business,26535.82,1853.9,2023-01-15,2024-01-15,False,False
6834,POL006834,20230510,152,1,22,5,Renewal,48175.1,5612.19,2023-05-10,2024-05-09,True,False
6835,POL006835,20220903,2247,4,14,2,New Business,206058.16,13286.53,2022-09-03,2023-09-03,False,False
6836,POL006836,20221220,197,1,38,1,Renewal,34538.42,1923.78,2022-12-20,2023-12-20,True,False
6837,POL006837,20260518,1519,2,28,4,Cancellation,10812.6,127.95,2026-05-18,2027-05-18,False,True
6838,POL006838,20241118,1180,4,5,4,Renewal,153858.19,13817.54,2024-11-18,2025-11-18,True,False
6839,POL006839,20250212,1608,2,4,5,New Business,15877.97,968.76,2025-02-12,2026-02-12,False,False
6840,POL006840,20240606,2394,4,40,4,Cancellation,256827.73,2825.05,2024-06-06,2025-06-06,False,True
6841,POL006841,20251122,2582,1,33,2,New Business,87178.44,4642.32,2025-11-22,2026-11-22,False,False
6842,POL006842,20230724,2198,2,14,2,New Business,14752.01,1034.32,2023-07-24,2024-07-23,False,False
6843,POL006843,20240304,971,4,9,5,Renewal,124861.98,13684.87,2024-03-04,2025-03-04,True,False
6844,POL006844,20240601,2309,3,6,1,Cancellation,145271.56,2683.23,2024-06-01,2025-06-01,False,True
6845,POL006845,20251110,96,2,3,2,New Business,37430.87,2090.09,2025-11-10,2026-11-10,False,False
6846,POL006846,20240214,816,2,7,5,New Business,23110.98,1731.25,2024-02-14,2025-02-13,False,False
6847,POL006847,20240411,2724,5,9,5,Renewal,3437102.46,222472.88,2024-04-11,2025-04-11,True,False
6848,POL006848,20251229,2206,1,16,4,Renewal,81295.48,6389.17,2025-12-29,2026-12-29,True,False
6849,POL006849,20230120,2389,8,4,5,New Business,181929.18,13042.99,2023-01-20,2024-01-20,False,False
6850,POL006850,20260604,1811,4,24,1,Renewal,290285.36,21244.88,2026-06-04,2027-06-04,True,False
6851,POL006851,20230719,834,2,21,3,Cancellation,35480.37,426.16,2023-07-19,2024-07-18,False,True
6852,POL006852,20260701,2023,6,19,5,New Business,499396.72,25998.06,2026-07-01,2027-07-01,False,False
6853,POL006853,20230909,2123,3,7,5,New Business,119973.66,8888.04,2023-09-09,2024-09-08,False,False
6854,POL006854,20260409,2930,1,2,3,New Business,44418.18,3068.13,2026-04-09,2027-04-09,False,False
6855,POL006855,20250914,474,8,1,1,New Business,35258.63,3627.55,2025-09-14,2026-09-14,False,False
6856,POL006856,20240523,2060,8,10,4,Renewal,110179.86,9939.55,2024-05-23,2025-05-23,True,False
6857,POL006857,20250831,1659,1,1,1,Renewal,34006.99,2211.95,2025-08-31,2026-08-31,True,False
6858,POL006858,20250323,1424,4,32,1,Renewal,341721.64,23702.32,2025-03-23,2026-03-23,True,False
6859,POL006859,20250914,467,8,26,1,New Business,41827.4,2835.74,2025-09-14,2026-09-14,False,False
6860,POL006860,20250530,1624,3,17,3,New Business,95627.38,5100.25,2025-05-30,2026-05-30,False,False
6861,POL006861,20250811,915,1,38,1,New Business,41883.64,2608.48,2025-08-11,2026-08-11,False,False
6862,POL006862,20230331,1633,8,5,4,Renewal,146231.32,9277.3,2023-03-31,2024-03-30,True,False
6863,POL006863,20260125,692,1,30,3,Renewal,148742.85,8006.16,2026-01-25,2027-01-25,True,False
6864,POL006864,20250101,429,1,2,3,New Business,48448.25,2789.79,2025-01-01,2026-01-01,False,False
6865,POL006865,20260512,155,8,11,1,Renewal,96131.81,11677.92,2026-05-12,2027-05-12,True,False
6866,POL006866,20220713,2144,8,20,4,Renewal,75258.11,5812.68,2022-07-13,2023-07-13,True,False
6867,POL006867,20260603,2396,6,10,4,Cancellation,535225.4,12786.21,2026-06-03,2027-06-03,False,True
6868,POL006868,20230412,2078,2,26,1,Cancellation,44300.25,988.42,2023-04-12,2024-04-11,False,True
6869,POL006869,20250330,787,8,38,1,Renewal,51126.54,4527.22,2025-03-30,2026-03-30,True,False
6870,POL006870,20260323,2485,1,5,4,Renewal,24347.31,2407.12,2026-03-23,2027-03-23,True,False
6871,POL006871,20221010,2280,4,29,3,New Business,419229.48,24067.72,2022-10-10,2023-10-10,False,False
6872,POL006872,20240622,1045,2,15,3,Renewal,31541.74,1736.24,2024-06-22,2025-06-22,True,False
6873,POL006873,20230911,1808,6,15,3,New Business,272818.26,17344.63,2023-09-11,2024-09-10,False,False
6874,POL006874,20250420,254,1,33,2,New Business,18743.6,1552.47,2025-04-20,2026-04-20,False,False
6875,POL006875,20230809,1917,7,39,1,New Business,964577.78,75902.32,2023-08-09,2024-08-08,False,False
6876,POL006876,20230906,2166,1,14,2,Renewal,84319.97,8301.94,2023-09-06,2024-09-05,True,False
6877,POL006877,20241030,54,4,11,1,New Business,162072.62,10716.49,2024-10-30,2025-10-30,False,False
6878,POL006878,20250311,2201,5,22,5,New Business,2437392.65,233646.88,2025-03-11,2026-03-11,False,False
6879,POL006879,20241106,2698,2,6,1,New Business,26160.9,1497.14,2024-11-06,2025-11-06,False,False
6880,POL006880,20241012,654,8,8,5,Renewal,39854.93,3038.19,2024-10-12,2025-10-12,True,False
6881,POL006881,20240520,19,2,34,2,Cancellation,19574.55,218.87,2024-05-20,2025-05-20,False,True
6882,POL006882,20260820,1750,2,21,3,Renewal,12242.31,791.86,2026-08-20,2027-08-20,True,False
6883,POL006883,20250313,656,3,20,4,New Business,142615.22,11469.56,2025-03-13,2026-03-13,False,False
6884,POL006884,20250725,2263,3,9,5,Renewal,52587.75,4950.65,2025-07-25,2026-07-25,True,False
6885,POL006885,20250905,1027,8,3,2,Renewal,65686.28,5659.43,2025-09-05,2026-09-05,True,False
6886,POL006886,20260707,1380,2,2,3,Renewal,14007.98,754.12,2026-07-07,2027-07-07,True,False
6887,POL006887,20230820,794,4,34,2,Renewal,172201.59,16586.78,2023-08-20,2024-08-19,True,False
6888,POL006888,20250907,1598,1,39,1,Renewal,24069.74,1685.78,2025-09-07,2026-09-07,True,False
6889,POL006889,20250521,1206,9,39,1,Renewal,339671.34,17020.0,2025-05-21,2026-05-21,True,False
6890,POL006890,20250324,2913,1,26,1,Renewal,129846.05,6538.54,2025-03-24,2026-03-24,True,False
6891,POL006891,20260327,2277,1,15,3,Renewal,47149.39,3885.52,2026-03-27,2027-03-27,True,False
6892,POL006892,20251029,91,9,31,3,New Business,357759.95,19127.1,2025-10-29,2026-10-29,False,False
6893,POL006893,20241203,428,8,40,4,New Business,56324.85,4898.73,2024-12-03,2025-12-03,False,False
6894,POL006894,20250106,2033,3,34,2,Renewal,26192.67,3165.47,2025-01-06,2026-01-06,True,False
6895,POL006895,20230511,2112,2,15,3,Cancellation,19645.61,1081.5,2023-05-11,2024-05-10,False,True
6896,POL006896,20240229,289,8,12,2,Renewal,102563.89,10478.95,2024-02-29,2025-02-28,True,False
6897,POL006897,20250717,1031,9,23,3,New Business,119950.66,13263.68,2025-07-17,2026-07-17,False,False
6898,POL006898,20250724,2033,1,36,5,Renewal,86483.52,7422.31,2025-07-24,2026-07-24,True,False
6899,POL006899,20250323,2902,3,20,4,New Business,104706.88,8582.04,2025-03-23,2026-03-23,False,False
6900,POL006900,20230915,1264,3,15,3,Renewal,55256.38,5759.15,2023-09-15,2024-09-14,True,False
6901,POL006901,20240502,2437,8,23,3,Renewal,48030.8,5511.38,2024-05-02,2025-05-02,True,False
6902,POL006902,20240517,228,6,29,3,Renewal,51056.7,3819.65,2024-05-17,2025-05-17,True,False
6903,POL006903,20230824,1369,8,1,1,New Business,51849.73,4375.43,2023-08-24,2024-08-23,False,False
6904,POL006904,20240126,1306,9,31,3,Renewal,155382.66,8535.85,2024-01-26,2025-01-25,True,False
6905,POL006905,20241013,1572,5,4,5,Renewal,1827186.46,143765.08,2024-10-13,2025-10-13,True,False
6906,POL006906,20241024,890,3,25,2,New Business,114318.28,11241.66,2024-10-24,2025-10-24,False,False
6907,POL006907,20260724,1151,1,6,1,Cancellation,28899.33,246.65,2026-07-24,2027-07-24,False,True
6908,POL006908,20240302,918,3,10,4,Renewal,121509.54,9176.88,2024-03-02,2025-03-02,True,False
6909,POL006909,20220709,2627,6,18,1,Renewal,85329.66,4951.78,2022-07-09,2023-07-09,True,False
6910,POL006910,20240618,641,8,17,3,Renewal,89187.96,6861.19,2024-06-18,2025-06-18,True,False
6911,POL006911,20230810,308,4,29,3,Renewal,377547.41,23099.15,2023-08-10,2024-08-09,True,False
6912,POL006912,20220630,2030,6,31,3,New Business,253659.77,14790.94,2022-06-30,2023-06-30,False,False
6913,POL006913,20240805,1602,1,2,3,New Business,124809.43,7782.89,2024-08-05,2025-08-05,False,False
6914,POL006914,20241201,2440,7,25,2,New Business,531887.51,28325.26,2024-12-01,2025-12-01,False,False
6915,POL006915,20230214,2984,1,38,1,New Business,69527.12,5369.79,2023-02-14,2024-02-14,False,False
6916,POL006916,20240816,829,3,22,5,Cancellation,93078.1,1839.07,2024-08-16,2025-08-16,False,True
6917,POL006917,20240419,2132,1,16,4,Renewal,130826.13,6684.8,2024-04-19,2025-04-19,True,False
6918,POL006918,20260310,1961,3,25,2,New Business,41139.82,5141.34,2026-03-10,2027-03-10,False,False
6919,POL006919,20250219,1930,1,8,5,New Business,34099.66,3637.78,2025-02-19,2026-02-19,False,False
6920,POL006920,20230128,1117,1,1,1,Renewal,45292.31,3149.58,2023-01-28,2024-01-28,True,False
6921,POL006921,20260512,1713,7,23,3,Renewal,439518.4,27926.46,2026-05-12,2027-05-12,True,False
6922,POL006922,20260320,1401,3,12,2,Renewal,172157.97,9081.48,2026-03-20,2027-03-20,True,False
6923,POL006923,20240707,1483,2,25,2,New Business,9304.01,748.03,2024-07-07,2025-07-07,False,False
6924,POL006924,20220825,2762,1,17,3,New Business,59621.84,3436.62,2022-08-25,2023-08-25,False,False
6925,POL006925,20250422,2090,4,37,3,New Business,257108.83,19205.44,2025-04-22,2026-04-22,False,False
6926,POL006926,20251211,1349,5,16,4,New Business,811876.9,70105.52,2025-12-11,2026-12-11,False,False
6927,POL006927,20250524,743,9,4,5,Renewal,294755.63,26449.61,2025-05-24,2026-05-24,True,False
6928,POL006928,20230911,1053,1,17,3,Renewal,72866.22,5704.87,2023-09-11,2024-09-10,True,False
6929,POL006929,20240313,2903,3,13,3,Renewal,58757.58,2976.39,2024-03-13,2025-03-13,True,False
6930,POL006930,20250114,46,6,5,4,Cancellation,507882.98,10139.41,2025-01-14,2026-01-14,False,True
6931,POL006931,20250623,2485,7,11,1,Renewal,61725.72,7054.98,2025-06-23,2026-06-23,True,False
6932,POL006932,20240630,2095,8,35,4,New Business,235526.36,14126.78,2024-06-30,2025-06-30,False,False
6933,POL006933,20240419,2128,8,29,3,New Business,96087.81,5190.52,2024-04-19,2025-04-19,False,False
6934,POL006934,20250722,2121,7,15,3,New Business,1375354.05,69925.54,2025-07-22,2026-07-22,False,False
6935,POL006935,20260705,921,7,2,3,New Business,911069.31,60754.02,2026-07-05,2027-07-05,False,False
6936,POL006936,20250627,1910,6,16,4,Renewal,106707.53,9097.92,2025-06-27,2026-06-27,True,False
6937,POL006937,20250216,724,8,18,1,New Business,226129.12,14699.47,2025-02-16,2026-02-16,False,False
6938,POL006938,20260131,1064,9,35,4,Renewal,131846.38,11347.95,2026-01-31,2027-01-31,True,False
6939,POL006939,20231118,2152,3,25,2,Renewal,175064.64,9372.5,2023-11-18,2024-11-17,True,False
6940,POL006940,20250131,2286,5,40,4,New Business,3189137.49,192742.52,2025-01-31,2026-01-31,False,False
6941,POL006941,20250217,1045,2,12,2,Renewal,14958.56,1279.81,2025-02-17,2026-02-17,True,False
6942,POL006942,20260329,425,8,8,5,New Business,182536.81,12503.85,2026-03-29,2027-03-29,False,False
6943,POL006943,20240626,2200,1,6,1,New Business,102623.15,7967.86,2024-06-26,2025-06-26,False,False
6944,POL006944,20230109,1654,8,11,1,New Business,127359.54,9185.38,2023-01-09,2024-01-09,False,False
6945,POL006945,20250407,1941,2,6,1,New Business,17952.38,1252.74,2025-04-07,2026-04-07,False,False
6946,POL006946,20241007,259,3,19,5,New Business,174177.62,11109.9,2024-10-07,2025-10-07,False,False
6947,POL006947,20241125,309,1,37,3,Renewal,30699.93,3263.03,2024-11-25,2025-11-25,True,False
6948,POL006948,20230310,2943,3,8,5,Renewal,70582.93,6018.03,2023-03-10,2024-03-09,True,False
6949,POL006949,20220628,1627,6,40,4,Renewal,467272.5,32739.01,2022-06-28,2023-06-28,True,False
6950,POL006950,20250217,3000,4,28,4,Renewal,187796.37,9847.53,2025-02-17,2026-02-17,True,False
6951,POL006951,20241207,312,1,33,2,New Business,66698.97,5679.29,2024-12-07,2025-12-07,False,False
6952,POL006952,20221004,2578,4,12,2,New Business,266811.05,19155.87,2022-10-04,2023-10-04,False,False
6953,POL006953,20241029,2262,5,28,4,Renewal,4668864.78,235292.39,2024-10-29,2025-10-29,True,False
6954,POL006954,20240804,1608,3,29,3,New Business,63166.85,5633.84,2024-08-04,2025-08-04,False,False
6955,POL006955,20240811,1472,6,30,3,Renewal,167253.62,13928.76,2024-08-11,2025-08-11,True,False
6956,POL006956,20260702,2834,3,12,2,New Business,26700.6,2265.57,2026-07-02,2027-07-02,False,False
6957,POL006957,20240623,2060,1,4,5,Cancellation,29553.15,1458.38,2024-06-23,2025-06-23,False,True
6958,POL006958,20230704,288,2,15,3,Renewal,9102.86,837.42,2023-07-04,2024-07-03,True,False
6959,POL006959,20250526,527,2,19,5,Renewal,21210.88,1148.79,2025-05-26,2026-05-26,True,False
6960,POL006960,20240521,269,7,23,3,Renewal,921315.29,64814.13,2024-05-21,2025-05-21,True,False
6961,POL006961,20250502,741,1,5,4,Renewal,137507.85,7673.5,2025-05-02,2026-05-02,True,False
6962,POL006962,20250903,1822,2,6,1,Renewal,31153.35,1588.21,2025-09-03,2026-09-03,True,False
6963,POL006963,20230510,107,3,28,4,Renewal,73487.74,4639.99,2023-05-10,2024-05-09,True,False
6964,POL006964,20250929,2482,9,13,3,Renewal,39540.1,4204.77,2025-09-29,2026-09-29,True,False
6965,POL006965,20260412,1603,1,20,4,New Business,71098.71,4855.66,2026-04-12,2027-04-12,False,False
6966,POL006966,20250627,1213,1,11,1,New Business,35883.63,1807.5,2025-06-27,2026-06-27,False,False
6967,POL006967,20240915,1478,8,16,4,New Business,64263.82,3378.91,2024-09-15,2025-09-15,False,False
6968,POL006968,20231023,717,7,6,1,New Business,500339.11,50407.15,2023-10-23,2024-10-22,False,False
6969,POL006969,20241212,2860,9,26,1,Renewal,308396.37,17897.56,2024-12-12,2025-12-12,True,False
6970,POL006970,20221017,1197,4,38,1,Renewal,355396.12,23283.84,2022-10-17,2023-10-17,True,False
6971,POL006971,20230122,1840,8,31,3,New Business,70825.01,7745.93,2023-01-22,2024-01-22,False,False
6972,POL006972,20250105,8,8,24,1,Renewal,30019.98,1888.6,2025-01-05,2026-01-05,True,False
6973,POL006973,20250101,2261,1,13,3,New Business,62874.95,7141.89,2025-01-01,2026-01-01,False,False
6974,POL006974,20230402,887,1,22,5,New Business,106510.12,8412.97,2023-04-02,2024-04-01,False,False
6975,POL006975,20240130,791,9,26,1,Renewal,442643.54,28756.28,2024-01-30,2025-01-29,True,False
6976,POL006976,20250112,944,3,28,4,Renewal,44906.95,4149.11,2025-01-12,2026-01-12,True,False
6977,POL006977,20250225,1231,5,20,4,Renewal,2101427.29,111938.31,2025-02-25,2026-02-25,True,False
6978,POL006978,20230207,480,3,2,3,Renewal,38589.12,2012.96,2023-02-07,2024-02-07,True,False
6979,POL006979,20260208,542,1,27,1,Renewal,134858.86,7869.78,2026-02-08,2027-02-08,True,False
6980,POL006980,20230131,2596,4,2,3,New Business,294912.44,17855.73,2023-01-31,2024-01-31,False,False
6981,POL006981,20230930,576,1,38,1,New Business,66205.27,4301.31,2023-09-30,2024-09-29,False,False
6982,POL006982,20260117,313,8,6,1,Renewal,61837.22,6123.08,2026-01-17,2027-01-17,True,False
6983,POL006983,20250905,871,3,22,5,New Business,172300.0,11317.2,2025-09-05,2026-09-05,False,False
6984,POL006984,20241024,695,3,4,5,Renewal,173944.72,10320.47,2024-10-24,2025-10-24,True,False
6985,POL006985,20251002,551,3,8,5,New Business,42793.87,2232.03,2025-10-02,2026-10-02,False,False
6986,POL006986,20230626,619,1,38,1,Renewal,20072.82,1948.13,2023-06-26,2024-06-25,True,False
6987,POL006987,20240425,2441,7,3,2,New Business,872500.63,46744.65,2024-04-25,2025-04-25,False,False
6988,POL006988,20251224,2776,7,24,1,Renewal,1014536.95,52613.58,2025-12-24,2026-12-24,True,False
6989,POL006989,20240924,1745,3,6,1,Renewal,155250.36,7820.63,2024-09-24,2025-09-24,True,False
6990,POL006990,20260518,2573,1,25,2,Renewal,48676.78,2509.08,2026-05-18,2027-05-18,True,False
6991,POL006991,20250511,2980,1,2,3,New Business,170900.42,8688.8,2025-05-11,2026-05-11,False,False
6992,POL006992,20240908,2855,6,18,1,Renewal,142976.6,10033.64,2024-09-08,2025-09-08,True,False
6993,POL006993,20260101,2871,1,13,3,New Business,112467.71,6102.37,2026-01-01,2027-01-01,False,False
6994,POL006994,20260510,985,1,27,1,New Business,96621.61,7860.07,2026-05-10,2027-05-10,False,False
6995,POL006995,20250325,761,1,7,5,Renewal,22112.02,2379.51,2025-03-25,2026-03-25,True,False
6996,POL006996,20250711,1410,9,18,1,Renewal,147207.92,9538.27,2025-07-11,2026-07-11,True,False
6997,POL006997,20240908,2649,6,40,4,New Business,170578.54,18986.88,2024-09-08,2025-09-08,False,False
6998,POL006998,20260408,2439,6,7,5,Renewal,509873.27,28155.16,2026-04-08,2027-04-08,True,False
6999,POL006999,20220709,2546,9,4,5,Renewal,248241.62,28217.22,2022-07-09,2023-07-09,True,False
7000,POL007000,20260409,270,2,32,1,Renewal,11218.46,950.4,2026-04-09,2027-04-09,True,False
7001,POL007001,20240609,528,6,2,3,Cancellation,685848.63,22547.53,2024-06-09,2025-06-09,False,True
7002,POL007002,20230529,2599,2,14,2,Renewal,19715.5,2375.16,2023-05-29,2024-05-28,True,False
7003,POL007003,20240902,112,4,5,4,Renewal,135672.35,9528.81,2024-09-02,2025-09-02,True,False
7004,POL007004,20240211,337,1,22,5,Renewal,132961.45,7432.08,2024-02-11,2025-02-10,True,False
7005,POL007005,20230914,1706,1,2,3,Renewal,85890.79,7466.25,2023-09-14,2024-09-13,True,False
7006,POL007006,20230611,1491,4,13,3,Renewal,310333.84,16561.46,2023-06-11,2024-06-10,True,False
7007,POL007007,20240819,517,3,4,5,New Business,52318.5,3487.74,2024-08-19,2025-08-19,False,False
7008,POL007008,20250712,478,1,24,1,New Business,27538.44,2643.47,2025-07-12,2026-07-12,False,False
7009,POL007009,20230921,119,5,23,3,New Business,1010586.6,57640.28,2023-09-21,2024-09-20,False,False
7010,POL007010,20250601,1770,2,12,2,Cancellation,36997.19,1373.76,2025-06-01,2026-06-01,False,True
7011,POL007011,20240812,2301,4,35,4,New Business,334995.98,19040.87,2024-08-12,2025-08-12,False,False
7012,POL007012,20250804,2030,9,3,2,New Business,306443.87,27082.25,2025-08-04,2026-08-04,False,False
7013,POL007013,20240720,1354,8,21,3,New Business,261871.13,13166.6,2024-07-20,2025-07-20,False,False
7014,POL007014,20230702,2336,6,14,2,New Business,65389.45,5739.05,2023-07-02,2024-07-01,False,False
7015,POL007015,20241115,2616,8,29,3,Renewal,28080.09,1747.73,2024-11-15,2025-11-15,True,False
7016,POL007016,20260810,409,7,6,1,Cancellation,734061.86,14136.41,2026-08-10,2027-08-10,False,True
7017,POL007017,20230817,2568,4,1,1,New Business,159549.66,10144.72,2023-08-17,2024-08-16,False,False
7018,POL007018,20260409,2842,4,26,1,Renewal,65992.23,5153.82,2026-04-09,2027-04-09,True,False
7019,POL007019,20251228,109,3,40,4,Renewal,96146.31,4853.99,2025-12-28,2026-12-28,True,False
7020,POL007020,20250307,2079,1,22,5,Renewal,48019.98,2637.6,2025-03-07,2026-03-07,True,False
7021,POL007021,20250715,2934,2,3,2,New Business,13876.75,695.71,2025-07-15,2026-07-15,False,False
7022,POL007022,20240523,592,4,38,1,New Business,174554.26,8745.46,2024-05-23,2025-05-23,False,False
7023,POL007023,20251005,2705,3,34,2,Renewal,44359.51,4566.02,2025-10-05,2026-10-05,True,False
7024,POL007024,20250926,2212,7,21,3,Renewal,834117.49,47693.26,2025-09-26,2026-09-26,True,False
7025,POL007025,20260321,2230,4,3,2,New Business,159447.34,19246.5,2026-03-21,2027-03-21,False,False
7026,POL007026,20230428,845,3,6,1,New Business,147221.49,11854.86,2023-04-28,2024-04-27,False,False
7027,POL007027,20260125,2274,4,27,1,Renewal,112525.53,6923.23,2026-01-25,2027-01-25,True,False
7028,POL007028,20231219,841,3,4,5,Renewal,134445.41,9437.4,2023-12-19,2024-12-18,True,False
7029,POL007029,20240827,319,9,13,3,New Business,45142.32,5459.18,2024-08-27,2025-08-27,False,False
7030,POL007030,20250721,2832,4,8,5,Cancellation,44446.9,699.78,2025-07-21,2026-07-21,False,True
7031,POL007031,20241106,414,1,16,4,Renewal,54630.68,3308.18,2024-11-06,2025-11-06,True,False
7032,POL007032,20250913,138,1,1,1,New Business,57703.42,5100.27,2025-09-13,2026-09-13,False,False
7033,POL007033,20250606,1247,8,7,5,Renewal,243974.56,14142.21,2025-06-06,2026-06-06,True,False
7034,POL007034,20230913,2794,7,13,3,Renewal,844285.6,59980.35,2023-09-13,2024-09-12,True,False
7035,POL007035,20240623,2971,1,38,1,New Business,92111.48,7737.66,2024-06-23,2025-06-23,False,False
7036,POL007036,20240327,1020,2,37,3,New Business,17096.19,1439.28,2024-03-27,2025-03-27,False,False
7037,POL007037,20250519,321,2,18,1,New Business,17040.02,885.6,2025-05-19,2026-05-19,False,False
7038,POL007038,20260505,2935,6,37,3,Renewal,97808.88,11197.42,2026-05-05,2027-05-05,True,False
7039,POL007039,20240204,240,9,40,4,New Business,279431.96,29258.57,2024-02-04,2025-02-03,False,False
7040,POL007040,20230906,2412,2,17,3,New Business,15440.97,873.57,2023-09-06,2024-09-05,False,False
7041,POL007041,20250714,395,1,20,4,Renewal,44265.51,4094.8,2025-07-14,2026-07-14,True,False
7042,POL007042,20231005,2882,1,3,2,Renewal,108622.68,6392.02,2023-10-05,2024-10-04,True,False
7043,POL007043,20250518,556,9,27,1,Renewal,197209.75,20584.33,2025-05-18,2026-05-18,True,False
7044,POL007044,20250112,1692,2,37,3,New Business,16924.61,1868.78,2025-01-12,2026-01-12,False,False
7045,POL007045,20230809,2610,6,4,5,New Business,63461.29,7235.05,2023-08-09,2024-08-08,False,False
7046,POL007046,20220624,899,6,2,3,New Business,349116.73,25942.98,2022-06-24,2023-06-24,False,False
7047,POL007047,20240922,1382,8,24,1,Renewal,131151.57,10341.26,2024-09-22,2025-09-22,True,False
7048,POL007048,20260503,1007,3,12,2,New Business,193722.95,11583.7,2026-05-03,2027-05-03,False,False
7049,POL007049,20230830,788,8,25,2,Renewal,27813.2,3025.38,2023-08-30,2024-08-29,True,False
7050,POL007050,20250919,1154,1,26,1,Renewal,40078.59,3967.16,2025-09-19,2026-09-19,True,False
7051,POL007051,20250911,1994,3,17,3,Renewal,134523.06,8558.64,2025-09-11,2026-09-11,True,False
7052,POL007052,20230529,819,2,33,2,Renewal,31680.74,1729.72,2023-05-29,2024-05-28,True,False
7053,POL007053,20231103,2625,4,1,1,New Business,103676.99,6747.7,2023-11-03,2024-11-02,False,False
7054,POL007054,20230904,2988,1,18,1,New Business,51427.45,3277.11,2023-09-04,2024-09-03,False,False
7055,POL007055,20230815,948,3,26,1,New Business,209097.48,10760.75,2023-08-15,2024-08-14,False,False
7056,POL007056,20250507,352,3,2,3,Renewal,37605.36,2708.24,2025-05-07,2026-05-07,True,False
7057,POL007057,20251231,501,3,4,5,Renewal,95946.46,7692.84,2025-12-31,2026-12-31,True,False
7058,POL007058,20251104,1433,1,30,3,Cancellation,108952.57,3471.76,2025-11-04,2026-11-04,False,True
7059,POL007059,20250417,345,7,24,1,New Business,155536.13,17105.21,2025-04-17,2026-04-17,False,False
7060,POL007060,20250523,1464,2,24,1,New Business,18656.15,1425.21,2025-05-23,2026-05-23,False,False
7061,POL007061,20251211,1301,1,9,5,New Business,39419.3,2855.03,2025-12-11,2026-12-11,False,False
7062,POL007062,20250818,1252,1,10,4,New Business,76069.37,5321.8,2025-08-18,2026-08-18,False,False
7063,POL007063,20231219,2745,9,11,1,Renewal,243668.77,27954.42,2023-12-19,2024-12-18,True,False
7064,POL007064,20260718,635,1,40,4,New Business,30004.25,1566.79,2026-07-18,2027-07-18,False,False
7065,POL007065,20220821,1573,9,21,3,Renewal,268032.17,16915.61,2022-08-21,2023-08-21,True,False
7066,POL007066,20250404,1077,1,10,4,New Business,75653.69,4880.43,2025-04-04,2026-04-04,False,False
7067,POL007067,20240326,2113,8,8,5,Cancellation,77257.75,1735.22,2024-03-26,2025-03-26,False,True
7068,POL007068,20240320,1556,9,9,5,Renewal,177570.38,16555.72,2024-03-20,2025-03-20,True,False
7069,POL007069,20260414,568,1,18,1,Renewal,91669.72,8619.41,2026-04-14,2027-04-14,True,False
7070,POL007070,20240610,464,1,14,2,New Business,82028.17,6265.75,2024-06-10,2025-06-10,False,False
7071,POL007071,20231221,758,8,6,1,New Business,38994.97,2871.57,2023-12-21,2024-12-20,False,False
7072,POL007072,20230331,2777,3,2,3,Cancellation,25591.63,887.38,2023-03-31,2024-03-30,False,True
7073,POL007073,20251114,546,4,31,3,Cancellation,202047.96,10496.97,2025-11-14,2026-11-14,False,True
7074,POL007074,20250202,1253,3,37,3,Renewal,170398.09,11010.9,2025-02-02,2026-02-02,True,False
7075,POL007075,20250826,2510,5,38,1,Renewal,2434794.23,171250.63,2025-08-26,2026-08-26,True,False
7076,POL007076,20250105,753,3,23,3,New Business,139532.91,9240.71,2025-01-05,2026-01-05,False,False
7077,POL007077,20260623,1253,5,5,4,New Business,355666.56,29220.22,2026-06-23,2027-06-23,False,False
7078,POL007078,20221120,2831,8,28,4,Renewal,122269.64,7930.56,2022-11-20,2023-11-20,True,False
7079,POL007079,20250504,688,2,29,3,Renewal,21056.95,2048.34,2025-05-04,2026-05-04,True,False
7080,POL007080,20220604,2073,4,2,3,Cancellation,324859.0,13550.16,2022-06-04,2023-06-04,False,True
7081,POL007081,20240701,1158,4,32,1,New Business,134475.52,8458.67,2024-07-01,2025-07-01,False,False
7082,POL007082,20250910,2601,7,12,2,New Business,158250.11,17310.6,2025-09-10,2026-09-10,False,False
7083,POL007083,20260104,1981,1,1,1,Renewal,31158.61,3209.36,2026-01-04,2027-01-04,True,False
7084,POL007084,20250819,1513,9,37,3,Renewal,293537.22,27115.01,2025-08-19,2026-08-19,True,False
7085,POL007085,20260119,567,6,14,2,Renewal,228039.66,25257.6,2026-01-19,2027-01-19,True,False
7086,POL007086,20250827,870,2,8,5,New Business,34995.4,1774.36,2025-08-27,2026-08-27,False,False
7087,POL007087,20260409,1664,1,40,4,Renewal,110206.14,8067.78,2026-04-09,2027-04-09,True,False
7088,POL007088,20240501,1693,6,38,1,Renewal,509931.94,36810.6,2024-05-01,2025-05-01,True,False
7089,POL007089,20230326,2159,1,38,1,New Business,56076.74,6361.29,2023-03-26,2024-03-25,False,False
7090,POL007090,20250301,1516,1,32,1,Renewal,112422.33,8362.37,2025-03-01,2026-03-01,True,False
7091,POL007091,20251122,246,1,13,3,Renewal,33034.54,2784.53,2025-11-22,2026-11-22,True,False
7092,POL007092,20230824,2113,2,26,1,New Business,22006.9,1715.52,2023-08-24,2024-08-23,False,False
7093,POL007093,20250306,1652,1,12,2,Renewal,68262.11,5870.47,2025-03-06,2026-03-06,True,False
7094,POL007094,20240501,2203,8,19,5,Renewal,61682.6,3652.19,2024-05-01,2025-05-01,True,False
7095,POL007095,20241009,1827,8,5,4,Renewal,43392.26,3204.69,2024-10-09,2025-10-09,True,False
7096,POL007096,20230927,1419,4,2,3,Renewal,127941.69,15457.98,2023-09-27,2024-09-26,True,False
7097,POL007097,20241027,1883,5,5,4,New Business,2217443.86,112567.1,2024-10-27,2025-10-27,False,False
7098,POL007098,20240511,2166,8,17,3,Renewal,98949.92,8718.73,2024-05-11,2025-05-11,True,False
7099,POL007099,20260620,1997,1,17,3,Renewal,94204.44,6186.03,2026-06-20,2027-06-20,True,False
7100,POL007100,20240428,1257,1,15,3,Renewal,84063.87,4693.92,2024-04-28,2025-04-28,True,False
7101,POL007101,20260506,1753,2,4,5,New Business,9974.2,689.55,2026-05-06,2027-05-06,False,False
7102,POL007102,20240623,1879,2,8,5,New Business,31771.05,2223.57,2024-06-23,2025-06-23,False,False
7103,POL007103,20240126,2155,2,11,1,Renewal,37588.47,2264.07,2024-01-26,2025-01-25,True,False
7104,POL007104,20230824,1212,5,29,3,Renewal,2814929.15,186945.96,2023-08-24,2024-08-23,True,False
7105,POL007105,20230106,2122,3,19,5,New Business,95300.3,10026.2,2023-01-06,2024-01-06,False,False
7106,POL007106,20250102,2833,8,16,4,Renewal,140712.72,8973.44,2025-01-02,2026-01-02,True,False
7107,POL007107,20250425,2130,5,7,5,New Business,1983200.43,142204.73,2025-04-25,2026-04-25,False,False
7108,POL007108,20230831,496,8,14,2,Renewal,103472.32,9134.67,2023-08-31,2024-08-30,True,False
7109,POL007109,20251005,2593,7,23,3,New Business,937914.23,70742.04,2025-10-05,2026-10-05,False,False
7110,POL007110,20250912,123,3,30,3,Renewal,101811.08,6122.06,2025-09-12,2026-09-12,True,False
7111,POL007111,20240613,1811,3,4,5,Renewal,169279.14,10871.47,2024-06-13,2025-06-13,True,False
7112,POL007112,20260407,863,2,2,3,Cancellation,8681.1,194.04,2026-04-07,2027-04-07,False,True
7113,POL007113,20220204,1074,7,7,5,New Business,149032.76,14806.94,2022-02-04,2023-02-04,False,False
7114,POL007114,20230425,719,2,7,5,Renewal,18050.26,1211.72,2023-04-25,2024-04-24,True,False
7115,POL007115,20250322,1565,4,29,3,Renewal,272899.45,24585.55,2025-03-22,2026-03-22,True,False
7116,POL007116,20240419,1401,2,11,1,New Business,30012.36,1661.99,2024-04-19,2025-04-19,False,False
7117,POL007117,20220627,1183,3,35,4,New Business,56094.14,4734.24,2022-06-27,2023-06-27,False,False
7118,POL007118,20240228,1653,9,20,4,Cancellation,481861.95,13359.87,2024-02-28,2025-02-27,False,True
7119,POL007119,20251015,1261,1,10,4,Renewal,35603.3,3699.83,2025-10-15,2026-10-15,True,False
7120,POL007120,20250729,758,1,9,5,New Business,28090.08,3165.39,2025-07-29,2026-07-29,False,False
7121,POL007121,20241206,2339,2,26,1,New Business,10147.32,1020.53,2024-12-06,2025-12-06,False,False
7122,POL007122,20240708,2925,2,4,5,Cancellation,35014.81,290.18,2024-07-08,2025-07-08,False,True
7123,POL007123,20240929,1890,1,27,1,New Business,112806.04,8721.42,2024-09-29,2025-09-29,False,False
7124,POL007124,20230801,1799,9,11,1,New Business,26798.34,3094.73,2023-08-01,2024-07-31,False,False
7125,POL007125,20260206,659,1,8,5,Renewal,43032.51,3553.57,2026-02-06,2027-02-06,True,False
7126,POL007126,20230715,2549,6,13,3,Renewal,140011.57,16073.87,2023-07-15,2024-07-14,True,False
7127,POL007127,20230826,1731,6,23,3,New Business,311276.22,16625.31,2023-08-26,2024-08-25,False,False
7128,POL007128,20231030,2574,2,8,5,Renewal,19663.31,1142.11,2023-10-30,2024-10-29,True,False
7129,POL007129,20260303,2216,2,34,2,New Business,17849.56,1113.28,2026-03-03,2027-03-03,False,False
7130,POL007130,20230205,1626,1,17,3,Renewal,20185.62,1806.7,2023-02-05,2024-02-05,True,False
7131,POL007131,20260108,112,1,3,2,Renewal,64949.81,4026.92,2026-01-08,2027-01-08,True,False
7132,POL007132,20250731,2334,1,25,2,Renewal,141159.31,8322.65,2025-07-31,2026-07-31,True,False
7133,POL007133,20260107,1688,2,10,4,New Business,13516.84,1320.26,2026-01-07,2027-01-07,False,False
7134,POL007134,20260619,491,8,30,3,New Business,43291.64,2842.98,2026-06-19,2027-06-19,False,False
7135,POL007135,20230129,733,3,37,3,New Business,97811.7,8118.58,2023-01-29,2024-01-29,False,False
7136,POL007136,20250710,960,3,6,1,Cancellation,34995.11,446.3,2025-07-10,2026-07-10,False,True
7137,POL007137,20220703,736,8,3,2,Renewal,109773.25,12823.8,2022-07-03,2023-07-03,True,False
7138,POL007138,20220924,323,2,3,2,Cancellation,32333.16,438.62,2022-09-24,2023-09-24,False,True
7139,POL007139,20240112,1040,4,40,4,Cancellation,87758.34,1540.24,2024-01-12,2025-01-11,False,True
7140,POL007140,20230616,789,3,26,1,Renewal,67229.47,5837.57,2023-06-16,2024-06-15,True,False
7141,POL007141,20250615,1629,4,3,2,New Business,369511.7,21377.55,2025-06-15,2026-06-15,False,False
7142,POL007142,20251127,2831,9,31,3,Renewal,310431.88,21621.63,2025-11-27,2026-11-27,True,False
7143,POL007143,20260206,2059,9,34,2,New Business,231093.77,24993.99,2026-02-06,2027-02-06,False,False
7144,POL007144,20250305,136,8,23,3,New Business,25585.79,1331.83,2025-03-05,2026-03-05,False,False
7145,POL007145,20241229,852,1,34,2,New Business,142801.63,7482.03,2024-12-29,2025-12-29,False,False
7146,POL007146,20230612,862,1,30,3,Renewal,27883.88,3268.6,2023-06-12,2024-06-11,True,False
7147,POL007147,20230707,2148,2,2,3,New Business,26741.91,2452.07,2023-07-07,2024-07-06,False,False
7148,POL007148,20240516,1142,1,36,5,Renewal,52765.63,4125.71,2024-05-16,2025-05-16,True,False
7149,POL007149,20250701,142,1,18,1,Renewal,35417.23,1852.83,2025-07-01,2026-07-01,True,False
7150,POL007150,20260222,1713,6,7,5,New Business,312930.42,18491.55,2026-02-22,2027-02-22,False,False
7151,POL007151,20240301,1274,2,9,5,Renewal,21841.02,1990.69,2024-03-01,2025-03-01,True,False
7152,POL007152,20231224,2339,5,31,3,New Business,1020982.16,108049.55,2023-12-24,2024-12-23,False,False
7153,POL007153,20260614,2746,8,25,2,New Business,51652.44,4090.85,2026-06-14,2027-06-14,False,False
7154,POL007154,20251204,143,8,20,4,Renewal,120288.44,9576.6,2025-12-04,2026-12-04,True,False
7155,POL007155,20250819,2502,1,28,4,Renewal,77613.76,4917.9,2025-08-19,2026-08-19,True,False
7156,POL007156,20240504,1080,9,19,5,New Business,186522.66,10985.64,2024-05-04,2025-05-04,False,False
7157,POL007157,20250926,1087,7,13,3,Renewal,658078.5,35760.33,2025-09-26,2026-09-26,True,False
7158,POL007158,20240203,2705,1,27,1,Renewal,157526.82,8494.48,2024-02-03,2025-02-02,True,False
7159,POL007159,20250425,843,2,21,3,New Business,39806.48,2220.91,2025-04-25,2026-04-25,False,False
7160,POL007160,20260712,1848,1,12,2,Cancellation,67313.15,2586.07,2026-07-12,2027-07-12,False,True
7161,POL007161,20251125,1628,7,1,1,New Business,353348.01,20639.03,2025-11-25,2026-11-25,False,False
7162,POL007162,20240115,354,8,6,1,Renewal,29840.78,3562.46,2024-01-15,2025-01-14,True,False
7163,POL007163,20260318,1610,2,16,4,New Business,13997.45,1367.79,2026-03-18,2027-03-18,False,False
7164,POL007164,20251129,2479,2,5,4,Renewal,19721.78,2210.16,2025-11-29,2026-11-29,True,False
7165,POL007165,20231106,1380,3,8,5,New Business,39657.5,2603.33,2023-11-06,2024-11-05,False,False
7166,POL007166,20241022,1861,1,12,2,Renewal,76176.85,5085.02,2024-10-22,2025-10-22,True,False
7167,POL007167,20260801,1193,2,9,5,Renewal,10566.44,1104.25,2026-08-01,2027-08-01,True,False
7168,POL007168,20260429,582,8,23,3,New Business,36396.62,3282.83,2026-04-29,2027-04-29,False,False
7169,POL007169,20260404,1354,4,31,3,Cancellation,146984.98,3997.97,2026-04-04,2027-04-04,False,True
7170,POL007170,20241020,1985,2,11,1,New Business,7029.45,633.27,2024-10-20,2025-10-20,False,False
7171,POL007171,20260324,1492,9,34,2,Renewal,383913.01,26949.69,2026-03-24,2027-03-24,True,False
7172,POL007172,20240828,965,8,28,4,Renewal,45991.92,3286.12,2024-08-28,2025-08-28,True,False
7173,POL007173,20250601,963,4,19,5,New Business,104531.29,10039.24,2025-06-01,2026-06-01,False,False
7174,POL007174,20250126,797,8,31,3,Renewal,67060.62,5276.88,2025-01-26,2026-01-26,True,False
7175,POL007175,20230501,1441,5,37,3,New Business,2955562.9,233295.79,2023-05-01,2024-04-30,False,False
7176,POL007176,20250118,1567,3,34,2,New Business,136799.93,7075.35,2025-01-18,2026-01-18,False,False
7177,POL007177,20231203,1513,3,27,1,New Business,96219.51,11175.04,2023-12-03,2024-12-02,False,False
7178,POL007178,20230530,587,1,32,1,Cancellation,25556.97,628.91,2023-05-30,2024-05-29,False,True
7179,POL007179,20220415,65,2,18,1,Renewal,12871.96,1595.29,2022-04-15,2023-04-15,True,False
7180,POL007180,20240420,147,1,16,4,Renewal,115561.11,8603.9,2024-04-20,2025-04-20,True,False
7181,POL007181,20250610,582,1,8,5,New Business,105265.63,7702.03,2025-06-10,2026-06-10,False,False
7182,POL007182,20250821,724,3,32,1,Renewal,57682.54,5374.8,2025-08-21,2026-08-21,True,False
7183,POL007183,20230529,590,1,27,1,Cancellation,66783.37,1669.73,2023-05-29,2024-05-28,False,True
7184,POL007184,20250615,1343,8,17,3,New Business,242210.76,13547.43,2025-06-15,2026-06-15,False,False
7185,POL007185,20230510,516,7,40,4,New Business,1327861.13,79290.19,2023-05-10,2024-05-09,False,False
7186,POL007186,20240914,1619,1,37,3,Renewal,32199.84,2278.97,2024-09-14,2025-09-14,True,False
7187,POL007187,20260124,1268,1,2,3,Renewal,34124.09,3383.2,2026-01-24,2027-01-24,True,False
7188,POL007188,20250520,351,9,40,4,Renewal,372304.23,24269.18,2025-05-20,2026-05-20,True,False
7189,POL007189,20241001,2733,1,27,1,Cancellation,86170.77,607.97,2024-10-01,2025-10-01,False,True
7190,POL007190,20241116,127,8,39,1,Renewal,155600.86,9325.25,2024-11-16,2025-11-16,True,False
7191,POL007191,20250210,2560,1,14,2,New Business,35254.21,2113.8,2025-02-10,2026-02-10,False,False
7192,POL007192,20250116,1101,3,20,4,New Business,33219.2,3487.84,2025-01-16,2026-01-16,False,False
7193,POL007193,20260417,2467,3,17,3,New Business,142520.92,10281.18,2026-04-17,2027-04-17,False,False
7194,POL007194,20230810,2825,8,31,3,New Business,175519.63,9362.14,2023-08-10,2024-08-09,False,False
7195,POL007195,20240822,1292,1,23,3,New Business,61247.85,5172.51,2024-08-22,2025-08-22,False,False
7196,POL007196,20240715,1608,7,40,4,Renewal,372537.8,36341.03,2024-07-15,2025-07-15,True,False
7197,POL007197,20240921,2322,8,29,3,New Business,112124.84,12241.73,2024-09-21,2025-09-21,False,False
7198,POL007198,20250401,1617,6,22,5,Renewal,370013.28,18627.08,2025-04-01,2026-04-01,True,False
7199,POL007199,20250922,1729,7,1,1,Renewal,71931.62,7134.74,2025-09-22,2026-09-22,True,False
7200,POL007200,20230130,2429,9,21,3,Renewal,250324.84,23401.72,2023-01-30,2024-01-30,True,False
7201,POL007201,20250619,1746,4,1,1,Cancellation,391182.56,10361.34,2025-06-19,2026-06-19,False,True
7202,POL007202,20260627,611,2,37,3,New Business,21117.27,1247.59,2026-06-27,2027-06-27,False,False
7203,POL007203,20221117,1962,8,5,4,Cancellation,14536.76,227.66,2022-11-17,2023-11-17,False,True
7204,POL007204,20260403,552,9,1,1,Renewal,120922.04,11717.59,2026-04-03,2027-04-03,True,False
7205,POL007205,20241024,2388,4,6,1,Renewal,407628.02,20712.26,2024-10-24,2025-10-24,True,False
7206,POL007206,20230829,1495,2,4,5,Renewal,39391.77,2046.63,2023-08-29,2024-08-28,True,False
7207,POL007207,20241124,2847,3,33,2,New Business,72009.93,3816.39,2024-11-24,2025-11-24,False,False
7208,POL007208,20240305,1550,1,30,3,Renewal,85914.32,4658.78,2024-03-05,2025-03-05,True,False
7209,POL007209,20220928,1478,5,23,3,Renewal,445241.66,23107.43,2022-09-28,2023-09-28,True,False
7210,POL007210,20260206,2446,4,25,2,Cancellation,263412.68,6537.96,2026-02-06,2027-02-06,False,True
7211,POL007211,20230425,753,1,9,5,New Business,42490.34,3761.25,2023-04-25,2024-04-24,False,False
7212,POL007212,20260428,2906,2,37,3,Renewal,24592.05,2020.79,2026-04-28,2027-04-28,True,False
7213,POL007213,20230826,1186,1,16,4,Renewal,35052.35,4351.97,2023-08-26,2024-08-25,True,False
7214,POL007214,20260314,2785,1,17,3,Cancellation,59509.35,781.34,2026-03-14,2027-03-14,False,True
7215,POL007215,20241118,1761,2,13,3,New Business,20992.18,1541.84,2024-11-18,2025-11-18,False,False
7216,POL007216,20251110,2901,7,18,1,New Business,630935.04,64767.7,2025-11-10,2026-11-10,False,False
7217,POL007217,20250917,2785,8,20,4,New Business,66833.65,4243.81,2025-09-17,2026-09-17,False,False
7218,POL007218,20231102,2419,8,31,3,New Business,40230.58,2841.43,2023-11-02,2024-11-01,False,False
7219,POL007219,20260412,2796,6,37,3,New Business,340008.79,31508.86,2026-04-12,2027-04-12,False,False
7220,POL007220,20250823,426,3,30,3,New Business,18195.4,2172.57,2025-08-23,2026-08-23,False,False
7221,POL007221,20250523,1497,1,35,4,New Business,96561.64,6562.47,2025-05-23,2026-05-23,False,False
7222,POL007222,20240215,843,1,16,4,New Business,60257.95,6540.21,2024-02-15,2025-02-14,False,False
7223,POL007223,20240306,849,2,21,3,New Business,9271.41,873.75,2024-03-06,2025-03-06,False,False
7224,POL007224,20230505,2998,5,13,3,Cancellation,3292030.85,119278.84,2023-05-05,2024-05-04,False,True
7225,POL007225,20251217,1801,1,5,4,Renewal,103829.02,5307.19,2025-12-17,2026-12-17,True,False
7226,POL007226,20230220,1560,9,15,3,Cancellation,96028.42,2544.0,2023-02-20,2024-02-20,False,True
7227,POL007227,20250825,349,3,23,3,Renewal,166096.41,9034.73,2025-08-25,2026-08-25,True,False
7228,POL007228,20250728,2618,1,33,2,Cancellation,65697.77,1651.87,2025-07-28,2026-07-28,False,True
7229,POL007229,20230331,1681,3,35,4,Renewal,25255.87,2606.68,2023-03-31,2024-03-30,True,False
7230,POL007230,20260811,134,6,26,1,Cancellation,137584.95,8220.27,2026-08-11,2027-08-11,False,True
7231,POL007231,20260726,2974,4,17,3,New Business,233642.48,15989.03,2026-07-26,2027-07-26,False,False
7232,POL007232,20250402,2099,1,20,4,New Business,52064.42,5525.86,2025-04-02,2026-04-02,False,False
7233,POL007233,20240828,2347,4,7,5,Renewal,169398.89,10610.16,2024-08-28,2025-08-28,True,False
7234,POL007234,20260115,350,3,28,4,Renewal,75273.8,6055.93,2026-01-15,2027-01-15,True,False
7235,POL007235,20240902,2479,2,13,3,New Business,27000.21,2321.75,2024-09-02,2025-09-02,False,False
7236,POL007236,20250213,1714,1,22,5,New Business,76953.28,7257.13,2025-02-13,2026-02-13,False,False
7237,POL007237,20250529,1777,3,8,5,Renewal,96466.69,7436.94,2025-05-29,2026-05-29,True,False
7238,POL007238,20241204,1582,6,6,1,Renewal,305915.11,23259.69,2024-12-04,2025-12-04,True,False
7239,POL007239,20250129,1117,1,16,4,New Business,117132.11,7237.78,2025-01-29,2026-01-29,False,False
7240,POL007240,20260514,2737,3,16,4,New Business,102259.72,11440.07,2026-05-14,2027-05-14,False,False
7241,POL007241,20230512,1064,3,31,3,New Business,97183.73,6366.15,2023-05-12,2024-05-11,False,False
7242,POL007242,20250226,1536,9,16,4,Renewal,128857.46,12772.13,2025-02-26,2026-02-26,True,False
7243,POL007243,20250602,2166,3,39,1,New Business,82328.44,10284.75,2025-06-02,2026-06-02,False,False
7244,POL007244,20220408,2547,6,29,3,New Business,59005.57,3900.17,2022-04-08,2023-04-08,False,False
7245,POL007245,20230808,577,3,4,5,New Business,45772.72,3123.28,2023-08-08,2024-08-07,False,False
7246,POL007246,20251117,801,1,5,4,Renewal,82597.26,4185.78,2025-11-17,2026-11-17,True,False
7247,POL007247,20220421,1818,5,36,5,Cancellation,1605200.34,26430.73,2022-04-21,2023-04-21,False,True
7248,POL007248,20250719,2287,6,25,2,Renewal,362297.69,26070.6,2025-07-19,2026-07-19,True,False
7249,POL007249,20250223,480,1,39,1,Renewal,28358.34,1811.08,2025-02-23,2026-02-23,True,False
7250,POL007250,20221230,495,2,29,3,Cancellation,13550.54,114.42,2022-12-30,2023-12-30,False,True
7251,POL007251,20220808,422,2,28,4,New Business,26442.55,1605.3,2022-08-08,2023-08-08,False,False
7252,POL007252,20251219,1114,4,4,5,New Business,232425.61,12579.49,2025-12-19,2026-12-19,False,False
7253,POL007253,20250917,1551,1,31,3,New Business,72444.26,5963.31,2025-09-17,2026-09-17,False,False
7254,POL007254,20260311,2413,2,4,5,Renewal,12467.35,1374.85,2026-03-11,2027-03-11,True,False
7255,POL007255,20260413,2704,1,4,5,Renewal,30800.92,2423.78,2026-04-13,2027-04-13,True,False
7256,POL007256,20230327,2996,2,4,5,New Business,9390.76,785.11,2023-03-27,2024-03-26,False,False
7257,POL007257,20250413,2078,2,34,2,New Business,17293.51,1841.57,2025-04-13,2026-04-13,False,False
7258,POL007258,20220824,2531,1,40,4,Cancellation,103805.42,1561.42,2022-08-24,2023-08-24,False,True
7259,POL007259,20251008,1265,8,13,3,Cancellation,118020.48,3611.63,2025-10-08,2026-10-08,False,True
7260,POL007260,20240422,2372,2,7,5,Renewal,26109.83,1925.66,2024-04-22,2025-04-22,True,False
7261,POL007261,20250729,1677,7,16,4,Renewal,627504.4,44372.41,2025-07-29,2026-07-29,True,False
7262,POL007262,20241023,2694,2,37,3,New Business,13806.08,1149.62,2024-10-23,2025-10-23,False,False
7263,POL007263,20250814,1105,5,15,3,Renewal,2614241.67,202908.8,2025-08-14,2026-08-14,True,False
7264,POL007264,20260619,724,3,33,2,Renewal,28172.85,3157.71,2026-06-19,2027-06-19,True,False
7265,POL007265,20241206,1791,8,24,1,Renewal,132159.34,6748.87,2024-12-06,2025-12-06,True,False
7266,POL007266,20231226,1364,2,23,3,Cancellation,17130.37,631.34,2023-12-26,2024-12-25,False,True
7267,POL007267,20250805,1741,8,37,3,Renewal,22928.8,1903.97,2025-08-05,2026-08-05,True,False
7268,POL007268,20260511,527,7,39,1,New Business,226642.43,17493.15,2026-05-11,2027-05-11,False,False
7269,POL007269,20250108,251,7,39,1,Renewal,506872.56,37433.51,2025-01-08,2026-01-08,True,False
7270,POL007270,20260408,1367,1,21,3,Renewal,21563.32,1904.79,2026-04-08,2027-04-08,True,False
7271,POL007271,20240314,838,3,40,4,New Business,78681.45,7400.39,2024-03-14,2025-03-14,False,False
7272,POL007272,20251120,2319,2,8,5,New Business,20716.61,1094.49,2025-11-20,2026-11-20,False,False
7273,POL007273,20260413,1270,2,3,2,Renewal,21129.79,1559.24,2026-04-13,2027-04-13,True,False
7274,POL007274,20240322,1276,2,10,4,Renewal,25432.03,1309.25,2024-03-22,2025-03-22,True,False
7275,POL007275,20250823,136,3,20,4,New Business,70451.29,4063.82,2025-08-23,2026-08-23,False,False
7276,POL007276,20231114,2744,1,32,1,Renewal,98351.38,7240.82,2023-11-14,2024-11-13,True,False
7277,POL007277,20230421,81,9,13,3,New Business,568379.23,29834.86,2023-04-21,2024-04-20,False,False
7278,POL007278,20231231,949,3,4,5,Cancellation,155660.05,3825.97,2023-12-31,2024-12-30,False,True
7279,POL007279,20241125,2489,3,32,1,New Business,138869.76,8676.53,2024-11-25,2025-11-25,False,False
7280,POL007280,20260521,116,1,26,1,Renewal,45592.96,3723.81,2026-05-21,2027-05-21,True,False
7281,POL007281,20250203,404,8,40,4,Renewal,51978.98,6279.65,2025-02-03,2026-02-03,True,False
7282,POL007282,20230517,936,1,18,1,Cancellation,103162.01,2249.79,2023-05-17,2024-05-16,False,True
7283,POL007283,20241117,485,1,5,4,Renewal,75692.48,5345.33,2024-11-17,2025-11-17,True,False
7284,POL007284,20250413,570,4,4,5,Renewal,203911.34,11407.56,2025-04-13,2026-04-13,True,False
7285,POL007285,20241201,2868,1,14,2,Renewal,16019.19,1989.35,2024-12-01,2025-12-01,True,False
7286,POL007286,20241217,1458,4,3,2,New Business,401531.82,23853.82,2024-12-17,2025-12-17,False,False
7287,POL007287,20241230,1052,2,29,3,New Business,21902.34,1473.29,2024-12-30,2025-12-30,False,False
7288,POL007288,20250821,1517,6,21,3,New Business,233549.56,16949.67,2025-08-21,2026-08-21,False,False
7289,POL007289,20231228,2532,1,2,3,New Business,154922.35,7935.75,2023-12-28,2024-12-27,False,False
7290,POL007290,20240321,1967,3,19,5,New Business,229649.08,11998.91,2024-03-21,2025-03-21,False,False
7291,POL007291,20251120,559,2,25,2,New Business,18273.02,1735.52,2025-11-20,2026-11-20,False,False
7292,POL007292,20250219,2600,9,36,5,Renewal,347967.64,29765.08,2025-02-19,2026-02-19,True,False
7293,POL007293,20241217,1698,6,22,5,New Business,546709.67,28733.38,2024-12-17,2025-12-17,False,False
7294,POL007294,20260313,1192,1,36,5,New Business,70981.05,8218.43,2026-03-13,2027-03-13,False,False
7295,POL007295,20230903,366,1,14,2,New Business,93866.37,7183.54,2023-09-03,2024-09-02,False,False
7296,POL007296,20251202,2711,1,17,3,Renewal,72971.94,4325.04,2025-12-02,2026-12-02,True,False
7297,POL007297,20250101,169,8,13,3,New Business,243118.06,14359.13,2025-01-01,2026-01-01,False,False
7298,POL007298,20231024,1191,1,8,5,Cancellation,75179.14,2180.25,2023-10-24,2024-10-23,False,True
7299,POL007299,20231123,797,5,14,2,New Business,1353917.67,83332.21,2023-11-23,2024-11-22,False,False
7300,POL007300,20260519,2903,1,3,2,Cancellation,146682.12,4980.38,2026-05-19,2027-05-19,False,True
7301,POL007301,20250906,2241,3,10,4,Renewal,22206.85,2414.19,2025-09-06,2026-09-06,True,False
7302,POL007302,20230512,654,8,6,1,Renewal,36430.44,2270.31,2023-05-12,2024-05-11,True,False
7303,POL007303,20240330,2725,8,13,3,Renewal,88702.15,4539.75,2024-03-30,2025-03-30,True,False
7304,POL007304,20231117,1541,1,30,3,Cancellation,47740.94,468.0,2023-11-17,2024-11-16,False,True
7305,POL007305,20230914,112,1,35,4,Renewal,157653.06,8233.2,2023-09-14,2024-09-13,True,False
7306,POL007306,20240428,965,1,35,4,Renewal,70689.44,3790.75,2024-04-28,2025-04-28,True,False
7307,POL007307,20260429,2785,9,31,3,Cancellation,489918.72,4835.97,2026-04-29,2027-04-29,False,True
7308,POL007308,20241004,1458,8,29,3,Renewal,49116.46,4163.27,2024-10-04,2025-10-04,True,False
7309,POL007309,20221117,1733,7,20,4,New Business,668346.19,76242.72,2022-11-17,2023-11-17,False,False
7310,POL007310,20260327,2685,1,13,3,New Business,41047.97,2169.68,2026-03-27,2027-03-27,False,False
7311,POL007311,20260208,758,3,34,2,New Business,145329.13,9623.17,2026-02-08,2027-02-08,False,False
7312,POL007312,20230226,1607,4,11,1,New Business,84057.87,10251.05,2023-02-26,2024-02-26,False,False
7313,POL007313,20250423,2058,1,17,3,Cancellation,80624.94,1763.4,2025-04-23,2026-04-23,False,True
7314,POL007314,20231124,1414,3,40,4,New Business,107160.64,9043.61,2023-11-24,2024-11-23,False,False
7315,POL007315,20240412,2464,4,2,3,Renewal,345004.39,22308.44,2024-04-12,2025-04-12,True,False
7316,POL007316,20260108,1964,2,9,5,Renewal,8473.62,677.04,2026-01-08,2027-01-08,True,False
7317,POL007317,20260315,1393,1,16,4,Renewal,60069.71,3833.43,2026-03-15,2027-03-15,True,False
7318,POL007318,20260425,368,9,2,3,New Business,391309.83,23551.48,2026-04-25,2027-04-25,False,False
7319,POL007319,20251027,873,1,34,2,New Business,33684.0,2671.64,2025-10-27,2026-10-27,False,False
7320,POL007320,20250515,887,9,19,5,Renewal,134974.41,15640.86,2025-05-15,2026-05-15,True,False
7321,POL007321,20250927,1229,1,37,3,New Business,88435.42,6204.42,2025-09-27,2026-09-27,False,False
7322,POL007322,20220624,702,4,16,4,Cancellation,119657.07,2641.43,2022-06-24,2023-06-24,False,True
7323,POL007323,20260507,748,2,2,3,New Business,30279.87,1873.62,2026-05-07,2027-05-07,False,False
7324,POL007324,20240114,2599,1,24,1,Renewal,35312.66,3035.6,2024-01-14,2025-01-13,True,False
7325,POL007325,20250223,1270,2,32,1,Renewal,9444.4,1173.66,2025-02-23,2026-02-23,True,False
7326,POL007326,20240415,1501,1,7,5,Renewal,123742.71,6919.36,2024-04-15,2025-04-15,True,False
7327,POL007327,20260302,1910,4,1,1,Cancellation,185480.49,2126.07,2026-03-02,2027-03-02,False,True
7328,POL007328,20250916,1852,6,30,3,New Business,548015.63,35707.05,2025-09-16,2026-09-16,False,False
7329,POL007329,20230619,1029,1,39,1,Cancellation,81704.24,2203.11,2023-06-19,2024-06-18,False,True
7330,POL007330,20250514,856,1,12,2,New Business,46858.97,4149.87,2025-05-14,2026-05-14,False,False
7331,POL007331,20260223,941,6,32,1,New Business,358710.53,20924.28,2026-02-23,2027-02-23,False,False
7332,POL007332,20240423,616,1,39,1,Renewal,94531.63,6241.66,2024-04-23,2025-04-23,True,False
7333,POL007333,20250113,1836,8,21,3,Cancellation,179007.45,1511.76,2025-01-13,2026-01-13,False,True
7334,POL007334,20230729,1898,3,4,5,Renewal,88011.1,6319.71,2023-07-29,2024-07-28,True,False
7335,POL007335,20230727,2684,4,14,2,New Business,94721.17,11443.69,2023-07-27,2024-07-26,False,False
7336,POL007336,20250723,1430,1,7,5,Renewal,37414.9,2844.59,2025-07-23,2026-07-23,True,False
7337,POL007337,20241213,2552,8,40,4,New Business,30085.04,1594.06,2024-12-13,2025-12-13,False,False
7338,POL007338,20260523,1712,3,11,1,New Business,64326.54,6129.35,2026-05-23,2027-05-23,False,False
7339,POL007339,20241012,2364,2,23,3,Renewal,9734.27,621.29,2024-10-12,2025-10-12,True,False
7340,POL007340,20240802,1630,9,23,3,New Business,120399.26,13732.95,2024-08-02,2025-08-02,False,False
7341,POL007341,20240719,2450,9,21,3,Renewal,148385.52,17676.45,2024-07-19,2025-07-19,True,False
7342,POL007342,20250814,2322,8,20,4,Renewal,117793.65,13233.72,2025-08-14,2026-08-14,True,False
7343,POL007343,20260531,1493,2,14,2,Renewal,13631.81,1038.13,2026-05-31,2027-05-31,True,False
7344,POL007344,20231202,1851,1,36,5,Cancellation,124311.83,1181.42,2023-12-02,2024-12-01,False,True
7345,POL007345,20221001,1197,9,33,2,New Business,93790.1,7137.25,2022-10-01,2023-10-01,False,False
7346,POL007346,20231018,2039,2,28,4,New Business,14529.79,1181.55,2023-10-18,2024-10-17,False,False
7347,POL007347,20241021,2773,6,32,1,Renewal,106624.72,13239.21,2024-10-21,2025-10-21,True,False
7348,POL007348,20240909,1667,1,24,1,Cancellation,44097.77,1696.93,2024-09-09,2025-09-09,False,True
7349,POL007349,20221218,2381,6,27,1,Cancellation,353484.66,2564.99,2022-12-18,2023-12-18,False,True
7350,POL007350,20250124,2627,2,1,1,New Business,19319.42,2002.39,2025-01-24,2026-01-24,False,False
7351,POL007351,20260618,1358,9,27,1,Renewal,165985.5,20662.09,2026-06-18,2027-06-18,True,False
7352,POL007352,20260209,1740,8,17,3,New Business,123928.59,8087.08,2026-02-09,2027-02-09,False,False
7353,POL007353,20250116,190,4,35,4,New Business,112310.94,6484.52,2025-01-16,2026-01-16,False,False
7354,POL007354,20260526,1669,6,1,1,Renewal,164329.61,10576.76,2026-05-26,2027-05-26,True,False
7355,POL007355,20230520,2885,1,12,2,Renewal,37292.96,4450.26,2023-05-20,2024-05-19,True,False
7356,POL007356,20251206,1711,2,10,4,Renewal,27321.3,2283.84,2025-12-06,2026-12-06,True,False
7357,POL007357,20250408,2580,8,11,1,New Business,181773.37,11823.02,2025-04-08,2026-04-08,False,False
7358,POL007358,20251231,716,1,8,5,New Business,120678.88,6973.67,2025-12-31,2026-12-31,False,False
7359,POL007359,20230629,52,1,12,2,Renewal,81959.55,5102.13,2023-06-29,2024-06-28,True,False
7360,POL007360,20260525,2867,2,25,2,Cancellation,18180.09,163.91,2026-05-25,2027-05-25,False,True
7361,POL007361,20250717,998,3,21,3,Cancellation,97577.59,5711.48,2025-07-17,2026-07-17,False,True
7362,POL007362,20260530,1080,3,38,1,Renewal,154457.21,9926.21,2026-05-30,2027-05-30,True,False
7363,POL007363,20260119,400,2,9,5,Renewal,19580.65,1010.66,2026-01-19,2027-01-19,True,False
7364,POL007364,20240907,2296,1,39,1,New Business,170018.69,8578.99,2024-09-07,2025-09-07,False,False
7365,POL007365,20250215,2589,2,15,3,New Business,22366.7,1217.94,2025-02-15,2026-02-15,False,False
7366,POL007366,20250509,2495,2,39,1,Renewal,11138.9,614.73,2025-05-09,2026-05-09,True,False
7367,POL007367,20260717,2419,1,23,3,New Business,28892.86,2372.52,2026-07-17,2027-07-17,False,False
7368,POL007368,20250620,2654,7,39,1,Renewal,167632.33,17249.97,2025-06-20,2026-06-20,True,False
7369,POL007369,20260221,1940,4,21,3,New Business,476569.05,23951.63,2026-02-21,2027-02-21,False,False
7370,POL007370,20251105,181,4,5,4,Renewal,183821.95,13169.2,2025-11-05,2026-11-05,True,False
7371,POL007371,20230108,2356,2,30,3,New Business,21163.03,2416.08,2023-01-08,2024-01-08,False,False
7372,POL007372,20241129,2488,1,28,4,New Business,65186.52,4982.32,2024-11-29,2025-11-29,False,False
7373,POL007373,20231208,2224,1,40,4,Renewal,164578.01,8593.33,2023-12-08,2024-12-07,True,False
7374,POL007374,20240125,2743,1,1,1,New Business,38651.97,1938.07,2024-01-25,2025-01-24,False,False
7375,POL007375,20241228,1596,2,7,5,Renewal,20903.66,1556.79,2024-12-28,2025-12-28,True,False
7376,POL007376,20230825,1103,5,4,5,New Business,2641684.11,160508.7,2023-08-25,2024-08-24,False,False
7377,POL007377,20250421,1504,4,34,2,New Business,253720.14,13400.98,2025-04-21,2026-04-21,False,False
7378,POL007378,20260712,1465,9,39,1,Renewal,152391.87,15214.3,2026-07-12,2027-07-12,True,False
7379,POL007379,20240412,1228,1,11,1,New Business,100857.54,7149.42,2024-04-12,2025-04-12,False,False
7380,POL007380,20250827,368,2,33,2,New Business,32213.13,2074.76,2025-08-27,2026-08-27,False,False
7381,POL007381,20240505,1313,9,18,1,Renewal,142304.1,7906.7,2024-05-05,2025-05-05,True,False
7382,POL007382,20241214,713,4,21,3,New Business,172546.7,10474.45,2024-12-14,2025-12-14,False,False
7383,POL007383,20240901,1371,2,8,5,Renewal,31930.81,2145.14,2024-09-01,2025-09-01,True,False
7384,POL007384,20260105,1834,3,30,3,Cancellation,81651.79,2176.39,2026-01-05,2027-01-05,False,True
7385,POL007385,20230220,2373,8,25,2,Renewal,43068.74,5154.5,2023-02-20,2024-02-20,True,False
7386,POL007386,20251028,1647,8,6,1,Cancellation,160499.72,2916.77,2025-10-28,2026-10-28,False,True
7387,POL007387,20260427,1496,1,7,5,New Business,75843.05,5229.22,2026-04-27,2027-04-27,False,False
7388,POL007388,20240813,2280,7,14,2,New Business,798250.39,52477.25,2024-08-13,2025-08-13,False,False
7389,POL007389,20250616,1475,9,38,1,Renewal,154491.66,10686.18,2025-06-16,2026-06-16,True,False
7390,POL007390,20240420,1897,1,4,5,Renewal,55776.24,3719.33,2024-04-20,2025-04-20,True,False
7391,POL007391,20240113,559,8,27,1,Renewal,202629.61,12763.73,2024-01-13,2025-01-12,True,False
7392,POL007392,20260715,1592,8,37,3,Renewal,250486.88,13399.45,2026-07-15,2027-07-15,True,False
7393,POL007393,20260324,1782,4,2,3,Renewal,368193.41,23392.16,2026-03-24,2027-03-24,True,False
7394,POL007394,20230314,510,3,2,3,New Business,75192.08,4546.16,2023-03-14,2024-03-13,False,False
7395,POL007395,20241227,316,2,9,5,New Business,34855.17,2250.62,2024-12-27,2025-12-27,False,False
7396,POL007396,20230717,1497,8,38,1,Renewal,96394.59,7647.4,2023-07-17,2024-07-16,True,False
7397,POL007397,20220603,1923,1,14,2,Renewal,116402.71,7652.63,2022-06-03,2023-06-03,True,False
7398,POL007398,20250501,2304,8,23,3,Cancellation,146171.06,1837.71,2025-05-01,2026-05-01,False,True
7399,POL007399,20260812,2323,3,33,2,Renewal,65850.23,5867.51,2026-08-12,2027-08-12,True,False
7400,POL007400,20241111,995,6,35,4,Renewal,405910.31,21721.31,2024-11-11,2025-11-11,True,False
7401,POL007401,20240725,12,3,8,5,Renewal,28180.89,3109.51,2024-07-25,2025-07-25,True,False
7402,POL007402,20230710,2821,7,6,1,New Business,774457.67,71937.21,2023-07-10,2024-07-09,False,False
7403,POL007403,20231029,2499,8,21,3,Renewal,70063.64,3642.55,2023-10-29,2024-10-28,True,False
7404,POL007404,20250113,385,1,18,1,New Business,78327.08,6928.03,2025-01-13,2026-01-13,False,False
7405,POL007405,20260314,1812,5,1,1,Renewal,1229138.25,66298.27,2026-03-14,2027-03-14,True,False
7406,POL007406,20240503,593,7,32,1,Renewal,1089689.47,63124.44,2024-05-03,2025-05-03,True,False
7407,POL007407,20250607,1007,2,33,2,Renewal,34004.8,1915.12,2025-06-07,2026-06-07,True,False
7408,POL007408,20221005,2100,5,5,4,New Business,2612999.1,134898.49,2022-10-05,2023-10-05,False,False
7409,POL007409,20240225,207,1,33,2,Cancellation,33226.03,415.1,2024-02-25,2025-02-24,False,True
7410,POL007410,20240515,1204,2,16,4,Renewal,20402.47,2182.88,2024-05-15,2025-05-15,True,False
7411,POL007411,20250321,2302,3,7,5,New Business,83155.3,7515.21,2025-03-21,2026-03-21,False,False
7412,POL007412,20240403,457,2,3,2,Renewal,16814.95,854.91,2024-04-03,2025-04-03,True,False
7413,POL007413,20260421,1396,6,40,4,Renewal,139419.19,17047.42,2026-04-21,2027-04-21,True,False
7414,POL007414,20250405,2589,7,12,2,Renewal,201319.31,20195.04,2025-04-05,2026-04-05,True,False
7415,POL007415,20260312,400,1,32,1,New Business,27830.71,2931.76,2026-03-12,2027-03-12,False,False
7416,POL007416,20260304,2677,8,15,3,Renewal,53559.14,3074.02,2026-03-04,2027-03-04,True,False
7417,POL007417,20250709,2017,1,18,1,New Business,67639.96,8034.21,2025-07-09,2026-07-09,False,False
7418,POL007418,20260213,243,9,22,5,Renewal,130027.74,9507.79,2026-02-13,2027-02-13,True,False
7419,POL007419,20240428,2897,1,6,1,Renewal,92390.9,8654.42,2024-04-28,2025-04-28,True,False
7420,POL007420,20220425,2133,9,8,5,New Business,291085.67,20776.99,2022-04-25,2023-04-25,False,False
7421,POL007421,20230804,193,7,6,1,Renewal,112616.66,9372.17,2023-08-04,2024-08-03,True,False
7422,POL007422,20260408,2822,1,32,1,Renewal,48060.76,3283.64,2026-04-08,2027-04-08,True,False
7423,POL007423,20221222,1655,9,12,2,New Business,102755.5,8139.37,2022-12-22,2023-12-22,False,False
7424,POL007424,20250602,2597,3,4,5,New Business,54585.97,6404.79,2025-06-02,2026-06-02,False,False
7425,POL007425,20241122,434,1,9,5,New Business,106317.57,7884.29,2024-11-22,2025-11-22,False,False
7426,POL007426,20260115,1547,7,28,4,New Business,999457.84,63901.5,2026-01-15,2027-01-15,False,False
7427,POL007427,20250114,873,2,25,2,New Business,9242.32,620.27,2025-01-14,2026-01-14,False,False
7428,POL007428,20260205,2852,1,16,4,Renewal,39886.42,3325.99,2026-02-05,2027-02-05,True,False
7429,POL007429,20260421,412,5,7,5,New Business,2144046.87,193585.7,2026-04-21,2027-04-21,False,False
7430,POL007430,20250514,2220,4,38,1,New Business,101311.19,6718.78,2025-05-14,2026-05-14,False,False
7431,POL007431,20230716,339,8,34,2,New Business,210616.41,10920.7,2023-07-16,2024-07-15,False,False
7432,POL007432,20241102,1051,9,23,3,New Business,210383.56,11109.44,2024-11-02,2025-11-02,False,False
7433,POL007433,20251213,2433,4,29,3,New Business,69315.07,6008.11,2025-12-13,2026-12-13,False,False
7434,POL007434,20260424,2699,8,4,5,New Business,78839.18,7161.68,2026-04-24,2027-04-24,False,False
7435,POL007435,20250311,515,8,7,5,Renewal,15084.22,1223.51,2025-03-11,2026-03-11,True,False
7436,POL007436,20241116,1054,1,38,1,New Business,36694.03,3289.6,2024-11-16,2025-11-16,False,False
7437,POL007437,20240321,414,2,19,5,New Business,28865.16,2475.16,2024-03-21,2025-03-21,False,False
7438,POL007438,20240615,1488,6,32,1,New Business,174191.42,19752.62,2024-06-15,2025-06-15,False,False
7439,POL007439,20241119,1304,2,11,1,New Business,11421.18,694.73,2024-11-19,2025-11-19,False,False
7440,POL007440,20240130,2093,3,35,4,Renewal,127807.55,10042.36,2024-01-30,2025-01-29,True,False
7441,POL007441,20230306,71,2,36,5,Renewal,19601.21,1045.91,2023-03-06,2024-03-05,True,False
7442,POL007442,20240316,337,1,31,3,Cancellation,85441.96,1024.72,2024-03-16,2025-03-16,False,True
7443,POL007443,20240903,402,9,15,3,Renewal,472370.74,28742.0,2024-09-03,2025-09-03,True,False
7444,POL007444,20230118,2045,4,22,5,New Business,83923.34,7898.32,2023-01-18,2024-01-18,False,False
7445,POL007445,20260522,1987,1,31,3,Renewal,53854.07,5615.6,2026-05-22,2027-05-22,True,False
7446,POL007446,20231201,1808,7,8,5,Cancellation,503094.19,8028.7,2023-12-01,2024-11-30,False,True
7447,POL007447,20240521,673,1,21,3,Cancellation,144127.55,731.16,2024-05-21,2025-05-21,False,True
7448,POL007448,20250325,2159,1,14,2,New Business,82311.29,8970.97,2025-03-25,2026-03-25,False,False
7449,POL007449,20240403,563,2,12,2,New Business,30791.77,1675.34,2024-04-03,2025-04-03,False,False
7450,POL007450,20230223,599,3,3,2,Renewal,193697.49,10211.8,2023-02-23,2024-02-23,True,False
7451,POL007451,20251221,1416,4,14,2,Renewal,163428.02,19021.92,2025-12-21,2026-12-21,True,False
7452,POL007452,20221230,1760,6,16,4,New Business,446168.65,29451.77,2022-12-30,2023-12-30,False,False
7453,POL007453,20230311,2282,9,36,5,Cancellation,379796.27,4040.72,2023-03-11,2024-03-10,False,True
7454,POL007454,20241206,653,9,7,5,Cancellation,341354.87,13254.31,2024-12-06,2025-12-06,False,True
7455,POL007455,20250526,2623,1,30,3,New Business,42002.05,2594.54,2025-05-26,2026-05-26,False,False
7456,POL007456,20240314,735,4,27,1,Cancellation,223809.88,3247.91,2024-03-14,2025-03-14,False,True
7457,POL007457,20240802,1514,4,7,5,Renewal,112467.68,7660.62,2024-08-02,2025-08-02,True,False
7458,POL007458,20240130,2079,2,37,3,Renewal,31511.34,2109.04,2024-01-30,2025-01-29,True,False
7459,POL007459,20231112,2737,9,6,1,Renewal,472826.98,24960.38,2023-11-12,2024-11-11,True,False
7460,POL007460,20250526,2465,8,40,4,New Business,165126.75,11205.41,2025-05-26,2026-05-26,False,False
7461,POL007461,20230214,2912,3,36,5,New Business,29336.59,3049.91,2023-02-14,2024-02-14,False,False
7462,POL007462,20230920,1687,5,17,3,New Business,3088726.95,194305.06,2023-09-20,2024-09-19,False,False
7463,POL007463,20260130,2687,4,21,3,New Business,241509.95,13622.25,2026-01-30,2027-01-30,False,False
7464,POL007464,20230320,1163,1,37,3,Renewal,108006.16,6527.06,2023-03-20,2024-03-19,True,False
7465,POL007465,20230519,1822,7,9,5,Renewal,366510.6,32594.18,2023-05-19,2024-05-18,True,False
7466,POL007466,20231101,2315,8,14,2,New Business,91796.73,9386.36,2023-11-01,2024-10-31,False,False
7467,POL007467,20230723,2567,7,3,2,Renewal,307919.43,20053.49,2023-07-23,2024-07-22,True,False
7468,POL007468,20231208,1883,1,15,3,New Business,39279.5,3808.89,2023-12-08,2024-12-07,False,False
7469,POL007469,20251207,2654,1,15,3,New Business,29792.46,2099.65,2025-12-07,2026-12-07,False,False
7470,POL007470,20231102,2040,8,11,1,New Business,194965.86,14167.53,2023-11-02,2024-11-01,False,False
7471,POL007471,20250816,2347,1,2,3,Cancellation,77612.83,1380.68,2025-08-16,2026-08-16,False,True
7472,POL007472,20260526,685,9,24,1,Renewal,212631.97,11989.97,2026-05-26,2027-05-26,True,False
7473,POL007473,20230814,1769,9,39,1,Cancellation,117843.16,3448.92,2023-08-14,2024-08-13,False,True
7474,POL007474,20250823,2061,1,12,2,Renewal,82994.47,8337.79,2025-08-23,2026-08-23,True,False
7475,POL007475,20251108,2669,2,40,4,New Business,17352.17,867.83,2025-11-08,2026-11-08,False,False
7476,POL007476,20220822,2337,3,38,1,Renewal,56355.76,6314.29,2022-08-22,2023-08-22,True,False
7477,POL007477,20240512,2214,1,14,2,New Business,100588.19,5236.83,2024-05-12,2025-05-12,False,False
7478,POL007478,20240907,2020,4,33,2,Renewal,121002.43,13037.8,2024-09-07,2025-09-07,True,False
7479,POL007479,20241220,231,2,7,5,Renewal,18276.26,2130.15,2024-12-20,2025-12-20,True,False
7480,POL007480,20260115,1216,2,2,3,Renewal,24253.33,1783.17,2026-01-15,2027-01-15,True,False
7481,POL007481,20250929,480,2,9,5,New Business,18037.2,1423.89,2025-09-29,2026-09-29,False,False
7482,POL007482,20231013,1931,2,24,1,New Business,16645.21,840.88,2023-10-13,2024-10-12,False,False
7483,POL007483,20240217,1581,1,27,1,Renewal,80219.2,6583.03,2024-02-17,2025-02-16,True,False
7484,POL007484,20240923,980,8,38,1,Renewal,49786.97,2510.69,2024-09-23,2025-09-23,True,False
7485,POL007485,20250211,970,9,36,5,New Business,414061.0,23558.92,2025-02-11,2026-02-11,False,False
7486,POL007486,20260203,374,9,35,4,New Business,150881.59,7975.84,2026-02-03,2027-02-03,False,False
7487,POL007487,20250713,1591,3,15,3,Renewal,56614.38,2962.46,2025-07-13,2026-07-13,True,False
7488,POL007488,20250211,2426,1,5,4,Renewal,87020.1,8445.27,2025-02-11,2026-02-11,True,False
7489,POL007489,20251107,1944,1,9,5,New Business,18352.67,1961.06,2025-11-07,2026-11-07,False,False
7490,POL007490,20230512,2719,1,34,2,Cancellation,97903.25,1172.89,2023-05-12,2024-05-11,False,True
7491,POL007491,20240817,355,7,4,5,New Business,398957.09,40566.59,2024-08-17,2025-08-17,False,False
7492,POL007492,20240331,1487,3,3,2,New Business,59747.27,4441.41,2024-03-31,2025-03-31,False,False
7493,POL007493,20260425,2961,2,12,2,Renewal,10877.1,1096.39,2026-04-25,2027-04-25,True,False
7494,POL007494,20230911,2359,9,11,1,New Business,401668.8,22086.32,2023-09-11,2024-09-10,False,False
7495,POL007495,20250313,1379,8,18,1,Renewal,63677.0,5967.59,2025-03-13,2026-03-13,True,False
7496,POL007496,20260123,2466,1,6,1,New Business,58752.09,4797.34,2026-01-23,2027-01-23,False,False
7497,POL007497,20240810,220,4,14,2,New Business,85872.51,8022.71,2024-08-10,2025-08-10,False,False
7498,POL007498,20220515,1156,9,11,1,Renewal,44927.83,4300.02,2022-05-15,2023-05-15,True,False
7499,POL007499,20240830,1048,1,28,4,Renewal,165011.2,8966.5,2024-08-30,2025-08-30,True,False
7500,POL007500,20251009,515,7,11,1,New Business,663118.49,40494.55,2025-10-09,2026-10-09,False,False
7501,POL007501,20250524,2020,2,20,4,Renewal,14522.73,964.55,2025-05-24,2026-05-24,True,False
7502,POL007502,20241021,1457,1,22,5,Cancellation,96307.24,1393.95,2024-10-21,2025-10-21,False,True
7503,POL007503,20241203,2835,7,3,2,New Business,773543.27,44505.7,2024-12-03,2025-12-03,False,False
7504,POL007504,20250906,604,1,24,1,New Business,90361.5,6744.03,2025-09-06,2026-09-06,False,False
7505,POL007505,20240930,1114,1,15,3,Renewal,52519.98,3408.48,2024-09-30,2025-09-30,True,False
7506,POL007506,20240318,2683,9,26,1,New Business,462302.32,29330.72,2024-03-18,2025-03-18,False,False
7507,POL007507,20240615,2096,2,40,4,Renewal,13326.46,688.85,2024-06-15,2025-06-15,True,False
7508,POL007508,20260603,1754,1,3,2,New Business,86286.16,6869.42,2026-06-03,2027-06-03,False,False
7509,POL007509,20230825,2319,2,39,1,New Business,29471.46,1541.09,2023-08-25,2024-08-24,False,False
7510,POL007510,20251006,2619,1,21,3,New Business,70794.59,6938.8,2025-10-06,2026-10-06,False,False
7511,POL007511,20250130,1423,1,2,3,Renewal,95690.02,8594.89,2025-01-30,2026-01-30,True,False
7512,POL007512,20241113,1906,8,40,4,Cancellation,110504.05,4586.65,2024-11-13,2025-11-13,False,True
7513,POL007513,20260804,110,8,34,2,Renewal,59701.41,5481.45,2026-08-04,2027-08-04,True,False
7514,POL007514,20250829,1513,3,23,3,Cancellation,186429.44,6808.59,2025-08-29,2026-08-29,False,True
7515,POL007515,20240818,1314,3,17,3,Renewal,73798.98,5515.62,2024-08-18,2025-08-18,True,False
7516,POL007516,20240918,1839,7,37,3,Renewal,920673.56,53731.7,2024-09-18,2025-09-18,True,False
7517,POL007517,20220505,545,3,23,3,Renewal,198058.75,10389.31,2022-05-05,2023-05-05,True,False
7518,POL007518,20250808,2655,5,4,5,Renewal,3852897.69,211957.02,2025-08-08,2026-08-08,True,False
7519,POL007519,20250127,2172,1,11,1,Renewal,105236.84,8829.04,2025-01-27,2026-01-27,True,False
7520,POL007520,20241216,2397,3,32,1,Renewal,76368.15,5327.02,2024-12-16,2025-12-16,True,False
7521,POL007521,20260308,2838,1,29,3,Renewal,78844.13,5024.96,2026-03-08,2027-03-08,True,False
7522,POL007522,20250712,1972,3,12,2,Renewal,81780.77,7578.73,2025-07-12,2026-07-12,True,False
7523,POL007523,20221111,439,7,22,5,Renewal,858878.7,59151.41,2022-11-11,2023-11-11,True,False
7524,POL007524,20240905,1799,2,34,2,Renewal,12935.7,677.35,2024-09-05,2025-09-05,True,False
7525,POL007525,20250529,1529,4,7,5,New Business,122091.49,6277.11,2025-05-29,2026-05-29,False,False
7526,POL007526,20241214,912,4,11,1,Renewal,131299.32,10136.8,2024-12-14,2025-12-14,True,False
7527,POL007527,20260304,2925,1,37,3,Renewal,64660.1,6563.39,2026-03-04,2027-03-04,True,False
7528,POL007528,20260217,887,2,29,3,Renewal,12968.88,1573.27,2026-02-17,2027-02-17,True,False
7529,POL007529,20250615,602,1,40,4,Cancellation,108491.98,3549.04,2025-06-15,2026-06-15,False,True
7530,POL007530,20240119,1304,2,5,4,Renewal,12620.56,857.73,2024-01-19,2025-01-18,True,False
7531,POL007531,20241221,1854,3,4,5,New Business,88999.63,5006.79,2024-12-21,2025-12-21,False,False
7532,POL007532,20230603,2943,1,16,4,New Business,29714.87,2788.79,2023-06-03,2024-06-02,False,False
7533,POL007533,20221030,267,5,19,5,New Business,1835880.86,142446.62,2022-10-30,2023-10-30,False,False
7534,POL007534,20231218,444,8,40,4,Cancellation,19694.53,760.89,2023-12-18,2024-12-17,False,True
7535,POL007535,20241010,1184,9,5,4,Renewal,81842.15,7767.91,2024-10-10,2025-10-10,True,False
7536,POL007536,20250324,2174,3,1,1,New Business,140502.2,8089.8,2025-03-24,2026-03-24,False,False
7537,POL007537,20240305,2905,1,34,2,Renewal,32719.23,2922.92,2024-03-05,2025-03-05,True,False
7538,POL007538,20250327,375,1,30,3,New Business,21240.75,2067.19,2025-03-27,2026-03-27,False,False
7539,POL007539,20221130,1018,1,32,1,New Business,86822.71,6422.34,2022-11-30,2023-11-30,False,False
7540,POL007540,20260524,1688,3,30,3,Renewal,86760.24,5933.27,2026-05-24,2027-05-24,True,False
7541,POL007541,20240930,2860,3,15,3,Renewal,144900.6,7372.88,2024-09-30,2025-09-30,True,False
7542,POL007542,20250618,1705,1,37,3,Renewal,117778.03,8809.67,2025-06-18,2026-06-18,True,False
7543,POL007543,20231112,2009,4,20,4,New Business,180953.62,21120.41,2023-11-12,2024-11-11,False,False
7544,POL007544,20250915,1638,1,39,1,Cancellation,120661.36,2275.79,2025-09-15,2026-09-15,False,True
7545,POL007545,20221123,2435,1,30,3,New Business,76818.45,5423.65,2022-11-23,2023-11-23,False,False
7546,POL007546,20230307,2580,1,26,1,New Business,59736.72,3246.81,2023-03-07,2024-03-06,False,False
7547,POL007547,20230502,1548,4,7,5,New Business,451320.29,23847.97,2023-05-02,2024-05-01,False,False
7548,POL007548,20241006,1859,7,3,2,New Business,115134.73,13160.78,2024-10-06,2025-10-06,False,False
7549,POL007549,20230924,26,1,10,4,Renewal,45503.94,4745.48,2023-09-24,2024-09-23,True,False
7550,POL007550,20250624,2877,1,26,1,Renewal,57055.46,5373.4,2025-06-24,2026-06-24,True,False
7551,POL007551,20230830,2516,9,3,2,New Business,153696.09,8473.51,2023-08-30,2024-08-29,False,False
7552,POL007552,20260508,314,1,35,4,Cancellation,102772.2,2342.84,2026-05-08,2027-05-08,False,True
7553,POL007553,20260219,2975,7,38,1,New Business,1241896.75,71394.77,2026-02-19,2027-02-19,False,False
7554,POL007554,20251211,1788,9,40,4,Renewal,334684.04,24389.87,2025-12-11,2026-12-11,True,False
7555,POL007555,20220422,451,1,19,5,Renewal,61986.12,6924.06,2022-04-22,2023-04-22,True,False
7556,POL007556,20230522,1744,8,15,3,Renewal,121240.79,8245.59,2023-05-22,2024-05-21,True,False
7557,POL007557,20231216,1487,7,8,5,Renewal,699915.12,63126.54,2023-12-16,2024-12-15,True,False
7558,POL007558,20250920,2417,1,22,5,Renewal,44848.55,3549.9,2025-09-20,2026-09-20,True,False
7559,POL007559,20260324,598,3,7,5,New Business,133770.96,7233.95,2026-03-24,2027-03-24,False,False
7560,POL007560,20240613,639,1,21,3,New Business,54842.91,4720.89,2024-06-13,2025-06-13,False,False
7561,POL007561,20240319,1600,8,21,3,New Business,244786.64,12448.0,2024-03-19,2025-03-19,False,False
7562,POL007562,20260115,642,6,6,1,Renewal,635949.57,39845.2,2026-01-15,2027-01-15,True,False
7563,POL007563,20260303,1334,8,17,3,Renewal,94987.69,11038.9,2026-03-03,2027-03-03,True,False
7564,POL007564,20220825,1415,6,40,4,Renewal,443104.47,37097.82,2022-08-25,2023-08-25,True,False
7565,POL007565,20221209,699,9,19,5,New Business,88011.94,7985.13,2022-12-09,2023-12-09,False,False
7566,POL007566,20240805,1716,7,14,2,New Business,231843.4,18551.05,2024-08-05,2025-08-05,False,False
7567,POL007567,20260224,2702,1,30,3,Renewal,66265.55,5787.49,2026-02-24,2027-02-24,True,False
7568,POL007568,20260808,512,3,13,3,New Business,30157.25,3060.14,2026-08-08,2027-08-08,False,False
7569,POL007569,20260214,2828,2,14,2,Renewal,34196.45,2184.95,2026-02-14,2027-02-14,True,False
7570,POL007570,20251219,434,1,34,2,New Business,80019.16,6106.59,2025-12-19,2026-12-19,False,False
7571,POL007571,20240211,1894,6,18,1,New Business,273757.56,14707.87,2024-02-11,2025-02-10,False,False
7572,POL007572,20260629,2004,1,36,5,New Business,73262.28,3867.26,2026-06-29,2027-06-29,False,False
7573,POL007573,20230623,180,4,20,4,Renewal,215679.07,20035.78,2023-06-23,2024-06-22,True,False
7574,POL007574,20240204,1584,6,27,1,New Business,291766.58,21790.94,2024-02-04,2025-02-03,False,False
7575,POL007575,20220703,716,8,37,3,New Business,229434.53,14713.75,2022-07-03,2023-07-03,False,False
7576,POL007576,20230218,2905,9,39,1,Renewal,209211.02,10814.36,2023-02-18,2024-02-18,True,False
7577,POL007577,20240613,2499,2,39,1,New Business,17230.41,871.59,2024-06-13,2025-06-13,False,False
7578,POL007578,20250101,2928,1,32,1,New Business,51675.73,3981.08,2025-01-01,2026-01-01,False,False
7579,POL007579,20230424,2439,8,21,3,Renewal,60072.81,3026.47,2023-04-24,2024-04-23,True,False
7580,POL007580,20230302,2614,9,33,2,Renewal,115345.72,6867.9,2023-03-02,2024-03-01,True,False
7581,POL007581,20260217,1410,8,30,3,Renewal,65298.07,3373.0,2026-02-17,2027-02-17,True,False
7582,POL007582,20260409,2594,1,29,3,New Business,42813.88,4128.53,2026-04-09,2027-04-09,False,False
7583,POL007583,20231117,2057,1,38,1,New Business,88263.35,4874.31,2023-11-17,2024-11-16,False,False
7584,POL007584,20220519,1902,3,14,2,New Business,106232.29,6106.75,2022-05-19,2023-05-19,False,False
7585,POL007585,20240923,1919,1,25,2,Renewal,40122.19,3387.28,2024-09-23,2025-09-23,True,False
7586,POL007586,20240407,2189,7,19,5,New Business,644112.34,35130.35,2024-04-07,2025-04-07,False,False
7587,POL007587,20231127,1187,7,28,4,Renewal,591244.34,48810.15,2023-11-27,2024-11-26,True,False
7588,POL007588,20240528,241,1,13,3,Renewal,38998.38,4664.42,2024-05-28,2025-05-28,True,False
7589,POL007589,20240817,2635,1,7,5,Renewal,57853.51,5354.74,2024-08-17,2025-08-17,True,False
7590,POL007590,20230331,2308,2,19,5,New Business,40750.69,2146.48,2023-03-31,2024-03-30,False,False
7591,POL007591,20220707,2266,4,12,2,Cancellation,235502.76,13134.23,2022-07-07,2023-07-07,False,True
7592,POL007592,20221224,1364,2,16,4,New Business,9966.59,787.8,2022-12-24,2023-12-24,False,False
7593,POL007593,20231217,664,3,9,5,Renewal,85574.88,5990.01,2023-12-17,2024-12-16,True,False
7594,POL007594,20241110,1702,9,24,1,Renewal,55168.17,3437.24,2024-11-10,2025-11-10,True,False
7595,POL007595,20250228,2599,2,10,4,Renewal,22141.86,1125.19,2025-02-28,2026-02-28,True,False
7596,POL007596,20260225,2867,9,40,4,Renewal,52476.97,5608.61,2026-02-25,2027-02-25,True,False
7597,POL007597,20241005,2604,1,30,3,Renewal,27001.82,3041.19,2024-10-05,2025-10-05,True,False
7598,POL007598,20241005,1497,4,30,3,Renewal,135415.8,16725.54,2024-10-05,2025-10-05,True,False
7599,POL007599,20250513,366,9,8,5,Cancellation,105191.36,4165.42,2025-05-13,2026-05-13,False,True
7600,POL007600,20230701,1559,1,10,4,New Business,50688.81,4139.93,2023-07-01,2024-06-30,False,False
7601,POL007601,20220919,658,4,36,5,New Business,287273.54,23358.85,2022-09-19,2023-09-19,False,False
7602,POL007602,20230930,2960,3,26,1,New Business,104447.51,6999.44,2023-09-30,2024-09-29,False,False
7603,POL007603,20240430,828,1,39,1,Renewal,88506.1,5654.96,2024-04-30,2025-04-30,True,False
7604,POL007604,20250511,1799,1,39,1,Renewal,93870.08,5484.16,2025-05-11,2026-05-11,True,False
7605,POL007605,20250109,1519,1,5,4,New Business,92358.87,4794.74,2025-01-09,2026-01-09,False,False
7606,POL007606,20221017,379,4,4,5,New Business,316725.7,21201.3,2022-10-17,2023-10-17,False,False
7607,POL007607,20230813,906,1,1,1,New Business,52769.98,3905.08,2023-08-13,2024-08-12,False,False
7608,POL007608,20251230,58,1,25,2,New Business,76119.27,5146.56,2025-12-30,2026-12-30,False,False
7609,POL007609,20260303,2635,1,27,1,Renewal,71414.67,4876.95,2026-03-03,2027-03-03,True,False
7610,POL007610,20230214,2156,8,12,2,New Business,60402.59,5823.59,2023-02-14,2024-02-14,False,False
7611,POL007611,20260409,1613,1,29,3,New Business,57031.84,5322.16,2026-04-09,2027-04-09,False,False
7612,POL007612,20250326,360,5,20,4,New Business,2369746.3,139731.83,2025-03-26,2026-03-26,False,False
7613,POL007613,20240616,937,3,39,1,Renewal,192370.0,10547.27,2024-06-16,2025-06-16,True,False
7614,POL007614,20231214,322,8,18,1,New Business,138951.69,7632.04,2023-12-14,2024-12-13,False,False
7615,POL007615,20220921,1769,9,19,5,New Business,58927.04,5533.63,2022-09-21,2023-09-21,False,False
7616,POL007616,20260220,2746,8,17,3,Renewal,249394.41,13362.81,2026-02-20,2027-02-20,True,False
7617,POL007617,20250122,815,2,33,2,Renewal,25866.34,1436.64,2025-01-22,2026-01-22,True,False
7618,POL007618,20260606,260,6,27,1,Renewal,235720.76,14282.53,2026-06-06,2027-06-06,True,False
7619,POL007619,20250213,2213,1,39,1,Renewal,122373.7,6475.02,2025-02-13,2026-02-13,True,False
7620,POL007620,20241126,1458,8,35,4,New Business,105466.14,7701.13,2024-11-26,2025-11-26,False,False
7621,POL007621,20250902,2392,1,19,5,Renewal,94814.6,7879.82,2025-09-02,2026-09-02,True,False
7622,POL007622,20220814,2415,8,31,3,Renewal,132412.36,13316.85,2022-08-14,2023-08-14,True,False
7623,POL007623,20240818,2487,2,30,3,Cancellation,20195.19,543.49,2024-08-18,2025-08-18,False,True
7624,POL007624,20250415,1179,1,22,5,New Business,23563.95,2041.73,2025-04-15,2026-04-15,False,False
7625,POL007625,20240419,1146,6,10,4,New Business,315958.67,38944.32,2024-04-19,2025-04-19,False,False
7626,POL007626,20240201,2423,2,40,4,New Business,9052.18,971.87,2024-02-01,2025-01-31,False,False
7627,POL007627,20220509,1939,8,29,3,Renewal,116764.7,6633.41,2022-05-09,2023-05-09,True,False
7628,POL007628,20260315,2318,2,3,2,Renewal,24500.39,1844.6,2026-03-15,2027-03-15,True,False
7629,POL007629,20250425,1558,4,25,2,Cancellation,247037.95,3953.56,2025-04-25,2026-04-25,False,True
7630,POL007630,20241130,881,1,16,4,Renewal,82845.26,4703.25,2024-11-30,2025-11-30,True,False
7631,POL007631,20250402,2995,9,1,1,New Business,365214.53,22740.51,2025-04-02,2026-04-02,False,False
7632,POL007632,20240216,2681,8,23,3,Renewal,172112.05,8914.06,2024-02-16,2025-02-15,True,False
7633,POL007633,20240107,2699,4,12,2,Renewal,174670.0,14051.4,2024-01-07,2025-01-06,True,False
7634,POL007634,20250811,1862,6,32,1,Renewal,62782.29,5912.62,2025-08-11,2026-08-11,True,False
7635,POL007635,20221112,1470,1,11,1,New Business,32676.56,2273.94,2022-11-12,2023-11-12,False,False
7636,POL007636,20240202,131,8,8,5,New Business,74479.94,8149.1,2024-02-02,2025-02-01,False,False
7637,POL007637,20250511,257,8,29,3,New Business,140310.52,10104.17,2025-05-11,2026-05-11,False,False
7638,POL007638,20250814,1495,6,36,5,New Business,193550.91,19943.77,2025-08-14,2026-08-14,False,False
7639,POL007639,20240228,2307,2,12,2,New Business,18247.15,2018.82,2024-02-28,2025-02-27,False,False
7640,POL007640,20250514,1266,3,20,4,New Business,32751.53,2348.51,2025-05-14,2026-05-14,False,False
7641,POL007641,20250427,287,4,30,3,Cancellation,99162.59,5297.57,2025-04-27,2026-04-27,False,True
7642,POL007642,20250325,884,8,23,3,Renewal,197556.57,12325.28,2025-03-25,2026-03-25,True,False
7643,POL007643,20241120,344,6,4,5,Cancellation,277292.15,3813.28,2024-11-20,2025-11-20,False,True
7644,POL007644,20241107,714,8,22,5,Renewal,236510.19,14197.13,2024-11-07,2025-11-07,True,False
7645,POL007645,20241210,2503,3,28,4,Renewal,26120.85,2514.21,2024-12-10,2025-12-10,True,False
7646,POL007646,20240901,511,7,28,4,New Business,146154.37,14837.27,2024-09-01,2025-09-01,False,False
7647,POL007647,20241216,2525,5,10,4,Cancellation,1026234.04,28845.58,2024-12-16,2025-12-16,False,True
7648,POL007648,20250803,1949,6,36,5,New Business,265375.11,16586.25,2025-08-03,2026-08-03,False,False
7649,POL007649,20250316,1354,3,7,5,New Business,77228.55,6050.4,2025-03-16,2026-03-16,False,False
7650,POL007650,20240207,561,3,4,5,Renewal,88485.13,6665.54,2024-02-07,2025-02-06,True,False
7651,POL007651,20240131,1449,9,3,2,Renewal,284153.86,22721.39,2024-01-31,2025-01-30,True,False
7652,POL007652,20250413,2802,4,9,5,Cancellation,316615.93,12677.11,2025-04-13,2026-04-13,False,True
7653,POL007653,20260112,2122,6,22,5,Renewal,387825.68,34310.26,2026-01-12,2027-01-12,True,False
7654,POL007654,20230402,1170,1,37,3,New Business,29396.08,3197.94,2023-04-02,2024-04-01,False,False
7655,POL007655,20221117,357,8,21,3,New Business,208255.77,13309.97,2022-11-17,2023-11-17,False,False
7656,POL007656,20221209,1279,4,2,3,New Business,297479.48,17517.12,2022-12-09,2023-12-09,False,False
7657,POL007657,20221103,2122,1,3,2,New Business,29147.52,1786.19,2022-11-03,2023-11-03,False,False
7658,POL007658,20241209,2932,7,16,4,Renewal,980082.13,75940.8,2024-12-09,2025-12-09,True,False
7659,POL007659,20251107,2805,1,24,1,Renewal,45504.14,3117.07,2025-11-07,2026-11-07,True,False
7660,POL007660,20240711,593,8,39,1,Renewal,64692.74,4926.91,2024-07-11,2025-07-11,True,False
7661,POL007661,20260206,383,2,13,3,Renewal,11969.45,1369.19,2026-02-06,2027-02-06,True,False
7662,POL007662,20250225,985,3,40,4,Renewal,44101.21,3327.54,2025-02-25,2026-02-25,True,False
7663,POL007663,20250501,1192,5,33,2,New Business,1089697.9,91913.01,2025-05-01,2026-05-01,False,False
7664,POL007664,20250705,815,1,2,3,New Business,53988.55,3428.11,2025-07-05,2026-07-05,False,False
7665,POL007665,20250821,2767,7,29,3,Renewal,941848.52,69118.74,2025-08-21,2026-08-21,True,False
7666,POL007666,20231224,2656,2,19,5,Renewal,43799.47,2452.11,2023-12-24,2024-12-23,True,False
7667,POL007667,20240423,1419,7,7,5,Renewal,525211.62,57305.62,2024-04-23,2025-04-23,True,False
7668,POL007668,20260419,717,1,24,1,New Business,42957.13,2465.52,2026-04-19,2027-04-19,False,False
7669,POL007669,20220824,2891,8,28,4,New Business,25324.06,2112.06,2022-08-24,2023-08-24,False,False
7670,POL007670,20250128,1898,6,33,2,Renewal,118403.46,9216.88,2025-01-28,2026-01-28,True,False
7671,POL007671,20230928,240,1,12,2,Renewal,31572.04,1716.21,2023-09-28,2024-09-27,True,False
7672,POL007672,20230602,2946,1,25,2,Renewal,62998.34,7380.89,2023-06-02,2024-06-01,True,False
7673,POL007673,20231027,2625,2,23,3,New Business,40295.62,2094.59,2023-10-27,2024-10-26,False,False
7674,POL007674,20230112,1748,6,6,1,Cancellation,452633.74,14155.83,2023-01-12,2024-01-12,False,True
7675,POL007675,20240412,857,2,9,5,New Business,23294.36,1180.34,2024-04-12,2025-04-12,False,False
7676,POL007676,20250513,440,3,17,3,New Business,37329.63,2322.96,2025-05-13,2026-05-13,False,False
7677,POL007677,20250910,1065,1,13,3,Renewal,47897.44,3362.49,2025-09-10,2026-09-10,True,False
7678,POL007678,20240512,862,3,21,3,Renewal,179180.93,10379.14,2024-05-12,2025-05-12,True,False
7679,POL007679,20220923,22,1,5,4,Renewal,56572.68,3484.23,2022-09-23,2023-09-23,True,False
7680,POL007680,20251020,2104,1,32,1,New Business,120517.1,7732.32,2025-10-20,2026-10-20,False,False
7681,POL007681,20240212,2259,3,8,5,Renewal,134594.84,8141.92,2024-02-12,2025-02-11,True,False
7682,POL007682,20260422,2626,4,10,4,Renewal,193818.56,13098.84,2026-04-22,2027-04-22,True,False
7683,POL007683,20241018,2359,3,15,3,Renewal,54786.07,2998.36,2024-10-18,2025-10-18,True,False
7684,POL007684,20240205,2189,9,31,3,Renewal,93967.27,9846.82,2024-02-05,2025-02-04,True,False
7685,POL007685,20250607,12,2,7,5,Renewal,41367.65,2125.65,2025-06-07,2026-06-07,True,False
7686,POL007686,20231029,1483,3,30,3,Renewal,33029.28,4079.92,2023-10-29,2024-10-28,True,False
7687,POL007687,20241215,2130,3,28,4,Renewal,103541.56,6389.84,2024-12-15,2025-12-15,True,False
7688,POL007688,20251122,513,2,9,5,New Business,17229.89,1475.85,2025-11-22,2026-11-22,False,False
7689,POL007689,20221203,1368,7,9,5,Renewal,941031.11,61200.99,2022-12-03,2023-12-03,True,False
7690,POL007690,20250606,440,1,26,1,Renewal,92370.23,7669.43,2025-06-06,2026-06-06,True,False
7691,POL007691,20251201,1997,7,32,1,New Business,822407.17,78513.49,2025-12-01,2026-12-01,False,False
7692,POL007692,20251003,1888,8,19,5,Renewal,54708.51,5827.09,2025-10-03,2026-10-03,True,False
7693,POL007693,20260223,2922,2,32,1,Renewal,20394.18,1554.35,2026-02-23,2027-02-23,True,False
7694,POL007694,20230623,1412,1,22,5,Renewal,172284.96,8867.22,2023-06-23,2024-06-22,True,False
7695,POL007695,20230809,1516,3,5,4,New Business,52134.62,3665.23,2023-08-09,2024-08-08,False,False
7696,POL007696,20260731,1792,1,28,4,Renewal,94382.23,7832.07,2026-07-31,2027-07-31,True,False
7697,POL007697,20220830,2442,2,8,5,Renewal,27120.7,1990.42,2022-08-30,2023-08-30,True,False
7698,POL007698,20221102,1032,7,35,4,Renewal,857206.75,66137.92,2022-11-02,2023-11-02,True,False
7699,POL007699,20251028,800,3,19,5,New Business,206625.79,11867.85,2025-10-28,2026-10-28,False,False
7700,POL007700,20231016,827,1,19,5,New Business,46576.63,2812.04,2023-10-16,2024-10-15,False,False
7701,POL007701,20260123,2428,2,27,1,Renewal,29440.75,1507.12,2026-01-23,2027-01-23,True,False
7702,POL007702,20230827,1827,3,20,4,Renewal,87708.23,7594.26,2023-08-27,2024-08-26,True,False
7703,POL007703,20240127,1248,6,17,3,Renewal,104716.6,11165.24,2024-01-27,2025-01-26,True,False
7704,POL007704,20230301,2001,8,14,2,Renewal,153024.89,10415.03,2023-03-01,2024-02-29,True,False
7705,POL007705,20240618,521,1,22,5,Cancellation,73848.03,2979.37,2024-06-18,2025-06-18,False,True
7706,POL007706,20240128,1145,9,3,2,Renewal,194332.08,15907.56,2024-01-28,2025-01-27,True,False
7707,POL007707,20240228,267,1,22,5,New Business,102398.49,8734.01,2024-02-28,2025-02-27,False,False
7708,POL007708,20250709,1530,6,4,5,Renewal,490726.62,30760.68,2025-07-09,2026-07-09,True,False
7709,POL007709,20240112,1713,2,40,4,Renewal,15964.59,1214.41,2024-01-12,2025-01-11,True,False
7710,POL007710,20241106,2235,7,32,1,Renewal,914437.64,79392.98,2024-11-06,2025-11-06,True,False
7711,POL007711,20231017,321,8,15,3,New Business,136860.24,13707.83,2023-10-17,2024-10-16,False,False
7712,POL007712,20250205,2627,7,34,2,Renewal,792874.89,41586.45,2025-02-05,2026-02-05,True,False
7713,POL007713,20260403,1020,7,17,3,Renewal,501927.57,55478.34,2026-04-03,2027-04-03,True,False
7714,POL007714,20231216,1879,3,9,5,Renewal,124888.78,7478.65,2023-12-16,2024-12-15,True,False
7715,POL007715,20230528,1825,9,27,1,Renewal,149281.33,12038.61,2023-05-28,2024-05-27,True,False
7716,POL007716,20220908,2921,7,3,2,Renewal,1063101.08,59671.4,2022-09-08,2023-09-08,True,False
7717,POL007717,20221127,968,5,39,1,New Business,3568497.56,180706.07,2022-11-27,2023-11-27,False,False
7718,POL007718,20251117,2786,3,32,1,Renewal,90934.59,7747.87,2025-11-17,2026-11-17,True,False
7719,POL007719,20260726,2801,1,36,5,New Business,30255.52,2013.69,2026-07-26,2027-07-26,False,False
7720,POL007720,20260707,459,8,34,2,New Business,151229.62,9190.29,2026-07-07,2027-07-07,False,False
7721,POL007721,20241003,893,8,18,1,New Business,42294.29,2513.2,2024-10-03,2025-10-03,False,False
7722,POL007722,20260131,2094,2,12,2,Renewal,20282.1,1251.2,2026-01-31,2027-01-31,True,False
7723,POL007723,20231023,1990,9,13,3,Renewal,342986.21,18003.43,2023-10-23,2024-10-22,True,False
7724,POL007724,20260103,218,8,14,2,New Business,87539.13,10768.51,2026-01-03,2027-01-03,False,False
7725,POL007725,20250623,1153,2,28,4,Renewal,13534.16,1477.96,2025-06-23,2026-06-23,True,False
7726,POL007726,20250822,1093,9,31,3,Renewal,396911.12,28152.65,2025-08-22,2026-08-22,True,False
7727,POL007727,20240105,2632,6,40,4,Renewal,359661.75,24652.45,2024-01-05,2025-01-04,True,False
7728,POL007728,20260303,1433,9,33,2,Renewal,298320.58,17859.34,2026-03-03,2027-03-03,True,False
7729,POL007729,20260208,1457,4,30,3,Renewal,100509.82,7323.08,2026-02-08,2027-02-08,True,False
7730,POL007730,20230918,2453,1,6,1,Renewal,57572.12,2945.89,2023-09-18,2024-09-17,True,False
7731,POL007731,20220929,1707,8,5,4,Renewal,34144.78,2225.05,2022-09-29,2023-09-29,True,False
7732,POL007732,20260311,2413,9,12,2,Renewal,64211.03,4099.43,2026-03-11,2027-03-11,True,False
7733,POL007733,20240818,1452,4,7,5,New Business,238989.56,13042.69,2024-08-18,2025-08-18,False,False
7734,POL007734,20260315,2961,9,14,2,Cancellation,388651.54,9868.81,2026-03-15,2027-03-15,False,True
7735,POL007735,20240912,1608,9,34,2,Renewal,321927.79,22195.82,2024-09-12,2025-09-12,True,False
7736,POL007736,20230207,2484,6,37,3,Renewal,346424.92,35519.08,2023-02-07,2024-02-07,True,False
7737,POL007737,20230706,768,1,25,2,Cancellation,59978.81,2107.95,2023-07-06,2024-07-05,False,True
7738,POL007738,20240724,1298,9,9,5,New Business,117720.78,12852.06,2024-07-24,2025-07-24,False,False
7739,POL007739,20230822,162,7,29,3,Cancellation,502082.99,5934.51,2023-08-22,2024-08-21,False,True
7740,POL007740,20231027,885,8,22,5,New Business,133030.55,9016.44,2023-10-27,2024-10-26,False,False
7741,POL007741,20230704,1952,4,28,4,New Business,245735.54,14853.48,2023-07-04,2024-07-03,False,False
7742,POL007742,20240520,2334,5,27,1,Renewal,1087984.43,122965.79,2024-05-20,2025-05-20,True,False
7743,POL007743,20250325,1108,1,37,3,New Business,79069.84,4756.94,2025-03-25,2026-03-25,False,False
7744,POL007744,20220906,1233,3,21,3,New Business,207645.98,10657.83,2022-09-06,2023-09-06,False,False
7745,POL007745,20230207,1632,4,5,4,New Business,401853.16,23620.91,2023-02-07,2024-02-07,False,False
7746,POL007746,20230824,2011,3,25,2,New Business,215026.0,11084.94,2023-08-24,2024-08-23,False,False
7747,POL007747,20250321,804,9,22,5,New Business,183052.03,15446.92,2025-03-21,2026-03-21,False,False
7748,POL007748,20231017,1150,7,15,3,Cancellation,519081.86,25856.43,2023-10-17,2024-10-16,False,True
7749,POL007749,20251008,2098,9,13,3,Renewal,192357.83,16511.35,2025-10-08,2026-10-08,True,False
7750,POL007750,20230307,2625,8,37,3,Renewal,193821.95,11705.16,2023-03-07,2024-03-06,True,False
7751,POL007751,20250531,272,2,12,2,Renewal,29763.3,1570.87,2025-05-31,2026-05-31,True,False
7752,POL007752,20250504,1359,1,37,3,Cancellation,57988.63,2894.99,2025-05-04,2026-05-04,False,True
7753,POL007753,20230802,719,1,18,1,New Business,75449.91,4677.94,2023-08-02,2024-08-01,False,False
7754,POL007754,20250810,1657,1,17,3,New Business,89105.12,8156.98,2025-08-10,2026-08-10,False,False
7755,POL007755,20241217,1017,3,14,2,New Business,60104.65,5187.12,2024-12-17,2025-12-17,False,False
7756,POL007756,20221021,1276,5,5,4,New Business,1040733.89,67077.78,2022-10-21,2023-10-21,False,False
7757,POL007757,20241023,2100,1,37,3,Renewal,29907.69,1620.71,2024-10-23,2025-10-23,True,False
7758,POL007758,20221215,307,2,31,3,Renewal,31621.12,2320.2,2022-12-15,2023-12-15,True,False
7759,POL007759,20250308,2701,8,19,5,Renewal,77871.31,3984.85,2025-03-08,2026-03-08,True,False
7760,POL007760,20260428,728,5,7,5,New Business,1341409.11,145120.74,2026-04-28,2027-04-28,False,False
7761,POL007761,20250720,1096,1,35,4,Renewal,30868.28,3440.94,2025-07-20,2026-07-20,True,False
7762,POL007762,20251204,356,2,31,3,Renewal,21719.34,1096.12,2025-12-04,2026-12-04,True,False
7763,POL007763,20251113,2009,6,37,3,Renewal,166191.58,18543.76,2025-11-13,2026-11-13,True,False
7764,POL007764,20251212,2816,1,4,5,Renewal,60819.85,3637.81,2025-12-12,2026-12-12,True,False
7765,POL007765,20251101,1596,1,6,1,Renewal,86923.09,6667.44,2025-11-01,2026-11-01,True,False
7766,POL007766,20240327,2594,5,21,3,New Business,314245.14,24633.66,2024-03-27,2025-03-27,False,False
7767,POL007767,20250125,377,1,18,1,New Business,12933.3,1500.7,2025-01-25,2026-01-25,False,False
7768,POL007768,20241202,2827,3,35,4,Cancellation,65812.18,1763.32,2024-12-02,2025-12-02,False,True
7769,POL007769,20241107,878,1,29,3,Renewal,115107.19,7037.8,2024-11-07,2025-11-07,True,False
7770,POL007770,20250819,396,3,30,3,New Business,40959.18,4659.74,2025-08-19,2026-08-19,False,False
7771,POL007771,20250707,799,4,39,1,Renewal,332545.27,23903.74,2025-07-07,2026-07-07,True,False
7772,POL007772,20241117,1960,6,1,1,Renewal,522996.03,30718.75,2024-11-17,2025-11-17,True,False
7773,POL007773,20260519,47,3,1,1,New Business,175663.99,11146.05,2026-05-19,2027-05-19,False,False
7774,POL007774,20250813,1737,4,11,1,Renewal,145680.44,12480.11,2025-08-13,2026-08-13,True,False
7775,POL007775,20250725,2072,1,19,5,Cancellation,56352.27,4118.0,2025-07-25,2026-07-25,False,True
7776,POL007776,20260308,2233,1,32,1,Renewal,28508.7,1671.42,2026-03-08,2027-03-08,True,False
7777,POL007777,20221024,1175,3,28,4,Renewal,58200.31,4815.58,2022-10-24,2023-10-24,True,False
7778,POL007778,20260217,2445,4,6,1,Renewal,294296.7,16113.33,2026-02-17,2027-02-17,True,False
7779,POL007779,20240117,2645,2,20,4,Renewal,11190.65,791.73,2024-01-17,2025-01-16,True,False
7780,POL007780,20250422,2467,6,13,3,Renewal,245143.21,30292.62,2025-04-22,2026-04-22,True,False
7781,POL007781,20240306,579,6,11,1,New Business,449913.04,24575.03,2024-03-06,2025-03-06,False,False
7782,POL007782,20220629,1929,2,2,3,Renewal,22973.08,2191.21,2022-06-29,2023-06-29,True,False
7783,POL007783,20220825,2012,2,35,4,New Business,31729.96,1733.56,2022-08-25,2023-08-25,False,False
7784,POL007784,20240308,2889,2,25,2,Renewal,8597.66,813.22,2024-03-08,2025-03-08,True,False
7785,POL007785,20230906,1068,4,27,1,New Business,165088.88,20091.66,2023-09-06,2024-09-05,False,False
7786,POL007786,20250511,912,3,9,5,New Business,91866.78,7559.72,2025-05-11,2026-05-11,False,False
7787,POL007787,20251029,79,3,17,3,New Business,108069.31,10846.49,2025-10-29,2026-10-29,False,False
7788,POL007788,20240210,978,2,24,1,Renewal,9804.42,1220.02,2024-02-10,2025-02-09,True,False
7789,POL007789,20240828,1292,2,24,1,Cancellation,26691.44,544.86,2024-08-28,2025-08-28,False,True
7790,POL007790,20240827,2336,1,10,4,Renewal,81012.96,6190.16,2024-08-27,2025-08-27,True,False
7791,POL007791,20260527,2694,1,17,3,Renewal,77554.11,5901.4,2026-05-27,2027-05-27,True,False
7792,POL007792,20241114,2276,1,10,4,Renewal,141377.9,7212.65,2024-11-14,2025-11-14,True,False
7793,POL007793,20230531,288,1,4,5,New Business,72765.88,6578.71,2023-05-31,2024-05-30,False,False
7794,POL007794,20251013,2933,3,34,2,Renewal,151175.67,11502.46,2025-10-13,2026-10-13,True,False
7795,POL007795,20250520,1884,1,38,1,New Business,59172.2,3883.7,2025-05-20,2026-05-20,False,False
7796,POL007796,20240227,1960,2,39,1,New Business,17285.72,935.35,2024-02-27,2025-02-26,False,False
7797,POL007797,20240418,2621,7,15,3,Renewal,1022413.92,66590.55,2024-04-18,2025-04-18,True,False
7798,POL007798,20250517,2071,1,13,3,Renewal,49889.47,3482.98,2025-05-17,2026-05-17,True,False
7799,POL007799,20260322,2269,8,33,2,New Business,231205.57,13897.36,2026-03-22,2027-03-22,False,False
7800,POL007800,20241217,2380,2,34,2,New Business,27555.75,1947.03,2024-12-17,2025-12-17,False,False
7801,POL007801,20230713,862,9,36,5,Renewal,45445.02,3441.71,2023-07-13,2024-07-12,True,False
7802,POL007802,20241119,1552,3,23,3,New Business,66212.41,6822.78,2024-11-19,2025-11-19,False,False
7803,POL007803,20250410,2012,2,39,1,Renewal,14709.75,944.04,2025-04-10,2026-04-10,True,False
7804,POL007804,20251214,2226,1,32,1,New Business,92672.87,5947.57,2025-12-14,2026-12-14,False,False
7805,POL007805,20260805,2375,1,39,1,Renewal,90978.19,7265.0,2026-08-05,2027-08-05,True,False
7806,POL007806,20251021,2445,3,26,1,New Business,21498.76,2074.44,2025-10-21,2026-10-21,False,False
7807,POL007807,20260623,1186,1,12,2,Renewal,88899.0,4924.42,2026-06-23,2027-06-23,True,False
7808,POL007808,20260120,1438,4,4,5,Renewal,179958.21,13266.97,2026-01-20,2027-01-20,True,False
7809,POL007809,20240909,632,9,27,1,Renewal,163308.65,12365.27,2024-09-09,2025-09-09,True,False
7810,POL007810,20250806,232,3,29,3,New Business,143184.57,10619.72,2025-08-06,2026-08-06,False,False
7811,POL007811,20250504,2205,9,27,1,Cancellation,458969.76,6133.42,2025-05-04,2026-05-04,False,True
7812,POL007812,20230506,309,4,35,4,Cancellation,324074.95,2008.38,2023-05-06,2024-05-05,False,True
7813,POL007813,20250629,1794,5,17,3,Cancellation,1788842.59,63002.95,2025-06-29,2026-06-29,False,True
7814,POL007814,20231025,933,8,14,2,New Business,34562.66,3264.82,2023-10-25,2024-10-24,False,False
7815,POL007815,20231028,176,3,28,4,New Business,32759.43,2957.84,2023-10-28,2024-10-27,False,False
7816,POL007816,20260212,227,2,16,4,New Business,25635.96,2257.51,2026-02-12,2027-02-12,False,False
7817,POL007817,20250625,1935,4,32,1,New Business,104452.98,8560.17,2025-06-25,2026-06-25,False,False
7818,POL007818,20240221,1122,3,39,1,New Business,171558.22,11882.2,2024-02-21,2025-02-20,False,False
7819,POL007819,20251003,1612,2,6,1,New Business,21953.46,1467.1,2025-10-03,2026-10-03,False,False
7820,POL007820,20250614,976,1,24,1,Cancellation,73575.5,2408.41,2025-06-14,2026-06-14,False,True
7821,POL007821,20260613,2456,8,36,5,New Business,57100.85,3322.57,2026-06-13,2027-06-13,False,False
7822,POL007822,20250729,2706,8,34,2,New Business,83282.37,10237.61,2025-07-29,2026-07-29,False,False
7823,POL007823,20260205,2773,1,20,4,Renewal,73266.07,5197.11,2026-02-05,2027-02-05,True,False
7824,POL007824,20260227,1454,6,34,2,Renewal,532107.44,30397.52,2026-02-27,2027-02-27,True,False
7825,POL007825,20250526,2548,1,38,1,Cancellation,72097.78,3014.98,2025-05-26,2026-05-26,False,True
7826,POL007826,20241228,2329,9,11,1,Renewal,362758.04,18403.79,2024-12-28,2025-12-28,True,False
7827,POL007827,20250709,1283,5,2,3,Cancellation,1456010.36,38756.21,2025-07-09,2026-07-09,False,True
7828,POL007828,20230419,2062,1,30,3,Renewal,21471.12,1769.08,2023-04-19,2024-04-18,True,False
7829,POL007829,20241204,1535,4,18,1,New Business,232307.02,20297.41,2024-12-04,2025-12-04,False,False
7830,POL007830,20250413,962,8,25,2,Renewal,125862.73,8160.47,2025-04-13,2026-04-13,True,False
7831,POL007831,20230313,2932,2,4,5,Renewal,29053.1,1743.97,2023-03-13,2024-03-12,True,False
7832,POL007832,20241012,2606,4,29,3,Renewal,53659.19,5478.79,2024-10-12,2025-10-12,True,False
7833,POL007833,20231028,1759,1,20,4,Renewal,63523.05,5063.07,2023-10-28,2024-10-27,True,False
7834,POL007834,20260127,1327,6,16,4,New Business,179777.77,21377.45,2026-01-27,2027-01-27,False,False
7835,POL007835,20260611,46,1,9,5,Renewal,51516.38,4168.05,2026-06-11,2027-06-11,True,False
7836,POL007836,20230803,1951,1,27,1,Renewal,162046.98,8182.77,2023-08-03,2024-08-02,True,False
7837,POL007837,20230412,2839,4,28,4,Renewal,148978.39,13644.15,2023-04-12,2024-04-11,True,False
7838,POL007838,20260602,159,3,21,3,New Business,135723.57,11034.31,2026-06-02,2027-06-02,False,False
7839,POL007839,20240919,1546,8,39,1,Renewal,104266.34,11087.22,2024-09-19,2025-09-19,True,False
7840,POL007840,20240729,289,3,10,4,Renewal,205272.21,11018.63,2024-07-29,2025-07-29,True,False
7841,POL007841,20250620,27,3,4,5,New Business,44436.9,2896.35,2025-06-20,2026-06-20,False,False
7842,POL007842,20250831,2531,7,6,1,Cancellation,169496.81,7418.05,2025-08-31,2026-08-31,False,True
7843,POL007843,20240129,2329,2,15,3,Renewal,13489.8,720.44,2024-01-29,2025-01-28,True,False
7844,POL007844,20250326,589,1,17,3,New Business,105744.91,8617.42,2025-03-26,2026-03-26,False,False
7845,POL007845,20250429,749,3,14,2,New Business,51249.16,5600.39,2025-04-29,2026-04-29,False,False
7846,POL007846,20250826,2196,7,40,4,New Business,392170.81,22798.68,2025-08-26,2026-08-26,False,False
7847,POL007847,20250516,2343,1,37,3,New Business,25002.56,2770.45,2025-05-16,2026-05-16,False,False
7848,POL007848,20241225,2311,3,39,1,New Business,59331.13,3081.63,2024-12-25,2025-12-25,False,False
7849,POL007849,20260320,325,1,21,3,Renewal,77661.22,6512.05,2026-03-20,2027-03-20,True,False
7850,POL007850,20250801,1973,9,1,1,New Business,317400.36,19947.77,2025-08-01,2026-08-01,False,False
7851,POL007851,20230508,2449,7,24,1,Renewal,191547.87,23484.86,2023-05-08,2024-05-07,True,False
7852,POL007852,20250206,855,3,27,1,Cancellation,65828.62,549.01,2025-02-06,2026-02-06,False,True
7853,POL007853,20250415,1986,1,19,5,New Business,98121.14,5548.88,2025-04-15,2026-04-15,False,False
7854,POL007854,20241111,262,5,30,3,Renewal,769943.11,38929.22,2024-11-11,2025-11-11,True,False
7855,POL007855,20251209,2368,6,39,1,New Business,285792.22,19895.86,2025-12-09,2026-12-09,False,False
7856,POL007856,20240214,1287,1,9,5,Renewal,33572.55,1798.21,2024-02-14,2025-02-13,True,False
7857,POL007857,20251126,2388,8,39,1,Renewal,191443.94,10256.53,2025-11-26,2026-11-26,True,False
7858,POL007858,20241124,2070,2,37,3,Cancellation,10920.9,495.22,2024-11-24,2025-11-24,False,True
7859,POL007859,20250606,1176,1,4,5,New Business,70791.23,7957.1,2025-06-06,2026-06-06,False,False
7860,POL007860,20230130,1313,2,25,2,Renewal,17005.64,1155.62,2023-01-30,2024-01-30,True,False
7861,POL007861,20250312,438,1,37,3,New Business,74600.45,4712.2,2025-03-12,2026-03-12,False,False
7862,POL007862,20250818,2875,1,35,4,New Business,56725.36,2838.28,2025-08-18,2026-08-18,False,False
7863,POL007863,20231231,1336,4,17,3,Renewal,129891.46,8884.83,2023-12-31,2024-12-30,True,False
7864,POL007864,20260115,1114,4,18,1,Cancellation,257736.46,3762.88,2026-01-15,2027-01-15,False,True
7865,POL007865,20240808,1753,9,23,3,Cancellation,78488.47,2388.6,2024-08-08,2025-08-08,False,True
7866,POL007866,20260417,2047,1,4,5,Renewal,70528.03,5654.41,2026-04-17,2027-04-17,True,False
7867,POL007867,20240711,1254,3,34,2,Renewal,73200.65,6082.3,2024-07-11,2025-07-11,True,False
7868,POL007868,20231101,922,2,2,3,Renewal,20173.81,1055.16,2023-11-01,2024-10-31,True,False
7869,POL007869,20241214,1522,1,26,1,Cancellation,131437.47,5249.77,2024-12-14,2025-12-14,False,True
7870,POL007870,20250909,1603,1,7,5,New Business,67686.51,3696.95,2025-09-09,2026-09-09,False,False
7871,POL007871,20240827,2756,1,15,3,Cancellation,33307.7,1147.48,2024-08-27,2025-08-27,False,True
7872,POL007872,20240827,1541,2,28,4,Renewal,12087.12,665.69,2024-08-27,2025-08-27,True,False
7873,POL007873,20260412,120,8,23,3,Renewal,150008.06,8327.71,2026-04-12,2027-04-12,True,False
7874,POL007874,20230218,2638,8,24,1,Renewal,179615.69,13671.06,2023-02-18,2024-02-18,True,False
7875,POL007875,20260424,2354,3,14,2,Renewal,155292.94,11322.39,2026-04-24,2027-04-24,True,False
7876,POL007876,20260118,1019,6,38,1,New Business,430029.32,28250.35,2026-01-18,2027-01-18,False,False
7877,POL007877,20240115,925,3,30,3,New Business,162406.84,10970.91,2024-01-15,2025-01-14,False,False
7878,POL007878,20230501,2888,4,13,3,New Business,143422.05,14591.91,2023-05-01,2024-04-30,False,False
7879,POL007879,20250128,2321,6,25,2,Renewal,136228.56,16574.13,2025-01-28,2026-01-28,True,False
7880,POL007880,20230503,566,1,30,3,Renewal,130586.3,7513.29,2023-05-03,2024-05-02,True,False
7881,POL007881,20240628,1264,3,12,2,New Business,174118.59,11000.82,2024-06-28,2025-06-28,False,False
7882,POL007882,20260314,413,1,5,4,Renewal,72669.02,4854.1,2026-03-14,2027-03-14,True,False
7883,POL007883,20251125,2655,1,27,1,Renewal,32863.39,3421.88,2025-11-25,2026-11-25,True,False
7884,POL007884,20250710,788,3,36,5,New Business,68941.92,6485.3,2025-07-10,2026-07-10,False,False
7885,POL007885,20241018,1022,8,1,1,Renewal,119475.67,6035.97,2024-10-18,2025-10-18,True,False
7886,POL007886,20250825,1078,1,24,1,Cancellation,66061.19,2204.34,2025-08-25,2026-08-25,False,True
7887,POL007887,20250725,54,7,14,2,New Business,675542.81,63715.95,2025-07-25,2026-07-25,False,False
7888,POL007888,20240320,741,1,33,2,Renewal,42748.26,2740.82,2024-03-20,2025-03-20,True,False
7889,POL007889,20260615,1708,8,21,3,New Business,235978.36,12561.01,2026-06-15,2027-06-15,False,False
7890,POL007890,20260709,1696,4,35,4,New Business,206553.84,12990.18,2026-07-09,2027-07-09,False,False
7891,POL007891,20260816,2269,2,3,2,New Business,24414.12,1471.94,2026-08-16,2027-08-16,False,False
7892,POL007892,20240925,2359,8,23,3,Cancellation,58851.77,745.26,2024-09-25,2025-09-25,False,True
7893,POL007893,20230905,1922,1,24,1,Renewal,26185.01,3031.5,2023-09-05,2024-09-04,True,False
7894,POL007894,20241225,1287,1,18,1,New Business,39687.41,2732.92,2024-12-25,2025-12-25,False,False
7895,POL007895,20241110,1365,6,30,3,Renewal,187947.32,12770.06,2024-11-10,2025-11-10,True,False
7896,POL007896,20260315,1970,1,30,3,Renewal,107743.34,5691.7,2026-03-15,2027-03-15,True,False
7897,POL007897,20230407,2537,8,7,5,Renewal,129802.65,6994.07,2023-04-07,2024-04-06,True,False
7898,POL007898,20250313,469,9,23,3,Renewal,522287.1,28831.76,2025-03-13,2026-03-13,True,False
7899,POL007899,20240927,468,9,19,5,New Business,297780.75,23126.6,2024-09-27,2025-09-27,False,False
7900,POL007900,20230515,2695,8,39,1,New Business,133823.26,14349.08,2023-05-15,2024-05-14,False,False
7901,POL007901,20260408,16,1,27,1,Cancellation,105132.6,1382.98,2026-04-08,2027-04-08,False,True
7902,POL007902,20260116,1754,2,35,4,Renewal,17427.84,1517.32,2026-01-16,2027-01-16,True,False
7903,POL007903,20260104,2733,7,22,5,New Business,601983.4,32565.54,2026-01-04,2027-01-04,False,False
7904,POL007904,20250122,901,6,32,1,Cancellation,448315.22,10176.52,2025-01-22,2026-01-22,False,True
7905,POL007905,20250731,1443,4,40,4,Renewal,67319.98,6715.74,2025-07-31,2026-07-31,True,False
7906,POL007906,20230423,1154,1,9,5,New Business,30729.72,1743.5,2023-04-23,2024-04-22,False,False
7907,POL007907,20240609,1753,1,12,2,New Business,51853.7,3943.7,2024-06-09,2025-06-09,False,False
7908,POL007908,20230830,1269,1,40,4,Renewal,56533.55,3948.45,2023-08-30,2024-08-29,True,False
7909,POL007909,20240128,1279,2,25,2,Renewal,23673.63,1623.26,2024-01-28,2025-01-27,True,False
7910,POL007910,20260307,893,1,22,5,Renewal,25157.33,2885.79,2026-03-07,2027-03-07,True,False
7911,POL007911,20251023,847,2,13,3,New Business,16694.36,1354.05,2025-10-23,2026-10-23,False,False
7912,POL007912,20240319,317,5,13,3,New Business,1691413.1,180625.63,2024-03-19,2025-03-19,False,False
7913,POL007913,20240613,1820,1,1,1,New Business,68163.77,4840.81,2024-06-13,2025-06-13,False,False
7914,POL007914,20221020,1217,3,20,4,Renewal,114310.14,6362.84,2022-10-20,2023-10-20,True,False
7915,POL007915,20231107,1826,7,11,1,Renewal,137267.25,12804.84,2023-11-07,2024-11-06,True,False
7916,POL007916,20230807,452,5,31,3,Renewal,1061839.3,119124.2,2023-08-07,2024-08-06,True,False
7917,POL007917,20240702,1669,6,36,5,New Business,390989.06,38935.7,2024-07-02,2025-07-02,False,False
7918,POL007918,20260613,1398,3,34,2,Cancellation,44474.01,548.35,2026-06-13,2027-06-13,False,True
7919,POL007919,20260604,883,1,21,3,Renewal,52184.66,3227.32,2026-06-04,2027-06-04,True,False
7920,POL007920,20221027,2162,2,29,3,New Business,23969.67,2123.76,2022-10-27,2023-10-27,False,False
7921,POL007921,20230529,800,8,40,4,Renewal,47269.79,3173.22,2023-05-29,2024-05-28,True,False
7922,POL007922,20231118,1996,2,23,3,New Business,16605.78,1251.24,2023-11-18,2024-11-17,False,False
7923,POL007923,20250911,228,4,25,2,New Business,295678.28,15745.55,2025-09-11,2026-09-11,False,False
7924,POL007924,20250809,1076,7,10,4,New Business,515192.93,57015.86,2025-08-09,2026-08-09,False,False
7925,POL007925,20260810,1296,1,17,3,New Business,37477.62,4194.41,2026-08-10,2027-08-10,False,False
7926,POL007926,20230921,2714,8,9,5,New Business,178625.03,14370.99,2023-09-21,2024-09-20,False,False
7927,POL007927,20240131,1770,1,16,4,New Business,16673.8,1513.98,2024-01-31,2025-01-30,False,False
7928,POL007928,20230226,1745,1,6,1,Renewal,31122.04,3629.2,2023-02-26,2024-02-26,True,False
7929,POL007929,20250223,2735,8,25,2,New Business,83975.37,4438.1,2025-02-23,2026-02-23,False,False
7930,POL007930,20231029,1333,2,14,2,Cancellation,29870.82,1246.16,2023-10-29,2024-10-28,False,True
7931,POL007931,20240721,83,8,7,5,Renewal,74912.85,5957.74,2024-07-21,2025-07-21,True,False
7932,POL007932,20230502,1784,1,7,5,New Business,48084.38,2486.11,2023-05-02,2024-05-01,False,False
7933,POL007933,20260413,1437,9,31,3,New Business,402530.7,29377.42,2026-04-13,2027-04-13,False,False
7934,POL007934,20240416,2121,8,18,1,New Business,229662.85,14885.04,2024-04-16,2025-04-16,False,False
7935,POL007935,20250920,294,1,32,1,Renewal,32540.01,3974.49,2025-09-20,2026-09-20,True,False
7936,POL007936,20230724,456,1,37,3,New Business,116223.41,7398.88,2023-07-24,2024-07-23,False,False
7937,POL007937,20260217,1226,5,23,3,New Business,3620336.77,241444.36,2026-02-17,2027-02-17,False,False
7938,POL007938,20250508,2386,1,23,3,New Business,66136.11,3823.42,2025-05-08,2026-05-08,False,False
7939,POL007939,20250919,872,4,25,2,Renewal,157653.96,8097.98,2025-09-19,2026-09-19,True,False
7940,POL007940,20260522,2437,3,26,1,Renewal,74766.05,8368.13,2026-05-22,2027-05-22,True,False
7941,POL007941,20251210,204,8,35,4,New Business,82666.29,4411.8,2025-12-10,2026-12-10,False,False
7942,POL007942,20240413,281,3,25,2,Renewal,82150.48,7002.73,2024-04-13,2025-04-13,True,False
7943,POL007943,20260609,1919,1,11,1,Cancellation,98469.75,694.38,2026-06-09,2027-06-09,False,True
7944,POL007944,20240311,129,4,30,3,Cancellation,274703.87,7268.02,2024-03-11,2025-03-11,False,True
7945,POL007945,20260403,1028,2,22,5,New Business,8267.06,1000.52,2026-04-03,2027-04-03,False,False
7946,POL007946,20240822,2751,1,1,1,New Business,76570.89,4624.27,2024-08-22,2025-08-22,False,False
7947,POL007947,20230725,2500,1,40,4,New Business,54400.7,6042.02,2023-07-25,2024-07-24,False,False
7948,POL007948,20250720,946,3,14,2,New Business,48178.85,4756.9,2025-07-20,2026-07-20,False,False
7949,POL007949,20250706,1547,5,16,4,Renewal,163488.09,16916.33,2025-07-06,2026-07-06,True,False
7950,POL007950,20231022,751,9,11,1,New Business,370438.18,26545.29,2023-10-22,2024-10-21,False,False
7951,POL007951,20241217,2512,8,21,3,New Business,59203.66,3293.89,2024-12-17,2025-12-17,False,False
7952,POL007952,20250115,2659,1,25,2,Renewal,90856.38,7581.85,2025-01-15,2026-01-15,True,False
7953,POL007953,20250109,1902,1,15,3,New Business,56157.37,4707.85,2025-01-09,2026-01-09,False,False
7954,POL007954,20231229,1714,1,24,1,New Business,29442.02,2811.4,2023-12-29,2024-12-28,False,False
7955,POL007955,20231008,1409,9,14,2,Cancellation,411434.56,15172.7,2023-10-08,2024-10-07,False,True
7956,POL007956,20241107,1513,7,7,5,New Business,865432.56,54419.15,2024-11-07,2025-11-07,False,False
7957,POL007957,20240803,2407,8,28,4,New Business,141017.05,10806.14,2024-08-03,2025-08-03,False,False
7958,POL007958,20240721,254,5,2,3,Renewal,2094243.85,135411.0,2024-07-21,2025-07-21,True,False
7959,POL007959,20230808,1914,3,17,3,Renewal,180671.14,11011.24,2023-08-08,2024-08-07,True,False
7960,POL007960,20250621,2682,1,16,4,New Business,110226.53,6046.6,2025-06-21,2026-06-21,False,False
7961,POL007961,20251209,283,2,39,1,Renewal,5873.85,647.74,2025-12-09,2026-12-09,True,False
7962,POL007962,20260228,1504,1,27,1,New Business,75526.23,8789.7,2026-02-28,2027-02-28,False,False
7963,POL007963,20251005,641,5,24,1,Cancellation,1827364.69,18316.89,2025-10-05,2026-10-05,False,True
7964,POL007964,20240316,1691,1,9,5,Renewal,70361.91,4467.1,2024-03-16,2025-03-16,True,False
7965,POL007965,20250209,686,5,13,3,Renewal,1965057.22,188156.33,2025-02-09,2026-02-09,True,False
7966,POL007966,20251024,2496,8,40,4,New Business,195103.39,12383.33,2025-10-24,2026-10-24,False,False
7967,POL007967,20250923,2348,2,20,4,New Business,18536.9,983.06,2025-09-23,2026-09-23,False,False
7968,POL007968,20240825,638,4,21,3,New Business,332726.95,24126.3,2024-08-25,2025-08-25,False,False
7969,POL007969,20251209,1320,8,12,2,Renewal,46020.09,2974.4,2025-12-09,2026-12-09,True,False
7970,POL007970,20230329,1631,3,24,1,New Business,98131.01,9863.68,2023-03-29,2024-03-28,False,False
7971,POL007971,20260822,2102,8,40,4,Renewal,231505.61,11608.43,2026-08-22,2027-08-22,True,False
7972,POL007972,20231214,771,1,28,4,Renewal,25434.17,1944.35,2023-12-14,2024-12-13,True,False
7973,POL007973,20250307,239,7,14,2,New Business,96879.78,12051.17,2025-03-07,2026-03-07,False,False
7974,POL007974,20220506,2570,1,5,4,New Business,132814.27,8444.39,2022-05-06,2023-05-06,False,False
7975,POL007975,20250216,2113,9,32,1,New Business,85223.08,8099.05,2025-02-16,2026-02-16,False,False
7976,POL007976,20250312,1073,7,12,2,New Business,670014.82,58532.32,2025-03-12,2026-03-12,False,False
7977,POL007977,20251215,1376,3,19,5,Renewal,150601.93,8810.16,2025-12-15,2026-12-15,True,False
7978,POL007978,20250127,1860,7,19,5,Renewal,198852.32,13889.7,2025-01-27,2026-01-27,True,False
7979,POL007979,20240428,2534,5,28,4,Renewal,3088218.53,157185.17,2024-04-28,2025-04-28,True,False
7980,POL007980,20240918,521,4,24,1,New Business,295911.37,16072.42,2024-09-18,2025-09-18,False,False
7981,POL007981,20240530,2553,1,13,3,Cancellation,118793.65,4132.22,2024-05-30,2025-05-30,False,True
7982,POL007982,20230316,263,2,23,3,New Business,7540.72,728.69,2023-03-16,2024-03-15,False,False
7983,POL007983,20230827,1556,9,27,1,Cancellation,227014.15,13561.4,2023-08-27,2024-08-26,False,True
7984,POL007984,20230621,2965,9,37,3,Renewal,116207.22,6561.57,2023-06-21,2024-06-20,True,False
7985,POL007985,20250224,622,6,17,3,Renewal,439771.08,22494.88,2025-02-24,2026-02-24,True,False
7986,POL007986,20250505,1315,3,27,1,Renewal,92458.6,11266.89,2025-05-05,2026-05-05,True,False
7987,POL007987,20250326,315,1,3,2,Renewal,68528.94,3843.24,2025-03-26,2026-03-26,True,False
7988,POL007988,20240911,421,1,9,5,New Business,34961.97,2899.24,2024-09-11,2025-09-11,False,False
7989,POL007989,20250904,733,2,7,5,Renewal,15289.91,1175.22,2025-09-04,2026-09-04,True,False
7990,POL007990,20250612,559,3,13,3,New Business,50206.77,4094.81,2025-06-12,2026-06-12,False,False
7991,POL007991,20220403,1073,1,9,5,Cancellation,72307.64,1205.96,2022-04-03,2023-04-03,False,True
7992,POL007992,20250203,523,1,8,5,New Business,70077.4,5922.13,2025-02-03,2026-02-03,False,False
7993,POL007993,20240419,436,8,22,5,Renewal,152100.9,13580.36,2024-04-19,2025-04-19,True,False
7994,POL007994,20260604,2531,1,26,1,Renewal,90937.37,4957.75,2026-06-04,2027-06-04,True,False
7995,POL007995,20260613,2049,3,3,2,Renewal,129898.83,6654.62,2026-06-13,2027-06-13,True,False
7996,POL007996,20240910,2617,6,23,3,Renewal,362595.55,39391.04,2024-09-10,2025-09-10,True,False
7997,POL007997,20240729,2199,1,20,4,New Business,91892.34,4868.1,2024-07-29,2025-07-29,False,False
7998,POL007998,20221202,1611,6,13,3,New Business,111244.13,6350.58,2022-12-02,2023-12-02,False,False
7999,POL007999,20260723,2788,2,3,2,New Business,19995.55,1204.03,2026-07-23,2027-07-23,False,False
8000,POL008000,20240810,2305,8,13,3,New Business,63406.72,3424.31,2024-08-10,2025-08-10,False,False
8001,POL008001,20240224,1821,8,6,1,Renewal,135987.88,12398.49,2024-02-24,2025-02-23,True,False
8002,POL008002,20240831,2246,1,7,5,New Business,21318.86,1763.52,2024-08-31,2025-08-31,False,False
8003,POL008003,20250321,2291,1,31,3,Renewal,28045.8,1617.56,2025-03-21,2026-03-21,True,False
8004,POL008004,20260605,28,5,12,2,Renewal,2386779.57,199617.15,2026-06-05,2027-06-05,True,False
8005,POL008005,20250912,2769,2,38,1,New Business,18803.35,1215.44,2025-09-12,2026-09-12,False,False
8006,POL008006,20260407,2188,7,28,4,Renewal,310767.58,15744.14,2026-04-07,2027-04-07,True,False
8007,POL008007,20240614,1529,4,1,1,Renewal,306637.3,20819.75,2024-06-14,2025-06-14,True,False
8008,POL008008,20230210,2331,3,26,1,Renewal,131351.71,8596.07,2023-02-10,2024-02-10,True,False
8009,POL008009,20260104,2149,1,7,5,Cancellation,85848.85,694.7,2026-01-04,2027-01-04,False,True
8010,POL008010,20240601,2328,8,19,5,Renewal,222374.18,12481.22,2024-06-01,2025-06-01,True,False
8011,POL008011,20260407,1118,6,25,2,New Business,199657.41,18463.22,2026-04-07,2027-04-07,False,False
8012,POL008012,20250316,2452,5,1,1,New Business,586068.49,51100.79,2025-03-16,2026-03-16,False,False
8013,POL008013,20260115,464,2,32,1,Renewal,17091.65,1433.57,2026-01-15,2027-01-15,True,False
8014,POL008014,20251031,892,7,29,3,New Business,741240.78,70915.87,2025-10-31,2026-10-31,False,False
8015,POL008015,20260126,1940,1,3,2,New Business,73370.81,4240.56,2026-01-26,2027-01-26,False,False
8016,POL008016,20240423,1646,4,27,1,Cancellation,218768.23,7874.76,2024-04-23,2025-04-23,False,True
8017,POL008017,20260221,1512,9,35,4,Renewal,58228.02,5188.28,2026-02-21,2027-02-21,True,False
8018,POL008018,20240929,1578,1,11,1,Cancellation,32621.33,1631.06,2024-09-29,2025-09-29,False,True
8019,POL008019,20230524,346,2,20,4,Renewal,7951.72,720.48,2023-05-24,2024-05-23,True,False
8020,POL008020,20230802,2514,3,26,1,Renewal,174971.69,10792.11,2023-08-02,2024-08-01,True,False
8021,POL008021,20260616,824,2,6,1,New Business,10331.0,843.76,2026-06-16,2027-06-16,False,False
8022,POL008022,20240303,2716,3,3,2,Cancellation,184452.73,6837.07,2024-03-03,2025-03-03,False,True
8023,POL008023,20240706,1889,7,22,5,Renewal,518714.59,61040.34,2024-07-06,2025-07-06,True,False
8024,POL008024,20240506,2236,9,38,1,Renewal,154239.27,10581.68,2024-05-06,2025-05-06,True,False
8025,POL008025,20251118,2490,4,13,3,Cancellation,329183.02,4464.3,2025-11-18,2026-11-18,False,True
8026,POL008026,20231218,660,1,13,3,New Business,50246.74,3393.11,2023-12-18,2024-12-17,False,False
8027,POL008027,20250405,685,7,7,5,New Business,919459.32,55770.73,2025-04-05,2026-04-05,False,False
8028,POL008028,20230717,2246,9,28,4,New Business,40005.4,4138.19,2023-07-17,2024-07-16,False,False
8029,POL008029,20240927,21,9,40,4,Renewal,55888.21,6016.06,2024-09-27,2025-09-27,True,False
8030,POL008030,20250305,1117,1,4,5,Renewal,54779.45,2965.28,2025-03-05,2026-03-05,True,False
8031,POL008031,20220917,2984,6,40,4,Renewal,95672.58,8105.38,2022-09-17,2023-09-17,True,False
8032,POL008032,20250317,1237,8,7,5,New Business,108915.52,8855.44,2025-03-17,2026-03-17,False,False
8033,POL008033,20240819,1429,1,1,1,Renewal,72672.43,4418.2,2024-08-19,2025-08-19,True,False
8034,POL008034,20250317,1963,6,18,1,Renewal,224745.81,11441.34,2025-03-17,2026-03-17,True,False
8035,POL008035,20251115,898,6,27,1,New Business,131298.67,7033.3,2025-11-15,2026-11-15,False,False
8036,POL008036,20230916,1688,1,20,4,Renewal,93877.56,7926.69,2023-09-16,2024-09-15,True,False
8037,POL008037,20240903,898,1,37,3,Renewal,64001.38,6311.98,2024-09-03,2025-09-03,True,False
8038,POL008038,20220510,2457,2,26,1,New Business,18622.21,1623.44,2022-05-10,2023-05-10,False,False
8039,POL008039,20241221,2200,1,6,1,Renewal,58688.29,3558.15,2024-12-21,2025-12-21,True,False
8040,POL008040,20260330,1505,1,16,4,Cancellation,104816.82,3269.31,2026-03-30,2027-03-30,False,True
8041,POL008041,20240915,1640,8,34,2,Renewal,82412.09,4842.75,2024-09-15,2025-09-15,True,False
8042,POL008042,20240305,1772,1,33,2,Renewal,29097.08,3535.52,2024-03-05,2025-03-05,True,False
8043,POL008043,20250225,2653,1,36,5,New Business,73147.09,7442.0,2025-02-25,2026-02-25,False,False
8044,POL008044,20260520,1574,7,25,2,New Business,216029.43,19434.23,2026-05-20,2027-05-20,False,False
8045,POL008045,20250615,2200,1,3,2,Renewal,59546.82,4296.74,2025-06-15,2026-06-15,True,False
8046,POL008046,20250109,2491,1,30,3,Renewal,45013.94,5500.45,2025-01-09,2026-01-09,True,False
8047,POL008047,20260310,1012,3,23,3,Renewal,33734.24,3659.53,2026-03-10,2027-03-10,True,False
8048,POL008048,20240616,1304,8,40,4,New Business,145016.16,10639.35,2024-06-16,2025-06-16,False,False
8049,POL008049,20230107,966,5,8,5,Renewal,1298070.4,134888.25,2023-01-07,2024-01-07,True,False
8050,POL008050,20240713,835,8,16,4,Renewal,105409.55,7701.16,2024-07-13,2025-07-13,True,False
8051,POL008051,20240505,211,3,20,4,Renewal,96315.37,8895.0,2024-05-05,2025-05-05,True,False
8052,POL008052,20240723,1416,7,36,5,Renewal,331408.03,19241.36,2024-07-23,2025-07-23,True,False
8053,POL008053,20230714,354,1,32,1,New Business,108953.92,6718.99,2023-07-14,2024-07-13,False,False
8054,POL008054,20240120,984,2,15,3,New Business,13112.13,1261.22,2024-01-20,2025-01-19,False,False
8055,POL008055,20250630,1379,8,25,2,Renewal,246473.31,13929.46,2025-06-30,2026-06-30,True,False
8056,POL008056,20230109,1030,1,5,4,New Business,129488.76,6860.38,2023-01-09,2024-01-09,False,False
8057,POL008057,20260403,412,1,23,3,New Business,32632.31,2515.06,2026-04-03,2027-04-03,False,False
8058,POL008058,20220808,1191,1,35,4,Renewal,74334.11,4558.07,2022-08-08,2023-08-08,True,False
8059,POL008059,20240116,1689,1,28,4,New Business,31315.01,2522.26,2024-01-16,2025-01-15,False,False
8060,POL008060,20241223,73,8,38,1,Renewal,150038.1,9756.21,2024-12-23,2025-12-23,True,False
8061,POL008061,20260504,2630,9,20,4,Renewal,96976.26,10305.68,2026-05-04,2027-05-04,True,False
8062,POL008062,20250301,1561,1,22,5,New Business,35905.32,2012.87,2025-03-01,2026-03-01,False,False
8063,POL008063,20240813,2033,2,6,1,New Business,27615.68,2365.68,2024-08-13,2025-08-13,False,False
8064,POL008064,20220606,2892,8,13,3,New Business,92735.07,5467.01,2022-06-06,2023-06-06,False,False
8065,POL008065,20231119,692,2,12,2,Renewal,27958.76,1784.57,2023-11-19,2024-11-18,True,False
8066,POL008066,20260522,1332,1,14,2,Renewal,103205.28,7299.76,2026-05-22,2027-05-22,True,False
8067,POL008067,20260220,766,2,39,1,Renewal,29776.8,1940.1,2026-02-20,2027-02-20,True,False
8068,POL008068,20240425,1048,1,39,1,Renewal,25943.54,2115.52,2024-04-25,2025-04-25,True,False
8069,POL008069,20230406,1292,3,36,5,New Business,156318.95,9959.38,2023-04-06,2024-04-05,False,False
8070,POL008070,20240215,489,2,39,1,Renewal,47886.91,2424.48,2024-02-15,2025-02-14,True,False
8071,POL008071,20250513,27,2,28,4,New Business,16891.75,1737.12,2025-05-13,2026-05-13,False,False
8072,POL008072,20250109,2625,9,5,4,New Business,95919.24,11296.7,2025-01-09,2026-01-09,False,False
8073,POL008073,20230902,1886,2,33,2,New Business,30500.14,1639.6,2023-09-02,2024-09-01,False,False
8074,POL008074,20250615,1369,3,1,1,New Business,63489.08,6127.16,2025-06-15,2026-06-15,False,False
8075,POL008075,20230812,86,3,13,3,Renewal,120630.15,8121.34,2023-08-12,2024-08-11,True,False
8076,POL008076,20240803,68,1,23,3,New Business,147203.17,7594.63,2024-08-03,2025-08-03,False,False
8077,POL008077,20260613,824,5,27,1,Cancellation,1278516.7,72359.58,2026-06-13,2027-06-13,False,True
8078,POL008078,20240531,768,6,26,1,Cancellation,220223.48,5074.47,2024-05-31,2025-05-31,False,True
8079,POL008079,20260127,1588,2,32,1,New Business,36779.3,2331.57,2026-01-27,2027-01-27,False,False
8080,POL008080,20250703,2504,7,28,4,Renewal,874342.6,74926.53,2025-07-03,2026-07-03,True,False
8081,POL008081,20251207,762,3,25,2,Renewal,114094.53,8844.5,2025-12-07,2026-12-07,True,False
8082,POL008082,20240616,365,1,15,3,New Business,61979.69,6462.21,2024-06-16,2025-06-16,False,False
8083,POL008083,20250919,2298,4,36,5,Cancellation,389769.76,11312.77,2025-09-19,2026-09-19,False,True
8084,POL008084,20251004,2626,1,27,1,Renewal,116945.25,8469.75,2025-10-04,2026-10-04,True,False
8085,POL008085,20250319,1577,4,5,4,New Business,268757.85,17640.85,2025-03-19,2026-03-19,False,False
8086,POL008086,20241023,2213,5,23,3,New Business,1822457.77,108370.54,2024-10-23,2025-10-23,False,False
8087,POL008087,20230616,505,2,27,1,Renewal,26328.41,1499.8,2023-06-16,2024-06-15,True,False
8088,POL008088,20250805,2389,4,21,3,Cancellation,77228.68,903.04,2025-08-05,2026-08-05,False,True
8089,POL008089,20260321,754,2,11,1,Cancellation,13338.08,253.59,2026-03-21,2027-03-21,False,True
8090,POL008090,20260122,1257,2,6,1,Renewal,15065.91,1018.84,2026-01-22,2027-01-22,True,False
8091,POL008091,20250822,287,2,24,1,Renewal,24183.65,1565.51,2025-08-22,2026-08-22,True,False
8092,POL008092,20220223,2998,1,22,5,Cancellation,89496.35,2664.23,2022-02-23,2023-02-23,False,True
8093,POL008093,20250422,2068,9,22,5,Renewal,163474.99,19188.5,2025-04-22,2026-04-22,True,False
8094,POL008094,20250805,784,4,4,5,Renewal,213199.42,11498.55,2025-08-05,2026-08-05,True,False
8095,POL008095,20230317,1977,1,5,4,New Business,67970.01,7911.59,2023-03-17,2024-03-16,False,False
8096,POL008096,20221030,101,3,9,5,Cancellation,125245.44,2796.88,2022-10-30,2023-10-30,False,True
8097,POL008097,20260107,2616,9,37,3,Renewal,70933.59,4318.17,2026-01-07,2027-01-07,True,False
8098,POL008098,20241125,2844,8,9,5,Renewal,23516.5,2387.78,2024-11-25,2025-11-25,True,False
8099,POL008099,20230925,1904,9,10,4,New Business,118756.76,13892.09,2023-09-25,2024-09-24,False,False
8100,POL008100,20251025,1523,1,36,5,New Business,36304.55,3395.58,2025-10-25,2026-10-25,False,False
8101,POL008101,20230311,2768,4,23,3,New Business,348309.6,21257.99,2023-03-11,2024-03-10,False,False
8102,POL008102,20231215,2567,9,40,4,Renewal,408979.49,23837.22,2023-12-15,2024-12-14,True,False
8103,POL008103,20251022,998,3,35,4,Renewal,42923.51,3181.22,2025-10-22,2026-10-22,True,False
8104,POL008104,20240428,2259,1,30,3,New Business,95776.02,7227.65,2024-04-28,2025-04-28,False,False
8105,POL008105,20250620,641,3,16,4,New Business,129935.98,8319.74,2025-06-20,2026-06-20,False,False
8106,POL008106,20221213,747,6,9,5,Renewal,468911.48,37220.24,2022-12-13,2023-12-13,True,False
8107,POL008107,20220613,1672,8,22,5,New Business,111675.97,10089.27,2022-06-13,2023-06-13,False,False
8108,POL008108,20260325,2085,1,25,2,New Business,69119.02,6144.44,2026-03-25,2027-03-25,False,False
8109,POL008109,20230504,1651,1,10,4,Renewal,70675.07,5615.6,2023-05-04,2024-05-03,True,False
8110,POL008110,20250602,2769,1,36,5,Renewal,38086.39,2150.09,2025-06-02,2026-06-02,True,False
8111,POL008111,20230219,506,4,38,1,Renewal,249764.13,18823.82,2023-02-19,2024-02-19,True,False
8112,POL008112,20260402,2418,1,33,2,New Business,43269.55,4120.19,2026-04-02,2027-04-02,False,False
8113,POL008113,20251221,2121,7,18,1,New Business,187283.11,11881.52,2025-12-21,2026-12-21,False,False
8114,POL008114,20240917,1187,4,6,1,Renewal,272933.18,18698.48,2024-09-17,2025-09-17,True,False
8115,POL008115,20260409,310,7,29,3,Renewal,627334.55,57081.25,2026-04-09,2027-04-09,True,False
8116,POL008116,20250319,2563,1,22,5,Cancellation,30353.96,723.79,2025-03-19,2026-03-19,False,True
8117,POL008117,20251104,1392,1,4,5,Renewal,73934.93,6488.67,2025-11-04,2026-11-04,True,False
8118,POL008118,20250321,700,8,29,3,New Business,262829.3,14532.29,2025-03-21,2026-03-21,False,False
8119,POL008119,20231128,2288,1,1,1,New Business,46528.34,3267.21,2023-11-28,2024-11-27,False,False
8120,POL008120,20251101,2662,9,17,3,Renewal,279695.27,29953.32,2025-11-01,2026-11-01,True,False
8121,POL008121,20250429,355,7,25,2,Renewal,1553881.02,78687.84,2025-04-29,2026-04-29,True,False
8122,POL008122,20260519,733,9,18,1,Renewal,273642.56,19222.54,2026-05-19,2027-05-19,True,False
8123,POL008123,20260519,1354,3,8,5,Cancellation,72923.41,1443.63,2026-05-19,2027-05-19,False,True
8124,POL008124,20251206,2073,1,7,5,New Business,20252.22,2479.65,2025-12-06,2026-12-06,False,False
8125,POL008125,20240612,1312,8,31,3,Renewal,88617.17,7685.12,2024-06-12,2025-06-12,True,False
8126,POL008126,20231204,1950,1,27,1,Cancellation,18868.73,983.38,2023-12-04,2024-12-03,False,True
8127,POL008127,20230827,1097,2,8,5,Renewal,13679.13,1433.34,2023-08-27,2024-08-26,True,False
8128,POL008128,20241209,2188,9,14,2,Renewal,144664.77,16066.65,2024-12-09,2025-12-09,True,False
8129,POL008129,20240615,1290,3,32,1,Renewal,126882.4,6369.7,2024-06-15,2025-06-15,True,False
8130,POL008130,20250306,1159,1,18,1,Renewal,59256.26,4584.09,2025-03-06,2026-03-06,True,False
8131,POL008131,20260428,1962,3,7,5,Renewal,29727.95,2958.8,2026-04-28,2027-04-28,True,False
8132,POL008132,20240508,241,9,7,5,Renewal,71802.06,3850.31,2024-05-08,2025-05-08,True,False
8133,POL008133,20240717,2658,8,7,5,Cancellation,169024.07,6278.13,2024-07-17,2025-07-17,False,True
8134,POL008134,20260723,1397,8,8,5,Renewal,219128.94,14997.57,2026-07-23,2027-07-23,True,False
8135,POL008135,20250906,495,3,4,5,New Business,38981.11,3091.83,2025-09-06,2026-09-06,False,False
8136,POL008136,20231224,1519,1,16,4,Renewal,38439.7,2463.11,2023-12-24,2024-12-23,True,False
8137,POL008137,20240729,1627,4,33,2,New Business,262671.78,17388.34,2024-07-29,2025-07-29,False,False
8138,POL008138,20251225,1109,1,4,5,Renewal,147962.11,8134.55,2025-12-25,2026-12-25,True,False
8139,POL008139,20250309,1379,6,28,4,New Business,73792.82,8218.41,2025-03-09,2026-03-09,False,False
8140,POL008140,20251017,1567,3,26,1,New Business,65569.34,4880.17,2025-10-17,2026-10-17,False,False
8141,POL008141,20250628,2389,2,12,2,Renewal,13469.63,718.25,2025-06-28,2026-06-28,True,False
8142,POL008142,20240914,1125,4,30,3,Renewal,266481.31,16412.04,2024-09-14,2025-09-14,True,False
8143,POL008143,20220314,368,3,35,4,New Business,91880.57,5970.84,2022-03-14,2023-03-14,False,False
8144,POL008144,20230421,2179,8,15,3,New Business,232761.61,14516.82,2023-04-21,2024-04-20,False,False
8145,POL008145,20250617,188,3,23,3,Cancellation,44731.18,2793.28,2025-06-17,2026-06-17,False,True
8146,POL008146,20240617,1047,7,31,3,New Business,257650.11,32125.57,2024-06-17,2025-06-17,False,False
8147,POL008147,20240219,126,5,12,2,Cancellation,1810322.71,26710.76,2024-02-19,2025-02-18,False,True
8148,POL008148,20260707,323,1,20,4,Renewal,41772.82,4147.26,2026-07-07,2027-07-07,True,False
8149,POL008149,20260105,379,5,20,4,Renewal,730845.78,88577.57,2026-01-05,2027-01-05,True,False
8150,POL008150,20231230,1267,7,25,2,Renewal,469613.08,32634.01,2023-12-30,2024-12-29,True,False
8151,POL008151,20251025,601,4,21,3,Renewal,175113.37,16438.28,2025-10-25,2026-10-25,True,False
8152,POL008152,20260620,65,4,2,3,Cancellation,154857.44,3180.47,2026-06-20,2027-06-20,False,True
8153,POL008153,20241012,2495,6,15,3,New Business,310535.31,25213.11,2024-10-12,2025-10-12,False,False
8154,POL008154,20260131,426,1,40,4,New Business,57375.28,3586.08,2026-01-31,2027-01-31,False,False
8155,POL008155,20240309,180,1,14,2,New Business,75396.28,4354.97,2024-03-09,2025-03-09,False,False
8156,POL008156,20250208,289,8,31,3,New Business,146052.44,8887.16,2025-02-08,2026-02-08,False,False
8157,POL008157,20260323,2807,1,26,1,Renewal,67339.54,6006.24,2026-03-23,2027-03-23,True,False
8158,POL008158,20241203,2827,2,35,4,Renewal,22812.91,2369.97,2024-12-03,2025-12-03,True,False
8159,POL008159,20230104,127,5,39,1,Renewal,1263737.01,132777.0,2023-01-04,2024-01-04,True,False
8160,POL008160,20240330,2144,2,5,4,Renewal,29180.57,2024.37,2024-03-30,2025-03-30,True,False
8161,POL008161,20240621,2476,4,9,5,New Business,122818.44,10802.52,2024-06-21,2025-06-21,False,False
8162,POL008162,20240527,229,8,21,3,New Business,85112.14,8768.83,2024-05-27,2025-05-27,False,False
8163,POL008163,20250407,2042,9,30,3,New Business,431259.03,24656.66,2025-04-07,2026-04-07,False,False
8164,POL008164,20240728,1680,7,13,3,Renewal,89679.1,6981.68,2024-07-28,2025-07-28,True,False
8165,POL008165,20240229,2388,1,5,4,New Business,109621.73,5649.43,2024-02-29,2025-02-28,False,False
8166,POL008166,20240829,2393,9,19,5,Cancellation,270918.12,8890.88,2024-08-29,2025-08-29,False,True
8167,POL008167,20251025,280,8,40,4,New Business,111899.01,8434.66,2025-10-25,2026-10-25,False,False
8168,POL008168,20251107,1599,6,28,4,Cancellation,292268.54,5875.22,2025-11-07,2026-11-07,False,True
8169,POL008169,20230416,550,8,7,5,Renewal,82813.0,4725.36,2023-04-16,2024-04-15,True,False
8170,POL008170,20240901,2360,7,14,2,Renewal,1008434.69,71201.21,2024-09-01,2025-09-01,True,False
8171,POL008171,20250702,2948,1,4,5,Renewal,47308.39,4058.47,2025-07-02,2026-07-02,True,False
8172,POL008172,20220704,1500,1,30,3,New Business,128080.0,6829.37,2022-07-04,2023-07-04,False,False
8173,POL008173,20250318,1707,1,21,3,New Business,62949.84,5177.85,2025-03-18,2026-03-18,False,False
8174,POL008174,20250217,2839,8,18,1,New Business,145216.62,11050.95,2025-02-17,2026-02-17,False,False
8175,POL008175,20250809,1719,2,30,3,New Business,23983.19,1776.45,2025-08-09,2026-08-09,False,False
8176,POL008176,20260525,460,8,6,1,Renewal,129191.59,13340.48,2026-05-25,2027-05-25,True,False
8177,POL008177,20231209,74,9,7,5,Renewal,71970.95,4530.57,2023-12-09,2024-12-08,True,False
8178,POL008178,20240418,2565,6,34,2,Renewal,201937.16,19603.34,2024-04-18,2025-04-18,True,False
8179,POL008179,20230925,1732,2,32,1,Renewal,15495.82,875.48,2023-09-25,2024-09-24,True,False
8180,POL008180,20230826,1677,8,12,2,New Business,137025.47,7424.13,2023-08-26,2024-08-25,False,False
8181,POL008181,20260202,1886,1,27,1,New Business,71005.36,8514.52,2026-02-02,2027-02-02,False,False
8182,POL008182,20230606,974,6,13,3,New Business,554218.64,30965.24,2023-06-06,2024-06-05,False,False
8183,POL008183,20250828,2103,8,17,3,Renewal,69509.07,3843.31,2025-08-28,2026-08-28,True,False
8184,POL008184,20240306,2065,2,28,4,Renewal,25001.31,1559.64,2024-03-06,2025-03-06,True,False
8185,POL008185,20260131,784,5,1,1,Renewal,1874937.77,179422.4,2026-01-31,2027-01-31,True,False
8186,POL008186,20241008,660,9,38,1,Renewal,463164.74,28974.43,2024-10-08,2025-10-08,True,False
8187,POL008187,20260114,1531,3,14,2,New Business,106932.67,5806.97,2026-01-14,2027-01-14,False,False
8188,POL008188,20250215,14,6,5,4,Renewal,205261.65,19313.31,2025-02-15,2026-02-15,True,False
8189,POL008189,20260526,2316,4,14,2,New Business,69951.85,8568.03,2026-05-26,2027-05-26,False,False
8190,POL008190,20250319,1013,1,32,1,Cancellation,120835.82,1778.9,2025-03-19,2026-03-19,False,True
8191,POL008191,20260202,2689,2,37,3,Renewal,12851.87,1569.07,2026-02-02,2027-02-02,True,False
8192,POL008192,20251015,174,8,22,5,Renewal,23298.6,1384.4,2025-10-15,2026-10-15,True,False
8193,POL008193,20230221,1442,1,29,3,Renewal,30263.42,3582.61,2023-02-21,2024-02-21,True,False
8194,POL008194,20230410,2449,6,3,2,Renewal,239324.19,15614.53,2023-04-10,2024-04-09,True,False
8195,POL008195,20250102,1889,1,39,1,Renewal,37428.43,3325.55,2025-01-02,2026-01-02,True,False
8196,POL008196,20240827,2477,1,5,4,Renewal,142768.36,8323.52,2024-08-27,2025-08-27,True,False
8197,POL008197,20220402,2115,9,13,3,Renewal,241394.78,18512.29,2022-04-02,2023-04-02,True,False
8198,POL008198,20251224,2216,1,13,3,New Business,73339.95,5684.02,2025-12-24,2026-12-24,False,False
8199,POL008199,20240826,1699,8,6,1,New Business,136201.51,13189.88,2024-08-26,2025-08-26,False,False
8200,POL008200,20240912,2752,9,31,3,Renewal,170699.53,12677.28,2024-09-12,2025-09-12,True,False
8201,POL008201,20240216,1304,6,12,2,Renewal,60168.95,3626.76,2024-02-16,2025-02-15,True,False
8202,POL008202,20260206,2895,6,20,4,Cancellation,234140.59,5959.32,2026-02-06,2027-02-06,False,True
8203,POL008203,20230806,1465,5,18,1,Renewal,2361474.38,151471.67,2023-08-06,2024-08-05,True,False
8204,POL008204,20230719,2212,3,35,4,Renewal,104516.06,6508.1,2023-07-19,2024-07-18,True,False
8205,POL008205,20240911,2827,1,9,5,New Business,143697.14,7988.04,2024-09-11,2025-09-11,False,False
8206,POL008206,20230519,1935,8,3,2,New Business,33302.91,1901.82,2023-05-19,2024-05-18,False,False
8207,POL008207,20230508,1936,8,22,5,Cancellation,51071.9,1894.48,2023-05-08,2024-05-07,False,True
8208,POL008208,20241002,2189,1,6,1,Renewal,95030.32,4891.0,2024-10-02,2025-10-02,True,False
8209,POL008209,20240315,2955,8,35,4,Renewal,65813.15,3686.21,2024-03-15,2025-03-15,True,False
8210,POL008210,20250208,2116,2,38,1,Renewal,20283.6,1104.33,2025-02-08,2026-02-08,True,False
8211,POL008211,20250203,2352,1,8,5,Cancellation,82786.72,2629.33,2025-02-03,2026-02-03,False,True
8212,POL008212,20230113,1141,3,6,1,New Business,91151.44,9097.97,2023-01-13,2024-01-13,False,False
8213,POL008213,20250325,1133,1,40,4,Renewal,87738.96,5020.29,2025-03-25,2026-03-25,True,False
8214,POL008214,20240306,868,8,36,5,Cancellation,125924.59,2767.87,2024-03-06,2025-03-06,False,True
8215,POL008215,20230711,308,7,20,4,New Business,430596.18,33945.47,2023-07-11,2024-07-10,False,False
8216,POL008216,20220801,2183,2,28,4,Renewal,15814.69,1527.66,2022-08-01,2023-08-01,True,False
8217,POL008217,20240907,1803,2,12,2,New Business,32655.47,2046.29,2024-09-07,2025-09-07,False,False
8218,POL008218,20240310,931,3,15,3,New Business,132029.9,8288.06,2024-03-10,2025-03-10,False,False
8219,POL008219,20231031,1253,1,21,3,Renewal,87061.61,7429.33,2023-10-31,2024-10-30,True,False
8220,POL008220,20241219,1161,5,16,4,Cancellation,1596252.13,20680.87,2024-12-19,2025-12-19,False,True
8221,POL008221,20230320,173,7,39,1,New Business,345475.26,17716.89,2023-03-20,2024-03-19,False,False
8222,POL008222,20241204,1715,2,7,5,Renewal,27045.31,1534.39,2024-12-04,2025-12-04,True,False
8223,POL008223,20241010,235,6,31,3,Renewal,27279.91,3394.8,2024-10-10,2025-10-10,True,False
8224,POL008224,20260509,2848,5,37,3,Renewal,1916681.83,100183.87,2026-05-09,2027-05-09,True,False
8225,POL008225,20251013,2052,5,18,1,New Business,998651.69,76628.02,2025-10-13,2026-10-13,False,False
8226,POL008226,20240720,2445,3,37,3,New Business,38668.0,4243.6,2024-07-20,2025-07-20,False,False
8227,POL008227,20260701,2928,1,23,3,New Business,35852.36,1825.99,2026-07-01,2027-07-01,False,False
8228,POL008228,20240721,2840,2,26,1,New Business,17595.76,2026.92,2024-07-21,2025-07-21,False,False
8229,POL008229,20260728,2564,9,39,1,New Business,206441.38,14416.22,2026-07-28,2027-07-28,False,False
8230,POL008230,20230810,2419,2,22,5,New Business,5481.86,661.45,2023-08-10,2024-08-09,False,False
8231,POL008231,20250929,1052,1,20,4,New Business,86392.95,7120.73,2025-09-29,2026-09-29,False,False
8232,POL008232,20250820,1566,8,16,4,New Business,215458.95,11405.59,2025-08-20,2026-08-20,False,False
8233,POL008233,20221121,641,6,32,1,New Business,369152.1,37450.45,2022-11-21,2023-11-21,False,False
8234,POL008234,20231006,768,8,2,3,New Business,180285.85,13442.11,2023-10-06,2024-10-05,False,False
8235,POL008235,20231226,733,4,36,5,New Business,154284.91,9403.98,2023-12-26,2024-12-25,False,False
8236,POL008236,20241110,1883,2,2,3,New Business,23552.01,2196.62,2024-11-10,2025-11-10,False,False
8237,POL008237,20250329,1608,3,2,3,Cancellation,52492.08,631.88,2025-03-29,2026-03-29,False,True
8238,POL008238,20250214,887,6,10,4,Renewal,178643.26,15738.36,2025-02-14,2026-02-14,True,False
8239,POL008239,20250928,792,9,10,4,New Business,287717.37,21177.33,2025-09-28,2026-09-28,False,False
8240,POL008240,20250910,1498,9,27,1,Renewal,372898.32,24315.2,2025-09-10,2026-09-10,True,False
8241,POL008241,20230901,1540,1,25,2,Renewal,48227.03,4051.93,2023-09-01,2024-08-31,True,False
8242,POL008242,20250306,1136,8,8,5,Cancellation,33912.77,710.66,2025-03-06,2026-03-06,False,True
8243,POL008243,20230129,2301,2,39,1,Renewal,11148.96,763.43,2023-01-29,2024-01-29,True,False
8244,POL008244,20250314,1994,1,29,3,New Business,67305.0,3654.17,2025-03-14,2026-03-14,False,False
8245,POL008245,20250107,1791,9,23,3,Renewal,302508.47,18764.92,2025-01-07,2026-01-07,True,False
8246,POL008246,20240316,1523,3,26,1,Renewal,48888.57,3942.55,2024-03-16,2025-03-16,True,False
8247,POL008247,20240404,2383,7,12,2,New Business,344094.36,25714.57,2024-04-04,2025-04-04,False,False
8248,POL008248,20250410,1581,1,35,4,Renewal,65132.14,3584.69,2025-04-10,2026-04-10,True,False
8249,POL008249,20230429,2292,4,24,1,New Business,224711.88,18494.1,2023-04-29,2024-04-28,False,False
8250,POL008250,20250602,2136,1,32,1,Cancellation,38887.29,570.45,2025-06-02,2026-06-02,False,True
8251,POL008251,20250705,1969,4,34,2,New Business,204984.01,18442.02,2025-07-05,2026-07-05,False,False
8252,POL008252,20250212,1122,5,19,5,Renewal,3192270.09,232311.43,2025-02-12,2026-02-12,True,False
8253,POL008253,20250516,1232,3,29,3,Cancellation,127651.64,2888.04,2025-05-16,2026-05-16,False,True
8254,POL008254,20230402,317,5,2,3,New Business,285419.17,19978.26,2023-04-02,2024-04-01,False,False
8255,POL008255,20260726,734,3,32,1,Renewal,106143.75,7161.09,2026-07-26,2027-07-26,True,False
8256,POL008256,20260615,225,2,27,1,Renewal,29447.58,2093.5,2026-06-15,2027-06-15,True,False
8257,POL008257,20260210,1565,3,29,3,Renewal,190110.81,10930.35,2026-02-10,2027-02-10,True,False
8258,POL008258,20251212,716,6,1,1,New Business,562451.54,34223.09,2025-12-12,2026-12-12,False,False
8259,POL008259,20240803,1329,6,31,3,Renewal,160255.86,13872.15,2024-08-03,2025-08-03,True,False
8260,POL008260,20260814,286,1,26,1,New Business,95892.5,5555.91,2026-08-14,2027-08-14,False,False
8261,POL008261,20240508,2177,2,26,1,Renewal,30852.05,1787.2,2024-05-08,2025-05-08,True,False
8262,POL008262,20230507,352,2,9,5,New Business,26807.6,1433.1,2023-05-07,2024-05-06,False,False
8263,POL008263,20250409,957,6,34,2,New Business,570384.59,37064.28,2025-04-09,2026-04-09,False,False
8264,POL008264,20241101,1984,5,40,4,New Business,1434044.4,84431.04,2024-11-01,2025-11-01,False,False
8265,POL008265,20260305,2708,6,33,2,Renewal,493176.64,28255.67,2026-03-05,2027-03-05,True,False
8266,POL008266,20250930,1039,9,28,4,Renewal,237341.02,13414.21,2025-09-30,2026-09-30,True,False
8267,POL008267,20240516,420,7,32,1,New Business,123495.45,7182.04,2024-05-16,2025-05-16,False,False
8268,POL008268,20241217,971,2,40,4,New Business,10658.94,1262.32,2024-12-17,2025-12-17,False,False
8269,POL008269,20250706,2817,9,22,5,New Business,363573.33,19754.32,2025-07-06,2026-07-06,False,False
8270,POL008270,20240325,1263,1,5,4,Renewal,55939.41,5014.49,2024-03-25,2025-03-25,True,False
8271,POL008271,20240816,1533,2,22,5,New Business,18288.86,1150.45,2024-08-16,2025-08-16,False,False
8272,POL008272,20230701,1480,6,32,1,Renewal,211871.28,10814.19,2023-07-01,2024-06-30,True,False
8273,POL008273,20230801,802,9,21,3,New Business,424554.55,29247.41,2023-08-01,2024-07-31,False,False
8274,POL008274,20260101,737,1,11,1,Renewal,101317.25,7473.15,2026-01-01,2027-01-01,True,False
8275,POL008275,20260702,878,1,6,1,Renewal,20579.71,2360.5,2026-07-02,2027-07-02,True,False
8276,POL008276,20240224,1139,1,39,1,Renewal,24072.35,2871.74,2024-02-24,2025-02-23,True,False
8277,POL008277,20260327,2186,7,17,3,Renewal,706914.64,43558.07,2026-03-27,2027-03-27,True,False
8278,POL008278,20260213,1364,8,24,1,Renewal,140291.76,10143.53,2026-02-13,2027-02-13,True,False
8279,POL008279,20241219,2643,2,14,2,New Business,20798.13,2045.92,2024-12-19,2025-12-19,False,False
8280,POL008280,20240318,280,8,13,3,New Business,92133.8,5776.68,2024-03-18,2025-03-18,False,False
8281,POL008281,20240210,2252,9,16,4,New Business,231090.81,15445.42,2024-02-10,2025-02-09,False,False
8282,POL008282,20251025,1076,6,40,4,Renewal,375023.05,30489.85,2025-10-25,2026-10-25,True,False
8283,POL008283,20240305,41,3,34,2,New Business,83386.0,5484.09,2024-03-05,2025-03-05,False,False
8284,POL008284,20260315,2037,8,14,2,New Business,278000.24,14064.6,2026-03-15,2027-03-15,False,False
8285,POL008285,20220925,1293,3,33,2,New Business,41283.51,3434.9,2022-09-25,2023-09-25,False,False
8286,POL008286,20231024,439,1,13,3,Renewal,88797.53,5728.3,2023-10-24,2024-10-23,True,False
8287,POL008287,20251213,1225,1,26,1,Renewal,111619.9,7804.14,2025-12-13,2026-12-13,True,False
8288,POL008288,20230323,2220,2,40,4,Renewal,27464.01,1804.14,2023-03-23,2024-03-22,True,False
8289,POL008289,20251210,116,2,37,3,New Business,31079.78,2174.4,2025-12-10,2026-12-10,False,False
8290,POL008290,20230411,1707,9,10,4,Cancellation,155924.32,3601.15,2023-04-11,2024-04-10,False,True
8291,POL008291,20240902,2057,9,35,4,Cancellation,354014.93,8211.34,2024-09-02,2025-09-02,False,True
8292,POL008292,20251108,1098,9,20,4,New Business,466189.51,23899.65,2025-11-08,2026-11-08,False,False
8293,POL008293,20260808,583,1,34,2,Renewal,108256.57,6164.85,2026-08-08,2027-08-08,True,False
8294,POL008294,20251004,176,6,38,1,Cancellation,367877.42,10706.2,2025-10-04,2026-10-04,False,True
8295,POL008295,20241225,182,6,38,1,Renewal,190147.11,11719.24,2024-12-25,2025-12-25,True,False
8296,POL008296,20240807,156,1,12,2,Cancellation,22856.34,1100.44,2024-08-07,2025-08-07,False,True
8297,POL008297,20250530,2644,9,33,2,New Business,162203.2,15414.82,2025-05-30,2026-05-30,False,False
8298,POL008298,20220321,132,3,21,3,New Business,92109.95,9906.33,2022-03-21,2023-03-21,False,False
8299,POL008299,20260308,1360,2,11,1,Cancellation,19461.23,141.24,2026-03-08,2027-03-08,False,True
8300,POL008300,20231018,1852,3,32,1,Renewal,48253.36,5404.91,2023-10-18,2024-10-17,True,False
8301,POL008301,20241108,190,1,14,2,New Business,169417.49,8657.98,2024-11-08,2025-11-08,False,False
8302,POL008302,20240702,1949,3,16,4,New Business,107667.37,5829.81,2024-07-02,2025-07-02,False,False
8303,POL008303,20251022,1176,3,16,4,New Business,48181.08,3539.49,2025-10-22,2026-10-22,False,False
8304,POL008304,20241216,2179,1,20,4,Renewal,139552.53,6992.14,2024-12-16,2025-12-16,True,False
8305,POL008305,20251024,254,1,14,2,New Business,155920.52,7869.78,2025-10-24,2026-10-24,False,False
8306,POL008306,20260330,2720,4,23,3,Renewal,187539.27,17185.77,2026-03-30,2027-03-30,True,False
8307,POL008307,20230115,1971,6,16,4,New Business,315656.76,25733.66,2023-01-15,2024-01-15,False,False
8308,POL008308,20260616,713,2,5,4,Renewal,22941.63,1231.74,2026-06-16,2027-06-16,True,False
8309,POL008309,20230620,1398,1,39,1,Cancellation,95516.83,1276.95,2023-06-20,2024-06-19,False,True
8310,POL008310,20260706,382,1,9,5,Renewal,64793.57,3492.7,2026-07-06,2027-07-06,True,False
8311,POL008311,20231208,1498,1,33,2,Renewal,93786.33,6587.79,2023-12-08,2024-12-07,True,False
8312,POL008312,20250622,690,6,14,2,New Business,132895.17,9151.63,2025-06-22,2026-06-22,False,False
8313,POL008313,20220811,523,1,22,5,Renewal,45337.67,2841.46,2022-08-11,2023-08-11,True,False
8314,POL008314,20240818,240,3,30,3,Renewal,136946.32,8871.1,2024-08-18,2025-08-18,True,False
8315,POL008315,20240917,2948,6,12,2,Renewal,366977.25,31631.73,2024-09-17,2025-09-17,True,False
8316,POL008316,20251115,1408,8,20,4,Renewal,125432.18,6467.44,2025-11-15,2026-11-15,True,False
8317,POL008317,20260701,2468,2,29,3,New Business,21387.5,1986.45,2026-07-01,2027-07-01,False,False
8318,POL008318,20220820,2841,1,27,1,Renewal,127080.36,7057.71,2022-08-20,2023-08-20,True,False
8319,POL008319,20241220,2760,1,3,2,New Business,33502.7,3388.3,2024-12-20,2025-12-20,False,False
8320,POL008320,20250703,1300,8,39,1,Renewal,174596.27,13276.23,2025-07-03,2026-07-03,True,False
8321,POL008321,20220603,1146,1,28,4,Renewal,89327.25,7172.47,2022-06-03,2023-06-03,True,False
8322,POL008322,20240617,408,1,1,1,Renewal,23816.25,2913.39,2024-06-17,2025-06-17,True,False
8323,POL008323,20240517,2273,8,23,3,Renewal,169046.72,12325.87,2024-05-17,2025-05-17,True,False
8324,POL008324,20240523,2791,2,12,2,Renewal,11204.49,818.89,2024-05-23,2025-05-23,True,False
8325,POL008325,20231215,768,1,32,1,Renewal,83651.22,5477.68,2023-12-15,2024-12-14,True,False
8326,POL008326,20250615,755,2,8,5,Renewal,11565.45,1147.83,2025-06-15,2026-06-15,True,False
8327,POL008327,20250121,1798,4,11,1,Cancellation,288157.55,10572.84,2025-01-21,2026-01-21,False,True
8328,POL008328,20240206,1022,1,28,4,Cancellation,85096.96,2416.74,2024-02-06,2025-02-05,False,True
8329,POL008329,20240630,1260,6,37,3,Cancellation,292631.11,14604.54,2024-06-30,2025-06-30,False,True
8330,POL008330,20230110,2371,8,40,4,New Business,189152.94,11254.23,2023-01-10,2024-01-10,False,False
8331,POL008331,20260123,2307,5,26,1,Renewal,1530531.14,85945.33,2026-01-23,2027-01-23,True,False
8332,POL008332,20240612,2712,1,16,4,New Business,66017.59,6790.15,2024-06-12,2025-06-12,False,False
8333,POL008333,20251213,110,4,12,2,New Business,217388.98,24349.98,2025-12-13,2026-12-13,False,False
8334,POL008334,20250109,2084,1,31,3,New Business,51038.43,5983.52,2025-01-09,2026-01-09,False,False
8335,POL008335,20240217,2202,1,9,5,New Business,62377.47,3141.22,2024-02-17,2025-02-16,False,False
8336,POL008336,20260424,538,2,11,1,New Business,17246.97,1146.95,2026-04-24,2027-04-24,False,False
8337,POL008337,20230821,1472,4,25,2,Cancellation,118932.03,5338.14,2023-08-21,2024-08-20,False,True
8338,POL008338,20240126,1740,1,25,2,New Business,61113.93,4573.09,2024-01-26,2025-01-25,False,False
8339,POL008339,20250314,64,8,6,1,New Business,146619.56,7985.83,2025-03-14,2026-03-14,False,False
8340,POL008340,20240207,1908,1,23,3,Renewal,95030.51,6184.39,2024-02-07,2025-02-06,True,False
8341,POL008341,20221107,499,1,32,1,New Business,61374.77,7197.05,2022-11-07,2023-11-07,False,False
8342,POL008342,20240519,1328,2,4,5,Renewal,11865.22,836.83,2024-05-19,2025-05-19,True,False
8343,POL008343,20250718,2059,5,24,1,Renewal,2440840.93,185540.45,2025-07-18,2026-07-18,True,False
8344,POL008344,20240321,1905,1,13,3,New Business,43547.07,5285.63,2024-03-21,2025-03-21,False,False
8345,POL008345,20240313,1427,8,4,5,New Business,124467.52,10670.65,2024-03-13,2025-03-13,False,False
8346,POL008346,20240922,64,8,26,1,Renewal,60455.67,3112.35,2024-09-22,2025-09-22,True,False
8347,POL008347,20260524,1897,1,4,5,Cancellation,65757.22,1105.62,2026-05-24,2027-05-24,False,True
8348,POL008348,20240626,1128,8,6,1,Renewal,164572.07,8516.13,2024-06-26,2025-06-26,True,False
8349,POL008349,20250220,1054,4,21,3,Renewal,281338.86,24258.86,2025-02-20,2026-02-20,True,False
8350,POL008350,20241104,1552,3,30,3,New Business,45499.02,2911.8,2024-11-04,2025-11-04,False,False
8351,POL008351,20260417,2915,6,17,3,New Business,122550.82,6702.99,2026-04-17,2027-04-17,False,False
8352,POL008352,20240528,680,1,33,2,New Business,62319.28,7592.36,2024-05-28,2025-05-28,False,False
8353,POL008353,20250713,56,9,8,5,New Business,393535.04,20401.69,2025-07-13,2026-07-13,False,False
8354,POL008354,20231122,784,3,29,3,Renewal,33942.63,2447.33,2023-11-22,2024-11-21,True,False
8355,POL008355,20250121,1945,1,16,4,Renewal,86192.37,8500.65,2025-01-21,2026-01-21,True,False
8356,POL008356,20250528,604,9,21,3,Renewal,126851.57,6573.15,2025-05-28,2026-05-28,True,False
8357,POL008357,20231207,2826,6,15,3,New Business,269191.55,20502.05,2023-12-07,2024-12-06,False,False
8358,POL008358,20260717,674,7,10,4,Renewal,335444.51,31919.97,2026-07-17,2027-07-17,True,False
8359,POL008359,20251206,1350,1,3,2,New Business,73338.73,6483.66,2025-12-06,2026-12-06,False,False
8360,POL008360,20220904,1659,3,24,1,Renewal,146396.76,7323.29,2022-09-04,2023-09-04,True,False
8361,POL008361,20241118,1791,9,6,1,New Business,446560.16,28231.33,2024-11-18,2025-11-18,False,False
8362,POL008362,20250623,1440,1,39,1,New Business,172445.52,8689.31,2025-06-23,2026-06-23,False,False
8363,POL008363,20240618,1562,3,11,1,Renewal,97544.08,8695.66,2024-06-18,2025-06-18,True,False
8364,POL008364,20260110,978,4,40,4,New Business,261325.94,13432.4,2026-01-10,2027-01-10,False,False
8365,POL008365,20250725,2082,9,37,3,New Business,58618.51,6758.65,2025-07-25,2026-07-25,False,False
8366,POL008366,20260521,2412,2,25,2,Cancellation,41350.83,315.68,2026-05-21,2027-05-21,False,True
8367,POL008367,20260504,2865,2,23,3,Renewal,18217.4,1130.61,2026-05-04,2027-05-04,True,False
8368,POL008368,20240613,78,1,33,2,Renewal,32246.92,2306.76,2024-06-13,2025-06-13,True,False
8369,POL008369,20260318,1346,2,7,5,Cancellation,8226.34,276.57,2026-03-18,2027-03-18,False,True
8370,POL008370,20260501,2968,7,36,5,New Business,147837.58,14337.9,2026-05-01,2027-05-01,False,False
8371,POL008371,20260203,2202,1,18,1,New Business,39393.69,3112.17,2026-02-03,2027-02-03,False,False
8372,POL008372,20241019,1310,9,2,3,New Business,272346.84,26246.56,2024-10-19,2025-10-19,False,False
8373,POL008373,20250330,1002,4,33,2,New Business,168648.4,8493.68,2025-03-30,2026-03-30,False,False
8374,POL008374,20230801,448,6,36,5,Cancellation,128885.29,2710.28,2023-08-01,2024-07-31,False,True
8375,POL008375,20240221,1147,9,21,3,Renewal,236826.83,26946.72,2024-02-21,2025-02-20,True,False
8376,POL008376,20231231,1839,8,16,4,New Business,265117.58,14373.26,2023-12-31,2024-12-30,False,False
8377,POL008377,20250303,274,6,4,5,Renewal,73878.78,7164.97,2025-03-03,2026-03-03,True,False
8378,POL008378,20260809,1207,1,37,3,Renewal,86055.83,8431.79,2026-08-09,2027-08-09,True,False
8379,POL008379,20251109,324,4,3,2,Renewal,288442.71,15557.11,2025-11-09,2026-11-09,True,False
8380,POL008380,20230129,2655,1,31,3,Renewal,40487.68,3109.46,2023-01-29,2024-01-29,True,False
8381,POL008381,20231224,2980,7,39,1,Renewal,648462.36,42190.69,2023-12-24,2024-12-23,True,False
8382,POL008382,20260305,2848,1,2,3,New Business,112315.26,7985.32,2026-03-05,2027-03-05,False,False
8383,POL008383,20250828,1591,4,1,1,Renewal,253148.62,20559.4,2025-08-28,2026-08-28,True,False
8384,POL008384,20250902,411,2,6,1,Renewal,44189.96,2412.51,2025-09-02,2026-09-02,True,False
8385,POL008385,20251115,2365,1,9,5,Renewal,30538.99,1853.8,2025-11-15,2026-11-15,True,False
8386,POL008386,20260318,1283,9,33,2,Renewal,40550.08,3813.79,2026-03-18,2027-03-18,True,False
8387,POL008387,20251209,973,4,2,3,Renewal,113786.23,9593.06,2025-12-09,2026-12-09,True,False
8388,POL008388,20231118,2831,9,25,2,New Business,507285.3,26023.68,2023-11-18,2024-11-17,False,False
8389,POL008389,20250330,552,4,33,2,Renewal,299854.61,23250.4,2025-03-30,2026-03-30,True,False
8390,POL008390,20240413,2114,4,26,1,New Business,150210.53,10965.56,2024-04-13,2025-04-13,False,False
8391,POL008391,20240117,2235,5,28,4,New Business,4526257.29,240546.83,2024-01-17,2025-01-16,False,False
8392,POL008392,20241007,2423,5,25,2,Cancellation,2190175.44,25279.33,2024-10-07,2025-10-07,False,True
8393,POL008393,20240706,2326,1,37,3,Renewal,42170.0,3496.69,2024-07-06,2025-07-06,True,False
8394,POL008394,20260621,986,2,4,5,New Business,10905.81,619.75,2026-06-21,2027-06-21,False,False
8395,POL008395,20240726,242,2,36,5,Renewal,14484.75,1166.35,2024-07-26,2025-07-26,True,False
8396,POL008396,20240715,1007,5,17,3,Renewal,2992879.73,194276.38,2024-07-15,2025-07-15,True,False
8397,POL008397,20250323,161,6,33,2,Renewal,388669.9,21457.17,2025-03-23,2026-03-23,True,False
8398,POL008398,20240826,2284,2,35,4,New Business,17456.4,1934.16,2024-08-26,2025-08-26,False,False
8399,POL008399,20241227,764,4,29,3,Renewal,79471.38,7976.64,2024-12-27,2025-12-27,True,False
8400,POL008400,20240710,1813,3,33,2,Renewal,134803.81,11760.24,2024-07-10,2025-07-10,True,False
8401,POL008401,20241104,2809,3,13,3,New Business,50309.09,2581.57,2024-11-04,2025-11-04,False,False
8402,POL008402,20220925,2282,1,6,1,New Business,110433.45,8069.11,2022-09-25,2023-09-25,False,False
8403,POL008403,20231019,2012,8,29,3,Renewal,48979.69,5193.77,2023-10-19,2024-10-18,True,False
8404,POL008404,20251007,179,1,12,2,New Business,34714.68,1827.39,2025-10-07,2026-10-07,False,False
8405,POL008405,20230710,1789,8,5,4,Renewal,81554.89,6892.65,2023-07-10,2024-07-09,True,False
8406,POL008406,20250612,1072,7,7,5,Renewal,344310.36,22415.87,2025-06-12,2026-06-12,True,False
8407,POL008407,20240717,2617,3,34,2,New Business,114030.86,6512.77,2024-07-17,2025-07-17,False,False
8408,POL008408,20230613,63,1,6,1,New Business,57118.88,6559.53,2023-06-13,2024-06-12,False,False
8409,POL008409,20250612,2615,8,11,1,Renewal,141008.69,12461.62,2025-06-12,2026-06-12,True,False
8410,POL008410,20240326,76,4,17,3,Cancellation,215241.64,11134.76,2024-03-26,2025-03-26,False,True
8411,POL008411,20221019,2632,8,37,3,New Business,168199.05,13716.31,2022-10-19,2023-10-19,False,False
8412,POL008412,20241103,2976,5,5,4,Renewal,1242336.99,91396.35,2024-11-03,2025-11-03,True,False
8413,POL008413,20250225,604,3,18,1,New Business,90539.16,5751.73,2025-02-25,2026-02-25,False,False
8414,POL008414,20240313,1184,6,21,3,New Business,310533.39,21849.32,2024-03-13,2025-03-13,False,False
8415,POL008415,20240616,1271,9,28,4,Renewal,204202.54,10935.21,2024-06-16,2025-06-16,True,False
8416,POL008416,20220617,2820,2,35,4,Renewal,24577.36,2373.99,2022-06-17,2023-06-17,True,False
8417,POL008417,20250724,1345,9,40,4,Renewal,151166.05,12903.82,2025-07-24,2026-07-24,True,False
8418,POL008418,20250722,2579,8,38,1,New Business,179527.11,12656.91,2025-07-22,2026-07-22,False,False
8419,POL008419,20220921,2817,7,8,5,Renewal,808757.98,49410.52,2022-09-21,2023-09-21,True,False
8420,POL008420,20230614,62,4,33,2,Renewal,233484.86,21875.47,2023-06-14,2024-06-13,True,False
8421,POL008421,20251103,538,3,25,2,New Business,93651.29,9904.46,2025-11-03,2026-11-03,False,False
8422,POL008422,20250206,2602,3,38,1,New Business,189863.3,10184.2,2025-02-06,2026-02-06,False,False
8423,POL008423,20230613,1652,1,27,1,Renewal,116276.45,7770.8,2023-06-13,2024-06-12,True,False
8424,POL008424,20241006,2352,2,37,3,Renewal,12775.2,762.95,2024-10-06,2025-10-06,True,False
8425,POL008425,20230604,1856,9,2,3,Renewal,368090.53,26238.99,2023-06-04,2024-06-03,True,False
8426,POL008426,20230119,2851,5,25,2,New Business,4695453.51,246574.29,2023-01-19,2024-01-19,False,False
8427,POL008427,20241015,2208,8,28,4,New Business,140709.17,9278.12,2024-10-15,2025-10-15,False,False
8428,POL008428,20250917,1310,3,39,1,Cancellation,37127.99,867.04,2025-09-17,2026-09-17,False,True
8429,POL008429,20250807,2726,1,33,2,New Business,160210.1,8508.51,2025-08-07,2026-08-07,False,False
8430,POL008430,20240909,3000,2,27,1,Renewal,19579.59,1899.88,2024-09-09,2025-09-09,True,False
8431,POL008431,20251103,1946,6,16,4,Renewal,394837.89,36943.13,2025-11-03,2026-11-03,True,False
8432,POL008432,20250120,1916,1,19,5,Renewal,97449.5,5096.96,2025-01-20,2026-01-20,True,False
8433,POL008433,20231229,1778,6,32,1,Renewal,51568.51,4012.47,2023-12-29,2024-12-28,True,False
8434,POL008434,20240629,214,2,29,3,New Business,16055.08,900.51,2024-06-29,2025-06-29,False,False
8435,POL008435,20230122,1508,8,17,3,Renewal,54787.52,6817.55,2023-01-22,2024-01-22,True,False
8436,POL008436,20260213,1473,7,10,4,New Business,1050658.08,77717.64,2026-02-13,2027-02-13,False,False
8437,POL008437,20240506,861,8,9,5,New Business,137392.75,12944.17,2024-05-06,2025-05-06,False,False
8438,POL008438,20260119,2106,5,29,3,Renewal,1734614.08,115598.92,2026-01-19,2027-01-19,True,False
8439,POL008439,20241017,2081,8,34,2,Renewal,125573.64,6342.86,2024-10-17,2025-10-17,True,False
8440,POL008440,20240505,2770,9,11,1,Renewal,519703.81,29193.77,2024-05-05,2025-05-05,True,False
8441,POL008441,20250707,2048,2,26,1,Renewal,22445.0,2114.28,2025-07-07,2026-07-07,True,False
8442,POL008442,20260523,2202,3,14,2,Renewal,183699.64,11336.59,2026-05-23,2027-05-23,True,False
8443,POL008443,20230117,2998,3,38,1,Renewal,105833.34,5882.76,2023-01-17,2024-01-17,True,False
8444,POL008444,20250915,2976,6,1,1,New Business,263244.94,25654.7,2025-09-15,2026-09-15,False,False
8445,POL008445,20251208,341,6,23,3,Renewal,141475.15,13224.23,2025-12-08,2026-12-08,True,False
8446,POL008446,20230307,2559,2,6,1,Renewal,33685.13,2422.56,2023-03-07,2024-03-06,True,False
8447,POL008447,20251001,1861,8,1,1,Renewal,83711.92,4258.22,2025-10-01,2026-10-01,True,False
8448,POL008448,20240203,1627,2,32,1,New Business,34975.9,2127.6,2024-02-03,2025-02-02,False,False
8449,POL008449,20251020,649,7,19,5,Renewal,491257.84,31541.67,2025-10-20,2026-10-20,True,False
8450,POL008450,20251102,1545,8,16,4,New Business,22325.52,1708.16,2025-11-02,2026-11-02,False,False
8451,POL008451,20231007,2967,8,4,5,Cancellation,136130.94,3818.71,2023-10-07,2024-10-06,False,True
8452,POL008452,20221204,2851,1,26,1,Cancellation,89402.48,929.27,2022-12-04,2023-12-04,False,True
8453,POL008453,20260424,672,4,36,5,Renewal,164625.26,18962.38,2026-04-24,2027-04-24,True,False
8454,POL008454,20240810,1011,8,10,4,Renewal,86517.97,6940.19,2024-08-10,2025-08-10,True,False
8455,POL008455,20260716,1737,8,29,3,New Business,19665.55,1219.72,2026-07-16,2027-07-16,False,False
8456,POL008456,20260409,2093,4,30,3,New Business,177290.25,18993.21,2026-04-09,2027-04-09,False,False
8457,POL008457,20240901,1367,1,40,4,Renewal,128866.4,8487.56,2024-09-01,2025-09-01,True,False
8458,POL008458,20241220,185,6,31,3,Renewal,378828.28,20021.93,2024-12-20,2025-12-20,True,False
8459,POL008459,20250412,2255,8,2,3,New Business,46304.31,5176.42,2025-04-12,2026-04-12,False,False
8460,POL008460,20240327,2275,1,38,1,Renewal,30368.38,3620.34,2024-03-27,2025-03-27,True,False
8461,POL008461,20260308,1280,1,25,2,New Business,41140.16,2156.0,2026-03-08,2027-03-08,False,False
8462,POL008462,20251110,975,1,19,5,New Business,120655.67,6118.93,2025-11-10,2026-11-10,False,False
8463,POL008463,20260505,1052,8,6,1,New Business,261724.25,14520.08,2026-05-05,2027-05-05,False,False
8464,POL008464,20230320,1229,2,21,3,New Business,23839.21,1202.0,2023-03-20,2024-03-19,False,False
8465,POL008465,20250327,846,9,22,5,New Business,80676.01,9064.79,2025-03-27,2026-03-27,False,False
8466,POL008466,20250419,1236,8,40,4,New Business,136918.83,8627.22,2025-04-19,2026-04-19,False,False
8467,POL008467,20240127,97,2,13,3,New Business,9944.17,921.41,2024-01-27,2025-01-26,False,False
8468,POL008468,20240506,1261,2,33,2,New Business,18569.04,2256.56,2024-05-06,2025-05-06,False,False
8469,POL008469,20250921,1207,3,17,3,New Business,42084.96,4145.36,2025-09-21,2026-09-21,False,False
8470,POL008470,20250606,2669,8,1,1,New Business,50018.03,3379.62,2025-06-06,2026-06-06,False,False
8471,POL008471,20240616,947,2,26,1,New Business,16911.07,2053.27,2024-06-16,2025-06-16,False,False
8472,POL008472,20250829,1783,2,40,4,Renewal,15784.68,891.93,2025-08-29,2026-08-29,True,False
8473,POL008473,20250424,1966,7,32,1,Renewal,658892.79,71704.41,2025-04-24,2026-04-24,True,False
8474,POL008474,20260311,1085,8,5,4,New Business,74889.39,6186.08,2026-03-11,2027-03-11,False,False
8475,POL008475,20220907,1129,1,36,5,Cancellation,19796.73,686.95,2022-09-07,2023-09-07,False,True
8476,POL008476,20241225,1296,6,14,2,New Business,189582.94,22857.64,2024-12-25,2025-12-25,False,False
8477,POL008477,20230911,1088,1,13,3,Cancellation,39671.38,325.39,2023-09-11,2024-09-10,False,True
8478,POL008478,20230623,161,3,25,2,Cancellation,117280.63,3093.87,2023-06-23,2024-06-22,False,True
8479,POL008479,20240326,2998,1,26,1,New Business,148172.44,8537.28,2024-03-26,2025-03-26,False,False
8480,POL008480,20230907,1867,1,6,1,New Business,64092.13,5529.6,2023-09-07,2024-09-06,False,False
8481,POL008481,20250628,425,5,12,2,Renewal,3957090.63,203522.89,2025-06-28,2026-06-28,True,False
8482,POL008482,20241126,1148,8,16,4,Cancellation,43422.58,1304.71,2024-11-26,2025-11-26,False,True
8483,POL008483,20260126,2499,1,36,5,New Business,72522.67,4118.25,2026-01-26,2027-01-26,False,False
8484,POL008484,20250312,1485,5,4,5,Cancellation,718032.63,22905.65,2025-03-12,2026-03-12,False,True
8485,POL008485,20250130,2321,1,10,4,Renewal,27883.1,1564.81,2025-01-30,2026-01-30,True,False
8486,POL008486,20260619,521,8,21,3,Renewal,80898.99,7603.04,2026-06-19,2027-06-19,True,False
8487,POL008487,20240608,1756,8,24,1,Renewal,202425.84,11617.48,2024-06-08,2025-06-08,True,False
8488,POL008488,20260809,2845,1,39,1,New Business,24078.46,2090.7,2026-08-09,2027-08-09,False,False
8489,POL008489,20260421,443,4,9,5,Renewal,84877.87,5014.1,2026-04-21,2027-04-21,True,False
8490,POL008490,20250612,11,7,2,3,Renewal,142018.25,7696.8,2025-06-12,2026-06-12,True,False
8491,POL008491,20250319,462,7,33,2,New Business,245299.4,12853.89,2025-03-19,2026-03-19,False,False
8492,POL008492,20250430,697,5,18,1,New Business,774427.34,59694.23,2025-04-30,2026-04-30,False,False
8493,POL008493,20251005,2022,4,29,3,New Business,257712.64,15924.09,2025-10-05,2026-10-05,False,False
8494,POL008494,20241001,33,4,32,1,Renewal,197450.84,21879.25,2024-10-01,2025-10-01,True,False
8495,POL008495,20250511,2511,3,10,4,New Business,95653.83,4943.05,2025-05-11,2026-05-11,False,False
8496,POL008496,20240728,2315,6,8,5,New Business,325384.52,30945.45,2024-07-28,2025-07-28,False,False
8497,POL008497,20240328,1530,1,16,4,New Business,16369.1,1635.14,2024-03-28,2025-03-28,False,False
8498,POL008498,20230717,1886,7,9,5,Renewal,1058596.24,53520.34,2023-07-17,2024-07-16,True,False
8499,POL008499,20260323,2596,6,2,3,Renewal,168828.81,10155.16,2026-03-23,2027-03-23,True,False
8500,POL008500,20230123,2835,9,2,3,Renewal,230779.01,24969.7,2023-01-23,2024-01-23,True,False
8501,POL008501,20250201,2725,8,32,1,New Business,94587.72,5257.39,2025-02-01,2026-02-01,False,False
8502,POL008502,20250716,2179,4,40,4,Renewal,95718.25,10718.44,2025-07-16,2026-07-16,True,False
8503,POL008503,20230330,1189,5,19,5,New Business,2372382.99,238848.57,2023-03-30,2024-03-29,False,False
8504,POL008504,20251122,1640,9,13,3,New Business,124774.65,8222.54,2025-11-22,2026-11-22,False,False
8505,POL008505,20241211,2143,1,28,4,Renewal,86171.26,7546.9,2024-12-11,2025-12-11,True,False
8506,POL008506,20240418,2703,8,29,3,Renewal,101110.17,10425.74,2024-04-18,2025-04-18,True,False
8507,POL008507,20240510,892,6,9,5,Cancellation,423321.98,20272.29,2024-05-10,2025-05-10,False,True
8508,POL008508,20240401,2279,1,14,2,New Business,25501.17,1504.19,2024-04-01,2025-04-01,False,False
8509,POL008509,20260319,1030,1,7,5,New Business,128984.55,6452.29,2026-03-19,2027-03-19,False,False
8510,POL008510,20260507,1988,9,35,4,New Business,153581.68,12623.79,2026-05-07,2027-05-07,False,False
8511,POL008511,20251229,1058,1,30,3,New Business,63833.54,7027.54,2025-12-29,2026-12-29,False,False
8512,POL008512,20260602,880,3,18,1,New Business,42537.94,5289.5,2026-06-02,2027-06-02,False,False
8513,POL008513,20260508,1227,3,3,2,New Business,96830.39,8163.85,2026-05-08,2027-05-08,False,False
8514,POL008514,20251022,889,7,12,2,Renewal,452471.64,29033.05,2025-10-22,2026-10-22,True,False
8515,POL008515,20231230,1101,1,35,4,Renewal,54236.44,4785.67,2023-12-30,2024-12-29,True,False
8516,POL008516,20260626,2363,2,38,1,New Business,17983.72,945.08,2026-06-26,2027-06-26,False,False
8517,POL008517,20250316,2671,7,39,1,Renewal,293574.21,24842.09,2025-03-16,2026-03-16,True,False
8518,POL008518,20231231,2024,8,9,5,Renewal,80027.01,4596.56,2023-12-31,2024-12-30,True,False
8519,POL008519,20250328,2740,7,29,3,New Business,373839.37,28460.81,2025-03-28,2026-03-28,False,False
8520,POL008520,20241106,2922,1,1,1,New Business,70946.03,5396.94,2024-11-06,2025-11-06,False,False
8521,POL008521,20251004,108,1,20,4,New Business,104737.57,5821.04,2025-10-04,2026-10-04,False,False
8522,POL008522,20260630,512,3,17,3,Renewal,81776.86,7158.9,2026-06-30,2027-06-30,True,False
8523,POL008523,20260122,676,9,19,5,Renewal,174759.96,11640.12,2026-01-22,2027-01-22,True,False
8524,POL008524,20230413,480,1,23,3,New Business,38584.76,2712.24,2023-04-13,2024-04-12,False,False
8525,POL008525,20260122,2779,7,16,4,New Business,284644.14,16726.34,2026-01-22,2027-01-22,False,False
8526,POL008526,20250420,2983,4,4,5,Renewal,364972.7,24800.93,2025-04-20,2026-04-20,True,False
8527,POL008527,20260123,720,1,2,3,Renewal,90457.51,5762.94,2026-01-23,2027-01-23,True,False
8528,POL008528,20250311,2433,8,33,2,Renewal,56081.73,5503.93,2025-03-11,2026-03-11,True,False
8529,POL008529,20251120,2377,9,9,5,New Business,436638.45,28145.92,2025-11-20,2026-11-20,False,False
8530,POL008530,20241129,2882,1,38,1,New Business,34712.73,3567.47,2024-11-29,2025-11-29,False,False
8531,POL008531,20230308,2781,5,17,3,Renewal,1233708.44,137322.9,2023-03-08,2024-03-07,True,False
8532,POL008532,20231104,643,1,32,1,Renewal,68451.01,4571.77,2023-11-04,2024-11-03,True,False
8533,POL008533,20260112,2377,4,1,1,New Business,101852.64,11263.2,2026-01-12,2027-01-12,False,False
8534,POL008534,20240120,2755,1,11,1,New Business,133978.14,8830.49,2024-01-20,2025-01-19,False,False
8535,POL008535,20240914,558,9,24,1,Renewal,161045.63,10833.07,2024-09-14,2025-09-14,True,False
8536,POL008536,20260207,2100,7,34,2,New Business,175251.88,10033.95,2026-02-07,2027-02-07,False,False
8537,POL008537,20240823,2734,6,17,3,Cancellation,378791.82,18699.1,2024-08-23,2025-08-23,False,True
8538,POL008538,20241105,700,1,20,4,New Business,48931.28,6075.94,2024-11-05,2025-11-05,False,False
8539,POL008539,20240922,1940,5,3,2,New Business,1399877.08,101631.54,2024-09-22,2025-09-22,False,False
8540,POL008540,20260624,2010,3,7,5,Renewal,88188.28,10265.58,2026-06-24,2027-06-24,True,False
8541,POL008541,20240922,1343,2,10,4,New Business,17976.48,2202.45,2024-09-22,2025-09-22,False,False
8542,POL008542,20250525,2303,3,38,1,New Business,169466.43,11365.31,2025-05-25,2026-05-25,False,False
8543,POL008543,20240420,205,9,35,4,New Business,371382.6,19190.1,2024-04-20,2025-04-20,False,False
8544,POL008544,20260719,766,1,9,5,Renewal,63939.85,4527.45,2026-07-19,2027-07-19,True,False
8545,POL008545,20240716,187,9,2,3,Cancellation,384710.02,11779.67,2024-07-16,2025-07-16,False,True
8546,POL008546,20230707,1187,9,37,3,New Business,125626.76,13486.35,2023-07-07,2024-07-06,False,False
8547,POL008547,20260315,451,7,24,1,Cancellation,293316.88,3395.37,2026-03-15,2027-03-15,False,True
8548,POL008548,20250515,2052,2,32,1,New Business,15004.66,1577.78,2025-05-15,2026-05-15,False,False
8549,POL008549,20251222,2758,2,2,3,Renewal,12250.33,1256.2,2025-12-22,2026-12-22,True,False
8550,POL008550,20251210,1746,4,33,2,New Business,242706.63,14912.89,2025-12-10,2026-12-10,False,False
8551,POL008551,20260401,940,1,9,5,Cancellation,59061.42,1367.13,2026-04-01,2027-04-01,False,True
8552,POL008552,20260804,2705,4,28,4,Renewal,179376.12,20170.72,2026-08-04,2027-08-04,True,False
8553,POL008553,20250410,2692,2,12,2,Renewal,16562.17,986.67,2025-04-10,2026-04-10,True,False
8554,POL008554,20250228,1392,4,40,4,Cancellation,130338.12,4723.82,2025-02-28,2026-02-28,False,True
8555,POL008555,20240113,335,8,38,1,New Business,103218.3,6427.84,2024-01-13,2025-01-12,False,False
8556,POL008556,20250516,212,5,3,2,Renewal,1001263.44,110519.23,2025-05-16,2026-05-16,True,False
8557,POL008557,20240104,2639,8,4,5,New Business,103673.51,10100.81,2024-01-04,2025-01-03,False,False
8558,POL008558,20240901,913,2,23,3,Renewal,13130.06,1400.86,2024-09-01,2025-09-01,True,False
8559,POL008559,20240803,736,9,13,3,New Business,442597.81,22706.66,2024-08-03,2025-08-03,False,False
8560,POL008560,20251004,355,7,24,1,New Business,894646.88,45767.87,2025-10-04,2026-10-04,False,False
8561,POL008561,20251020,2645,9,28,4,Renewal,131751.19,7394.97,2025-10-20,2026-10-20,True,False
8562,POL008562,20250421,2698,1,18,1,Renewal,104886.73,7231.75,2025-04-21,2026-04-21,True,False
8563,POL008563,20260409,451,1,5,4,New Business,26505.26,2718.68,2026-04-09,2027-04-09,False,False
8564,POL008564,20250513,475,8,8,5,Renewal,38313.73,2341.63,2025-05-13,2026-05-13,True,False
8565,POL008565,20241217,2543,7,22,5,Renewal,1033085.58,68105.42,2024-12-17,2025-12-17,True,False
8566,POL008566,20231106,2556,8,10,4,Renewal,127115.8,10059.08,2023-11-06,2024-11-05,True,False
8567,POL008567,20250425,1376,6,8,5,Renewal,84557.22,7834.22,2025-04-25,2026-04-25,True,False
8568,POL008568,20240813,1733,5,20,4,Renewal,2440718.47,215170.86,2024-08-13,2025-08-13,True,False
8569,POL008569,20251222,1846,1,17,3,New Business,143131.56,8334.13,2025-12-22,2026-12-22,False,False
8570,POL008570,20251217,381,1,37,3,Renewal,134696.84,7208.05,2025-12-17,2026-12-17,True,False
8571,POL008571,20240522,20,8,27,1,New Business,75804.69,7599.07,2024-05-22,2025-05-22,False,False
8572,POL008572,20230810,1112,1,16,4,New Business,59060.36,4853.75,2023-08-10,2024-08-09,False,False
8573,POL008573,20230202,2329,1,21,3,New Business,119890.33,8463.19,2023-02-02,2024-02-02,False,False
8574,POL008574,20241111,2053,5,8,5,Renewal,2781406.96,200889.99,2024-11-11,2025-11-11,True,False
8575,POL008575,20241121,1354,5,21,3,New Business,345785.11,25801.79,2024-11-21,2025-11-21,False,False
8576,POL008576,20241208,1168,1,16,4,New Business,22455.82,1527.96,2024-12-08,2025-12-08,False,False
8577,POL008577,20251104,2628,8,14,2,New Business,203124.21,13337.64,2025-11-04,2026-11-04,False,False
8578,POL008578,20230812,2435,1,14,2,New Business,177977.92,8923.55,2023-08-12,2024-08-11,False,False
8579,POL008579,20241014,203,4,34,2,New Business,175112.99,9444.53,2024-10-14,2025-10-14,False,False
8580,POL008580,20260314,24,1,27,1,Renewal,87834.09,6857.36,2026-03-14,2027-03-14,True,False
8581,POL008581,20231227,2470,4,35,4,Renewal,177537.19,17306.38,2023-12-27,2024-12-26,True,False
8582,POL008582,20250310,781,9,6,1,New Business,108932.52,7228.8,2025-03-10,2026-03-10,False,False
8583,POL008583,20231027,1595,7,25,2,New Business,1037274.26,60492.96,2023-10-27,2024-10-26,False,False
8584,POL008584,20250923,974,8,4,5,Renewal,38085.6,4739.98,2025-09-23,2026-09-23,True,False
8585,POL008585,20240419,2354,4,37,3,New Business,469048.87,24232.11,2024-04-19,2025-04-19,False,False
8586,POL008586,20250208,2114,1,8,5,New Business,74001.92,5535.34,2025-02-08,2026-02-08,False,False
8587,POL008587,20220801,429,1,29,3,Renewal,37420.42,3009.45,2022-08-01,2023-08-01,True,False
8588,POL008588,20250206,1336,1,39,1,New Business,49237.06,2725.33,2025-02-06,2026-02-06,False,False
8589,POL008589,20230418,1345,4,14,2,Renewal,121510.36,10592.24,2023-04-18,2024-04-17,True,False
8590,POL008590,20221119,2829,1,23,3,Renewal,83116.02,8031.78,2022-11-19,2023-11-19,True,False
8591,POL008591,20240215,2152,1,24,1,Renewal,55291.47,3297.1,2024-02-15,2025-02-14,True,False
8592,POL008592,20250905,2937,2,22,5,New Business,30922.42,2092.69,2025-09-05,2026-09-05,False,False
8593,POL008593,20231203,1894,1,33,2,New Business,26685.6,2730.48,2023-12-03,2024-12-02,False,False
8594,POL008594,20250212,2119,9,36,5,Renewal,98864.23,10417.14,2025-02-12,2026-02-12,True,False
8595,POL008595,20230206,2582,3,36,5,Renewal,145601.04,7309.63,2023-02-06,2024-02-06,True,False
8596,POL008596,20260402,2751,6,16,4,New Business,294440.03,32820.96,2026-04-02,2027-04-02,False,False
8597,POL008597,20250609,2574,3,14,2,New Business,184175.01,11859.4,2025-06-09,2026-06-09,False,False
8598,POL008598,20250930,1902,3,28,4,New Business,146538.67,7484.93,2025-09-30,2026-09-30,False,False
8599,POL008599,20231004,1374,1,34,2,Renewal,70971.94,7869.76,2023-10-04,2024-10-03,True,False
8600,POL008600,20250409,2548,7,8,5,New Business,321489.61,24211.28,2025-04-09,2026-04-09,False,False
8601,POL008601,20240122,1486,2,7,5,Renewal,32724.0,2442.43,2024-01-22,2025-01-21,True,False
8602,POL008602,20240227,1090,3,20,4,New Business,99537.07,7857.12,2024-02-27,2025-02-26,False,False
8603,POL008603,20240526,2867,3,2,3,New Business,107041.16,5805.52,2024-05-26,2025-05-26,False,False
8604,POL008604,20251028,1414,9,39,1,Renewal,348903.13,26972.48,2025-10-28,2026-10-28,True,False
8605,POL008605,20231117,753,3,22,5,New Business,139621.22,7549.48,2023-11-17,2024-11-16,False,False
8606,POL008606,20250421,1805,4,37,3,Renewal,349983.35,19901.72,2025-04-21,2026-04-21,True,False
8607,POL008607,20260115,1602,1,5,4,New Business,70904.39,3886.21,2026-01-15,2027-01-15,False,False
8608,POL008608,20250808,274,4,17,3,New Business,290441.28,15664.61,2025-08-08,2026-08-08,False,False
8609,POL008609,20231203,1372,9,20,4,Cancellation,182617.7,8306.3,2023-12-03,2024-12-02,False,True
8610,POL008610,20260430,2659,3,24,1,New Business,38483.11,4131.61,2026-04-30,2027-04-30,False,False
8611,POL008611,20260611,2260,2,40,4,Renewal,20816.24,1202.43,2026-06-11,2027-06-11,True,False
8612,POL008612,20251105,890,8,38,1,Cancellation,152399.62,3795.73,2025-11-05,2026-11-05,False,True
8613,POL008613,20260119,1654,3,25,2,Renewal,101496.21,7337.36,2026-01-19,2027-01-19,True,False
8614,POL008614,20251229,1052,6,20,4,New Business,85667.56,4368.93,2025-12-29,2026-12-29,False,False
8615,POL008615,20260604,1314,1,31,3,Renewal,61255.46,4398.65,2026-06-04,2027-06-04,True,False
8616,POL008616,20230605,1422,2,36,5,New Business,12588.43,630.19,2023-06-05,2024-06-04,False,False
8617,POL008617,20260505,240,1,31,3,Renewal,33746.38,3123.1,2026-05-05,2027-05-05,True,False
8618,POL008618,20260717,175,1,40,4,Renewal,118875.43,8407.68,2026-07-17,2027-07-17,True,False
8619,POL008619,20260806,2330,8,9,5,Cancellation,62432.59,2226.76,2026-08-06,2027-08-06,False,True
8620,POL008620,20240220,702,2,14,2,Renewal,9603.13,628.19,2024-02-20,2025-02-19,True,False
8621,POL008621,20260106,739,1,27,1,New Business,59324.79,4383.6,2026-01-06,2027-01-06,False,False
8622,POL008622,20260411,1833,5,12,2,Renewal,2093637.07,172746.04,2026-04-11,2027-04-11,True,False
8623,POL008623,20250211,836,3,9,5,Renewal,104615.0,7916.24,2025-02-11,2026-02-11,True,False
8624,POL008624,20241116,2686,1,17,3,Cancellation,113132.86,3540.51,2024-11-16,2025-11-16,False,True
8625,POL008625,20230624,337,8,36,5,New Business,36803.81,3529.65,2023-06-24,2024-06-23,False,False
8626,POL008626,20221008,544,7,4,5,New Business,508985.73,42802.32,2022-10-08,2023-10-08,False,False
8627,POL008627,20250324,913,9,3,2,New Business,200783.48,10054.26,2025-03-24,2026-03-24,False,False
8628,POL008628,20230128,1930,6,20,4,New Business,54416.93,4049.49,2023-01-28,2024-01-28,False,False
8629,POL008629,20230217,2943,4,24,1,New Business,167214.37,17868.0,2023-02-17,2024-02-17,False,False
8630,POL008630,20250802,1654,1,19,5,Renewal,41439.11,3895.0,2025-08-02,2026-08-02,True,False
8631,POL008631,20241109,728,8,36,5,Renewal,77475.38,6416.81,2024-11-09,2025-11-09,True,False
8632,POL008632,20241003,2086,6,17,3,Renewal,462135.33,24070.54,2024-10-03,2025-10-03,True,False
8633,POL008633,20220531,1552,1,19,5,Renewal,21254.56,2278.31,2022-05-31,2023-05-31,True,False
8634,POL008634,20260613,2883,1,38,1,New Business,89631.91,7248.18,2026-06-13,2027-06-13,False,False
8635,POL008635,20250203,259,3,25,2,New Business,142208.97,9004.23,2025-02-03,2026-02-03,False,False
8636,POL008636,20260324,194,1,14,2,Cancellation,76684.38,2447.76,2026-03-24,2027-03-24,False,True
8637,POL008637,20240220,2921,9,33,2,New Business,216130.01,26890.24,2024-02-20,2025-02-19,False,False
8638,POL008638,20230529,343,3,22,5,New Business,125165.4,11221.28,2023-05-29,2024-05-28,False,False
8639,POL008639,20240823,2758,8,6,1,Renewal,61869.18,3193.24,2024-08-23,2025-08-23,True,False
8640,POL008640,20241003,412,7,12,2,New Business,934494.63,64210.03,2024-10-03,2025-10-03,False,False
8641,POL008641,20240203,2837,9,13,3,New Business,157741.97,8639.35,2024-02-03,2025-02-02,False,False
8642,POL008642,20250122,2356,1,5,4,Renewal,81082.19,6960.23,2025-01-22,2026-01-22,True,False
8643,POL008643,20240825,2905,9,22,5,Renewal,140128.13,7536.47,2024-08-25,2025-08-25,True,False
8644,POL008644,20240727,1591,8,38,1,Renewal,96808.4,7731.18,2024-07-27,2025-07-27,True,False
8645,POL008645,20260718,1684,2,29,3,Renewal,5763.61,624.51,2026-07-18,2027-07-18,True,False
8646,POL008646,20251126,559,1,3,2,New Business,97189.77,4932.97,2025-11-26,2026-11-26,False,False
8647,POL008647,20230721,1965,6,18,1,New Business,208007.42,10529.81,2023-07-21,2024-07-20,False,False
8648,POL008648,20251206,1560,3,23,3,Cancellation,127561.87,3315.03,2025-12-06,2026-12-06,False,True
8649,POL008649,20240111,24,1,4,5,Cancellation,47952.08,2763.93,2024-01-11,2025-01-10,False,True
8650,POL008650,20240630,1844,1,6,1,New Business,73294.15,5807.46,2024-06-30,2025-06-30,False,False
8651,POL008651,20250510,890,1,13,3,Renewal,86067.59,4721.12,2025-05-10,2026-05-10,True,False
8652,POL008652,20260509,347,6,39,1,Renewal,199818.89,14889.73,2026-05-09,2027-05-09,True,False
8653,POL008653,20240404,269,7,5,4,New Business,238843.55,24874.81,2024-04-04,2025-04-04,False,False
8654,POL008654,20260721,663,9,29,3,Renewal,65022.05,8022.86,2026-07-21,2027-07-21,True,False
8655,POL008655,20241020,2522,8,38,1,New Business,69999.75,8076.98,2024-10-20,2025-10-20,False,False
8656,POL008656,20260121,1758,8,17,3,New Business,132364.13,8478.09,2026-01-21,2027-01-21,False,False
8657,POL008657,20231003,478,6,6,1,Renewal,77208.41,4511.56,2023-10-03,2024-10-02,True,False
8658,POL008658,20231221,1006,6,5,4,New Business,169687.97,20006.93,2023-12-21,2024-12-20,False,False
8659,POL008659,20240720,127,8,17,3,New Business,117668.4,13719.69,2024-07-20,2025-07-20,False,False
8660,POL008660,20230109,2656,2,3,2,New Business,27164.71,2247.82,2023-01-09,2024-01-09,False,False
8661,POL008661,20250518,1711,2,35,4,Renewal,29638.97,1794.04,2025-05-18,2026-05-18,True,False
8662,POL008662,20260218,821,1,36,5,Renewal,32329.67,2628.47,2026-02-18,2027-02-18,True,False
8663,POL008663,20240528,2593,3,12,2,New Business,201981.17,11695.34,2024-05-28,2025-05-28,False,False
8664,POL008664,20230912,943,7,37,3,Cancellation,525179.97,3243.22,2023-09-12,2024-09-11,False,True
8665,POL008665,20240503,879,2,12,2,New Business,34851.77,2429.43,2024-05-03,2025-05-03,False,False
8666,POL008666,20241124,92,4,32,1,Renewal,255503.45,19790.27,2024-11-24,2025-11-24,True,False
8667,POL008667,20260515,2912,8,28,4,New Business,185975.41,13597.27,2026-05-15,2027-05-15,False,False
8668,POL008668,20250328,1278,2,14,2,Renewal,37414.32,1913.66,2025-03-28,2026-03-28,True,False
8669,POL008669,20250625,2270,9,37,3,New Business,124932.47,9548.16,2025-06-25,2026-06-25,False,False
8670,POL008670,20240621,681,7,19,5,New Business,591335.28,54563.84,2024-06-21,2025-06-21,False,False
8671,POL008671,20260201,2384,3,5,4,Cancellation,27363.89,985.21,2026-02-01,2027-02-01,False,True
8672,POL008672,20260428,1907,1,35,4,Renewal,53703.49,5685.0,2026-04-28,2027-04-28,True,False
8673,POL008673,20250316,670,1,14,2,Renewal,35381.99,3159.44,2025-03-16,2026-03-16,True,False
8674,POL008674,20220429,2347,1,19,5,New Business,150324.02,8605.49,2022-04-29,2023-04-29,False,False
8675,POL008675,20251230,1238,6,35,4,New Business,245446.53,20018.1,2025-12-30,2026-12-30,False,False
8676,POL008676,20250527,2537,6,20,4,New Business,374791.95,31382.14,2025-05-27,2026-05-27,False,False
8677,POL008677,20221023,726,6,8,5,Renewal,438399.88,32326.5,2022-10-23,2023-10-23,True,False
8678,POL008678,20240226,2402,5,6,1,New Business,1867647.58,148778.5,2024-02-26,2025-02-25,False,False
8679,POL008679,20260607,264,1,15,3,New Business,111318.01,7445.0,2026-06-07,2027-06-07,False,False
8680,POL008680,20240127,2192,1,9,5,Renewal,144569.61,8294.68,2024-01-27,2025-01-26,True,False
8681,POL008681,20250331,473,6,9,5,New Business,47945.31,3151.61,2025-03-31,2026-03-31,False,False
8682,POL008682,20250922,1503,2,10,4,Renewal,25537.86,1529.88,2025-09-22,2026-09-22,True,False
8683,POL008683,20251001,852,7,29,3,New Business,1321907.66,67561.32,2025-10-01,2026-10-01,False,False
8684,POL008684,20230403,1920,8,29,3,Renewal,118307.09,7391.2,2023-04-03,2024-04-02,True,False
8685,POL008685,20260606,2541,1,30,3,Renewal,92895.03,8526.89,2026-06-06,2027-06-06,True,False
8686,POL008686,20221127,2969,4,14,2,New Business,153009.98,10400.57,2022-11-27,2023-11-27,False,False
8687,POL008687,20251205,2927,1,31,3,New Business,134979.79,6969.74,2025-12-05,2026-12-05,False,False
8688,POL008688,20240817,475,1,39,1,New Business,64969.99,4083.18,2024-08-17,2025-08-17,False,False
8689,POL008689,20240928,780,5,36,5,Cancellation,2775870.02,86386.37,2024-09-28,2025-09-28,False,True
8690,POL008690,20231226,2090,8,14,2,Renewal,118474.41,7102.67,2023-12-26,2024-12-25,True,False
8691,POL008691,20260509,968,1,40,4,Renewal,47803.52,3322.77,2026-05-09,2027-05-09,True,False
8692,POL008692,20260716,1392,9,1,1,New Business,73798.24,5813.41,2026-07-16,2027-07-16,False,False
8693,POL008693,20241203,385,1,6,1,New Business,52387.22,5458.51,2024-12-03,2025-12-03,False,False
8694,POL008694,20251211,1367,9,26,1,Renewal,386773.03,24769.0,2025-12-11,2026-12-11,True,False
8695,POL008695,20230308,1923,1,26,1,Cancellation,48330.25,1614.43,2023-03-08,2024-03-07,False,True
8696,POL008696,20260223,943,1,33,2,Renewal,39494.2,2025.29,2026-02-23,2027-02-23,True,False
8697,POL008697,20240817,1486,2,27,1,Renewal,26924.82,1357.35,2024-08-17,2025-08-17,True,False
8698,POL008698,20230206,1100,1,38,1,Renewal,69262.66,5716.89,2023-02-06,2024-02-06,True,False
8699,POL008699,20250214,286,5,19,5,New Business,2824159.25,166174.86,2025-02-14,2026-02-14,False,False
8700,POL008700,20260426,1072,1,21,3,New Business,101950.86,8493.27,2026-04-26,2027-04-26,False,False
8701,POL008701,20240616,513,1,10,4,New Business,138579.56,7336.01,2024-06-16,2025-06-16,False,False
8702,POL008702,20260105,2135,9,33,2,New Business,273408.64,29713.2,2026-01-05,2027-01-05,False,False
8703,POL008703,20260210,220,1,23,3,Renewal,68414.99,6253.34,2026-02-10,2027-02-10,True,False
8704,POL008704,20260707,2132,4,40,4,Renewal,145121.37,17514.87,2026-07-07,2027-07-07,True,False
8705,POL008705,20240620,623,4,12,2,New Business,128149.02,15120.85,2024-06-20,2025-06-20,False,False
8706,POL008706,20230418,1265,6,5,4,Renewal,230001.13,17529.66,2023-04-18,2024-04-17,True,False
8707,POL008707,20250403,2426,9,29,3,New Business,100833.86,5734.19,2025-04-03,2026-04-03,False,False
8708,POL008708,20220610,1655,8,34,2,New Business,27148.7,1863.35,2022-06-10,2023-06-10,False,False
8709,POL008709,20230708,1549,4,27,1,Renewal,155484.44,17821.83,2023-07-08,2024-07-07,True,False
8710,POL008710,20240921,2729,9,1,1,Renewal,490606.15,24701.64,2024-09-21,2025-09-21,True,False
8711,POL008711,20260307,907,3,21,3,Renewal,42333.52,3673.63,2026-03-07,2027-03-07,True,False
8712,POL008712,20230708,759,5,24,1,Renewal,1875623.65,123621.65,2023-07-08,2024-07-07,True,False
8713,POL008713,20250625,2994,4,8,5,New Business,158346.03,14926.14,2025-06-25,2026-06-25,False,False
8714,POL008714,20230330,774,2,4,5,New Business,20232.7,1678.06,2023-03-30,2024-03-29,False,False
8715,POL008715,20260304,814,1,28,4,Renewal,65418.48,5164.86,2026-03-04,2027-03-04,True,False
8716,POL008716,20220924,1905,4,4,5,Renewal,169285.94,10840.42,2022-09-24,2023-09-24,True,False
8717,POL008717,20250605,1223,9,19,5,New Business,283537.87,18224.55,2025-06-05,2026-06-05,False,False
8718,POL008718,20250729,719,1,12,2,New Business,120418.02,7801.75,2025-07-29,2026-07-29,False,False
8719,POL008719,20250728,1354,1,32,1,New Business,118565.44,6348.25,2025-07-28,2026-07-28,False,False
8720,POL008720,20250807,1312,2,15,3,New Business,31849.33,2496.07,2025-08-07,2026-08-07,False,False
8721,POL008721,20240909,2658,9,36,5,Renewal,531224.98,28636.35,2024-09-09,2025-09-09,True,False
8722,POL008722,20241221,4,2,10,4,New Business,40136.76,2101.76,2024-12-21,2025-12-21,False,False
8723,POL008723,20240809,1505,2,1,1,New Business,27841.98,1950.5,2024-08-09,2025-08-09,False,False
8724,POL008724,20240222,1605,1,4,5,Renewal,50947.21,5206.37,2024-02-22,2025-02-21,True,False
8725,POL008725,20230604,1155,4,38,1,Renewal,226517.73,11598.31,2023-06-04,2024-06-03,True,False
8726,POL008726,20250524,2986,4,35,4,Renewal,281260.73,19122.23,2025-05-24,2026-05-24,True,False
8727,POL008727,20260224,1665,6,25,2,Renewal,529007.07,36887.59,2026-02-24,2027-02-24,True,False
8728,POL008728,20221202,1639,1,22,5,Cancellation,108421.5,2682.2,2022-12-02,2023-12-02,False,True
8729,POL008729,20250808,1168,3,20,4,Renewal,51591.22,6153.63,2025-08-08,2026-08-08,True,False
8730,POL008730,20230403,866,1,28,4,New Business,75364.48,6817.21,2023-04-03,2024-04-02,False,False
8731,POL008731,20260129,392,9,28,4,Renewal,304770.01,15878.77,2026-01-29,2027-01-29,True,False
8732,POL008732,20250422,1824,1,2,3,Renewal,59920.83,6026.8,2025-04-22,2026-04-22,True,False
8733,POL008733,20240403,2890,9,9,5,Renewal,131249.54,15367.03,2024-04-03,2025-04-03,True,False
8734,POL008734,20250120,2611,9,23,3,New Business,309569.34,19595.49,2025-01-20,2026-01-20,False,False
8735,POL008735,20251101,20,2,29,3,Renewal,35031.31,1756.03,2025-11-01,2026-11-01,True,False
8736,POL008736,20250717,1814,4,31,3,Renewal,138531.1,9789.36,2025-07-17,2026-07-17,True,False
8737,POL008737,20251105,1076,1,33,2,New Business,32609.23,3543.1,2025-11-05,2026-11-05,False,False
8738,POL008738,20230604,2448,2,2,3,Renewal,20448.44,1113.06,2023-06-04,2024-06-03,True,False
8739,POL008739,20250330,1213,1,36,5,Renewal,56373.19,3949.76,2025-03-30,2026-03-30,True,False
8740,POL008740,20240510,1263,5,7,5,Renewal,2861344.56,204480.78,2024-05-10,2025-05-10,True,False
8741,POL008741,20231203,26,1,33,2,Renewal,43189.59,2286.49,2023-12-03,2024-12-02,True,False
8742,POL008742,20260427,1999,3,37,3,Renewal,40358.78,2221.76,2026-04-27,2027-04-27,True,False
8743,POL008743,20230825,2860,1,26,1,Renewal,121701.45,6775.85,2023-08-25,2024-08-24,True,False
8744,POL008744,20260516,470,1,13,3,Renewal,148138.76,8605.3,2026-05-16,2027-05-16,True,False
8745,POL008745,20250818,259,1,26,1,Renewal,54895.77,4822.43,2025-08-18,2026-08-18,True,False
8746,POL008746,20260112,2863,1,31,3,Renewal,81587.7,5012.92,2026-01-12,2027-01-12,True,False
8747,POL008747,20240914,2553,1,38,1,New Business,64210.63,3712.96,2024-09-14,2025-09-14,False,False
8748,POL008748,20240516,1249,4,7,5,Cancellation,148212.18,4722.92,2024-05-16,2025-05-16,False,True
8749,POL008749,20240614,2054,1,20,4,New Business,52987.26,2856.0,2024-06-14,2025-06-14,False,False
8750,POL008750,20230606,2009,9,30,3,New Business,258469.5,19579.39,2023-06-06,2024-06-05,False,False
8751,POL008751,20251214,1822,1,18,1,Cancellation,143785.58,4117.51,2025-12-14,2026-12-14,False,True
8752,POL008752,20221114,1408,3,27,1,New Business,40697.99,3055.56,2022-11-14,2023-11-14,False,False
8753,POL008753,20260321,969,2,26,1,New Business,36909.8,1864.17,2026-03-21,2027-03-21,False,False
8754,POL008754,20231126,1659,1,34,2,New Business,126534.78,7136.62,2023-11-26,2024-11-25,False,False
8755,POL008755,20250913,567,9,20,4,New Business,197260.8,14160.27,2025-09-13,2026-09-13,False,False
8756,POL008756,20240706,2024,3,20,4,Renewal,96382.68,9669.93,2024-07-06,2025-07-06,True,False
8757,POL008757,20241101,1016,2,18,1,Renewal,22534.97,2156.82,2024-11-01,2025-11-01,True,False
8758,POL008758,20221127,42,2,8,5,Renewal,9501.3,1141.32,2022-11-27,2023-11-27,True,False
8759,POL008759,20260702,2281,5,34,2,New Business,925378.06,98374.6,2026-07-02,2027-07-02,False,False
8760,POL008760,20251118,2732,1,5,4,New Business,68721.07,7955.01,2025-11-18,2026-11-18,False,False
8761,POL008761,20240629,530,1,3,2,Renewal,27800.45,1763.61,2024-06-29,2025-06-29,True,False
8762,POL008762,20230929,1915,8,17,3,Renewal,105371.56,11555.26,2023-09-29,2024-09-28,True,False
8763,POL008763,20250507,1946,2,37,3,Renewal,24128.44,1210.75,2025-05-07,2026-05-07,True,False
8764,POL008764,20241016,1123,8,9,5,New Business,129276.06,9228.87,2024-10-16,2025-10-16,False,False
8765,POL008765,20240903,278,1,12,2,New Business,122426.24,6938.69,2024-09-03,2025-09-03,False,False
8766,POL008766,20220906,1076,3,31,3,Renewal,86789.51,6152.19,2022-09-06,2023-09-06,True,False
8767,POL008767,20230722,2041,1,3,2,Renewal,89409.01,6605.22,2023-07-22,2024-07-21,True,False
8768,POL008768,20260109,1487,5,29,3,New Business,1652902.41,160212.85,2026-01-09,2027-01-09,False,False
8769,POL008769,20250702,671,6,22,5,New Business,177943.69,11037.18,2025-07-02,2026-07-02,False,False
8770,POL008770,20230419,249,6,12,2,New Business,318168.27,17165.58,2023-04-19,2024-04-18,False,False
8771,POL008771,20240319,2710,5,19,5,New Business,857716.56,64799.47,2024-03-19,2025-03-19,False,False
8772,POL008772,20240210,7,5,31,3,Renewal,802836.6,79559.13,2024-02-10,2025-02-09,True,False
8773,POL008773,20240720,539,3,16,4,Renewal,173490.81,10424.86,2024-07-20,2025-07-20,True,False
8774,POL008774,20230313,1793,3,2,3,Renewal,91296.35,7064.68,2023-03-13,2024-03-12,True,False
8775,POL008775,20260126,853,6,20,4,Renewal,249356.68,22028.56,2026-01-26,2027-01-26,True,False
8776,POL008776,20241010,1801,1,24,1,Renewal,48243.02,5634.83,2024-10-10,2025-10-10,True,False
8777,POL008777,20220912,2680,1,2,3,Renewal,129639.26,6664.26,2022-09-12,2023-09-12,True,False
8778,POL008778,20250906,1320,6,25,2,Renewal,459488.76,30345.04,2025-09-06,2026-09-06,True,False
8779,POL008779,20230821,567,1,36,5,New Business,15158.72,1889.38,2023-08-21,2024-08-20,False,False
8780,POL008780,20240820,1847,9,34,2,New Business,311311.29,19090.94,2024-08-20,2025-08-20,False,False
8781,POL008781,20221015,2262,5,18,1,Renewal,1263418.49,109359.09,2022-10-15,2023-10-15,True,False
8782,POL008782,20241116,2780,6,19,5,Renewal,103345.11,7658.85,2024-11-16,2025-11-16,True,False
8783,POL008783,20250807,1173,1,30,3,New Business,59636.65,4906.52,2025-08-07,2026-08-07,False,False
8784,POL008784,20260426,2593,8,39,1,New Business,75614.78,4037.65,2026-04-26,2027-04-26,False,False
8785,POL008785,20260222,1767,1,2,3,Renewal,110375.92,6401.09,2026-02-22,2027-02-22,True,False
8786,POL008786,20250208,1021,8,34,2,New Business,131368.44,6738.21,2025-02-08,2026-02-08,False,False
8787,POL008787,20220717,2794,1,12,2,Renewal,75484.75,5228.92,2022-07-17,2023-07-17,True,False
8788,POL008788,20251025,1974,3,36,5,New Business,92901.96,8282.13,2025-10-25,2026-10-25,False,False
8789,POL008789,20251219,1285,2,13,3,New Business,9173.4,939.0,2025-12-19,2026-12-19,False,False
8790,POL008790,20241007,697,1,8,5,New Business,86933.45,5966.12,2024-10-07,2025-10-07,False,False
8791,POL008791,20250117,86,2,14,2,Renewal,28160.0,2377.78,2025-01-17,2026-01-17,True,False
8792,POL008792,20240904,890,3,12,2,Renewal,58792.35,6003.05,2024-09-04,2025-09-04,True,False
8793,POL008793,20220829,589,1,15,3,New Business,55990.45,5797.17,2022-08-29,2023-08-29,False,False
8794,POL008794,20230305,1606,1,4,5,Renewal,52156.61,3554.27,2023-03-05,2024-03-04,True,False
8795,POL008795,20241127,2735,9,6,1,New Business,59010.97,4064.3,2024-11-27,2025-11-27,False,False
8796,POL008796,20230108,1111,5,35,4,Cancellation,2492318.22,108461.73,2023-01-08,2024-01-08,False,True
8797,POL008797,20251006,785,1,9,5,New Business,92241.52,4785.99,2025-10-06,2026-10-06,False,False
8798,POL008798,20250512,1619,2,8,5,Renewal,23397.33,1580.38,2025-05-12,2026-05-12,True,False
8799,POL008799,20250404,2083,1,7,5,Renewal,107922.65,8431.29,2025-04-04,2026-04-04,True,False
8800,POL008800,20230409,455,1,16,4,Renewal,21728.99,1627.26,2023-04-09,2024-04-08,True,False
8801,POL008801,20241124,1303,7,12,2,New Business,314883.84,28318.01,2024-11-24,2025-11-24,False,False
8802,POL008802,20221214,1237,6,17,3,Renewal,379377.6,38507.69,2022-12-14,2023-12-14,True,False
8803,POL008803,20230220,211,1,17,3,Cancellation,135231.02,4001.58,2023-02-20,2024-02-20,False,True
8804,POL008804,20251228,2017,5,17,3,Renewal,1316278.96,131844.14,2025-12-28,2026-12-28,True,False
8805,POL008805,20251211,1406,1,40,4,Renewal,60845.67,4530.81,2025-12-11,2026-12-11,True,False
8806,POL008806,20241110,2014,1,17,3,Renewal,55364.54,3133.26,2024-11-10,2025-11-10,True,False
8807,POL008807,20241225,2150,5,14,2,Renewal,1349265.25,101790.1,2024-12-25,2025-12-25,True,False
8808,POL008808,20240503,911,1,10,4,Renewal,57089.52,3354.04,2024-05-03,2025-05-03,True,False
8809,POL008809,20250204,214,8,26,1,Renewal,83654.47,4655.55,2025-02-04,2026-02-04,True,False
8810,POL008810,20241211,1010,7,1,1,Renewal,792221.06,58877.31,2024-12-11,2025-12-11,True,False
8811,POL008811,20221028,1781,1,25,2,Renewal,67937.5,5496.05,2022-10-28,2023-10-28,True,False
8812,POL008812,20240210,2383,3,34,2,Renewal,54937.41,3969.95,2024-02-10,2025-02-09,True,False
8813,POL008813,20260117,1300,1,30,3,Renewal,58866.36,5493.61,2026-01-17,2027-01-17,True,False
8814,POL008814,20241031,911,2,33,2,New Business,17294.72,1006.07,2024-10-31,2025-10-31,False,False
8815,POL008815,20240209,153,4,12,2,New Business,231118.0,13855.66,2024-02-09,2025-02-08,False,False
8816,POL008816,20260312,2426,9,19,5,Renewal,150827.57,17392.03,2026-03-12,2027-03-12,True,False
8817,POL008817,20260509,2996,3,19,5,Renewal,111046.29,8224.45,2026-05-09,2027-05-09,True,False
8818,POL008818,20250127,2507,7,11,1,Renewal,1155647.26,68542.74,2025-01-27,2026-01-27,True,False
8819,POL008819,20250606,629,3,3,2,Renewal,123833.2,7946.27,2025-06-06,2026-06-06,True,False
8820,POL008820,20251218,2216,1,3,2,Renewal,155490.9,8849.37,2025-12-18,2026-12-18,True,False
8821,POL008821,20241222,655,2,17,3,Renewal,34464.02,2021.06,2024-12-22,2025-12-22,True,False
8822,POL008822,20250620,475,2,29,3,Renewal,23975.54,1276.96,2025-06-20,2026-06-20,True,False
8823,POL008823,20240301,223,3,6,1,Renewal,165051.3,9869.77,2024-03-01,2025-03-01,True,False
8824,POL008824,20260208,94,8,5,4,New Business,120371.43,10154.37,2026-02-08,2027-02-08,False,False
8825,POL008825,20241021,2841,2,26,1,Renewal,24957.38,1351.24,2024-10-21,2025-10-21,True,False
8826,POL008826,20260725,1509,3,8,5,New Business,114752.25,8811.1,2026-07-25,2027-07-25,False,False
8827,POL008827,20230430,1217,6,17,3,Renewal,324509.03,18570.85,2023-04-30,2024-04-29,True,False
8828,POL008828,20250414,2309,8,3,2,Renewal,66137.24,4761.0,2025-04-14,2026-04-14,True,False
8829,POL008829,20240902,1633,1,32,1,Renewal,45804.4,3218.32,2024-09-02,2025-09-02,True,False
8830,POL008830,20260615,2916,8,33,2,New Business,95954.87,11676.51,2026-06-15,2027-06-15,False,False
8831,POL008831,20230908,1173,1,37,3,Renewal,22515.37,2118.23,2023-09-08,2024-09-07,True,False
8832,POL008832,20251003,8,6,1,1,Renewal,409291.56,38279.2,2025-10-03,2026-10-03,True,False
8833,POL008833,20241227,2185,1,31,3,Renewal,22093.88,2339.24,2024-12-27,2025-12-27,True,False
8834,POL008834,20250129,1282,2,2,3,Cancellation,25097.84,1000.58,2025-01-29,2026-01-29,False,True
8835,POL008835,20240410,942,1,33,2,Cancellation,138054.27,1401.15,2024-04-10,2025-04-10,False,True
8836,POL008836,20260324,843,2,7,5,Renewal,7972.1,725.3,2026-03-24,2027-03-24,True,False
8837,POL008837,20260330,448,6,10,4,Cancellation,69529.72,2331.01,2026-03-30,2027-03-30,False,True
8838,POL008838,20250701,1109,1,36,5,Renewal,104830.91,6753.1,2025-07-01,2026-07-01,True,False
8839,POL008839,20250525,2235,9,7,5,Renewal,262888.2,18138.49,2025-05-25,2026-05-25,True,False
8840,POL008840,20260406,2315,6,37,3,Renewal,141336.71,14634.88,2026-04-06,2027-04-06,True,False
8841,POL008841,20260225,2390,1,9,5,Renewal,118374.93,8595.51,2026-02-25,2027-02-25,True,False
8842,POL008842,20250318,2419,1,10,4,Cancellation,63649.79,2944.36,2025-03-18,2026-03-18,False,True
8843,POL008843,20250112,2210,6,26,1,New Business,466435.21,31230.09,2025-01-12,2026-01-12,False,False
8844,POL008844,20220817,1719,5,12,2,New Business,1930181.94,99416.85,2022-08-17,2023-08-17,False,False
8845,POL008845,20260518,2302,8,27,1,Cancellation,28468.65,729.57,2026-05-18,2027-05-18,False,True
8846,POL008846,20260629,1588,4,38,1,New Business,140593.5,9463.04,2026-06-29,2027-06-29,False,False
8847,POL008847,20230201,1610,1,31,3,New Business,140202.51,8880.1,2023-02-01,2024-02-01,False,False
8848,POL008848,20241017,2203,6,27,1,Renewal,688296.9,38600.64,2024-10-17,2025-10-17,True,False
8849,POL008849,20231026,1123,1,38,1,New Business,84259.08,5791.6,2023-10-26,2024-10-25,False,False
8850,POL008850,20260508,434,1,22,5,New Business,56873.0,5688.59,2026-05-08,2027-05-08,False,False
8851,POL008851,20231116,718,7,21,3,New Business,135815.98,10051.15,2023-11-16,2024-11-15,False,False
8852,POL008852,20241212,420,1,33,2,Renewal,51278.08,3584.59,2024-12-12,2025-12-12,True,False
8853,POL008853,20250414,2061,1,20,4,New Business,79147.98,7403.21,2025-04-14,2026-04-14,False,False
8854,POL008854,20260510,2625,1,31,3,Cancellation,69908.5,695.05,2026-05-10,2027-05-10,False,True
8855,POL008855,20250104,1526,6,11,1,New Business,353299.99,29135.49,2025-01-04,2026-01-04,False,False
8856,POL008856,20260510,1996,9,10,4,New Business,98795.94,5374.2,2026-05-10,2027-05-10,False,False
8857,POL008857,20250805,908,6,19,5,New Business,88258.35,6986.23,2025-08-05,2026-08-05,False,False
8858,POL008858,20240514,958,9,35,4,New Business,121379.71,8961.78,2024-05-14,2025-05-14,False,False
8859,POL008859,20230729,2387,7,29,3,New Business,136606.56,10279.67,2023-07-29,2024-07-28,False,False
8860,POL008860,20230910,2343,1,33,2,Renewal,27259.61,2115.0,2023-09-10,2024-09-09,True,False
8861,POL008861,20250831,2878,2,20,4,Cancellation,17640.31,246.38,2025-08-31,2026-08-31,False,True
8862,POL008862,20250909,1174,8,4,5,Renewal,240849.11,13755.95,2025-09-09,2026-09-09,True,False
8863,POL008863,20250430,2829,1,35,4,Cancellation,136228.23,3118.31,2025-04-30,2026-04-30,False,True
8864,POL008864,20241215,1750,3,19,5,Renewal,127564.51,9960.84,2024-12-15,2025-12-15,True,False
8865,POL008865,20260614,516,1,37,3,New Business,125075.23,8953.1,2026-06-14,2027-06-14,False,False
8866,POL008866,20250924,1596,7,2,3,New Business,811037.58,47502.45,2025-09-24,2026-09-24,False,False
8867,POL008867,20230811,2228,4,5,4,New Business,163368.18,20034.9,2023-08-11,2024-08-10,False,False
8868,POL008868,20231218,2880,1,31,3,Renewal,64687.15,3288.22,2023-12-18,2024-12-17,True,False
8869,POL008869,20241123,2124,1,11,1,Renewal,60486.87,5793.58,2024-11-23,2025-11-23,True,False
8870,POL008870,20251226,290,5,38,1,Renewal,4014999.87,248662.91,2025-12-26,2026-12-26,True,False
8871,POL008871,20231123,752,1,12,2,New Business,110860.38,6599.79,2023-11-23,2024-11-22,False,False
8872,POL008872,20250830,815,1,15,3,Renewal,27164.43,2771.58,2025-08-30,2026-08-30,True,False
8873,POL008873,20251230,1058,3,19,5,Renewal,73052.62,6533.59,2025-12-30,2026-12-30,True,False
8874,POL008874,20250618,2976,6,19,5,Renewal,194209.03,10250.56,2025-06-18,2026-06-18,True,False
8875,POL008875,20260103,1818,9,34,2,Cancellation,478040.01,15006.14,2026-01-03,2027-01-03,False,True
8876,POL008876,20251221,1794,2,30,3,Cancellation,7980.31,229.21,2025-12-21,2026-12-21,False,True
8877,POL008877,20240213,1606,2,36,5,New Business,25268.73,1704.88,2024-02-13,2025-02-12,False,False
8878,POL008878,20260630,1069,4,9,5,Renewal,328316.72,20301.02,2026-06-30,2027-06-30,True,False
8879,POL008879,20251212,896,2,31,3,Renewal,27414.61,1392.74,2025-12-12,2026-12-12,True,False
8880,POL008880,20230503,783,8,29,3,New Business,30815.24,1724.77,2023-05-03,2024-05-02,False,False
8881,POL008881,20240705,2952,1,39,1,Renewal,157337.12,8704.34,2024-07-05,2025-07-05,True,False
8882,POL008882,20241231,122,1,35,4,Renewal,131588.58,7184.89,2024-12-31,2025-12-31,True,False
8883,POL008883,20260731,120,3,39,1,New Business,105740.03,7550.9,2026-07-31,2027-07-31,False,False
8884,POL008884,20260318,338,1,11,1,Renewal,44775.47,4221.27,2026-03-18,2027-03-18,True,False
8885,POL008885,20240716,2928,8,36,5,New Business,56746.8,4295.12,2024-07-16,2025-07-16,False,False
8886,POL008886,20240926,709,1,25,2,New Business,99891.41,6049.41,2024-09-26,2025-09-26,False,False
8887,POL008887,20250223,419,7,39,1,New Business,81010.02,6863.48,2025-02-23,2026-02-23,False,False
8888,POL008888,20240122,2079,1,19,5,New Business,24171.72,1745.59,2024-01-22,2025-01-21,False,False
8889,POL008889,20250519,2217,1,12,2,Renewal,47132.58,3366.48,2025-05-19,2026-05-19,True,False
8890,POL008890,20240831,407,1,11,1,New Business,73740.95,4505.8,2024-08-31,2025-08-31,False,False
8891,POL008891,20230924,1087,1,16,4,New Business,91828.84,6225.62,2023-09-24,2024-09-23,False,False
8892,POL008892,20240917,642,1,33,2,Renewal,36839.28,3913.9,2024-09-17,2025-09-17,True,False
8893,POL008893,20260812,2531,2,26,1,Renewal,23220.43,1762.79,2026-08-12,2027-08-12,True,False
8894,POL008894,20230527,1911,8,33,2,New Business,93117.14,9029.13,2023-05-27,2024-05-26,False,False
8895,POL008895,20260216,695,1,39,1,Renewal,74705.46,8684.22,2026-02-16,2027-02-16,True,False
8896,POL008896,20251224,1948,4,23,3,New Business,343762.69,24834.2,2025-12-24,2026-12-24,False,False
8897,POL008897,20231018,2795,8,35,4,Cancellation,104445.77,1470.19,2023-10-18,2024-10-17,False,True
8898,POL008898,20260623,417,6,39,1,Renewal,82900.4,5948.65,2026-06-23,2027-06-23,True,False
8899,POL008899,20220817,409,4,36,5,New Business,94582.89,7937.42,2022-08-17,2023-08-17,False,False
8900,POL008900,20250905,12,5,33,2,Renewal,1855750.38,164782.87,2025-09-05,2026-09-05,True,False
8901,POL008901,20250425,1748,5,23,3,New Business,2910029.52,205596.61,2025-04-25,2026-04-25,False,False
8902,POL008902,20250517,2335,1,17,3,New Business,173015.23,8995.5,2025-05-17,2026-05-17,False,False
8903,POL008903,20240505,2800,3,23,3,Renewal,148905.11,7853.5,2024-05-05,2025-05-05,True,False
8904,POL008904,20260706,2843,8,17,3,New Business,31347.99,1690.02,2026-07-06,2027-07-06,False,False
8905,POL008905,20260218,1892,1,24,1,Renewal,92249.57,6324.71,2026-02-18,2027-02-18,True,False
8906,POL008906,20240508,2492,6,40,4,Renewal,150829.93,15597.24,2024-05-08,2025-05-08,True,False
8907,POL008907,20260513,1392,9,31,3,Renewal,94741.56,5957.8,2026-05-13,2027-05-13,True,False
8908,POL008908,20250615,528,2,12,2,New Business,24234.31,2206.74,2025-06-15,2026-06-15,False,False
8909,POL008909,20240204,482,6,11,1,Renewal,247956.29,24271.84,2024-02-04,2025-02-03,True,False
8910,POL008910,20230801,1528,3,18,1,Renewal,175787.78,10898.6,2023-08-01,2024-07-31,True,False
8911,POL008911,20240403,1499,4,21,3,Renewal,144592.61,13184.0,2024-04-03,2025-04-03,True,False
8912,POL008912,20240209,2362,1,21,3,Renewal,101597.03,8492.26,2024-02-09,2025-02-08,True,False
8913,POL008913,20241029,1923,7,29,3,New Business,803877.76,52115.89,2024-10-29,2025-10-29,False,False
8914,POL008914,20250517,1987,3,34,2,New Business,26195.79,3221.63,2025-05-17,2026-05-17,False,False
8915,POL008915,20250226,330,3,27,1,New Business,82928.63,10296.94,2025-02-26,2026-02-26,False,False
8916,POL008916,20240624,1657,3,31,3,Renewal,83716.14,7224.87,2024-06-24,2025-06-24,True,False
8917,POL008917,20250717,2369,4,3,2,Renewal,285471.22,20989.08,2025-07-17,2026-07-17,True,False
8918,POL008918,20240107,2529,1,8,5,Renewal,32841.28,2908.71,2024-01-07,2025-01-06,True,False
8919,POL008919,20250105,1639,1,5,4,New Business,27043.27,1688.72,2025-01-05,2026-01-05,False,False
8920,POL008920,20260519,1028,2,2,3,Renewal,23718.85,2328.19,2026-05-19,2027-05-19,True,False
8921,POL008921,20241030,2505,1,24,1,New Business,68336.92,8301.42,2024-10-30,2025-10-30,False,False
8922,POL008922,20230120,2141,8,18,1,Renewal,78404.16,8857.93,2023-01-20,2024-01-20,True,False
8923,POL008923,20260209,2338,5,12,2,Renewal,822839.9,56932.45,2026-02-09,2027-02-09,True,False
8924,POL008924,20251017,2921,8,26,1,New Business,97511.56,10151.97,2025-10-17,2026-10-17,False,False
8925,POL008925,20260327,959,8,23,3,Cancellation,93705.28,3585.9,2026-03-27,2027-03-27,False,True
8926,POL008926,20250310,2094,2,26,1,New Business,19928.71,1289.07,2025-03-10,2026-03-10,False,False
8927,POL008927,20250901,190,9,23,3,Renewal,213579.92,16817.36,2025-09-01,2026-09-01,True,False
8928,POL008928,20220908,25,1,17,3,New Business,60324.92,3759.31,2022-09-08,2023-09-08,False,False
8929,POL008929,20230206,1535,1,39,1,New Business,80474.28,6073.34,2023-02-06,2024-02-06,False,False
8930,POL008930,20251124,269,3,3,2,Renewal,80682.24,4510.64,2025-11-24,2026-11-24,True,False
8931,POL008931,20241023,824,2,5,4,Renewal,10782.34,979.2,2024-10-23,2025-10-23,True,False
8932,POL008932,20250124,1627,6,7,5,Renewal,517455.32,39615.25,2025-01-24,2026-01-24,True,False
8933,POL008933,20250817,2194,1,39,1,Renewal,83300.61,6760.35,2025-08-17,2026-08-17,True,False
8934,POL008934,20240502,1311,2,13,3,Renewal,28156.35,1866.47,2024-05-02,2025-05-02,True,False
8935,POL008935,20260720,2208,6,33,2,Renewal,196131.7,14960.17,2026-07-20,2027-07-20,True,False
8936,POL008936,20230915,2601,2,3,2,Renewal,24532.02,2051.11,2023-09-15,2024-09-14,True,False
8937,POL008937,20250821,2250,1,33,2,Renewal,87500.59,7655.36,2025-08-21,2026-08-21,True,False
8938,POL008938,20241206,1945,2,13,3,Renewal,16520.39,1835.2,2024-12-06,2025-12-06,True,False
8939,POL008939,20230901,2085,5,21,3,New Business,2372274.29,175249.81,2023-09-01,2024-08-31,False,False
8940,POL008940,20220915,2793,8,30,3,New Business,54013.58,6372.61,2022-09-15,2023-09-15,False,False
8941,POL008941,20231205,1401,7,22,5,Renewal,1067466.24,75759.42,2023-12-05,2024-12-04,True,False
8942,POL008942,20230525,2214,1,24,1,Renewal,36212.05,3175.68,2023-05-25,2024-05-24,True,False
8943,POL008943,20230117,949,9,11,1,Renewal,285233.27,17315.91,2023-01-17,2024-01-17,True,False
8944,POL008944,20250609,291,2,21,3,Renewal,17952.35,1831.12,2025-06-09,2026-06-09,True,False
8945,POL008945,20241110,346,3,23,3,Renewal,131671.75,6642.61,2024-11-10,2025-11-10,True,False
8946,POL008946,20250708,1643,1,40,4,Renewal,21969.67,2447.8,2025-07-08,2026-07-08,True,False
8947,POL008947,20240124,1506,1,9,5,Renewal,31833.86,1799.21,2024-01-24,2025-01-23,True,False
8948,POL008948,20230901,185,1,36,5,New Business,111888.58,8757.34,2023-09-01,2024-08-31,False,False
8949,POL008949,20231207,1731,8,18,1,Cancellation,39774.95,248.74,2023-12-07,2024-12-06,False,True
8950,POL008950,20241014,1646,9,20,4,Renewal,295454.01,28377.25,2024-10-14,2025-10-14,True,False
8951,POL008951,20241003,1986,1,22,5,New Business,136047.66,7623.72,2024-10-03,2025-10-03,False,False
8952,POL008952,20230511,2133,1,13,3,Renewal,50797.4,4748.09,2023-05-11,2024-05-10,True,False
8953,POL008953,20240913,1079,5,38,1,New Business,1733616.37,175894.41,2024-09-13,2025-09-13,False,False
8954,POL008954,20250521,2094,8,21,3,Cancellation,112400.87,2429.89,2025-05-21,2026-05-21,False,True
8955,POL008955,20220906,2582,9,12,2,Renewal,545274.53,28267.36,2022-09-06,2023-09-06,True,False
8956,POL008956,20240213,1760,8,28,4,New Business,131712.51,11861.43,2024-02-13,2025-02-12,False,False
8957,POL008957,20260714,2859,4,6,1,New Business,129647.06,15704.82,2026-07-14,2027-07-14,False,False
8958,POL008958,20251109,2200,1,6,1,New Business,61250.16,7437.77,2025-11-09,2026-11-09,False,False
8959,POL008959,20230318,1713,8,26,1,New Business,60045.28,6612.61,2023-03-18,2024-03-17,False,False
8960,POL008960,20240328,2082,4,33,2,Renewal,154450.42,8798.65,2024-03-28,2025-03-28,True,False
8961,POL008961,20230313,2560,2,38,1,Renewal,31355.46,2469.37,2023-03-13,2024-03-12,True,False
8962,POL008962,20231004,2025,9,32,1,Renewal,267384.71,22010.17,2023-10-04,2024-10-03,True,False
8963,POL008963,20241012,3000,1,39,1,Renewal,68382.3,3560.48,2024-10-12,2025-10-12,True,False
8964,POL008964,20250418,256,1,6,1,New Business,81456.04,4587.57,2025-04-18,2026-04-18,False,False
8965,POL008965,20240103,1481,4,13,3,New Business,162085.17,12025.85,2024-01-03,2025-01-02,False,False
8966,POL008966,20230830,641,9,31,3,New Business,407848.34,26995.33,2023-08-30,2024-08-29,False,False
8967,POL008967,20231219,1616,8,8,5,New Business,13854.73,1208.59,2023-12-19,2024-12-18,False,False
8968,POL008968,20260402,778,4,14,2,Renewal,165910.76,17815.27,2026-04-02,2027-04-02,True,False
8969,POL008969,20260122,1944,6,3,2,New Business,399196.46,29501.06,2026-01-22,2027-01-22,False,False
8970,POL008970,20231011,1203,9,20,4,New Business,321904.47,22245.21,2023-10-11,2024-10-10,False,False
8971,POL008971,20220509,2291,2,25,2,New Business,16687.48,1774.32,2022-05-09,2023-05-09,False,False
8972,POL008972,20250809,40,7,30,3,Renewal,1057064.31,57837.59,2025-08-09,2026-08-09,True,False
8973,POL008973,20221231,541,1,14,2,New Business,52665.24,2880.79,2022-12-31,2023-12-31,False,False
8974,POL008974,20250718,927,8,18,1,Renewal,60742.37,4848.61,2025-07-18,2026-07-18,True,False
8975,POL008975,20250616,2008,1,19,5,New Business,35994.65,4306.69,2025-06-16,2026-06-16,False,False
8976,POL008976,20231228,2611,7,15,3,Renewal,72449.2,7828.07,2023-12-28,2024-12-27,True,False
8977,POL008977,20230109,1148,1,36,5,Renewal,74111.11,5744.94,2023-01-09,2024-01-09,True,False
8978,POL008978,20250418,2807,2,37,3,Renewal,37332.46,1962.2,2025-04-18,2026-04-18,True,False
8979,POL008979,20241020,2942,1,30,3,Renewal,149596.49,8070.17,2024-10-20,2025-10-20,True,False
8980,POL008980,20240312,536,9,29,3,Renewal,130216.19,15528.5,2024-03-12,2025-03-12,True,False
8981,POL008981,20260422,1188,8,40,4,Cancellation,160166.45,2832.0,2026-04-22,2027-04-22,False,True
8982,POL008982,20250430,1501,8,23,3,Renewal,285287.14,14408.64,2025-04-30,2026-04-30,True,False
8983,POL008983,20251014,272,1,39,1,Renewal,128252.53,8665.26,2025-10-14,2026-10-14,True,False
8984,POL008984,20250909,2772,1,38,1,Renewal,82213.12,6751.96,2025-09-09,2026-09-09,True,False
8985,POL008985,20240313,1380,2,37,3,New Business,32701.0,1692.15,2024-03-13,2025-03-13,False,False
8986,POL008986,20251129,2345,1,25,2,New Business,119109.06,8030.93,2025-11-29,2026-11-29,False,False
8987,POL008987,20260728,1380,3,40,4,Renewal,83082.62,4228.57,2026-07-28,2027-07-28,True,False
8988,POL008988,20250605,2714,2,38,1,Renewal,15634.4,1406.29,2025-06-05,2026-06-05,True,False
8989,POL008989,20240520,289,1,1,1,New Business,83777.02,5343.35,2024-05-20,2025-05-20,False,False
8990,POL008990,20220525,2234,1,31,3,New Business,115763.79,8623.33,2022-05-25,2023-05-25,False,False
8991,POL008991,20221008,2602,1,28,4,New Business,80995.84,7069.92,2022-10-08,2023-10-08,False,False
8992,POL008992,20241220,579,1,7,5,Renewal,60073.46,7440.48,2024-12-20,2025-12-20,True,False
8993,POL008993,20260102,2218,2,32,1,Renewal,29125.82,2378.77,2026-01-02,2027-01-02,True,False
8994,POL008994,20260130,248,1,34,2,New Business,59709.81,4530.56,2026-01-30,2027-01-30,False,False
8995,POL008995,20241203,1422,2,22,5,Renewal,40488.9,2098.73,2024-12-03,2025-12-03,True,False
8996,POL008996,20230511,583,3,12,2,New Business,54937.95,6342.49,2023-05-11,2024-05-10,False,False
8997,POL008997,20221214,1320,7,18,1,New Business,441357.63,48312.17,2022-12-14,2023-12-14,False,False
8998,POL008998,20240319,1423,1,25,2,Renewal,128285.93,8436.15,2024-03-19,2025-03-19,True,False
8999,POL008999,20250419,887,1,27,1,Renewal,99581.56,5524.54,2025-04-19,2026-04-19,True,False
9000,POL009000,20240226,38,3,25,2,New Business,139418.49,9820.82,2024-02-26,2025-02-25,False,False
